REPORT_ID,UND_UNIT_NUMBER,CASUALTY_NUMBER,Casualty Type,Sex_x,AGE,Position In Veh,Thrown Out,Injury Extent,Seat Belt,Unit Type,Licence Type,Unit Movement,Number Occupants,Stats Area,Total Units,Total Cas,Day,Time,Area Speed,Position Type,Horizontal Align,Vertical Align,Moisture Cond,Weather Cond,DayNight,Crash Type,Traffic Ctrls
2017-317-15/08/2019,1,1,Rider,Male,058,Rider of Motorcycle,Thrown Out,Treated at Hospital,,Motor Cycle,Full,Swerving,1.0,2 Metropolitan,2,1,Thursday,02:00 pm,80,Not Divided,"CURVED, VIEW OBSCURED",Crest of Hill,Dry,Not Raining,Daylight,Hit Fixed Object,No Control
2017-320-15/08/2019,1,1,Driver,Female,040,Driver,Not Thrown Out,Admitted to Hospital,Fitted - Worn,Motor Cars - Sedan,Full,Leaving Private Driveway,1.0,1 City,4,1,Thursday,04:00 pm,50,Divided Road,Straight road,Level,Dry,Not Raining,Daylight,Right Angle,No Control
2017-327-15/08/2019,1,1,Passenger,Female,057,Front Seat Left Passenger,Not Thrown Out,Treated at Hospital,Fitted - Worn,Utility,Full,Straight Ahead,2.0,3 Country,2,1,Wednesday,12:00 pm,100,Cross Road,Straight road,Level,Dry,Not Raining,Daylight,Side Swipe,Give Way Sign
2017-335-15/08/2019,1,1,Driver,Male,055,Driver,Not Thrown Out,Treated at Hospital,Fitted - Worn,Motor Cars - Sedan,Unknown,Straight Ahead,1.0,2 Metropolitan,2,1,Friday,05:50 am,50,Cross Road,Straight road,Level,Wet,Raining,Night,Right Angle,Stop Sign
2017-338-15/08/2019,1,1,Driver,Male,049,Driver,Not Thrown Out,Treated at Hospital,Fitted - Worn,Station Wagon,Full,Straight Ahead,1.0,2 Metropolitan,3,1,Thursday,08:40 am,60,T-Junction,Straight road,Level,Dry,Not Raining,Daylight,Rear End,No Control
2017-347-15/08/2019,1,1,Driver,Male,046,Driver,Not Thrown Out,Admitted to Hospital,Fitted - Worn,Motor Cars - Sedan,Full,Straight Ahead,1.0,2 Metropolitan,2,1,Friday,09:45 am,80,Not Divided,"CURVED, VIEW OBSCURED",Slope,Wet,Raining,Daylight,Hit Fixed Object,No Control
2017-350-15/08/2019,1,1,Driver,Male,062,Driver,Not Thrown Out,Fatal,Fitted - Not Worn,Motor Cars - Sedan,Full,Straight Ahead,1.0,3 Country,2,3,Friday,12:15 am,110,Not Divided,"CURVED, VIEW OPEN",Level,Dry,Not Raining,Night,Head On,No Control
2017-350-15/08/2019,2,1,Driver,Male,057,Driver,Not Thrown Out,Treated at Hospital,Fitted - Worn,RIGID TRUCK LGE GE 4.5T,Full,Straight Ahead,2.0,3 Country,2,3,Friday,12:15 am,110,Not Divided,"CURVED, VIEW OPEN",Level,Dry,Not Raining,Night,Head On,No Control
2017-350-15/08/2019,2,2,Passenger,Male,057,Other,Not Thrown Out,Treated at Hospital,Not Fitted,RIGID TRUCK LGE GE 4.5T,Full,Straight Ahead,2.0,3 Country,2,3,Friday,12:15 am,110,Not Divided,"CURVED, VIEW OPEN",Level,Dry,Not Raining,Night,Head On,No Control
2017-353-15/08/2019,2,1,Pedestrian,Female,070,,,Admitted to Hospital,,Pedestrian on Road,,Crossing without Control,,2 Metropolitan,2,1,Friday,12:25 pm,60,Divided Road,Straight road,Level,Wet,Raining,Daylight,Hit Pedestrian,No Control
2017-355-15/08/2019,1,1,Driver,Female,066,Driver,Not Thrown Out,Treated at Hospital,Fitted - Worn,Motor Cars - Sedan,Full,Left Turn,1.0,2 Metropolitan,2,3,Friday,12:50 pm,60,T-Junction,Straight road,Level,Wet,Not Raining,Daylight,Right Angle,Give Way Sign
2017-355-15/08/2019,2,1,Passenger,Female,086,Rear Seat Left Passenger,Not Thrown Out,Treated at Hospital,Fitted - Worn,Station Wagon,Full,Straight Ahead,4.0,2 Metropolitan,2,3,Friday,12:50 pm,60,T-Junction,Straight road,Level,Wet,Not Raining,Daylight,Right Angle,Give Way Sign
2017-355-15/08/2019,2,2,Passenger,Male,088,Rear Seat Right Passenger,Not Thrown Out,Treated at Hospital,Fitted - Worn,Station Wagon,Full,Straight Ahead,4.0,2 Metropolitan,2,3,Friday,12:50 pm,60,T-Junction,Straight road,Level,Wet,Not Raining,Daylight,Right Angle,Give Way Sign
2017-356-15/08/2019,1,1,Driver,Female,022,Driver,Not Thrown Out,Treated at Hospital,Fitted - Worn,Motor Cars - Sedan,Full,Straight Ahead,1.0,3 Country,2,1,Friday,06:40 am,100,Not Divided,"CURVED, VIEW OPEN",Level,Wet,Raining,Daylight,Hit Fixed Object,No Control
2017-358-15/08/2019,1,1,Driver,Female,056,Driver,Not Thrown Out,By Private,Fitted - Worn,Motor Cars - Sedan,Full,Straight Ahead,1.0,2 Metropolitan,3,1,Friday,01:30 pm,60,Not Divided,Straight road,Level,Wet,Raining,Daylight,Right Turn,No Control
2017-364-15/08/2019,1,1,Driver,Female,037,Driver,Not Thrown Out,By Private,Fitted - Worn,Motor Cars - Sedan,Full,Stopped on Carriageway,1.0,2 Metropolitan,2,1,Friday,04:15 pm,60,Cross Road,Straight road,Level,Dry,Not Raining,Daylight,Rear End,Traffic Signals
2017-368-15/08/2019,1,1,Driver,Male,018,Driver,Not Thrown Out,By Private,Fitted - Worn,Motor Cars - Sedan,Provisional 2,Straight Ahead,2.0,2 Metropolitan,2,1,Friday,02:35 pm,90,Not Divided,Straight road,Level,Wet,Not Raining,Daylight,Rear End,No Control
2017-370-15/08/2019,2,1,Driver,Female,075,Driver,Not Thrown Out,Admitted to Hospital,Fitted - Worn,Motor Cars - Sedan,Full,Stopped on Carriageway,1.0,2 Metropolitan,2,1,Friday,03:54 pm,80,Divided Road,Straight road,Crest of Hill,Dry,Not Raining,Daylight,Rear End,No Control
2017-377-15/08/2019,1,1,Passenger,Female,049,Front Seat Left Passenger,Not Thrown Out,Treated at Hospital,Fitted - Worn,Motor Cars - Sedan,Full,Straight Ahead,4.0,2 Metropolitan,2,2,Friday,06:08 pm,60,T-Junction,Straight road,Level,Dry,Not Raining,Daylight,Right Turn,No Control
2017-377-15/08/2019,2,1,Passenger,Female,XXX,Front Seat Left Passenger,Not Thrown Out,Treated at Hospital,Fitted - Worn,Motor Cars - Sedan,Full,U Turn,2.0,2 Metropolitan,2,2,Friday,06:08 pm,60,T-Junction,Straight road,Level,Dry,Not Raining,Daylight,Right Turn,No Control
2017-381-15/08/2019,1,1,Driver,Male,034,Driver,Not Thrown Out,By Private,Fitted - Worn,Taxi Cab,Full,Stopped on Carriageway,1.0,1 City,2,1,Saturday,04:41 am,50,Cross Road,Straight road,Level,Dry,Not Raining,Night,Rear End,Traffic Signals
2017-382-15/08/2019,1,1,Rider,Male,017,Rider of Motorcycle,Thrown Out,Admitted to Hospital,,Motor Cycle,Learners,Swerving,1.0,3 Country,2,1,Thursday,05:30 pm,25,Not Divided,"CURVED, VIEW OPEN",Level,Dry,Not Raining,Daylight,Hit Fixed Object,No Control
2017-384-15/08/2019,1,1,Driver,Male,023,Driver,Not Thrown Out,Treated at Hospital,Fitted - Worn,Utility,Full,Straight Ahead,1.0,3 Country,2,1,Saturday,05:20 am,100,Not Divided,Straight road,Level,Dry,Not Raining,Night,Hit Fixed Object,No Control
2017-387-15/08/2019,1,1,Driver,Female,056,Driver,Not Thrown Out,By Private,Fitted - Worn,Station Wagon,Full,Stopped on Carriageway,1.0,1 City,2,1,Friday,05:45 pm,50,Cross Road,Straight road,Level,Dry,Not Raining,Daylight,Rear End,Traffic Signals
2017-388-15/08/2019,1,1,Driver,Female,051,Driver,Not Thrown Out,Treated at Hospital,Fitted - Worn,Motor Cars - Sedan,Full,Swerving,2.0,2 Metropolitan,2,1,Saturday,09:45 am,70,Divided Road,Straight road,Slope,Dry,Not Raining,Daylight,Side Swipe,No Control
2017-389-15/08/2019,2,1,Driver,Male,044,Driver,Not Thrown Out,By Private,Fitted - Worn,Station Wagon,Unknown,Stopped on Carriageway,2.0,2 Metropolitan,2,1,Saturday,11:10 am,50,Divided Road,Straight road,Level,Dry,Not Raining,Daylight,Rear End,No Control
2017-391-15/08/2019,1,1,Driver,Female,078,Driver,Not Thrown Out,Treated at Hospital,Fitted - Worn,Motor Cars - Sedan,Full,Straight Ahead,1.0,3 Country,2,1,Saturday,12:15 pm,60,T-Junction,"CURVED, VIEW OBSCURED",Slope,Dry,Not Raining,Daylight,Right Angle,Give Way Sign
2017-392-15/08/2019,2,1,Driver,Female,033,Driver,Not Thrown Out,Treated at Hospital,Fitted - Worn,Motor Cars - Sedan,Full,Straight Ahead,1.0,2 Metropolitan,2,1,Saturday,12:45 pm,60,Rail Xing,Straight road,Level,Dry,Not Raining,Daylight,Rear End,Traffic Signals
2017-395-15/08/2019,1,1,Driver,Male,025,Driver,Not Thrown Out,Treated at Hospital,Fitted - Worn,Motor Cars - Sedan,Probationary,Straight Ahead,1.0,2 Metropolitan,2,1,Saturday,02:55 pm,60,Cross Road,Straight road,Level,Dry,Not Raining,Daylight,Right Angle,Traffic Signals
2017-396-15/08/2019,2,1,Driver,Female,024,Driver,Not Thrown Out,Treated at Hospital,Fitted - Worn,Motor Cars - Sedan,Full,Straight Ahead,3.0,2 Metropolitan,2,1,Saturday,02:29 pm,60,Cross Road,Straight road,Level,Dry,Not Raining,Daylight,Right Turn,Traffic Signals
2017-397-15/08/2019,1,1,Rider,Male,037,Rider of Motorcycle,Thrown Out,Admitted to Hospital,,Motor Cycle,Full,U Turn,1.0,2 Metropolitan,1,1,Saturday,03:05 pm,90,Not Divided,Straight road,Level,Dry,Not Raining,Daylight,Roll Over,No Control
2017-399-15/08/2019,1,1,Driver,Male,024,Driver,Not Thrown Out,Treated at Hospital,Fitted - Worn,Utility,Unlicenced,Straight Ahead,1.0,2 Metropolitan,2,1,Saturday,01:00 pm,100,Not Divided,"CURVED, VIEW OBSCURED",Bottom of Hill,Dry,Not Raining,Daylight,Hit Fixed Object,No Control
2017-405-15/08/2019,1,1,Driver,Female,038,Driver,Not Thrown Out,Treated at Hospital,Fitted - Worn,Motor Cars - Sedan,Full,Straight Ahead,1.0,2 Metropolitan,2,1,Sunday,05:00 am,60,T-Junction,"CURVED, VIEW OPEN",Level,Dry,Not Raining,Night,Hit Fixed Object,Give Way Sign
2017-407-15/08/2019,1,1,Driver,Female,039,Driver,Not Thrown Out,By Private,Fitted - Worn,Motor Cars - Sedan,Full,Straight Ahead,1.0,1 City,2,1,Saturday,09:21 am,60,T-Junction,Straight road,Level,Dry,Not Raining,Daylight,Right Angle,Give Way Sign
2017-409-15/08/2019,2,1,Driver,Female,019,Driver,Not Thrown Out,Treated at Hospital,Fitted - Worn,Motor Cars - Sedan,Provisional 2,Straight Ahead,1.0,1 City,2,1,Sunday,10:26 am,50,Cross Road,Straight road,Level,Dry,Not Raining,Daylight,Right Angle,Traffic Signals
2017-412-15/08/2019,1,1,Rider,Male,035,Rider of Motorcycle,Thrown Out,Admitted to Hospital,,Motor Cycle,Full,Straight Ahead,1.0,2 Metropolitan,2,1,Sunday,08:15 am,100,Not Divided,Straight road,Level,Dry,Not Raining,Daylight,Hit Fixed Object,No Control
2017-417-15/08/2019,1,1,Driver,Male,030,Driver,Not Thrown Out,Treated at Hospital,Fitted - Worn,Motor Cars - Sedan,Full,Swerving,1.0,2 Metropolitan,2,1,Sunday,10:20 am,50,Not Divided,Straight road,Level,Dry,Not Raining,Daylight,Hit Fixed Object,No Control
2017-418-15/08/2019,1,1,Rider,Female,059,,Thrown Out,Admitted to Hospital,,Pedal Cycle,,Straight Ahead,1.0,2 Metropolitan,1,1,Saturday,09:30 am,60,Divided Road,"CURVED, VIEW OPEN",Slope,Dry,Not Raining,Daylight,Roll Over,No Control
2017-420-15/08/2019,1,1,Driver,Female,017,Driver,Not Thrown Out,Treated at Hospital,Fitted - Worn,Motor Cars - Sedan,Provisional 1 ,Right Turn,1.0,2 Metropolitan,2,2,Saturday,10:15 pm,80,Cross Road,Straight road,Level,Dry,Not Raining,Night,Right Turn,Traffic Signals
2017-420-15/08/2019,2,1,Driver,Male,051,Driver,Not Thrown Out,Treated at Hospital,Fitted - Worn,Motor Cars - Sedan,Provisional 1 ,Straight Ahead,1.0,2 Metropolitan,2,2,Saturday,10:15 pm,80,Cross Road,Straight road,Level,Dry,Not Raining,Night,Right Turn,Traffic Signals
2017-421-15/08/2019,1,1,Driver,Male,026,Driver,Not Thrown Out,Treated at Hospital,Fitted - Unknown if Worn,Motor Cars - Sedan,Disqualified,Straight Ahead,2.0,2 Metropolitan,3,2,Saturday,03:45 pm,60,T-Junction,Straight road,Level,Dry,Not Raining,Daylight,Hit Fixed Object,No Control
2017-421-15/08/2019,1,2,Passenger,Female,035,Front Seat Left Passenger,Not Thrown Out,Treated at Hospital,Fitted - Unknown if Worn,Motor Cars - Sedan,Disqualified,Straight Ahead,2.0,2 Metropolitan,3,2,Saturday,03:45 pm,60,T-Junction,Straight road,Level,Dry,Not Raining,Daylight,Hit Fixed Object,No Control
2017-423-15/08/2019,2,1,Driver,Female,056,Driver,Not Thrown Out,By Private,Fitted - Worn,Motor Cars - Sedan,Full,Stopped on Carriageway,2.0,2 Metropolitan,2,2,Sunday,06:05 pm,60,T-Junction,"CURVED, VIEW OPEN",Slope,Dry,Not Raining,Daylight,Rear End,No Control
2017-423-15/08/2019,2,2,Passenger,Male,055,Front Seat Left Passenger,Not Thrown Out,By Private,Fitted - Worn,Motor Cars - Sedan,Full,Stopped on Carriageway,2.0,2 Metropolitan,2,2,Sunday,06:05 pm,60,T-Junction,"CURVED, VIEW OPEN",Slope,Dry,Not Raining,Daylight,Rear End,No Control
2017-426-15/08/2019,1,1,Rider,Male,026,Rider of Motorcycle,Thrown Out,Admitted to Hospital,,Motor Cycle,Full,Straight Ahead,1.0,2 Metropolitan,2,1,Sunday,03:45 pm,60,Divided Road,Straight road,Slope,Dry,Not Raining,Daylight,Hit Parked Vehicle,No Control
2017-428-15/08/2019,2,1,Driver,Male,068,Driver,Not Thrown Out,Treated at Hospital,Fitted - Worn,Motor Cars - Sedan,Full,Stopped on Carriageway,1.0,2 Metropolitan,3,1,Sunday,06:25 pm,50,T-Junction,Straight road,Level,Dry,Not Raining,Daylight,Rear End,No Control
2017-429-15/08/2019,1,1,Passenger,Female,025,Front Seat Left Passenger,Not Thrown Out,Treated at Hospital,Fitted - Worn,Motor Cars - Sedan,Full,Straight Ahead,3.0,2 Metropolitan,2,1,Sunday,07:36 pm,50,Not Divided,Straight road,Level,Dry,Not Raining,Daylight,Head On,No Control
2017-430-15/08/2019,1,1,Rider,Male,072,,Thrown Out,Treated at Hospital,,Pedal Cycle,,Straight Ahead,1.0,2 Metropolitan,2,1,Sunday,09:10 pm,20,Divided Road,Straight road,Level,Dry,Not Raining,Night,Hit Object on Road,No Control
2017-431-15/08/2019,2,1,Driver,Male,029,Driver,Not Thrown Out,Treated at Hospital,Fitted - Worn,Motor Cars - Sedan,Full,Straight Ahead,1.0,2 Metropolitan,5,3,Sunday,08:57 pm,80,Divided Road,Straight road,Level,Dry,Not Raining,Night,Rear End,No Control
2017-431-15/08/2019,5,1,Driver,Female,019,Driver,Not Thrown Out,Treated at Hospital,Fitted - Worn,Motor Cars - Sedan,Provisional 2,Straight Ahead,2.0,2 Metropolitan,5,3,Sunday,08:57 pm,80,Divided Road,Straight road,Level,Dry,Not Raining,Night,Rear End,No Control
2017-431-15/08/2019,5,2,Passenger,Male,019,Front Seat Left Passenger,Not Thrown Out,Treated at Hospital,Fitted - Worn,Motor Cars - Sedan,Provisional 2,Straight Ahead,2.0,2 Metropolitan,5,3,Sunday,08:57 pm,80,Divided Road,Straight road,Level,Dry,Not Raining,Night,Rear End,No Control
2017-435-15/08/2019,2,1,Rider,Male,034,,Thrown Out,Treated at Hospital,,Pedal Cycle,,Straight Ahead,1.0,2 Metropolitan,2,1,Monday,08:50 am,60,T-Junction,Straight road,Slope,Dry,Not Raining,Daylight,Right Turn,No Control
2017-443-15/08/2019,1,1,Rider,Male,023,Rider of Motorcycle,Thrown Out,Treated at Hospital,,Motor Cycle,Unlicenced,Overtaking - on Right,1.0,2 Metropolitan,2,1,Monday,01:45 pm,50,Not Divided,Straight road,Level,Dry,Not Raining,Daylight,Side Swipe,No Control
2017-444-15/08/2019,2,1,Driver,Female,072,Driver,Not Thrown Out,Treated at Hospital,Fitted - Worn,Motor Cars - Sedan,Full,Right Turn,1.0,3 Country,2,1,Monday,02:45 pm,80,T-Junction,Straight road,Level,Dry,Not Raining,Daylight,Right Angle,No Control
2017-446-15/08/2019,1,1,Passenger,Female,008,Rear Seat Right Passenger,Not Thrown Out,Treated at Hospital,Fitted - Not Worn,Motor Cars - Sedan,Full,Parked,3.0,2 Metropolitan,2,1,Monday,01:57 pm,60,Divided Road,Straight road,Level,Dry,Not Raining,Daylight,Hit Parked Vehicle,No Control
2017-447-15/08/2019,2,1,Pedestrian,Male,069,,,Treated at Hospital,,Pedestrian on Road,,Crossing without Control,,1 City,2,1,Friday,11:10 am,50,T-Junction,Straight road,Level,Wet,Raining,Daylight,Hit Pedestrian,No Control
2017-451-15/08/2019,2,1,Driver,Female,069,Driver,Not Thrown Out,Treated at Hospital,Fitted - Worn,Motor Cars - Sedan,Full,Stopped on Carriageway,2.0,2 Metropolitan,2,2,Friday,01:48 pm,60,T-Junction,Straight road,Level,Dry,Not Raining,Daylight,Rear End,Give Way Sign
2017-451-15/08/2019,2,2,Passenger,Male,009,Front Seat Left Passenger,Not Thrown Out,Treated at Hospital,Fitted - Worn,Motor Cars - Sedan,Full,Stopped on Carriageway,2.0,2 Metropolitan,2,2,Friday,01:48 pm,60,T-Junction,Straight road,Level,Dry,Not Raining,Daylight,Rear End,Give Way Sign
2017-453-15/08/2019,1,1,Rider,Male,017,,Thrown Out,By Private,,Pedal Cycle,,Straight Ahead,1.0,2 Metropolitan,2,1,Monday,06:20 pm,50,Cross Road,Straight road,Level,Dry,Not Raining,Daylight,Side Swipe,Roundabout
2017-455-15/08/2019,1,1,Driver,Male,030,Driver,Not Thrown Out,Admitted to Hospital,Fitted - Worn,Motor Cars - Sedan,Provisional 2,Straight Ahead,1.0,2 Metropolitan,4,2,Monday,04:30 pm,80,Not Divided,"CURVED, VIEW OPEN",Slope,Dry,Not Raining,Daylight,Head On,No Control
2017-455-15/08/2019,2,1,Driver,Male,062,Driver,Not Thrown Out,Admitted to Hospital,Fitted - Worn,OMNIBUS,Full,Straight Ahead,1.0,2 Metropolitan,4,2,Monday,04:30 pm,80,Not Divided,"CURVED, VIEW OPEN",Slope,Dry,Not Raining,Daylight,Head On,No Control
2017-456-15/08/2019,1,1,Driver,Female,044,Driver,Not Thrown Out,Treated at Hospital,Fitted - Worn,Utility,Full,Right Turn,4.0,2 Metropolitan,2,1,Monday,04:21 pm,60,Cross Road,Straight road,Level,Dry,Not Raining,Daylight,Right Angle,No Control
2017-457-15/08/2019,1,1,Driver,Male,017,Driver,Not Thrown Out,Admitted to Hospital,Fitted - Unknown if Worn,Utility,Provisional 1 ,Straight Ahead,2.0,3 Country,2,1,Sunday,11:45 pm,50,Not Divided,Straight road,Level,Dry,Not Raining,Night,Hit Fixed Object,No Control
2017-458-15/08/2019,2,1,Driver,Female,026,Driver,Not Thrown Out,By Private,Fitted - Worn,Motor Cars - Sedan,Full,Stopped on Carriageway,1.0,2 Metropolitan,4,2,Monday,04:20 pm,80,Divided Road,Straight road,Level,Dry,Not Raining,Daylight,Rear End,No Control
2017-458-15/08/2019,3,1,Driver,Female,038,Driver,Not Thrown Out,By Private,Fitted - Worn,Station Wagon,Full,Stopped on Carriageway,1.0,2 Metropolitan,4,2,Monday,04:20 pm,80,Divided Road,Straight road,Level,Dry,Not Raining,Daylight,Rear End,No Control
2017-461-15/08/2019,1,1,Driver,Male,071,Driver,Not Thrown Out,Admitted to Hospital,Fitted - Unknown if Worn,Motor Cars - Sedan,Full,Straight Ahead,1.0,3 Country,3,2,Monday,12:20 pm,80,Not Divided,Straight road,Bottom of Hill,Dry,Not Raining,Daylight,Head On,No Control
2017-461-15/08/2019,3,1,Driver,Female,039,Driver,Not Thrown Out,Admitted to Hospital,Fitted - Unknown if Worn,Station Wagon,Full,Straight Ahead,1.0,3 Country,3,2,Monday,12:20 pm,80,Not Divided,Straight road,Bottom of Hill,Dry,Not Raining,Daylight,Head On,No Control
2017-466-15/08/2019,1,1,Passenger,Female,XXX,Rear Seat Left Passenger,Not Thrown Out,Treated at Hospital,Child Restraint - Worn,Motor Cars - Sedan,Full,Straight Ahead,5.0,2 Metropolitan,3,2,Monday,12:40 pm,60,Cross Road,Straight road,Level,Dry,Not Raining,Daylight,Right Angle,Traffic Signals
2017-466-15/08/2019,2,1,Passenger,Female,027,Front Seat Left Passenger,Not Thrown Out,Treated at Hospital,Fitted - Worn,Motor Cars - Sedan,Full,Straight Ahead,2.0,2 Metropolitan,3,2,Monday,12:40 pm,60,Cross Road,Straight road,Level,Dry,Not Raining,Daylight,Right Angle,Traffic Signals
2017-472-15/08/2019,2,1,Driver,Male,084,Driver,Not Thrown Out,Treated at Hospital,Fitted - Worn,Motor Cars - Sedan,Full,Straight Ahead,1.0,2 Metropolitan,4,1,Tuesday,11:45 am,50,Cross Road,Straight road,Level,Dry,Not Raining,Daylight,Right Angle,Give Way Sign
2017-475-15/08/2019,1,1,Driver,Male,060,Driver,Not Thrown Out,Treated at Hospital,Fitted - Worn,RIGID TRUCK LGE GE 4.5T,Full,Straight Ahead,1.0,3 Country,1,1,Tuesday,01:15 pm,80,Not Divided,"CURVED, VIEW OPEN",Level,Dry,Not Raining,Daylight,Roll Over,No Control
2017-477-15/08/2019,1,1,Pedestrian,Male,055,,,Treated at Hospital,,Pedestrian on Footpath/Carpark,,Walking on Footpath,,2 Metropolitan,2,1,Sunday,02:30 am,60,Cross Road,Straight road,Level,Dry,Not Raining,Night,Hit Pedestrian,Stop Sign
2017-485-15/08/2019,1,1,Driver,Female,044,Driver,Not Thrown Out,By Private,Fitted - Worn,Motor Cars - Sedan,Full,Stopped on Carriageway,1.0,2 Metropolitan,3,1,Tuesday,03:20 pm,60,T-Junction,Straight road,Level,Dry,Not Raining,Daylight,Rear End,Traffic Signals
2017-487-15/08/2019,1,1,Rider,Female,021,,Thrown Out,By Private,,Pedal Cycle,,Straight Ahead,1.0,2 Metropolitan,2,1,Tuesday,05:30 pm,60,Not Divided,Straight road,Level,Dry,Not Raining,Daylight,Right Angle,No Control
2017-489-15/08/2019,1,1,Rider,Male,026,Rider of Motorcycle,Thrown Out,Treated at Hospital,,Motor Cycle,Provisional 2,Straight Ahead,1.0,2 Metropolitan,2,1,Tuesday,05:45 pm,60,Not Divided,"CURVED, VIEW OPEN",Bottom of Hill,Dry,Not Raining,Daylight,Hit Fixed Object,No Control
2017-498-15/08/2019,1,1,Driver,Female,028,Driver,Not Thrown Out,Treated at Hospital,Fitted - Worn,Motor Cars - Sedan,Full,Swerving,2.0,3 Country,1,1,Tuesday,01:45 pm,110,Not Divided,Straight road,Level,Dry,Not Raining,Daylight,Left Road - Out of Control,No Control
2017-500-15/08/2019,1,1,Driver,Female,019,Driver,Not Thrown Out,Treated at Hospital,Fitted - Worn,Motor Cars - Sedan,Provisional 2,Straight Ahead,1.0,3 Country,3,1,Tuesday,08:00 pm,100,Not Divided,Straight road,Level,Dry,Not Raining,Daylight,Hit Object on Road,No Control
2017-501-15/08/2019,1,1,Rider,Male,056,,Thrown Out,Treated at Hospital,,Pedal Cycle,,Straight Ahead,1.0,2 Metropolitan,2,1,Tuesday,05:30 pm,60,Not Divided,Straight road,Level,Dry,Not Raining,Daylight,Rear End,No Control
2017-504-15/08/2019,1,1,Driver,Male,066,Driver,Not Thrown Out,Treated at Hospital,Fitted - Worn,Utility,Full,Right Turn,1.0,2 Metropolitan,2,2,Wednesday,10:20 am,80,Cross Road,Straight road,Level,Dry,Not Raining,Daylight,Right Turn,Give Way Sign
2017-504-15/08/2019,2,1,Driver,Female,075,Driver,Not Thrown Out,Treated at Hospital,Fitted - Worn,Motor Cars - Sedan,Full,Straight Ahead,1.0,2 Metropolitan,2,2,Wednesday,10:20 am,80,Cross Road,Straight road,Level,Dry,Not Raining,Daylight,Right Turn,Give Way Sign
2017-509-15/08/2019,1,1,Driver,Female,024,Driver,Not Thrown Out,Treated at Hospital,Fitted - Worn,Motor Cars - Sedan,Full,Straight Ahead,3.0,2 Metropolitan,2,1,Wednesday,02:40 pm,80,Not Divided,"CURVED, VIEW OPEN",Slope,Dry,Not Raining,Daylight,Roll Over,No Control
2017-519-15/08/2019,1,1,Rider,Male,023,Rider of Motorcycle,Thrown Out,Treated at Hospital,,Scooter,Full,Straight Ahead,1.0,2 Metropolitan,2,1,Tuesday,03:50 pm,60,Divided Road,Straight road,Level,Dry,Not Raining,Daylight,Side Swipe,No Control
2017-520-15/08/2019,2,1,Rider,Female,060,,Thrown Out,Treated at Hospital,,Pedal Cycle,,Straight Ahead,1.0,2 Metropolitan,2,1,Wednesday,04:50 pm,60,T-Junction,Straight road,Slope,Dry,Not Raining,Daylight,Side Swipe,Give Way Sign
2017-525-15/08/2019,2,1,Driver,Male,051,Driver,Not Thrown Out,Treated at Hospital,Fitted - Worn,Station Wagon,Full,Stopped on Carriageway,1.0,2 Metropolitan,2,1,Wednesday,06:05 pm,70,Divided Road,Straight road,Slope,Dry,Not Raining,Daylight,Rear End,No Control
2017-530-15/08/2019,1,1,Driver,Male,061,Driver,Not Thrown Out,Treated at Hospital,Fitted - Unknown if Worn,Station Wagon,Full,Straight Ahead,1.0,3 Country,2,1,Wednesday,05:00 pm,110,Divided Road,Straight road,Level,Dry,Not Raining,Daylight,Hit Fixed Object,No Control
2017-538-15/08/2019,1,1,Rider,Male,052,Rider of Motorcycle,Thrown Out,By Private,,Scooter,Full,Straight Ahead,1.0,2 Metropolitan,2,1,Thursday,05:50 am,50,Cross Road,Straight road,Level,Dry,Not Raining,Daylight,Right Angle,Roundabout
2017-540-15/08/2019,2,1,Rider,Male,036,Rider of Motorcycle,Thrown Out,Treated at Hospital,,Motor Cycle,Full,Straight Ahead,1.0,2 Metropolitan,2,1,Thursday,07:13 am,60,Divided Road,Straight road,Level,Dry,Not Raining,Daylight,Side Swipe,No Control
2017-542-15/08/2019,2,1,Rider,Male,049,,Thrown Out,Treated at Hospital,,Pedal Cycle,,Straight Ahead,1.0,2 Metropolitan,2,1,Thursday,08:00 am,50,T-Junction,Straight road,Level,Dry,Not Raining,Daylight,Right Turn,No Control
2017-543-15/08/2019,1,1,Passenger,Male,019,Front Seat Left Passenger,Not Thrown Out,By Private,Fitted - Worn,Motor Vehicle - Type Unknown,Full,Straight Ahead,2.0,2 Metropolitan,2,1,Thursday,08:45 am,60,Divided Road,Straight road,Level,Dry,Not Raining,Daylight,Right Angle,No Control
2017-546-15/08/2019,1,1,Rider,Female,051,,Thrown Out,Admitted to Hospital,,Pedal Cycle,,Straight Ahead,1.0,2 Metropolitan,2,1,Tuesday,08:03 am,40,Cross Road,Straight road,Level,Dry,Not Raining,Daylight,Right Angle,Roundabout
2017-548-15/08/2019,1,1,Driver,Male,075,Driver,Not Thrown Out,Treated at Hospital,Fitted - Worn,Station Wagon,Full,Straight Ahead,2.0,3 Country,1,2,Thursday,08:00 am,110,Not Divided,Straight road,Level,Dry,Not Raining,Daylight,Roll Over,No Control
2017-548-15/08/2019,1,2,Passenger,Male,042,Rear Seat Middle Passenger,Not Thrown Out,Treated at Hospital,Fitted - Worn,Station Wagon,Full,Straight Ahead,2.0,3 Country,1,2,Thursday,08:00 am,110,Not Divided,Straight road,Level,Dry,Not Raining,Daylight,Roll Over,No Control