REPORT_ID,UND_UNIT_NUMBER,CASUALTY_NUMBER,Casualty Type,Sex_x,AGE,Position In Veh,Thrown Out,Injury Extent,Seat Belt,Unit Type,Licence Type,Unit Movement,Number Occupants,Stats Area,Total Units,Total Cas,Day,Time,Area Speed,Position Type,Horizontal Align,Vertical Align,Moisture Cond,Weather Cond,DayNight,Crash Type,Traffic Ctrls
2017-550-15/08/2019,1,1,Rider,Male,049,Rider of Motorcycle,Thrown Out,Admitted to Hospital,,Motor Cycle,Full,Overtaking - on Right,1.0,3 Country,2,1,Sunday,02:16 pm,100,Not Divided,Straight road,Level,Dry,Not Raining,Daylight,Rear End,No Control
2017-554-15/08/2019,1,1,Driver,Male,043,Driver,Not Thrown Out,By Private,Fitted - Worn,Motor Cars - Sedan,Full,Stopped on Carriageway,1.0,2 Metropolitan,2,1,Thursday,09:40 am,60,Divided Road,Straight road,Level,Dry,Not Raining,Daylight,Rear End,No Control
2017-555-15/08/2019,1,1,Driver,Male,028,Driver,Not Thrown Out,Treated at Hospital,Fitted - Worn,Motor Cars - Sedan,Full,Swerving,1.0,2 Metropolitan,1,1,Wednesday,07:45 am,80,Not Divided,"CURVED, VIEW OPEN",Bottom of Hill,Dry,Not Raining,Daylight,Left Road - Out of Control,No Control
2017-556-15/08/2019,1,1,Driver,Female,048,Driver,Not Thrown Out,Treated at Hospital,Fitted - Worn,Station Wagon,Full,Straight Ahead,3.0,3 Country,2,2,Thursday,01:55 pm,50,Cross Road,Straight road,Level,Dry,Not Raining,Daylight,Right Angle,Stop Sign
2017-556-15/08/2019,2,1,Driver,Female,049,Driver,Not Thrown Out,Treated at Hospital,Fitted - Worn,Station Wagon,Unknown,Straight Ahead,1.0,3 Country,2,2,Thursday,01:55 pm,50,Cross Road,Straight road,Level,Dry,Not Raining,Daylight,Right Angle,Stop Sign
2017-562-15/08/2019,1,1,Driver,Male,051,Driver,Not Thrown Out,Admitted to Hospital,Fitted - Not Worn,Panel Van,Full,UnParking - Parallel,1.0,2 Metropolitan,3,2,Thursday,01:30 pm,60,Divided Road,Straight road,Level,Dry,Not Raining,Daylight,Side Swipe,No Control
2017-562-15/08/2019,2,1,Driver,Male,XXX,Driver,Not Thrown Out,By Private,Fitted - Worn,Utility,Full,Straight Ahead,1.0,2 Metropolitan,3,2,Thursday,01:30 pm,60,Divided Road,Straight road,Level,Dry,Not Raining,Daylight,Side Swipe,No Control
2017-564-15/08/2019,2,1,Driver,Female,062,Driver,Not Thrown Out,By Private,Fitted - Worn,Motor Cars - Sedan,Full,U Turn,2.0,2 Metropolitan,2,1,Thursday,03:45 pm,50,Not Divided,Straight road,Level,Dry,Not Raining,Daylight,Side Swipe,No Control
2017-566-15/08/2019,1,1,Rider,Male,021,Rider of Motorcycle,Not Thrown Out,Admitted to Hospital,,Motor Cycle,Learners,Straight Ahead,1.0,2 Metropolitan,2,1,Tuesday,10:30 pm,100,Not Divided,"CURVED, VIEW OBSCURED",Slope,Dry,Not Raining,Night,Hit Object on Road,No Control
2017-569-15/08/2019,1,1,Rider,Male,029,,Thrown Out,By Private,,Pedal Cycle,,Straight Ahead,1.0,2 Metropolitan,2,1,Thursday,05:10 am,60,T-Junction,Straight road,Level,Dry,Not Raining,Night,Right Angle,Give Way Sign
2017-572-15/08/2019,3,1,Passenger,Female,024,Front Seat Left Passenger,Not Thrown Out,Treated at Hospital,Fitted - Worn,Station Wagon,Provisional 2,Straight Ahead,2.0,2 Metropolitan,3,1,Thursday,09:30 pm,60,Not Divided,Straight road,Level,Wet,Raining,Night,Rear End,No Control
2017-574-15/08/2019,1,1,Driver,Female,019,Driver,Not Thrown Out,Treated at Hospital,Fitted - Worn,Motor Cars - Sedan,Provisional 2,Straight Ahead,1.0,3 Country,3,1,Thursday,06:40 am,50,Not Divided,Straight road,Level,Dry,Not Raining,Daylight,Hit Parked Vehicle,No Control
2017-577-15/08/2019,2,1,Rider,Female,067,,Thrown Out,Treated at Hospital,,Pedal Cycle,,Swerving,1.0,2 Metropolitan,3,1,Thursday,09:30 am,60,Divided Road,Straight road,Level,Dry,Not Raining,Daylight,Side Swipe,No Control
2017-581-15/08/2019,2,1,Rider,Male,038,,Thrown Out,Treated at Hospital,,Pedal Cycle,,Straight Ahead,1.0,2 Metropolitan,2,1,Friday,08:25 am,60,Cross Road,Straight road,Level,Dry,Not Raining,Daylight,Side Swipe,Give Way Sign
2017-587-15/08/2019,1,1,Passenger,Female,XXX,Front Seat Left Passenger,Not Thrown Out,Treated at Hospital,Fitted - Worn,Station Wagon,Full,Straight Ahead,2.0,2 Metropolitan,3,1,Friday,10:04 am,80,Not Divided,Straight road,Bottom of Hill,Dry,Not Raining,Daylight,Rear End,No Control
2017-592-15/08/2019,1,1,Driver,Male,052,Driver,Not Thrown Out,Treated at Hospital,Fitted - Worn,Station Wagon,Full,Straight Ahead,1.0,2 Metropolitan,2,1,Thursday,11:15 pm,60,Cross Road,Straight road,Level,Wet,Raining,Night,Right Angle,Traffic Signals
2017-594-15/08/2019,1,1,Rider,Male,059,Rider of Motorcycle,Thrown Out,By Private,,Motor Cycle,Full,Left Turn,1.0,2 Metropolitan,2,1,Thursday,03:10 pm,60,T-Junction,Straight road,Level,Dry,Not Raining,Daylight,Rear End,No Control
2017-598-15/08/2019,2,1,Driver,Male,070,Driver,Not Thrown Out,Treated at Hospital,Fitted - Worn,Motor Cars - Sedan,Full,Straight Ahead,1.0,2 Metropolitan,3,3,Thursday,08:55 pm,90,Not Divided,"CURVED, VIEW OPEN",Level,Wet,Raining,Night,Head On,No Control
2017-598-15/08/2019,3,1,Driver,Male,031,Driver,Not Thrown Out,Treated at Hospital,Fitted - Worn,Motor Cars - Sedan,Full,Straight Ahead,2.0,2 Metropolitan,3,3,Thursday,08:55 pm,90,Not Divided,"CURVED, VIEW OPEN",Level,Wet,Raining,Night,Head On,No Control
2017-598-15/08/2019,3,2,Passenger,Female,032,Front Seat Left Passenger,Not Thrown Out,Treated at Hospital,Fitted - Worn,Motor Cars - Sedan,Full,Straight Ahead,2.0,2 Metropolitan,3,3,Thursday,08:55 pm,90,Not Divided,"CURVED, VIEW OPEN",Level,Wet,Raining,Night,Head On,No Control
2017-600-15/08/2019,1,1,Passenger,Female,010,Rear Seat Right Passenger,Not Thrown Out,Treated at Hospital,Fitted - Unknown if Worn,Station Wagon,Disqualified,Straight Ahead,4.0,2 Metropolitan,2,2,Thursday,08:38 pm,60,Divided Road,"CURVED, VIEW OPEN",Slope,Wet,Raining,Night,Hit Fixed Object,No Control
2017-600-15/08/2019,1,2,Passenger,Female,007,Rear Seat Left Passenger,Not Thrown Out,Treated at Hospital,Fitted - Unknown if Worn,Station Wagon,Disqualified,Straight Ahead,4.0,2 Metropolitan,2,2,Thursday,08:38 pm,60,Divided Road,"CURVED, VIEW OPEN",Slope,Wet,Raining,Night,Hit Fixed Object,No Control
2017-601-15/08/2019,1,1,Driver,Male,018,Driver,Not Thrown Out,By Private,Fitted - Worn,Motor Cars - Sedan,Provisional 2,Straight Ahead,1.0,2 Metropolitan,2,1,Thursday,08:50 pm,60,Pedestrian Crossing,Straight road,Level,Wet,Raining,Night,Hit Fixed Object,Traffic Signals
2017-604-15/08/2019,1,1,Driver,Female,XXX,Driver,Not Thrown Out,By Private,Fitted - Worn,Station Wagon,Full,Stopped on Carriageway,2.0,2 Metropolitan,2,1,Friday,03:15 pm,60,Cross Road,Straight road,Slope,Dry,Not Raining,Daylight,Rear End,Traffic Signals
2017-605-15/08/2019,1,1,Rider,Male,047,Rider of Motorcycle,Thrown Out,By Private,,Motor Cycle,Full,Straight Ahead,1.0,2 Metropolitan,2,1,Thursday,08:00 pm,60,Divided Road,Straight road,Level,Wet,Raining,Night,Hit Object on Road,No Control
2017-608-15/08/2019,2,1,Driver,Male,068,Driver,Not Thrown Out,Treated at Hospital,Fitted - Worn,Station Wagon,Full,Straight Ahead,1.0,2 Metropolitan,2,1,Friday,03:15 pm,60,Divided Road,Straight road,Level,Dry,Not Raining,Daylight,Side Swipe,No Control
2017-611-15/08/2019,2,1,Driver,Female,052,Driver,Not Thrown Out,Treated at Hospital,Fitted - Worn,Motor Cars - Sedan,Full,Straight Ahead,1.0,2 Metropolitan,3,1,Friday,03:50 pm,60,Not Divided,Straight road,Level,Dry,Not Raining,Daylight,Rear End,No Control
2017-613-15/08/2019,1,1,Driver,Female,033,Driver,Not Thrown Out,Treated at Hospital,Fitted - Worn,Motor Cars - Sedan,Full,Straight Ahead,1.0,2 Metropolitan,2,1,Friday,06:42 pm,60,Divided Road,Straight road,Level,Dry,Not Raining,Daylight,Rear End,No Control
2017-616-15/08/2019,2,1,Rider,Male,021,Rider of Motorcycle,Thrown Out,By Private,,Motor Cycle,Learners,Straight Ahead,1.0,2 Metropolitan,2,1,Friday,08:57 am,60,Divided Road,Straight road,Level,Dry,Not Raining,Daylight,Side Swipe,No Control
2017-617-15/08/2019,1,1,Driver,Female,062,Driver,Not Thrown Out,By Private,Fitted - Worn,Motor Cars - Sedan,Full,Stopped on Carriageway,1.0,2 Metropolitan,2,1,Friday,01:00 pm,60,Cross Road,Straight road,Level,Dry,Not Raining,Daylight,Rear End,Traffic Signals
2017-618-15/08/2019,1,1,Driver,Male,021,Driver,Not Thrown Out,Treated at Hospital,Fitted - Worn,Utility,Full,Right Turn,1.0,2 Metropolitan,2,1,Friday,08:45 pm,60,T-Junction,Straight road,Level,Dry,Not Raining,Night,Right Angle,No Control
2017-620-15/08/2019,1,1,Passenger,Male,061,Front Seat Left Passenger,Not Thrown Out,Treated at Hospital,Fitted - Worn,Motor Cars - Sedan,Unknown,Straight Ahead,2.0,2 Metropolitan,2,1,Friday,10:40 pm,60,T-Junction,Straight road,Level,Dry,Not Raining,Night,Right Turn,No Control
2017-621-15/08/2019,1,1,Driver,Male,029,Driver,Not Thrown Out,By Private,Fitted - Worn,Utility,Full,Straight Ahead,1.0,3 Country,1,1,Saturday,12:58 am,60,Not Divided,"CURVED, VIEW OPEN",Level,Dry,Not Raining,Night,Roll Over,No Control
2017-622-15/08/2019,1,1,Driver,Male,031,Driver,Not Thrown Out,Admitted to Hospital,Fitted - Worn,Motor Cars - Sedan,Provisional 1 ,Straight Ahead,2.0,2 Metropolitan,3,4,Saturday,04:00 am,60,Divided Road,Straight road,Level,Dry,Not Raining,Night,Rear End,No Control
2017-622-15/08/2019,1,2,Passenger,Female,044,Front Seat Left Passenger,Not Thrown Out,Admitted to Hospital,Fitted - Worn,Motor Cars - Sedan,Provisional 1 ,Straight Ahead,2.0,2 Metropolitan,3,4,Saturday,04:00 am,60,Divided Road,Straight road,Level,Dry,Not Raining,Night,Rear End,No Control
2017-622-15/08/2019,2,1,Passenger,Male,002,Rear Seat Left Passenger,Not Thrown Out,Treated at Hospital,Fitted - Worn,Motor Cars - Sedan,Full,Entering Private Driveway,5.0,2 Metropolitan,3,4,Saturday,04:00 am,60,Divided Road,Straight road,Level,Dry,Not Raining,Night,Rear End,No Control
2017-622-15/08/2019,2,2,Passenger,Male,033,Rear Seat Right Passenger,Not Thrown Out,Treated at Hospital,Fitted - Worn,Motor Cars - Sedan,Full,Entering Private Driveway,5.0,2 Metropolitan,3,4,Saturday,04:00 am,60,Divided Road,Straight road,Level,Dry,Not Raining,Night,Rear End,No Control
2017-624-15/08/2019,2,1,Rider,Male,048,,Thrown Out,By Private,,Pedal Cycle,,Straight Ahead,1.0,2 Metropolitan,2,1,Friday,06:00 am,50,Divided Road,Straight road,Level,Wet,Not Raining,Daylight,Side Swipe,No Control
2017-627-15/08/2019,2,1,Driver,Male,041,Driver,Not Thrown Out,Treated at Hospital,Fitted - Worn,Station Wagon,Full,Stopped on Carriageway,4.0,2 Metropolitan,4,1,Tuesday,03:56 pm,60,Divided Road,Straight road,Level,Dry,Not Raining,Daylight,Rear End,No Control
2017-628-15/08/2019,3,1,Driver,Female,028,Driver,Not Thrown Out,By Private,Fitted - Worn,Motor Cars - Sedan,Full,Stopped on Carriageway,1.0,2 Metropolitan,3,1,Friday,08:40 am,60,Divided Road,Straight road,Level,Dry,Not Raining,Daylight,Rear End,No Control
2017-630-15/08/2019,1,1,Rider,Male,061,Rider of Motorcycle,Thrown Out,Treated at Hospital,,Motor Cycle,Full,Straight Ahead,1.0,2 Metropolitan,2,1,Saturday,08:40 am,80,Not Divided,"CURVED, VIEW OBSCURED",Crest of Hill,Dry,Not Raining,Daylight,Head On,No Control
2017-632-15/08/2019,2,1,Rider,Male,052,Rider of Motorcycle,Thrown Out,Treated at Hospital,,Motor Cycle,Full,Straight Ahead,1.0,2 Metropolitan,2,1,Saturday,10:30 am,60,Divided Road,Straight road,Level,Dry,Not Raining,Daylight,Rear End,No Control
2017-634-15/08/2019,1,1,Driver,Male,017,Driver,Not Thrown Out,Treated at Hospital,Fitted - Worn,Motor Cars - Sedan,Provisional 2,Straight Ahead,1.0,2 Metropolitan,2,1,Saturday,09:16 am,50,Not Divided,Straight road,Level,Dry,Not Raining,Daylight,Hit Fixed Object,No Control
2017-639-15/08/2019,2,1,Pedestrian,Female,029,,,Treated at Hospital,,Pedestrian on Road,,Crossing without Control,,2 Metropolitan,2,1,Friday,05:40 pm,60,T-Junction,Straight road,Level,Dry,Not Raining,Daylight,Hit Pedestrian,No Control
2017-640-15/08/2019,2,1,Rider,Male,017,,Thrown Out,Treated at Hospital,,Pedal Cycle,,Straight Ahead,1.0,1 City,2,1,Saturday,01:50 pm,50,Not Divided,Straight road,Level,Dry,Not Raining,Daylight,Side Swipe,No Control
2017-643-15/08/2019,1,1,Rider,Male,057,Rider of Motorcycle,Thrown Out,Treated at Hospital,,Motor Cycle,Full,Straight Ahead,1.0,2 Metropolitan,1,1,Saturday,12:20 pm,100,Not Divided,"CURVED, VIEW OPEN",Level,Dry,Not Raining,Daylight,Left Road - Out of Control,No Control
2017-644-15/08/2019,1,1,Rider,Male,077,Rider of Motorcycle,Thrown Out,Treated at Hospital,,Motor Cycle,Full,Straight Ahead,1.0,3 Country,2,1,Saturday,06:00 pm,60,Cross Road,Straight road,Level,Dry,Not Raining,Daylight,Right Angle,Give Way Sign
2017-646-15/08/2019,1,1,Driver,Female,XXX,Driver,Not Thrown Out,By Private,Fitted - Worn,Station Wagon,Full,Stopped on Carriageway,1.0,2 Metropolitan,2,1,Saturday,05:05 pm,60,Cross Road,Straight road,Level,Dry,Not Raining,Daylight,Rear End,Traffic Signals
2017-648-15/08/2019,1,1,Rider,Male,068,,Thrown Out,Treated at Hospital,,Pedal Cycle,,Straight Ahead,1.0,2 Metropolitan,2,2,Saturday,05:19 pm,60,Divided Road,Straight road,Level,Dry,Not Raining,Daylight,Roll Over,No Control
2017-648-15/08/2019,2,1,Rider,Female,030,,Thrown Out,Admitted to Hospital,,Pedal Cycle,,Straight Ahead,1.0,2 Metropolitan,2,2,Saturday,05:19 pm,60,Divided Road,Straight road,Level,Dry,Not Raining,Daylight,Roll Over,No Control
2017-650-15/08/2019,2,1,Rider,Male,045,,Thrown Out,Admitted to Hospital,,Pedal Cycle,,Straight Ahead,1.0,3 Country,2,1,Saturday,04:40 pm,100,Not Divided,Straight road,Slope,Dry,Not Raining,Daylight,Rear End,No Control
2017-651-15/08/2019,2,1,Passenger,Female,030,Front Seat Left Passenger,Not Thrown Out,Treated at Hospital,Fitted - Worn,Motor Cars - Sedan,Full,Straight Ahead,3.0,2 Metropolitan,2,1,Saturday,04:20 pm,60,Cross Road,Straight road,Level,Dry,Not Raining,Daylight,Right Turn,Traffic Signals
2017-652-15/08/2019,1,1,Driver,Male,018,Driver,Not Thrown Out,Treated at Hospital,Fitted - Worn,Motor Cars - Sedan,Provisional 2,Straight Ahead,1.0,2 Metropolitan,2,2,Saturday,05:38 pm,60,Cross Road,Straight road,Level,Dry,Not Raining,Daylight,Right Angle,Give Way Sign
2017-652-15/08/2019,2,1,Driver,Female,044,Driver,Not Thrown Out,Treated at Hospital,Fitted - Worn,Motor Cars - Sedan,Full,Right Turn,1.0,2 Metropolitan,2,2,Saturday,05:38 pm,60,Cross Road,Straight road,Level,Dry,Not Raining,Daylight,Right Angle,Give Way Sign
2017-653-15/08/2019,2,1,Pedestrian,Female,032,,,Treated at Hospital,,Pedestrian on Road,,Crossing without Control,,2 Metropolitan,2,1,Saturday,05:00 pm,60,Cross Road,Straight road,Level,Dry,Not Raining,Daylight,Hit Pedestrian,No Control
2017-654-15/08/2019,1,1,Rider,Male,033,Rider of Motorcycle,Thrown Out,Treated at Hospital,,Motor Cycle,Unlicenced,Right Turn,1.0,2 Metropolitan,2,1,Saturday,04:00 pm,50,T-Junction,Straight road,Level,Dry,Not Raining,Daylight,Hit Fixed Object,No Control
2017-655-15/08/2019,2,1,Rider,Male,048,,Thrown Out,Admitted to Hospital,,Pedal Cycle,,Swerving,1.0,2 Metropolitan,2,1,Saturday,07:20 pm,60,Divided Road,Straight road,Slope,Dry,Not Raining,Daylight,Side Swipe,No Control
2017-656-15/08/2019,1,1,Passenger,Female,045,Front Seat Left Passenger,Not Thrown Out,Treated at Hospital,Fitted - Worn,Station Wagon,Full,Straight Ahead,5.0,3 Country,2,5,Saturday,06:00 pm,110,T-Junction,Straight road,Level,Dry,Not Raining,Daylight,Right Angle,No Control
2017-656-15/08/2019,1,2,Passenger,Male,010,Rear Seat Right Passenger,Not Thrown Out,Treated at Hospital,Fitted - Worn,Station Wagon,Full,Straight Ahead,5.0,3 Country,2,5,Saturday,06:00 pm,110,T-Junction,Straight road,Level,Dry,Not Raining,Daylight,Right Angle,No Control
2017-656-15/08/2019,1,3,Passenger,Male,009,Rear Seat Left Passenger,Not Thrown Out,Treated at Hospital,Fitted - Worn,Station Wagon,Full,Straight Ahead,5.0,3 Country,2,5,Saturday,06:00 pm,110,T-Junction,Straight road,Level,Dry,Not Raining,Daylight,Right Angle,No Control
2017-656-15/08/2019,1,4,Passenger,Female,006,Rear Seat Middle Passenger,Not Thrown Out,Treated at Hospital,Fitted - Worn,Station Wagon,Full,Straight Ahead,5.0,3 Country,2,5,Saturday,06:00 pm,110,T-Junction,Straight road,Level,Dry,Not Raining,Daylight,Right Angle,No Control
2017-656-15/08/2019,2,1,Driver,Male,042,Driver,Not Thrown Out,Treated at Hospital,Fitted - Worn,Station Wagon,Full,Right Turn,5.0,3 Country,2,5,Saturday,06:00 pm,110,T-Junction,Straight road,Level,Dry,Not Raining,Daylight,Right Angle,No Control
2017-660-15/08/2019,1,1,Driver,Male,055,Driver,Not Thrown Out,Admitted to Hospital,Fitted - Unknown if Worn,Station Wagon,Full,Straight Ahead,2.0,3 Country,1,2,Sunday,01:45 am,80,Not Divided,Straight road,Level,Dry,Not Raining,Night,Roll Over,No Control
2017-660-15/08/2019,1,2,Passenger,Male,021,Front Seat Left Passenger,Not Thrown Out,Admitted to Hospital,Fitted - Worn,Station Wagon,Full,Straight Ahead,2.0,3 Country,1,2,Sunday,01:45 am,80,Not Divided,Straight road,Level,Dry,Not Raining,Night,Roll Over,No Control
2017-662-15/08/2019,1,1,Driver,Female,028,Driver,Not Thrown Out,Treated at Hospital,Fitted - Worn,Motor Cars - Sedan,Full,Straight Ahead,1.0,3 Country,2,1,Sunday,07:00 am,80,Not Divided,Straight road,Level,Dry,Not Raining,Daylight,Hit Fixed Object,No Control
2017-666-15/08/2019,1,1,Driver,Female,042,Driver,Not Thrown Out,Treated at Hospital,Fitted - Worn,Motor Cars - Sedan,Full,Straight Ahead,1.0,3 Country,2,1,Saturday,05:00 pm,100,Not Divided,Straight road,Level,Dry,Not Raining,Daylight,Hit Fixed Object,No Control
2017-670-15/08/2019,1,1,Passenger,Female,050,Front Seat Left Passenger,Not Thrown Out,Treated at Hospital,Fitted - Worn,Station Wagon,Full,Straight Ahead,2.0,2 Metropolitan,2,1,Saturday,09:35 pm,60,Cross Road,Straight road,Level,Dry,Not Raining,Night,Right Angle,Traffic Signals
2017-671-15/08/2019,1,1,Driver,Female,021,Driver,Not Thrown Out,Treated at Hospital,Fitted - Worn,Station Wagon,Full,U Turn,3.0,2 Metropolitan,2,1,Sunday,01:55 pm,80,Not Divided,Straight road,Slope,Dry,Not Raining,Daylight,Right Angle,No Control
2017-679-15/08/2019,1,1,Driver,Female,026,Driver,Not Thrown Out,Treated at Hospital,Fitted - Worn,Panel Van,Full,Straight Ahead,1.0,3 Country,2,1,Sunday,01:55 pm,100,Not Divided,Straight road,Level,Dry,Not Raining,Daylight,Hit Fixed Object,No Control
2017-682-15/08/2019,3,1,Passenger,Female,059,Front Seat Left Passenger,Not Thrown Out,By Private,Fitted - Worn,Motor Cars - Sedan,Full,Straight Ahead,2.0,2 Metropolitan,3,1,Monday,07:30 am,60,Divided Road,Straight road,Level,Dry,Not Raining,Daylight,Rear End,No Control
2017-683-15/08/2019,1,1,Driver,Female,030,Driver,Not Thrown Out,By Private,Fitted - Worn,Motor Cars - Sedan,Provisional 2,Right Turn,1.0,2 Metropolitan,2,1,Monday,07:50 am,60,Cross Road,Straight road,Level,Dry,Not Raining,Daylight,Side Swipe,Traffic Signals
2017-684-15/08/2019,2,1,Driver,Female,020,Driver,Not Thrown Out,Treated at Hospital,Fitted - Worn,Station Wagon,Full,Straight Ahead,2.0,2 Metropolitan,2,2,Sunday,08:30 pm,50,Cross Road,Straight road,Level,Dry,Not Raining,Night,Right Angle,Roundabout
2017-684-15/08/2019,2,2,Passenger,Female,019,Front Seat Left Passenger,Not Thrown Out,Treated at Hospital,Fitted - Worn,Station Wagon,Full,Straight Ahead,2.0,2 Metropolitan,2,2,Sunday,08:30 pm,50,Cross Road,Straight road,Level,Dry,Not Raining,Night,Right Angle,Roundabout
2017-687-15/08/2019,2,1,Rider,Male,012,,Thrown Out,Treated at Hospital,,Pedal Cycle,,Straight Ahead,1.0,2 Metropolitan,2,1,Sunday,12:15 pm,50,Not Divided,Straight road,Level,Dry,Not Raining,Daylight,Right Angle,No Control
2017-690-15/08/2019,1,1,Driver,Male,040,Driver,Not Thrown Out,Treated at Hospital,Fitted - Not Worn,Motor Cars - Sedan,Unlicenced,Straight Ahead,1.0,3 Country,2,1,Sunday,08:00 pm,100,T-Junction,Straight road,Level,Wet,Not Raining,Daylight,Hit Fixed Object,No Control
2017-694-15/08/2019,2,1,Driver,Female,058,Driver,Not Thrown Out,By Private,Fitted - Worn,Motor Cars - Sedan,Full,Overtaking - on Right,1.0,2 Metropolitan,2,1,Thursday,11:25 am,50,Not Divided,Straight road,Level,Dry,Not Raining,Daylight,Side Swipe,No Control
2017-695-15/08/2019,2,1,Rider,Male,016,Rider of Motorcycle,Thrown Out,Treated at Hospital,,Motor Cycle,Learners,Overtaking - on Right,1.0,3 Country,2,1,Friday,03:05 pm,50,Not Divided,Straight road,Slope,Dry,Not Raining,Daylight,Side Swipe,No Control
2017-697-15/08/2019,1,1,Passenger,Female,057,Front Seat Left Passenger,Not Thrown Out,Treated at Hospital,Fitted - Worn,Motor Cars - Sedan,Full,Stopped on Carriageway,2.0,2 Metropolitan,2,1,Monday,01:00 pm,60,Cross Road,Straight road,Level,Wet,Raining,Daylight,Rear End,Traffic Signals
2017-698-15/08/2019,1,1,Driver,Female,083,Driver,Not Thrown Out,Treated at Hospital,Fitted - Worn,Motor Cars - Sedan,Full,Leaving Private Driveway,2.0,2 Metropolitan,2,1,Monday,12:53 pm,50,Divided Road,Straight road,Level,Wet,Raining,Daylight,Right Angle,No Control
2017-700-15/08/2019,1,1,Driver,Female,031,Driver,Not Thrown Out,By Private,Fitted - Worn,Motor Cars - Sedan,Full,Straight Ahead,1.0,2 Metropolitan,3,1,Friday,09:10 am,100,Freeway,"CURVED, VIEW OPEN",Level,Dry,Not Raining,Daylight,Side Swipe,No Control
2017-704-15/08/2019,1,1,Passenger,Male,010,Rear Seat Right Passenger,Not Thrown Out,Treated at Hospital,Fitted - Worn,Station Wagon,Unknown,Straight Ahead,4.0,2 Metropolitan,2,1,Monday,04:30 pm,50,Cross Road,Straight road,Level,Wet,Raining,Daylight,Right Angle,Stop Sign
2017-708-15/08/2019,2,1,Driver,Male,066,Driver,Not Thrown Out,By Private,Fitted - Worn,Station Wagon,Full,Straight Ahead,1.0,2 Metropolitan,4,1,Monday,06:35 pm,60,Divided Road,Straight road,Level,Wet,Not Raining,Daylight,Rear End,No Control
2017-709-15/08/2019,1,1,Driver,Female,021,Driver,Not Thrown Out,Treated at Hospital,Fitted - Worn,Station Wagon,Full,Straight Ahead,1.0,3 Country,1,1,Tuesday,07:44 pm,80,Not Divided,"CURVED, VIEW OBSCURED",Level,Dry,Not Raining,Daylight,Roll Over,No Control
2017-710-15/08/2019,3,1,Driver,Female,054,Driver,Not Thrown Out,Treated at Hospital,Fitted - Worn,Motor Cars - Sedan,Unknown,Stopped on Carriageway,1.0,2 Metropolitan,3,1,Monday,05:45 pm,60,Divided Road,Straight road,Slope,Dry,Not Raining,Daylight,Rear End,No Control
2017-711-15/08/2019,1,1,Driver,Female,034,Driver,Not Thrown Out,Treated at Hospital,Fitted - Worn,Motor Cars - Sedan,Full,Straight Ahead,2.0,2 Metropolitan,2,2,Monday,06:10 pm,50,Not Divided,"CURVED, VIEW OBSCURED",Bottom of Hill,Wet,Raining,Daylight,Hit Fixed Object,No Control
2017-711-15/08/2019,1,2,Passenger,Female,004,Rear Seat Left Passenger,Not Thrown Out,Treated at Hospital,Fitted - Worn,Motor Cars - Sedan,Full,Straight Ahead,2.0,2 Metropolitan,2,2,Monday,06:10 pm,50,Not Divided,"CURVED, VIEW OBSCURED",Bottom of Hill,Wet,Raining,Daylight,Hit Fixed Object,No Control
2017-713-15/08/2019,1,1,Driver,Male,017,Driver,Not Thrown Out,Treated at Hospital,Fitted - Worn,Motor Cars - Sedan,Provisional 1 ,U Turn,1.0,3 Country,2,2,Monday,04:54 pm,100,Not Divided,Straight road,Level,Wet,Raining,Daylight,Side Swipe,No Control
2017-713-15/08/2019,2,1,Passenger,Male,050,Front Seat Left Passenger,Not Thrown Out,Treated at Hospital,Fitted - Worn,Station Wagon,Full,Straight Ahead,2.0,3 Country,2,2,Monday,04:54 pm,100,Not Divided,Straight road,Level,Wet,Raining,Daylight,Side Swipe,No Control
2017-716-15/08/2019,2,1,Rider,Male,026,,Thrown Out,Treated at Hospital,,Pedal Cycle,,Straight Ahead,1.0,2 Metropolitan,2,1,Monday,01:10 pm,80,Not Divided,"CURVED, VIEW OBSCURED",Slope,Wet,Raining,Daylight,Head On,No Control
2017-717-15/08/2019,1,1,Driver,Female,022,Driver,Not Thrown Out,Treated at Hospital,Fitted - Worn,Motor Cars - Sedan,Full,Straight Ahead,1.0,2 Metropolitan,2,1,Monday,12:25 pm,60,Cross Road,Straight road,Level,Dry,Not Raining,Daylight,Right Angle,Stop Sign
2017-718-15/08/2019,1,1,Driver,Female,068,Driver,Not Thrown Out,Treated at Hospital,Fitted - Unknown if Worn,Motor Cars - Sedan,Full,Straight Ahead,3.0,2 Metropolitan,2,3,Monday,12:30 pm,80,Cross Road,Straight road,Level,Wet,Raining,Daylight,Right Angle,Give Way Sign
2017-718-15/08/2019,1,2,Passenger,Female,009,Front Seat Left Passenger,Not Thrown Out,Treated at Hospital,Fitted - Unknown if Worn,Motor Cars - Sedan,Full,Straight Ahead,3.0,2 Metropolitan,2,3,Monday,12:30 pm,80,Cross Road,Straight road,Level,Wet,Raining,Daylight,Right Angle,Give Way Sign