REPORT_ID,UND_UNIT_NUMBER,CASUALTY_NUMBER,Casualty Type,Sex_x,AGE,Position In Veh,Thrown Out,Injury Extent,Seat Belt,Unit Type,Licence Type,Unit Movement,Number Occupants,Stats Area,Total Units,Total Cas,Day,Time,Area Speed,Position Type,Horizontal Align,Vertical Align,Moisture Cond,Weather Cond,DayNight,Crash Type,Traffic Ctrls
2017-1091-15/08/2019,3,1,Driver,Male,039,Driver,Not Thrown Out,Treated at Hospital,Fitted - Worn,Utility,Full,Straight Ahead,4.0,2 Metropolitan,3,6,Saturday,10:43 am,90,Freeway,Straight road,Level,Dry,Not Raining,Daylight,Rear End,No Control
2017-1091-15/08/2019,3,2,Passenger,Female,006,Rear Seat Left Passenger,Not Thrown Out,Treated at Hospital,Fitted - Worn,Utility,Full,Straight Ahead,4.0,2 Metropolitan,3,6,Saturday,10:43 am,90,Freeway,Straight road,Level,Dry,Not Raining,Daylight,Rear End,No Control
2017-1091-15/08/2019,3,3,Passenger,Female,033,Front Seat Left Passenger,Not Thrown Out,Treated at Hospital,Fitted - Worn,Utility,Full,Straight Ahead,4.0,2 Metropolitan,3,6,Saturday,10:43 am,90,Freeway,Straight road,Level,Dry,Not Raining,Daylight,Rear End,No Control
2017-1091-15/08/2019,3,4,Passenger,Male,013,Rear Seat Right Passenger,Not Thrown Out,Treated at Hospital,Fitted - Worn,Utility,Full,Straight Ahead,4.0,2 Metropolitan,3,6,Saturday,10:43 am,90,Freeway,Straight road,Level,Dry,Not Raining,Daylight,Rear End,No Control
2017-1094-15/08/2019,2,1,Driver,Female,025,Driver,Not Thrown Out,Treated at Hospital,Fitted - Worn,Motor Cars - Sedan,Full,Right Turn,1.0,2 Metropolitan,2,1,Friday,03:15 pm,50,T-Junction,Straight road,Level,Dry,Not Raining,Daylight,Right Angle,No Control
2017-1099-15/08/2019,1,1,Driver,Female,061,Driver,Not Thrown Out,By Private,Fitted - Worn,Motor Cars - Sedan,Full,Straight Ahead,1.0,2 Metropolitan,2,1,Friday,03:04 pm,60,Cross Road,Straight road,Level,Dry,Not Raining,Daylight,Right Angle,Give Way Sign
2017-1102-15/08/2019,1,1,Passenger,Male,011,Rear Seat Middle Passenger,Not Thrown Out,By Private,Fitted - Worn,Motor Cars - Sedan,Full,Right Turn,5.0,2 Metropolitan,2,5,Saturday,04:40 pm,50,Cross Road,"CURVED, VIEW OPEN",Bottom of Hill,Wet,Raining,Daylight,Right Angle,Stop Sign
2017-1102-15/08/2019,1,2,Passenger,Female,013,Rear Seat Left Passenger,Not Thrown Out,By Private,Fitted - Worn,Motor Cars - Sedan,Full,Right Turn,5.0,2 Metropolitan,2,5,Saturday,04:40 pm,50,Cross Road,"CURVED, VIEW OPEN",Bottom of Hill,Wet,Raining,Daylight,Right Angle,Stop Sign
2017-1102-15/08/2019,1,3,Passenger,Male,056,Front Seat Left Passenger,Not Thrown Out,By Private,Fitted - Worn,Motor Cars - Sedan,Full,Right Turn,5.0,2 Metropolitan,2,5,Saturday,04:40 pm,50,Cross Road,"CURVED, VIEW OPEN",Bottom of Hill,Wet,Raining,Daylight,Right Angle,Stop Sign
2017-1102-15/08/2019,1,4,Passenger,Male,018,Rear Seat Right Passenger,Not Thrown Out,By Private,Fitted - Worn,Motor Cars - Sedan,Full,Right Turn,5.0,2 Metropolitan,2,5,Saturday,04:40 pm,50,Cross Road,"CURVED, VIEW OPEN",Bottom of Hill,Wet,Raining,Daylight,Right Angle,Stop Sign
2017-1102-15/08/2019,2,1,Driver,Male,075,Driver,Not Thrown Out,Treated at Hospital,Fitted - Worn,Station Wagon,Full,Left Turn,1.0,2 Metropolitan,2,5,Saturday,04:40 pm,50,Cross Road,"CURVED, VIEW OPEN",Bottom of Hill,Wet,Raining,Daylight,Right Angle,Stop Sign
2017-1103-15/08/2019,3,1,Driver,Female,048,Driver,Not Thrown Out,By Private,Fitted - Worn,Motor Cars - Sedan,Full,Stopped on Carriageway,3.0,2 Metropolitan,3,1,Friday,08:42 pm,60,T-Junction,Straight road,Level,Dry,Not Raining,Night,Rear End,No Control
2017-1104-15/08/2019,1,1,Passenger,Female,XXX,Front Seat Left Passenger,Not Thrown Out,Treated at Hospital,Fitted - Unknown if Worn,Motor Cars - Sedan,Provisional 1 ,Straight Ahead,5.0,2 Metropolitan,2,1,Saturday,03:48 pm,60,Divided Road,Straight road,Level,Dry,Not Raining,Daylight,Hit Fixed Object,No Control
2017-1105-15/08/2019,1,1,Driver,Female,038,Driver,Not Thrown Out,Treated at Hospital,Fitted - Worn,Station Wagon,Full,Straight Ahead,3.0,2 Metropolitan,2,1,Friday,05:24 pm,60,Divided Road,Straight road,Level,Dry,Not Raining,Daylight,Right Angle,No Control
2017-1106-15/08/2019,1,1,Driver,Female,047,Driver,Not Thrown Out,Treated at Hospital,Fitted - Worn,Station Wagon,Full,Straight Ahead,3.0,2 Metropolitan,2,1,Saturday,05:10 pm,60,T-Junction,Straight road,Level,Wet,Raining,Daylight,Right Angle,Stop Sign
2017-1109-15/08/2019,1,1,Driver,Male,048,Driver,Not Thrown Out,Admitted to Hospital,Fitted - Worn,Light Truck LT 4.5T,Full,Straight Ahead,1.0,3 Country,2,1,Saturday,04:35 pm,110,Not Divided,Straight road,Level,Wet,Raining,Daylight,Roll Over,No Control
2017-1111-15/08/2019,1,1,Driver,Female,017,Driver,Not Thrown Out,Treated at Hospital,Fitted - Worn,Station Wagon,Provisional 1 ,Straight Ahead,2.0,3 Country,2,2,Saturday,01:30 pm,100,Not Divided,"CURVED, VIEW OPEN",Level,Dry,Not Raining,Daylight,Hit Fixed Object,No Control
2017-1111-15/08/2019,1,2,Passenger,Male,016,Front Seat Left Passenger,Not Thrown Out,Treated at Hospital,Fitted - Worn,Station Wagon,Provisional 1 ,Straight Ahead,2.0,3 Country,2,2,Saturday,01:30 pm,100,Not Divided,"CURVED, VIEW OPEN",Level,Dry,Not Raining,Daylight,Hit Fixed Object,No Control
2017-1112-15/08/2019,1,1,Passenger,Male,031,Front Seat Left Passenger,Not Thrown Out,Admitted to Hospital,Fitted - Unknown if Worn,Motor Cars - Sedan,Full,Straight Ahead,2.0,2 Metropolitan,2,1,Saturday,03:10 pm,100,Not Divided,"CURVED, VIEW OBSCURED",Slope,Dry,Not Raining,Daylight,Head On,No Control
2017-1113-15/08/2019,1,1,Driver,Male,032,Driver,Not Thrown Out,Treated at Hospital,Fitted - Worn,Station Wagon,Full,Straight Ahead,4.0,2 Metropolitan,3,4,Saturday,07:50 pm,60,T-Junction,Straight road,Level,Wet,Raining,Daylight,Right Turn,Traffic Signals
2017-1113-15/08/2019,1,2,Passenger,Female,006,Rear Seat Left Passenger,Not Thrown Out,Treated at Hospital,Child Restraint - Worn,Station Wagon,Full,Straight Ahead,4.0,2 Metropolitan,3,4,Saturday,07:50 pm,60,T-Junction,Straight road,Level,Wet,Raining,Daylight,Right Turn,Traffic Signals
2017-1113-15/08/2019,1,3,Passenger,Female,001,Rear Seat Right Passenger,Not Thrown Out,Treated at Hospital,Child Restraint - Worn,Station Wagon,Full,Straight Ahead,4.0,2 Metropolitan,3,4,Saturday,07:50 pm,60,T-Junction,Straight road,Level,Wet,Raining,Daylight,Right Turn,Traffic Signals
2017-1113-15/08/2019,1,4,Passenger,Female,031,Front Seat Left Passenger,Not Thrown Out,Treated at Hospital,Fitted - Worn,Station Wagon,Full,Straight Ahead,4.0,2 Metropolitan,3,4,Saturday,07:50 pm,60,T-Junction,Straight road,Level,Wet,Raining,Daylight,Right Turn,Traffic Signals
2017-1114-15/08/2019,2,1,Driver,Female,020,Driver,Not Thrown Out,Treated at Hospital,Fitted - Worn,Motor Cars - Sedan,Full,Straight Ahead,3.0,2 Metropolitan,2,2,Saturday,10:30 pm,50,Cross Road,Straight road,Level,Dry,Not Raining,Night,Right Angle,Give Way Sign
2017-1114-15/08/2019,2,2,Passenger,Male,020,Front Seat Left Passenger,Not Thrown Out,Treated at Hospital,Fitted - Worn,Motor Cars - Sedan,Full,Straight Ahead,3.0,2 Metropolitan,2,2,Saturday,10:30 pm,50,Cross Road,Straight road,Level,Dry,Not Raining,Night,Right Angle,Give Way Sign
2017-1115-15/08/2019,1,1,Driver,Male,018,Driver,Not Thrown Out,Admitted to Hospital,Fitted - Unknown if Worn,Utility,Full,Straight Ahead,1.0,3 Country,2,1,Saturday,10:00 pm,50,Not Divided,Straight road,Slope,Dry,Not Raining,Night,Hit Object on Road,No Control
2017-1116-15/08/2019,1,1,Rider,Male,055,,Thrown Out,Admitted to Hospital,,Pedal Cycle,,Straight Ahead,1.0,2 Metropolitan,2,1,Saturday,10:30 am,80,Not Divided,Straight road,Slope,Dry,Not Raining,Daylight,Side Swipe,No Control
2017-1122-15/08/2019,1,1,Passenger,Female,018,Front Seat Left Passenger,Not Thrown Out,Treated at Hospital,Fitted - Worn,Motor Cars - Sedan,Provisional 1 ,Swerving,2.0,3 Country,1,1,Saturday,08:46 am,100,Not Divided,Straight road,Level,Dry,Not Raining,Daylight,Roll Over,No Control
2017-1123-15/08/2019,1,1,Driver,Male,031,Driver,Not Thrown Out,Admitted to Hospital,Fitted - Worn,Station Wagon,Full,Straight Ahead,1.0,3 Country,2,1,Sunday,07:30 am,100,Not Divided,"CURVED, VIEW OPEN",Level,Dry,Not Raining,Daylight,Hit Fixed Object,No Control
2017-1125-15/08/2019,1,1,Driver,Female,040,Driver,Not Thrown Out,Treated at Hospital,Fitted - Worn,Station Wagon,Full,Straight Ahead,2.0,3 Country,2,1,Sunday,12:00 am,110,T-Junction,Straight road,Level,Dry,Not Raining,Night,Hit Fixed Object,No Control
2017-1129-15/08/2019,1,1,Driver,Male,040,Driver,Not Thrown Out,Treated at Hospital,Fitted - Not Worn,RIGID TRUCK LGE GE 4.5T,Unknown,Right Turn,1.0,2 Metropolitan,3,2,Sunday,12:00 pm,60,T-Junction,"CURVED, VIEW OPEN",Slope,Wet,Raining,Daylight,Hit Parked Vehicle,Roundabout
2017-1129-15/08/2019,3,1,Driver,Male,027,Driver,Not Thrown Out,Treated at Hospital,Fitted - Worn,Motor Cars - Sedan,Full,Straight Ahead,2.0,2 Metropolitan,3,2,Sunday,12:00 pm,60,T-Junction,"CURVED, VIEW OPEN",Slope,Wet,Raining,Daylight,Hit Parked Vehicle,Roundabout
2017-1130-15/08/2019,2,1,Driver,Female,019,Driver,Not Thrown Out,Treated at Hospital,Fitted - Worn,Motor Cars - Sedan,Full,Straight Ahead,1.0,2 Metropolitan,2,1,Sunday,10:35 am,60,Cross Road,Straight road,Level,Wet,Raining,Daylight,Right Angle,Traffic Signals
2017-1139-15/08/2019,1,1,Driver,Female,020,Driver,Not Thrown Out,Treated at Hospital,Fitted - Worn,Motor Cars - Sedan,Full,Straight Ahead,1.0,2 Metropolitan,2,1,Sunday,02:55 pm,70,Divided Road,Straight road,Level,Dry,Not Raining,Daylight,Hit Fixed Object,No Control
2017-1142-15/08/2019,1,1,Driver,Female,035,Driver,Not Thrown Out,By Private,Fitted - Worn,Motor Cars - Sedan,Full,Stopped on Carriageway,1.0,2 Metropolitan,2,1,Sunday,05:41 pm,60,Not Divided,Straight road,Level,Wet,Raining,Daylight,Rear End,No Control
2017-1153-15/08/2019,2,1,Driver,Male,033,Driver,Not Thrown Out,Treated at Hospital,Fitted - Unknown if Worn,Motor Cars - Sedan,Full,Straight Ahead,1.0,2 Metropolitan,2,1,Monday,04:00 am,60,Divided Road,Straight road,Level,Wet,Raining,Night,Right Angle,No Control
2017-1157-15/08/2019,2,1,Driver,Female,020,Driver,Not Thrown Out,Treated at Hospital,Fitted - Worn,Motor Cars - Sedan,Provisional 2,Straight Ahead,1.0,2 Metropolitan,2,1,Monday,09:00 am,60,Cross Road,Straight road,Level,Wet,Raining,Daylight,Right Turn,Give Way Sign
2017-1164-15/08/2019,2,1,Driver,Female,054,Driver,Not Thrown Out,By Private,Fitted - Worn,Motor Cars - Sedan,Full,Straight Ahead,1.0,2 Metropolitan,2,1,Monday,09:24 am,80,Divided Road,Straight road,Level,Wet,Not Raining,Daylight,Rear End,No Control
2017-1165-15/08/2019,2,1,Passenger,Female,048,Front Seat Left Passenger,Not Thrown Out,By Private,Fitted - Worn,Utility,Full,Stopped on Carriageway,2.0,2 Metropolitan,4,1,Monday,09:12 am,60,Not Divided,Straight road,Level,Wet,Not Raining,Daylight,Rear End,No Control
2017-1166-15/08/2019,2,1,Driver,Female,034,Driver,Not Thrown Out,Treated at Hospital,Fitted - Worn,Station Wagon,Full,Right Turn,1.0,2 Metropolitan,2,1,Monday,09:55 am,50,T-Junction,"CURVED, VIEW OPEN",Slope,Wet,Not Raining,Daylight,Right Angle,Stop Sign
2017-1169-15/08/2019,1,1,Driver,Female,046,Driver,Not Thrown Out,Treated at Hospital,Fitted - Worn,Motor Cars - Sedan,Full,Straight Ahead,1.0,2 Metropolitan,3,1,Monday,10:00 am,60,Divided Road,Straight road,Level,Dry,Not Raining,Daylight,Rear End,No Control
2017-1171-15/08/2019,1,1,Driver,Female,058,Driver,Not Thrown Out,By Private,Fitted - Worn,Motor Cars - Sedan,Full,Straight Ahead,1.0,2 Metropolitan,2,1,Thursday,12:30 am,80,Divided Road,Straight road,Level,Dry,Not Raining,Night,Hit Object on Road,No Control
2017-1174-15/08/2019,1,1,Driver,Female,025,Driver,Not Thrown Out,Admitted to Hospital,Fitted - Unknown if Worn,Motor Cars - Tourer,Full,Straight Ahead,1.0,2 Metropolitan,2,1,Monday,12:50 pm,110,Divided Road,Straight road,Level,Dry,Not Raining,Daylight,Hit Fixed Object,No Control
2017-1175-15/08/2019,2,1,Pedestrian,Male,010,,,Treated at Hospital,,Pedestrian on Road,,Crossing without Control,,2 Metropolitan,2,1,Monday,03:05 pm,50,Not Divided,Straight road,Level,Dry,Not Raining,Daylight,Hit Pedestrian,No Control
2017-1176-15/08/2019,1,1,Passenger,Male,075,Rear Seat Right Passenger,Not Thrown Out,Admitted to Hospital,Fitted - Worn,Station Wagon,Full,Straight Ahead,3.0,3 Country,2,2,Monday,02:50 pm,100,Not Divided,"CURVED, VIEW OBSCURED",Slope,Dry,Not Raining,Daylight,Hit Fixed Object,No Control
2017-1176-15/08/2019,1,2,Passenger,Female,083,Front Seat Left Passenger,Not Thrown Out,Admitted to Hospital,Fitted - Worn,Station Wagon,Full,Straight Ahead,3.0,3 Country,2,2,Monday,02:50 pm,100,Not Divided,"CURVED, VIEW OBSCURED",Slope,Dry,Not Raining,Daylight,Hit Fixed Object,No Control
2017-1178-15/08/2019,1,1,Driver,Male,080,Driver,Not Thrown Out,Treated at Hospital,Fitted - Worn,Motor Cars - Sedan,Full,Straight Ahead,2.0,2 Metropolitan,2,1,Sunday,10:00 pm,60,Divided Road,Straight road,Level,Wet,Raining,Night,Hit Fixed Object,No Control
2017-1180-15/08/2019,1,1,Driver,Male,017,Driver,Not Thrown Out,Treated at Hospital,Fitted - Worn,Motor Cars - Sedan,Provisional 1 ,Left Turn,1.0,2 Metropolitan,2,1,Monday,04:45 pm,30,T-Junction,Straight road,Level,Wet,Not Raining,Daylight,Hit Fixed Object,No Control
2017-1182-15/08/2019,1,1,Driver,Male,031,Driver,Not Thrown Out,By Private,Fitted - Worn,Motor Cars - Sedan,Full,Straight Ahead,1.0,2 Metropolitan,2,1,Monday,04:10 pm,60,Divided Road,Straight road,Level,Dry,Not Raining,Daylight,Rear End,No Control
2017-1184-15/08/2019,1,1,Driver,Male,022,Driver,Not Thrown Out,Treated at Hospital,Fitted - Worn,Motor Cars - Sedan,Full,Straight Ahead,1.0,3 Country,2,1,Monday,05:10 pm,110,Not Divided,"CURVED, VIEW OBSCURED",Crest of Hill,Dry,Not Raining,Daylight,Hit Fixed Object,No Control
2017-1187-15/08/2019,1,1,Driver,Male,069,Driver,Not Thrown Out,Treated at Hospital,Fitted - Worn,Motor Cars - Sedan,Full,Straight Ahead,2.0,2 Metropolitan,1,1,Monday,05:12 pm,110,Freeway,Straight road,Slope,Dry,Not Raining,Daylight,Left Road - Out of Control,No Control
2017-1188-15/08/2019,1,1,Driver,Female,037,Driver,Not Thrown Out,Treated at Hospital,Fitted - Worn,Motor Cars - Sedan,Full,Straight Ahead,1.0,2 Metropolitan,2,1,Monday,08:55 pm,60,Cross Road,Straight road,Level,Dry,Not Raining,Night,Rear End,Traffic Signals
2017-1190-15/08/2019,1,1,Driver,Female,045,Driver,Not Thrown Out,Treated at Hospital,Fitted - Worn,Station Wagon,Unknown,Straight Ahead,1.0,3 Country,1,1,Monday,08:00 pm,110,Not Divided,Straight road,Level,Dry,Not Raining,Daylight,Roll Over,No Control
2017-1191-15/08/2019,1,1,Driver,Male,028,Driver,Not Thrown Out,Treated at Hospital,Fitted - Unknown if Worn,Station Wagon,Full,Straight Ahead,2.0,3 Country,1,2,Monday,11:15 pm,100,Not Divided,"CURVED, VIEW OBSCURED",Slope,Dry,Not Raining,Night,Roll Over,No Control
2017-1191-15/08/2019,1,2,Passenger,Male,034,Front Seat Left Passenger,Thrown Out,Fatal,Fitted - Not Worn,Station Wagon,Full,Straight Ahead,2.0,3 Country,1,2,Monday,11:15 pm,100,Not Divided,"CURVED, VIEW OBSCURED",Slope,Dry,Not Raining,Night,Roll Over,No Control
2017-1192-15/08/2019,1,1,Driver,Female,036,Driver,Not Thrown Out,Treated at Hospital,Fitted - Worn,Station Wagon,Full,Straight Ahead,1.0,2 Metropolitan,2,1,Tuesday,06:20 am,60,Cross Road,Straight road,Level,Dry,Not Raining,Night,Right Turn,Traffic Signals
2017-1194-15/08/2019,1,1,Driver,Male,044,Driver,Not Thrown Out,Treated at Hospital,Fitted - Worn,Motor Cars - Sedan,Full,Straight Ahead,1.0,2 Metropolitan,2,1,Monday,02:30 pm,80,Not Divided,"CURVED, VIEW OPEN",Bottom of Hill,Wet,Raining,Daylight,Hit Fixed Object,No Control
2017-1195-15/08/2019,1,1,Pedestrian,Male,044,,,Treated at Hospital,,Pedestrian on Road,,Walking on Road,,2 Metropolitan,2,1,Tuesday,01:00 am,60,Divided Road,Straight road,Level,Dry,Not Raining,Night,Hit Pedestrian,No Control
2017-1198-15/08/2019,1,1,Driver,Female,019,Driver,Not Thrown Out,By Private,Fitted - Worn,Motor Cars - Sedan,Provisional 2,Right Turn,1.0,2 Metropolitan,2,1,Monday,10:00 pm,60,Cross Road,Straight road,Level,Dry,Not Raining,Night,Right Turn,Traffic Signals
2017-1200-15/08/2019,1,1,Rider,Male,021,Rider of Motorcycle,Thrown Out,Treated at Hospital,,Motor Cycle,Learners,Stopped on Carriageway,1.0,2 Metropolitan,3,1,Tuesday,07:55 am,60,Cross Road,Straight road,Slope,Dry,Not Raining,Daylight,Rear End,Traffic Signals
2017-1203-15/08/2019,1,1,Driver,Male,076,Driver,Not Thrown Out,Treated at Hospital,Fitted - Worn,Motor Cars - Sedan,Full,Straight Ahead,1.0,3 Country,2,1,Tuesday,10:30 am,60,Not Divided,Straight road,Level,Dry,Not Raining,Daylight,Rear End,No Control
2017-1205-15/08/2019,1,1,Driver,Male,058,Driver,Not Thrown Out,Treated at Hospital,Fitted - Unknown if Worn,Utility,Unlicenced,Straight Ahead,1.0,3 Country,2,1,Tuesday,10:00 am,100,Not Divided,Straight road,Level,Dry,Not Raining,Daylight,Hit Fixed Object,No Control
2017-1208-15/08/2019,1,1,Driver,Female,071,Driver,Not Thrown Out,By Private,Fitted - Worn,Station Wagon,Full,Parked,1.0,2 Metropolitan,3,1,Tuesday,06:44 am,60,T-Junction,Straight road,Slope,Dry,Not Raining,Daylight,Hit Parked Vehicle,Traffic Signals
2017-1211-15/08/2019,1,1,Driver,Female,046,Driver,Not Thrown Out,By Private,Fitted - Worn,Station Wagon,Full,Straight Ahead,1.0,1 City,2,1,Thursday,01:50 pm,50,Cross Road,Straight road,Level,Dry,Not Raining,Daylight,Right Angle,Traffic Signals
2017-1220-15/08/2019,1,1,Driver,Female,045,Driver,Not Thrown Out,By Private,Fitted - Worn,Motor Cars - Sedan,Full,Straight Ahead,1.0,2 Metropolitan,2,1,Tuesday,05:00 pm,50,Cross Road,Straight road,Level,Dry,Not Raining,Daylight,Right Angle,Stop Sign
2017-1222-15/08/2019,2,1,Rider,Male,022,Rider of Motorcycle,Not Thrown Out,By Private,,Motor Cycle,Provisional 2,Straight Ahead,1.0,2 Metropolitan,2,1,Tuesday,04:55 pm,60,T-Junction,Straight road,Level,Dry,Not Raining,Daylight,Right Angle,No Control
2017-1224-15/08/2019,2,1,Rider,Male,013,,Thrown Out,Treated at Hospital,,Pedal Cycle,,Straight Ahead,1.0,2 Metropolitan,2,1,Tuesday,05:10 pm,60,Not Divided,"CURVED, VIEW OBSCURED",Slope,Dry,Not Raining,Daylight,Head On,No Control
2017-1227-15/08/2019,1,1,Passenger,Male,010,Rear Seat Right Passenger,Not Thrown Out,Treated at Hospital,Fitted - Unknown if Worn,Station Wagon,Full,Straight Ahead,3.0,2 Metropolitan,3,2,Tuesday,04:35 pm,70,Cross Road,Straight road,Slope,Dry,Not Raining,Daylight,Rear End,Traffic Signals
2017-1227-15/08/2019,3,1,Passenger,Female,058,Front Seat Left Passenger,Not Thrown Out,By Private,Fitted - Worn,Station Wagon,Full,Straight Ahead,2.0,2 Metropolitan,3,2,Tuesday,04:35 pm,70,Cross Road,Straight road,Slope,Dry,Not Raining,Daylight,Rear End,Traffic Signals
2017-1228-15/08/2019,2,1,Rider,Male,032,Rider of Motorcycle,Thrown Out,Admitted to Hospital,,Motor Cycle,Full,Straight Ahead,1.0,2 Metropolitan,2,1,Tuesday,04:25 pm,60,Not Divided,Straight road,Level,Dry,Not Raining,Daylight,Rear End,No Control
2017-1229-15/08/2019,1,1,Rider,Male,016,Rider of Motorcycle,Thrown Out,Treated at Hospital,,Motor Cycle,Learners,Straight Ahead,1.0,2 Metropolitan,2,1,Tuesday,04:45 pm,60,Divided Road,"CURVED, VIEW OBSCURED",Slope,Dry,Not Raining,Daylight,Roll Over,No Control
2017-1230-15/08/2019,1,1,Driver,Female,045,Driver,Not Thrown Out,Treated at Hospital,Fitted - Worn,Motor Cars - Sedan,Full,Straight Ahead,1.0,2 Metropolitan,2,1,Tuesday,04:00 pm,50,Not Divided,Straight road,Level,Dry,Not Raining,Daylight,Right Turn,No Control
2017-1231-15/08/2019,1,1,Driver,Female,041,Driver,Not Thrown Out,By Private,Fitted - Worn,Motor Cars - Sedan,Full,Stopped on Carriageway,2.0,2 Metropolitan,2,1,Tuesday,05:05 pm,50,Cross Road,Straight road,Level,Dry,Not Raining,Daylight,Rear End,Roundabout
2017-1240-15/08/2019,1,1,Rider,Male,045,,Thrown Out,Treated at Hospital,,Pedal Cycle,,Straight Ahead,1.0,2 Metropolitan,2,1,Wednesday,01:18 am,60,T-Junction,Straight road,Level,Dry,Not Raining,Night,Right Turn,No Control
2017-1242-15/08/2019,1,1,Driver,Female,093,Driver,Not Thrown Out,Fatal,Fitted - Worn,Motor Cars - Sedan,Full,Straight Ahead,1.0,3 Country,2,1,Wednesday,10:50 am,10,Other,Straight road,Level,Dry,Not Raining,Daylight,Hit Fixed Object,No Control
2017-1245-15/08/2019,1,1,Driver,Female,067,Driver,Not Thrown Out,Treated at Hospital,Fitted - Worn,Motor Cars - Sedan,Full,Straight Ahead,1.0,2 Metropolitan,2,1,Wednesday,11:54 am,50,Not Divided,Straight road,Crest of Hill,Dry,Not Raining,Daylight,Hit Parked Vehicle,No Control
2017-1246-15/08/2019,1,1,Driver,Male,069,Driver,Not Thrown Out,Treated at Hospital,Fitted - Worn,Motor Cars - Sedan,Full,Straight Ahead,1.0,3 Country,2,1,Wednesday,09:01 am,90,T-Junction,Straight road,Level,Dry,Not Raining,Daylight,Right Angle,Give Way Sign
2017-1250-15/08/2019,1,1,Driver,Male,039,Driver,Not Thrown Out,Treated at Hospital,Fitted - Worn,SEMI TRAILER,Full,Straight Ahead,1.0,3 Country,1,1,Wednesday,09:30 am,100,Not Divided,"CURVED, VIEW OPEN",Slope,Dry,Not Raining,Daylight,Roll Over,No Control
2017-1255-15/08/2019,1,1,Driver,Male,034,Driver,Not Thrown Out,Admitted to Hospital,Fitted - Worn,Forward Control Passenger Van,Full,Straight Ahead,1.0,3 Country,2,1,Wednesday,03:50 pm,100,Not Divided,Straight road,Level,Dry,Not Raining,Daylight,Hit Fixed Object,No Control
2017-1256-15/08/2019,1,1,Driver,Male,059,Driver,Not Thrown Out,Admitted to Hospital,Fitted - Worn,Station Wagon,Full,Straight Ahead,1.0,2 Metropolitan,2,1,Wednesday,04:20 pm,60,Divided Road,"CURVED, VIEW OPEN",Slope,Dry,Not Raining,Daylight,Hit Fixed Object,No Control
2017-1261-15/08/2019,2,1,Rider,Male,024,Rider of Motorcycle,Thrown Out,Treated at Hospital,,Motor Cycle,Full,Straight Ahead,1.0,2 Metropolitan,2,1,Wednesday,04:30 pm,80,Divided Road,Straight road,Level,Dry,Not Raining,Daylight,Side Swipe,No Control
2017-1263-15/08/2019,1,1,Driver,Female,043,Driver,Not Thrown Out,Treated at Hospital,Fitted - Worn,Motor Cars - Sedan,Full,Stopped on Carriageway,1.0,2 Metropolitan,2,1,Wednesday,06:45 pm,60,T-Junction,Straight road,Level,Dry,Not Raining,Daylight,Rear End,No Control
2017-1267-15/08/2019,1,1,Driver,Male,020,Driver,Not Thrown Out,Treated at Hospital,Fitted - Worn,Motor Cars - Sedan,Provisional 1 ,Straight Ahead,1.0,3 Country,2,1,Monday,05:05 pm,100,Not Divided,Straight road,Level,Dry,Not Raining,Daylight,Hit Fixed Object,No Control
2017-1269-15/08/2019,2,1,Rider,Male,054,,Thrown Out,Treated at Hospital,,Pedal Cycle,,Straight Ahead,1.0,2 Metropolitan,2,1,Wednesday,07:55 pm,60,Divided Road,Straight road,Level,Dry,Not Raining,Daylight,Hit Parked Vehicle,No Control
2017-1270-15/08/2019,2,1,Rider,Male,023,Rider of Motorcycle,Thrown Out,Treated at Hospital,,Motor Cycle,Full,Straight Ahead,1.0,2 Metropolitan,2,1,Thursday,06:30 am,50,T-Junction,Straight road,Level,Dry,Not Raining,Night,Right Angle,No Control
2017-1271-15/08/2019,1,1,Driver,Male,026,Driver,Not Thrown Out,Treated at Hospital,Fitted - Unknown if Worn,RIGID TRUCK LGE GE 4.5T,Full,Straight Ahead,5.0,3 Country,1,5,Thursday,02:38 am,100,Not Divided,Straight road,Level,Dry,Not Raining,Night,Roll Over,No Control
2017-1271-15/08/2019,1,2,Passenger,Male,028,Rear Seat Right Passenger,Not Thrown Out,Treated at Hospital,Fitted - Worn,RIGID TRUCK LGE GE 4.5T,Full,Straight Ahead,5.0,3 Country,1,5,Thursday,02:38 am,100,Not Divided,Straight road,Level,Dry,Not Raining,Night,Roll Over,No Control
2017-1271-15/08/2019,1,3,Passenger,Male,022,Front Seat Left Passenger,Not Thrown Out,Treated at Hospital,Fitted - Worn,RIGID TRUCK LGE GE 4.5T,Full,Straight Ahead,5.0,3 Country,1,5,Thursday,02:38 am,100,Not Divided,Straight road,Level,Dry,Not Raining,Night,Roll Over,No Control
2017-1271-15/08/2019,1,4,Passenger,Male,051,Rear Seat Left Passenger,Not Thrown Out,Treated at Hospital,Fitted - Worn,RIGID TRUCK LGE GE 4.5T,Full,Straight Ahead,5.0,3 Country,1,5,Thursday,02:38 am,100,Not Divided,Straight road,Level,Dry,Not Raining,Night,Roll Over,No Control
2017-1271-15/08/2019,1,5,Passenger,Male,034,Rear Seat Middle Passenger,Not Thrown Out,Treated at Hospital,Fitted - Worn,RIGID TRUCK LGE GE 4.5T,Full,Straight Ahead,5.0,3 Country,1,5,Thursday,02:38 am,100,Not Divided,Straight road,Level,Dry,Not Raining,Night,Roll Over,No Control