REPORT_ID,UND_UNIT_NUMBER,CASUALTY_NUMBER,Casualty Type,Sex_x,AGE,Position In Veh,Thrown Out,Injury Extent,Seat Belt,Unit Type,Licence Type,Unit Movement,Number Occupants,Stats Area,Total Units,Total Cas,Day,Time,Area Speed,Position Type,Horizontal Align,Vertical Align,Moisture Cond,Weather Cond,DayNight,Crash Type,Traffic Ctrls
2017-1468-15/08/2019,1,1,Driver,Male,040,Driver,Not Thrown Out,Treated at Hospital,Fitted - Worn,Motor Cars - Sedan,Full,Straight Ahead,1.0,2 Metropolitan,2,1,Tuesday,07:35 am,50,Cross Road,Straight road,Level,Dry,Not Raining,Daylight,Right Angle,Give Way Sign
2017-1470-15/08/2019,1,1,Driver,Male,087,Driver,Not Thrown Out,Treated at Hospital,Fitted - Worn,Utility,Full,Straight Ahead,1.0,2 Metropolitan,2,3,Wednesday,08:05 am,80,Cross Road,Straight road,Level,Dry,Not Raining,Daylight,Right Angle,Give Way Sign
2017-1470-15/08/2019,2,1,Driver,Male,029,Driver,Not Thrown Out,Treated at Hospital,Fitted - Worn,Station Wagon,Provisional 2,Straight Ahead,2.0,2 Metropolitan,2,3,Wednesday,08:05 am,80,Cross Road,Straight road,Level,Dry,Not Raining,Daylight,Right Angle,Give Way Sign
2017-1470-15/08/2019,2,2,Passenger,Male,024,Front Seat Left Passenger,Not Thrown Out,Treated at Hospital,Fitted - Worn,Station Wagon,Provisional 2,Straight Ahead,2.0,2 Metropolitan,2,3,Wednesday,08:05 am,80,Cross Road,Straight road,Level,Dry,Not Raining,Daylight,Right Angle,Give Way Sign
2017-1471-15/08/2019,2,1,Rider,Male,050,,Thrown Out,Treated at Hospital,,Pedal Cycle,,Straight Ahead,1.0,2 Metropolitan,2,1,Wednesday,09:10 am,70,T-Junction,Straight road,Level,Dry,Not Raining,Daylight,Right Turn,Stop Sign
2017-1472-15/08/2019,2,1,Rider,Female,030,,Thrown Out,By Private,,Pedal Cycle,,Straight Ahead,1.0,3 Country,2,1,Wednesday,08:40 am,50,Cross Road,Straight road,Slope,Dry,Not Raining,Daylight,Right Angle,Roundabout
2017-1473-15/08/2019,1,1,Driver,Female,068,Driver,Not Thrown Out,Treated at Hospital,Fitted - Worn,Motor Cars - Sedan,Full,Straight Ahead,1.0,2 Metropolitan,3,1,Tuesday,12:00 pm,60,Cross Road,Straight road,Level,Dry,Not Raining,Daylight,Rear End,Traffic Signals
2017-1474-15/08/2019,1,1,Driver,Female,043,Driver,Not Thrown Out,By Private,Fitted - Worn,Motor Cars - Sedan,Full,Stopped on Carriageway,1.0,2 Metropolitan,3,1,Tuesday,03:30 pm,60,Divided Road,Straight road,Level,Dry,Not Raining,Daylight,Rear End,No Control
2017-1475-15/08/2019,1,1,Driver,Female,060,Driver,Not Thrown Out,Treated at Hospital,Fitted - Worn,Motor Cars - Sedan,Full,Straight Ahead,1.0,2 Metropolitan,2,1,Wednesday,09:15 am,60,Cross Road,Straight road,Level,Dry,Not Raining,Daylight,Rear End,Traffic Signals
2017-1479-15/08/2019,2,1,Rider,Male,018,,Thrown Out,By Private,,Pedal Cycle,,Straight Ahead,1.0,2 Metropolitan,2,1,Wednesday,12:20 pm,50,Divided Road,Straight road,Level,Dry,Not Raining,Daylight,Right Angle,No Control
2017-1482-15/08/2019,3,1,Driver,Female,056,Driver,Not Thrown Out,By Private,Fitted - Worn,Station Wagon,Full,Stopped on Carriageway,1.0,2 Metropolitan,3,1,Wednesday,12:15 pm,60,Divided Road,Straight road,Level,Dry,Not Raining,Daylight,Rear End,No Control
2017-1484-15/08/2019,1,1,Driver,Female,023,Driver,Not Thrown Out,Treated at Hospital,Fitted - Not Worn,Utility,Unlicenced,Right Turn,1.0,3 Country,2,1,Wednesday,11:45 am,60,Cross Road,Straight road,Level,Dry,Not Raining,Daylight,Right Angle,Give Way Sign
2017-1485-15/08/2019,1,1,Driver,Female,051,Driver,Not Thrown Out,Treated at Hospital,Fitted - Worn,Station Wagon,Full,Straight Ahead,1.0,2 Metropolitan,2,1,Wednesday,11:45 am,100,T-Junction,Straight road,Slope,Dry,Not Raining,Daylight,Right Turn,Stop Sign
2017-1486-15/08/2019,2,1,Driver,Male,046,Driver,Not Thrown Out,Treated at Hospital,Fitted - Worn,Panel Van,Full,Stopped on Carriageway,1.0,2 Metropolitan,3,1,Wednesday,01:00 pm,25,Divided Road,Straight road,Level,Dry,Not Raining,Daylight,Rear End,No Control
2017-1487-15/08/2019,1,1,Driver,Male,041,Driver,Not Thrown Out,Admitted to Hospital,Fitted - Unknown if Worn,SEMI TRAILER,Full,Straight Ahead,1.0,3 Country,1,1,Wednesday,07:00 am,110,Not Divided,"CURVED, VIEW OBSCURED",Slope,Dry,Not Raining,Daylight,Roll Over,No Control
2017-1488-15/08/2019,2,1,Driver,Male,087,Driver,Not Thrown Out,Admitted to Hospital,Fitted - Unknown if Worn,Motor Cars - Sedan,Full,Right Turn,1.0,2 Metropolitan,2,1,Wednesday,01:10 pm,60,T-Junction,"CURVED, VIEW OBSCURED",Crest of Hill,Dry,Not Raining,Daylight,Right Angle,No Control
2017-1489-15/08/2019,2,1,Rider,Male,XXX,,Thrown Out,By Private,,Pedal Cycle,,Straight Ahead,1.0,2 Metropolitan,2,1,Tuesday,08:30 am,60,Not Divided,Straight road,Level,Dry,Not Raining,Daylight,Side Swipe,No Control
2017-1492-15/08/2019,2,1,Driver,Female,059,Driver,Not Thrown Out,By Private,Fitted - Worn,Motor Cars - Sedan,Unknown,Stopped on Carriageway,3.0,2 Metropolitan,2,1,Wednesday,02:50 pm,60,T-Junction,Straight road,Slope,Dry,Not Raining,Daylight,Rear End,No Control
2017-1494-15/08/2019,1,1,Driver,Female,038,Driver,Not Thrown Out,By Private,Fitted - Worn,Station Wagon,Full,Straight Ahead,2.0,2 Metropolitan,4,4,Wednesday,03:30 pm,60,T-Junction,Straight road,Slope,Dry,Not Raining,Daylight,Rear End,Traffic Signals
2017-1494-15/08/2019,2,1,Driver,Female,077,Driver,Not Thrown Out,Treated at Hospital,Fitted - Worn,Motor Cars - Sedan,Full,Stopped on Carriageway,1.0,2 Metropolitan,4,4,Wednesday,03:30 pm,60,T-Junction,Straight road,Slope,Dry,Not Raining,Daylight,Rear End,Traffic Signals
2017-1494-15/08/2019,3,1,Passenger,Male,010,Rear Seat Right Passenger,Not Thrown Out,By Private,Fitted - Worn,Station Wagon,Full,Stopped on Carriageway,3.0,2 Metropolitan,4,4,Wednesday,03:30 pm,60,T-Junction,Straight road,Slope,Dry,Not Raining,Daylight,Rear End,Traffic Signals
2017-1494-15/08/2019,4,1,Passenger,Male,005,Rear Seat Left Passenger,Not Thrown Out,By Private,Fitted - Worn,Motor Cars - Sedan,Full,Stopped on Carriageway,1.0,2 Metropolitan,4,4,Wednesday,03:30 pm,60,T-Junction,Straight road,Slope,Dry,Not Raining,Daylight,Rear End,Traffic Signals
2017-1496-15/08/2019,2,1,Driver,Male,031,Driver,Not Thrown Out,Treated at Hospital,Fitted - Worn,Station Wagon,Full,Straight Ahead,1.0,2 Metropolitan,2,1,Wednesday,03:45 pm,50,T-Junction,Straight road,Level,Dry,Not Raining,Daylight,Rear End,No Control
2017-1501-15/08/2019,1,1,Rider,Male,043,Rider of Motorcycle,Thrown Out,Treated at Hospital,,Scooter,Full,Straight Ahead,1.0,1 City,1,1,Friday,08:00 am,50,Divided Road,Straight road,Level,Dry,Not Raining,Daylight,Other,No Control
2017-1502-15/08/2019,2,1,Pedestrian,Male,077,,,Treated at Hospital,,Pedestrian on Road,,Crossing without Control,,1 City,2,1,Wednesday,02:30 pm,50,T-Junction,Straight road,Level,Dry,Not Raining,Daylight,Hit Pedestrian,No Control
2017-1503-15/08/2019,2,1,Rider,Female,038,,Thrown Out,Treated at Hospital,,Pedal Cycle,,Straight Ahead,1.0,2 Metropolitan,2,1,Wednesday,06:05 pm,50,Not Divided,Straight road,Slope,Dry,Not Raining,Daylight,Right Angle,No Control
2017-1504-15/08/2019,1,1,Rider,Male,051,Rider of Motorcycle,Thrown Out,Treated at Hospital,,Motor Cycle,Full,Straight Ahead,1.0,2 Metropolitan,2,1,Wednesday,04:43 pm,60,Cross Road,Straight road,Level,Dry,Not Raining,Daylight,Right Angle,Traffic Signals
2017-1505-15/08/2019,1,1,Driver,Female,048,Driver,Not Thrown Out,By Private,Fitted - Worn,Station Wagon,Full,Stopped on Carriageway,1.0,2 Metropolitan,2,1,Wednesday,08:50 am,60,T-Junction,Straight road,Level,Dry,Not Raining,Daylight,Rear End,Traffic Signals
2017-1506-15/08/2019,4,1,Driver,Female,XXX,Driver,Not Thrown Out,Treated at Hospital,Fitted - Unknown if Worn,Motor Cars - Sedan,Full,Straight Ahead,1.0,2 Metropolitan,4,1,Wednesday,06:12 pm,60,Divided Road,Straight road,Level,Dry,Not Raining,Daylight,Rear End,No Control
2017-1508-15/08/2019,1,1,Driver,Female,032,Driver,Not Thrown Out,Treated at Hospital,Fitted - Unknown if Worn,Motor Cars - Sedan,Full,Straight Ahead,1.0,2 Metropolitan,3,1,Wednesday,06:30 pm,90,T-Junction,Straight road,Level,Dry,Not Raining,Daylight,Rear End,Traffic Signals
2017-1510-15/08/2019,1,1,Driver,Male,030,Driver,Not Thrown Out,Treated at Hospital,Fitted - Worn,SEMI TRAILER,Unknown,Straight Ahead,1.0,2 Metropolitan,8,3,Wednesday,12:45 pm,60,Divided Road,Straight road,Level,Dry,Not Raining,Daylight,Head On,No Control
2017-1510-15/08/2019,3,1,Driver,Female,037,Driver,Not Thrown Out,Treated at Hospital,Fitted - Worn,Station Wagon,Full,Straight Ahead,1.0,2 Metropolitan,8,3,Wednesday,12:45 pm,60,Divided Road,Straight road,Level,Dry,Not Raining,Daylight,Head On,No Control
2017-1510-15/08/2019,4,1,Passenger,Female,042,Front Seat Left Passenger,Not Thrown Out,Treated at Hospital,Fitted - Worn,Motor Cars - Sedan,Full,Straight Ahead,2.0,2 Metropolitan,8,3,Wednesday,12:45 pm,60,Divided Road,Straight road,Level,Dry,Not Raining,Daylight,Head On,No Control
2017-1514-15/08/2019,1,1,Driver,Female,040,Driver,Not Thrown Out,Treated at Hospital,Fitted - Worn,Motor Cars - Sedan,Full,Stopped on Carriageway,1.0,2 Metropolitan,2,1,Wednesday,03:40 pm,60,T-Junction,Straight road,Level,Dry,Not Raining,Daylight,Rear End,Traffic Signals
2017-1522-15/08/2019,1,1,Driver,Female,044,Driver,Not Thrown Out,Treated at Hospital,Fitted - Worn,Motor Cars - Sedan,Full,Left Turn,1.0,2 Metropolitan,2,1,Thursday,08:55 am,60,T-Junction,Straight road,Level,Dry,Not Raining,Daylight,Hit Fixed Object,No Control
2017-1524-15/08/2019,1,1,Driver,Male,059,Driver,Not Thrown Out,Treated at Hospital,Fitted - Worn,Motor Cars - Sedan,Full,Stopped on Carriageway,1.0,2 Metropolitan,2,2,Wednesday,07:50 pm,60,Cross Road,Straight road,Level,Dry,Not Raining,Daylight,Rear End,Traffic Signals
2017-1524-15/08/2019,2,1,Driver,Female,054,Driver,Not Thrown Out,Treated at Hospital,Fitted - Worn,Motor Cars - Sedan,Full,Straight Ahead,1.0,2 Metropolitan,2,2,Wednesday,07:50 pm,60,Cross Road,Straight road,Level,Dry,Not Raining,Daylight,Rear End,Traffic Signals
2017-1526-15/08/2019,2,1,Rider,Male,017,Rider of Motorcycle,Thrown Out,Treated at Hospital,,Scooter,Learners,Straight Ahead,1.0,2 Metropolitan,2,1,Thursday,03:37 pm,50,T-Junction,Straight road,Level,Dry,Not Raining,Daylight,Right Angle,No Control
2017-1527-15/08/2019,1,1,Driver,Female,027,Driver,Not Thrown Out,By Private,Fitted - Worn,Motor Cars - Sedan,Full,Stopped on Carriageway,1.0,2 Metropolitan,2,1,Thursday,05:40 pm,60,Divided Road,Straight road,Level,Dry,Not Raining,Daylight,Rear End,No Control
2017-1530-15/08/2019,1,1,Driver,Female,029,Driver,Not Thrown Out,Treated at Hospital,Fitted - Worn,Motor Cars - Sedan,Unknown,Straight Ahead,1.0,2 Metropolitan,2,1,Thursday,04:30 pm,50,Not Divided,"CURVED, VIEW OPEN",Level,Dry,Not Raining,Daylight,Hit Fixed Object,No Control
2017-1533-15/08/2019,1,1,Driver,Male,034,Driver,Not Thrown Out,Treated at Hospital,Fitted - Worn,Motor Cars - Sedan,Unknown,Straight Ahead,1.0,2 Metropolitan,3,1,Thursday,04:42 pm,60,Divided Road,Straight road,Level,Dry,Not Raining,Daylight,Rear End,No Control
2017-1536-15/08/2019,2,1,Rider,Male,056,Rider of Motorcycle,Thrown Out,Treated at Hospital,,Motor Cycle,Full,Straight Ahead,1.0,2 Metropolitan,2,1,Thursday,04:50 pm,60,Cross Road,Straight road,Level,Dry,Not Raining,Daylight,Right Turn,Stop Sign
2017-1542-15/08/2019,2,1,Driver,Female,029,Driver,Not Thrown Out,Treated at Hospital,Fitted - Worn,Motor Cars - Sedan,Full,Stopped on Carriageway,2.0,2 Metropolitan,2,1,Thursday,05:06 pm,60,Cross Road,Straight road,Level,Dry,Not Raining,Daylight,Rear End,Traffic Signals
2017-1544-15/08/2019,1,1,Driver,Female,017,Driver,Not Thrown Out,Treated at Hospital,Fitted - Worn,Motor Cars - Sedan,Provisional 1 ,Straight Ahead,2.0,2 Metropolitan,2,2,Thursday,07:10 pm,80,Not Divided,"CURVED, VIEW OPEN",Slope,Dry,Not Raining,Daylight,Hit Fixed Object,No Control
2017-1544-15/08/2019,1,2,Passenger,Female,019,Front Seat Left Passenger,Not Thrown Out,Treated at Hospital,Fitted - Worn,Motor Cars - Sedan,Provisional 1 ,Straight Ahead,2.0,2 Metropolitan,2,2,Thursday,07:10 pm,80,Not Divided,"CURVED, VIEW OPEN",Slope,Dry,Not Raining,Daylight,Hit Fixed Object,No Control
2017-1550-15/08/2019,1,1,Driver,Male,083,Driver,Not Thrown Out,Treated at Hospital,Fitted - Worn,Utility,Full,Reversing,1.0,3 Country,1,1,Thursday,11:50 am,50,Not Divided,Straight road,Level,Dry,Not Raining,Daylight,Roll Over,No Control
2017-1551-15/08/2019,1,1,Driver,Male,029,Driver,Not Thrown Out,By Private,Fitted - Worn,Utility,Full,Stopped on Carriageway,1.0,2 Metropolitan,3,2,Monday,06:20 am,60,Divided Road,Straight road,Level,Dry,Not Raining,Night,Rear End,No Control
2017-1551-15/08/2019,3,1,Driver,Male,044,Driver,Not Thrown Out,By Private,Fitted - Worn,Utility,Full,Stopped on Carriageway,1.0,2 Metropolitan,3,2,Monday,06:20 am,60,Divided Road,Straight road,Level,Dry,Not Raining,Night,Rear End,No Control
2017-1555-15/08/2019,2,1,Rider,Male,013,,Thrown Out,Treated at Hospital,,Pedal Cycle,,Straight Ahead,1.0,3 Country,2,1,Friday,08:30 am,50,Not Divided,Straight road,Level,Wet,Raining,Daylight,Right Angle,No Control
2017-1557-15/08/2019,1,1,Driver,Female,021,Driver,Not Thrown Out,Treated at Hospital,Fitted - Worn,Motor Cars - Sedan,Full,Swerving,1.0,2 Metropolitan,2,1,Thursday,12:45 pm,60,Not Divided,"CURVED, VIEW OBSCURED",Slope,Dry,Not Raining,Daylight,Hit Fixed Object,No Control
2017-1559-15/08/2019,2,1,Driver,Female,075,Driver,Not Thrown Out,Treated at Hospital,Fitted - Worn,Station Wagon,Full,Straight Ahead,1.0,2 Metropolitan,2,1,Friday,09:20 am,60,T-Junction,Straight road,Level,Dry,Not Raining,Daylight,Right Angle,No Control
2017-1561-15/08/2019,2,1,Rider,Male,010,,Thrown Out,Treated at Hospital,,Pedal Cycle,,Straight Ahead,1.0,2 Metropolitan,2,1,Friday,08:15 am,50,Cross Road,Straight road,Level,Dry,Not Raining,Daylight,Right Angle,Give Way Sign
2017-1565-15/08/2019,1,1,Driver,Male,069,Driver,Not Thrown Out,Treated at Hospital,Fitted - Worn,Motor Cars - Sedan,Unknown,Straight Ahead,2.0,3 Country,2,2,Friday,11:10 am,110,T-Junction,Straight road,Level,Dry,Not Raining,Daylight,Right Turn,No Control
2017-1565-15/08/2019,2,1,Driver,Male,027,Driver,Not Thrown Out,Treated at Hospital,Fitted - Worn,Motor Cars - Sedan,Unknown,Right Turn,1.0,3 Country,2,2,Friday,11:10 am,110,T-Junction,Straight road,Level,Dry,Not Raining,Daylight,Right Turn,No Control
2017-1568-15/08/2019,1,1,Driver,Female,019,Driver,Not Thrown Out,By Private,Fitted - Worn,Motor Cars - Sedan,Provisional 2,Straight Ahead,2.0,2 Metropolitan,3,2,Friday,08:30 am,60,T-Junction,Straight road,Level,Dry,Not Raining,Daylight,Rear End,Traffic Signals
2017-1568-15/08/2019,2,1,Driver,Female,029,Driver,Not Thrown Out,By Private,Fitted - Worn,Motor Cars - Sedan,Full,Stopped on Carriageway,1.0,2 Metropolitan,3,2,Friday,08:30 am,60,T-Junction,Straight road,Level,Dry,Not Raining,Daylight,Rear End,Traffic Signals
2017-1570-15/08/2019,2,1,Driver,Male,025,Driver,Not Thrown Out,By Private,Fitted - Worn,Motor Cars - Sedan,Unknown,Stopped on Carriageway,2.0,1 City,3,1,Friday,01:30 pm,60,Cross Road,Straight road,Level,Dry,Not Raining,Daylight,Rear End,Traffic Signals
2017-1577-15/08/2019,1,1,Rider,Male,062,,Thrown Out,Admitted to Hospital,,Pedal Cycle,,Straight Ahead,1.0,3 Country,2,1,Friday,11:55 am,110,Divided Road,Straight road,Level,Dry,Not Raining,Daylight,Side Swipe,No Control
2017-1584-15/08/2019,1,1,Driver,Female,061,Driver,Not Thrown Out,Treated at Hospital,Fitted - Worn,Motor Cars - Sedan,Unknown,Left Turn,1.0,2 Metropolitan,3,2,Friday,03:58 pm,60,T-Junction,"CURVED, VIEW OPEN",Level,Dry,Not Raining,Daylight,Right Angle,No Control
2017-1584-15/08/2019,2,1,Driver,Female,023,Driver,Not Thrown Out,Admitted to Hospital,Fitted - Worn,Motor Cars - Sedan,Unknown,Straight Ahead,1.0,2 Metropolitan,3,2,Friday,03:58 pm,60,T-Junction,"CURVED, VIEW OPEN",Level,Dry,Not Raining,Daylight,Right Angle,No Control
2017-1586-15/08/2019,2,1,Passenger,Female,068,Front Seat Left Passenger,Not Thrown Out,Treated at Hospital,Fitted - Worn,Station Wagon,Full,Straight Ahead,3.0,2 Metropolitan,3,1,Friday,05:50 pm,60,T-Junction,Straight road,Level,Dry,Not Raining,Daylight,Right Turn,No Control
2017-1587-15/08/2019,1,1,Passenger,Female,021,Front Seat Left Passenger,Not Thrown Out,Treated at Hospital,Fitted - Worn,Motor Cars - Sedan,Provisional 1 ,Straight Ahead,2.0,2 Metropolitan,2,1,Friday,07:55 pm,50,Not Divided,Straight road,Level,Dry,Not Raining,Daylight,Hit Fixed Object,No Control
2017-1594-15/08/2019,1,1,Driver,Male,039,Driver,Not Thrown Out,Treated at Hospital,Fitted - Worn,Motor Cars - Sedan,Full,Straight Ahead,1.0,2 Metropolitan,2,1,Saturday,07:10 am,60,Not Divided,Straight road,Level,Dry,Not Raining,Daylight,Hit Fixed Object,No Control
2017-1595-15/08/2019,1,1,Passenger,Female,073,Front Seat Left Passenger,Not Thrown Out,By Private,Fitted - Worn,Motor Cars - Sedan,Full,Stopped on Carriageway,2.0,2 Metropolitan,2,1,Friday,11:15 am,60,T-Junction,Straight road,Level,Dry,Not Raining,Daylight,Rear End,Traffic Signals
2017-1602-15/08/2019,2,1,Driver,Male,XXX,Driver,Not Thrown Out,By Private,Fitted - Worn,Motor Cars - Sedan,Full,Straight Ahead,4.0,2 Metropolitan,2,1,Saturday,11:15 am,50,Not Divided,Straight road,Bottom of Hill,Dry,Not Raining,Daylight,Right Angle,No Control
2017-1604-15/08/2019,1,1,Driver,Male,018,Driver,Not Thrown Out,Treated at Hospital,Fitted - Worn,Motor Cars - Sedan,Probationary,Straight Ahead,1.0,2 Metropolitan,2,1,Saturday,11:30 am,50,Not Divided,Straight road,Level,Dry,Not Raining,Daylight,Hit Parked Vehicle,No Control
2017-1605-15/08/2019,2,1,Rider,Female,028,,Thrown Out,Treated at Hospital,,Pedal Cycle,,Straight Ahead,1.0,2 Metropolitan,2,1,Saturday,12:51 pm,60,Cross Road,Straight road,Level,Dry,Not Raining,Daylight,Side Swipe,Give Way Sign
2017-1607-15/08/2019,2,1,Driver,Male,092,Driver,Not Thrown Out,Treated at Hospital,Fitted - Worn,Motor Cars - Sedan,Full,Stopped on Carriageway,1.0,2 Metropolitan,2,1,Saturday,11:20 am,60,Divided Road,Straight road,Level,Dry,Not Raining,Daylight,Right Turn,No Control
2017-1608-15/08/2019,1,1,Passenger,Female,023,Front Seat Left Passenger,Not Thrown Out,Treated at Hospital,Fitted - Worn,Motor Cars - Tourer,Full,Stopped on Carriageway,2.0,2 Metropolitan,2,2,Friday,08:10 pm,60,Cross Road,Straight road,Level,Dry,Not Raining,Night,Rear End,Traffic Signals
2017-1608-15/08/2019,2,1,Driver,Male,018,Driver,Not Thrown Out,Treated at Hospital,Fitted - Worn,Motor Cars - Sedan,Provisional 2,Straight Ahead,1.0,2 Metropolitan,2,2,Friday,08:10 pm,60,Cross Road,Straight road,Level,Dry,Not Raining,Night,Rear End,Traffic Signals
2017-1609-15/08/2019,1,1,Passenger,Female,086,Front Seat Left Passenger,Not Thrown Out,By Private,Fitted - Worn,Motor Cars - Sedan,Unknown,Stopped on Carriageway,2.0,2 Metropolitan,2,1,Saturday,01:30 pm,60,T-Junction,Straight road,Level,Dry,Not Raining,Daylight,Rear End,Traffic Signals
2017-1612-15/08/2019,2,1,Rider,Male,038,Rider of Motorcycle,Thrown Out,Treated at Hospital,,Motor Cycle,Unlicenced,Straight Ahead,1.0,2 Metropolitan,3,1,Saturday,04:15 pm,50,Not Divided,Straight road,Level,Dry,Not Raining,Daylight,Hit Parked Vehicle,No Control
2017-1613-15/08/2019,1,1,Driver,Female,019,Driver,Not Thrown Out,By Private,Fitted - Worn,Motor Cars - Sedan,Probationary,Right Turn,4.0,1 City,2,4,Saturday,04:00 pm,50,Cross Road,Straight road,Level,Dry,Not Raining,Daylight,Right Turn,Traffic Signals
2017-1613-15/08/2019,1,2,Passenger,Female,019,Rear Seat Right Passenger,Not Thrown Out,By Private,Fitted - Worn,Motor Cars - Sedan,Probationary,Right Turn,4.0,1 City,2,4,Saturday,04:00 pm,50,Cross Road,Straight road,Level,Dry,Not Raining,Daylight,Right Turn,Traffic Signals
2017-1613-15/08/2019,1,3,Passenger,Female,018,Rear Seat Middle Passenger,Not Thrown Out,By Private,Fitted - Worn,Motor Cars - Sedan,Probationary,Right Turn,4.0,1 City,2,4,Saturday,04:00 pm,50,Cross Road,Straight road,Level,Dry,Not Raining,Daylight,Right Turn,Traffic Signals
2017-1613-15/08/2019,1,4,Passenger,Female,019,Rear Seat Left Passenger,Not Thrown Out,By Private,Fitted - Worn,Motor Cars - Sedan,Probationary,Right Turn,4.0,1 City,2,4,Saturday,04:00 pm,50,Cross Road,Straight road,Level,Dry,Not Raining,Daylight,Right Turn,Traffic Signals
2017-1615-15/08/2019,2,1,Driver,Male,046,Driver,Not Thrown Out,Treated at Hospital,Fitted - Worn,Station Wagon,Full,Right Turn,1.0,2 Metropolitan,2,1,Saturday,07:55 pm,60,T-Junction,Straight road,Level,Dry,Not Raining,Daylight,Right Angle,Traffic Signals
2017-1617-15/08/2019,1,1,Passenger,Male,034,Front Seat Left Passenger,Not Thrown Out,Admitted to Hospital,Fitted - Not Worn,Station Wagon,Provisional 1 ,Straight Ahead,2.0,3 Country,1,1,Sunday,01:20 am,110,Divided Road,Straight road,Level,Dry,Not Raining,Night,Other,No Control
2017-1627-15/08/2019,2,1,Driver,Female,060,Driver,Not Thrown Out,By Private,Fitted - Worn,Motor Cars - Sedan,Full,Right Turn,2.0,2 Metropolitan,2,1,Sunday,10:35 am,60,T-Junction,Straight road,Level,Wet,Raining,Daylight,Right Turn,Traffic Signals
2017-1631-15/08/2019,2,1,Rider,Male,069,,Thrown Out,Treated at Hospital,,Pedal Cycle,,Straight Ahead,1.0,2 Metropolitan,2,1,Sunday,11:10 am,50,Cross Road,Straight road,Level,Dry,Not Raining,Daylight,Right Angle,Give Way Sign
2017-1632-15/08/2019,1,1,Driver,Male,030,Driver,Not Thrown Out,Treated at Hospital,Fitted - Worn,Station Wagon,Full,Straight Ahead,1.0,2 Metropolitan,2,1,Saturday,04:50 pm,60,Divided Road,Straight road,Level,Dry,Not Raining,Daylight,Rear End,No Control
2017-1634-15/08/2019,2,1,Driver,Female,021,Driver,Not Thrown Out,Treated at Hospital,Fitted - Worn,Motor Cars - Sedan,Full,Entering Private Driveway,2.0,2 Metropolitan,2,1,Sunday,12:14 pm,60,Divided Road,Straight road,Level,Dry,Not Raining,Daylight,Right Turn,No Control
2017-1637-15/08/2019,1,1,Driver,Male,024,Driver,Not Thrown Out,By Private,Fitted - Worn,Motor Cars - Sedan,Full,Straight Ahead,1.0,2 Metropolitan,2,1,Sunday,01:45 pm,60,Divided Road,Straight road,Slope,Dry,Not Raining,Daylight,Rear End,No Control
2017-1639-15/08/2019,1,1,Passenger,Female,034,Front Seat Left Passenger,Not Thrown Out,Treated at Hospital,Fitted - Worn,Utility,Full,U Turn,2.0,2 Metropolitan,2,3,Sunday,02:00 pm,60,Not Divided,Straight road,Level,Dry,Not Raining,Daylight,Right Turn,No Control
2017-1639-15/08/2019,2,1,Driver,Male,022,Driver,Not Thrown Out,Treated at Hospital,Fitted - Worn,Motor Cars - Sedan,Full,Straight Ahead,3.0,2 Metropolitan,2,3,Sunday,02:00 pm,60,Not Divided,Straight road,Level,Dry,Not Raining,Daylight,Right Turn,No Control
2017-1639-15/08/2019,2,2,Passenger,Female,050,Rear Seat Left Passenger,Not Thrown Out,By Private,Fitted - Worn,Motor Cars - Sedan,Full,Straight Ahead,3.0,2 Metropolitan,2,3,Sunday,02:00 pm,60,Not Divided,Straight road,Level,Dry,Not Raining,Daylight,Right Turn,No Control
2017-1641-15/08/2019,1,1,Driver,Female,041,Driver,Not Thrown Out,By Private,Fitted - Worn,Motor Cars - Sedan,Full,Stopped on Carriageway,1.0,2 Metropolitan,2,1,Sunday,04:40 pm,60,Cross Road,Straight road,Level,Dry,Not Raining,Daylight,Rear End,Traffic Signals
2017-1642-15/08/2019,1,1,Passenger,Male,020,Front Seat Left Passenger,Not Thrown Out,By Private,Fitted - Worn,Motor Cars - Sedan,Full,Straight Ahead,2.0,2 Metropolitan,2,1,Saturday,01:30 am,60,Not Divided,"CURVED, VIEW OBSCURED",Slope,Dry,Not Raining,Night,Hit Fixed Object,No Control
2017-1643-15/08/2019,1,1,Rider,Female,043,Rider of Motorcycle,Thrown Out,Treated at Hospital,,Motor Cycle,Learners,Straight Ahead,1.0,2 Metropolitan,2,1,Sunday,04:15 pm,50,Cross Road,Straight road,Slope,Dry,Not Raining,Daylight,Hit Fixed Object,Roundabout
2017-1646-15/08/2019,1,1,Driver,Male,019,Driver,Not Thrown Out,Treated at Hospital,Fitted - Worn,Station Wagon,Probationary,Straight Ahead,2.0,3 Country,1,2,Sunday,06:30 pm,100,Not Divided,"CURVED, VIEW OBSCURED",Slope,Dry,Not Raining,Daylight,Roll Over,No Control
2017-1646-15/08/2019,1,2,Passenger,Male,018,Front Seat Left Passenger,Not Thrown Out,Treated at Hospital,Fitted - Worn,Station Wagon,Probationary,Straight Ahead,2.0,3 Country,1,2,Sunday,06:30 pm,100,Not Divided,"CURVED, VIEW OBSCURED",Slope,Dry,Not Raining,Daylight,Roll Over,No Control