REPORT_ID,UND_UNIT_NUMBER,CASUALTY_NUMBER,Casualty Type,Sex_x,AGE,Position In Veh,Thrown Out,Injury Extent,Seat Belt,Unit Type,Licence Type,Unit Movement,Number Occupants,Stats Area,Total Units,Total Cas,Day,Time,Area Speed,Position Type,Horizontal Align,Vertical Align,Moisture Cond,Weather Cond,DayNight,Crash Type,Traffic Ctrls
2017-1648-15/08/2019,1,1,Passenger,Female,042,Front Seat Left Passenger,Not Thrown Out,By Private,Fitted - Worn,Station Wagon,Full,Stopped on Carriageway,2.0,1 City,2,1,Friday,10:00 am,50,Divided Road,Straight road,Level,Dry,Not Raining,Daylight,Right Angle,No Control
2017-1649-15/08/2019,2,1,Driver,Female,028,Driver,Not Thrown Out,Treated at Hospital,Fitted - Worn,Station Wagon,Full,Straight Ahead,1.0,2 Metropolitan,2,1,Sunday,01:00 pm,60,T-Junction,Straight road,Level,Dry,Not Raining,Daylight,Right Angle,No Control
2017-1651-15/08/2019,3,1,Driver,Male,042,Driver,Not Thrown Out,Treated at Hospital,Fitted - Worn,Taxi Cab,Full,Stopped on Carriageway,2.0,2 Metropolitan,4,1,Monday,07:15 am,60,T-Junction,Straight road,Level,Dry,Not Raining,Daylight,Rear End,No Control
2017-1652-15/08/2019,1,1,Driver,Female,035,Driver,Not Thrown Out,Treated at Hospital,Fitted - Worn,Motor Cars - Sedan,Full,Left Turn,3.0,2 Metropolitan,2,2,Monday,10:20 am,60,T-Junction,"CURVED, VIEW OPEN",Level,Dry,Not Raining,Daylight,Right Angle,No Control
2017-1652-15/08/2019,2,1,Driver,Male,074,Driver,Not Thrown Out,Treated at Hospital,Fitted - Worn,Motor Cars - Sedan,Full,Straight Ahead,1.0,2 Metropolitan,2,2,Monday,10:20 am,60,T-Junction,"CURVED, VIEW OPEN",Level,Dry,Not Raining,Daylight,Right Angle,No Control
2017-1654-15/08/2019,2,1,Passenger,Female,063,Front Seat Left Passenger,Not Thrown Out,By Private,Fitted - Worn,Taxi Cab,Unknown,Overtaking - on Left,2.0,2 Metropolitan,2,1,Monday,07:35 am,50,Not Divided,Straight road,Level,Dry,Not Raining,Daylight,Right Angle,No Control
2017-1656-15/08/2019,1,1,Driver,Male,019,Driver,Not Thrown Out,Treated at Hospital,Fitted - Unknown if Worn,Station Wagon,Provisional 2,Straight Ahead,1.0,3 Country,2,1,Wednesday,03:30 am,100,Not Divided,"CURVED, VIEW OPEN",Level,Dry,Not Raining,Night,Hit Fixed Object,No Control
2017-1662-15/08/2019,1,1,Driver,Male,054,Driver,Not Thrown Out,Treated at Hospital,Fitted - Worn,Motor Cars - Sedan,Full,Stopped on Carriageway,2.0,2 Metropolitan,2,1,Monday,07:45 am,60,Cross Road,Straight road,Level,Dry,Not Raining,Daylight,Rear End,Traffic Signals
2017-1670-15/08/2019,1,1,Passenger,Female,XXX,Front Seat Left Passenger,Not Thrown Out,By Private,Fitted - Worn,Motor Cars - Sedan,Full,Swerving,2.0,2 Metropolitan,2,1,Sunday,01:00 pm,50,Not Divided,"CURVED, VIEW OPEN",Slope,Wet,Raining,Daylight,Hit Fixed Object,No Control
2017-1671-15/08/2019,2,1,Driver,Female,030,Driver,Not Thrown Out,Treated at Hospital,Fitted - Worn,Motor Cars - Sedan,Unknown,Right Turn,1.0,2 Metropolitan,2,1,Monday,02:30 pm,80,Cross Road,Straight road,Level,Dry,Not Raining,Daylight,Right Turn,Traffic Signals
2017-1672-15/08/2019,1,1,Pedestrian,Female,041,,,By Private,,Pedestrian on Road,,Crossing without Control,,1 City,2,1,Monday,05:00 pm,50,Divided Road,Straight road,Level,Dry,Not Raining,Daylight,Hit Pedestrian,No Control
2017-1680-15/08/2019,2,1,Driver,Female,029,Driver,Not Thrown Out,Treated at Hospital,Fitted - Worn,Motor Cars - Sedan,Full,Straight Ahead,1.0,2 Metropolitan,3,1,Monday,06:35 pm,50,Not Divided,Straight road,Level,Dry,Not Raining,Daylight,Side Swipe,No Control
2017-1684-15/08/2019,1,1,Driver,Female,022,Driver,Not Thrown Out,Admitted to Hospital,Fitted - Unknown if Worn,Motor Cars - Sedan,Full,Straight Ahead,1.0,3 Country,2,1,Monday,09:10 pm,110,Not Divided,Straight road,Level,Dry,Not Raining,Night,Hit Animal,No Control
2017-1685-15/08/2019,1,1,Driver,Unknown,XXX,Driver,Not Thrown Out,Treated at Hospital,Fitted - Worn,Motor Cars - Sedan,Provisional 2,Swerving,1.0,2 Metropolitan,2,1,Tuesday,02:50 am,60,Not Divided,"CURVED, VIEW OPEN",Slope,Dry,Not Raining,Night,Hit Fixed Object,No Control
2017-1690-15/08/2019,2,1,Rider,Male,016,,Thrown Out,Treated at Hospital,,Pedal Cycle,,Straight Ahead,1.0,2 Metropolitan,2,1,Tuesday,08:35 am,50,T-Junction,Straight road,Level,Dry,Not Raining,Daylight,Right Turn,No Control
2017-1691-15/08/2019,1,1,Passenger,Female,012,Rear Seat Right Passenger,Not Thrown Out,Treated at Hospital,Fitted - Worn,Motor Cars - Sedan,Full,Stopped on Carriageway,3.0,2 Metropolitan,2,1,Tuesday,08:20 am,60,T-Junction,Straight road,Slope,Dry,Not Raining,Daylight,Rear End,No Control
2017-1692-15/08/2019,2,1,Driver,Female,033,Driver,Not Thrown Out,By Private,Fitted - Worn,Motor Cars - Sedan,Full,Straight Ahead,1.0,2 Metropolitan,2,1,Tuesday,08:00 am,60,Cross Road,Straight road,Level,Dry,Not Raining,Daylight,Right Turn,Give Way Sign
2017-1694-15/08/2019,1,1,Driver,Female,044,Driver,Not Thrown Out,Treated at Hospital,Fitted - Worn,Station Wagon,Full,Stopped on Carriageway,2.0,2 Metropolitan,2,2,Tuesday,08:50 am,60,Not Divided,Straight road,Level,Dry,Not Raining,Daylight,Rear End,No Control
2017-1694-15/08/2019,1,2,Passenger,Female,008,Rear Seat Left Passenger,Not Thrown Out,Treated at Hospital,Fitted - Worn,Station Wagon,Full,Stopped on Carriageway,2.0,2 Metropolitan,2,2,Tuesday,08:50 am,60,Not Divided,Straight road,Level,Dry,Not Raining,Daylight,Rear End,No Control
2017-1696-15/08/2019,1,1,Driver,Female,035,Driver,Not Thrown Out,Treated at Hospital,Fitted - Worn,Motor Cars - Sedan,Unknown,Stopped on Carriageway,3.0,2 Metropolitan,2,1,Monday,03:20 pm,60,T-Junction,Straight road,Level,Dry,Not Raining,Daylight,Rear End,Traffic Signals
2017-1701-15/08/2019,1,1,Driver,Male,019,Driver,Not Thrown Out,Treated at Hospital,Fitted - Worn,Motor Cars - Sedan,Full,Straight Ahead,1.0,2 Metropolitan,2,1,Tuesday,09:30 am,60,Divided Road,Straight road,Level,Dry,Not Raining,Daylight,Rear End,No Control
2017-1714-15/08/2019,1,1,Driver,Male,066,Driver,Not Thrown Out,By Private,Fitted - Worn,Motor Cars - Sedan,Full,Right Turn,1.0,2 Metropolitan,2,2,Tuesday,02:25 pm,60,T-Junction,"CURVED, VIEW OPEN",Slope,Dry,Not Raining,Daylight,Right Angle,No Control
2017-1714-15/08/2019,2,1,Passenger,Male,025,Front Seat Left Passenger,Not Thrown Out,Treated at Hospital,Fitted - Worn,Motor Cars - Sedan,Provisional 2,Straight Ahead,4.0,2 Metropolitan,2,2,Tuesday,02:25 pm,60,T-Junction,"CURVED, VIEW OPEN",Slope,Dry,Not Raining,Daylight,Right Angle,No Control
2017-1716-15/08/2019,3,1,Driver,Female,051,Driver,Not Thrown Out,By Private,Fitted - Worn,Motor Cars - Sedan,Full,Stopped on Carriageway,1.0,2 Metropolitan,3,1,Tuesday,04:30 pm,60,Divided Road,Straight road,Level,Dry,Not Raining,Daylight,Rear End,No Control
2017-1717-15/08/2019,2,1,Driver,Female,037,Driver,Not Thrown Out,Treated at Hospital,Fitted - Worn,Motor Cars - Sedan,Full,Stopped on Carriageway,1.0,2 Metropolitan,3,1,Tuesday,05:50 pm,60,T-Junction,Straight road,Level,Dry,Not Raining,Daylight,Rear End,Traffic Signals
2017-1720-15/08/2019,1,1,Rider,Male,036,,Thrown Out,By Private,,Pedal Cycle,,Straight Ahead,1.0,2 Metropolitan,2,1,Monday,05:20 pm,60,Cross Road,Straight road,Level,Dry,Not Raining,Daylight,Side Swipe,Give Way Sign
2017-1723-15/08/2019,1,1,Driver,Female,017,Driver,Not Thrown Out,By Private,Fitted - Worn,Station Wagon,Provisional 1 ,Straight Ahead,3.0,1 City,2,2,Tuesday,06:10 pm,50,Not Divided,Straight road,Level,Dry,Not Raining,Daylight,Right Turn,No Control
2017-1723-15/08/2019,2,1,Driver,Female,036,Driver,Not Thrown Out,Treated at Hospital,Fitted - Worn,Station Wagon,Full,Right Turn,1.0,1 City,2,2,Tuesday,06:10 pm,50,Not Divided,Straight road,Level,Dry,Not Raining,Daylight,Right Turn,No Control
2017-1725-15/08/2019,2,1,Driver,Unknown,XXX,Driver,Not Thrown Out,Treated at Hospital,Fitted - Worn,Motor Cars - Sedan,Full,Right Turn,1.0,1 City,2,1,Tuesday,04:50 pm,50,T-Junction,Straight road,Level,Dry,Not Raining,Daylight,Right Angle,No Control
2017-1726-15/08/2019,2,1,Driver,Female,044,Driver,Not Thrown Out,By Private,Fitted - Worn,Motor Cars - Sedan,Full,Straight Ahead,2.0,2 Metropolitan,2,1,Tuesday,04:45 pm,60,Divided Road,Straight road,Level,Dry,Not Raining,Daylight,Rear End,No Control
2017-1727-15/08/2019,2,1,Driver,Female,018,Driver,Not Thrown Out,By Private,Fitted - Worn,Motor Cars - Sedan,Provisional 2,Straight Ahead,2.0,2 Metropolitan,3,1,Friday,01:00 pm,60,Cross Road,Straight road,Level,Dry,Not Raining,Daylight,Rear End,Traffic Signals
2017-1730-15/08/2019,2,1,Driver,Male,074,Driver,Not Thrown Out,Treated at Hospital,Fitted - Unknown if Worn,Motor Cars - Sedan,Full,U Turn,1.0,1 City,2,1,Monday,11:55 am,50,Not Divided,Straight road,Level,Dry,Not Raining,Daylight,Side Swipe,No Control
2017-1733-15/08/2019,1,1,Driver,Female,049,Driver,Not Thrown Out,By Private,Fitted - Worn,Motor Cars - Sedan,Full,Straight Ahead,1.0,2 Metropolitan,2,1,Friday,01:05 pm,70,Divided Road,Straight road,Level,Dry,Not Raining,Daylight,Rear End,No Control
2017-1736-15/08/2019,1,1,Pedestrian,Male,021,,,Treated at Hospital,,Pedestrian on Road,,Crossing without Control,,2 Metropolitan,2,1,Tuesday,10:30 am,60,Not Divided,Straight road,Level,Dry,Not Raining,Daylight,Hit Pedestrian,No Control
2017-1737-15/08/2019,1,1,Driver,Male,038,Driver,Not Thrown Out,Treated at Hospital,Fitted - Worn,Station Wagon,Full,Straight Ahead,1.0,3 Country,2,1,Monday,08:40 pm,100,Not Divided,"CURVED, VIEW OPEN",Level,Dry,Not Raining,Night,Hit Fixed Object,No Control
2017-1744-15/08/2019,2,1,Passenger,Female,025,Front Seat Left Passenger,Not Thrown Out,Treated at Hospital,Fitted - Worn,Motor Cars - Sedan,Full,Straight Ahead,2.0,2 Metropolitan,4,1,Wednesday,12:20 pm,50,Cross Road,Straight road,Level,Dry,Not Raining,Daylight,Rear End,No Control
2017-1745-15/08/2019,1,1,Pedestrian,Female,029,,,Treated at Hospital,,Pedestrian on Road,,Walking on Road,,1 City,2,1,Tuesday,07:15 pm,60,Cross Road,Straight road,Level,Dry,Not Raining,Daylight,Hit Pedestrian,Traffic Signals
2017-1749-15/08/2019,3,1,Driver,Male,056,Driver,Not Thrown Out,Treated at Hospital,Fitted - Worn,Station Wagon,Full,Stopped on Carriageway,1.0,2 Metropolitan,4,1,Wednesday,03:35 pm,60,Cross Road,Straight road,Level,Dry,Not Raining,Daylight,Rear End,Roundabout
2017-1751-15/08/2019,1,1,Driver,Male,017,Driver,Not Thrown Out,Treated at Hospital,Fitted - Worn,Station Wagon,Provisional 1 ,Straight Ahead,1.0,3 Country,2,1,Monday,08:55 pm,80,Not Divided,Straight road,Slope,Dry,Not Raining,Night,Hit Fixed Object,No Control
2017-1760-15/08/2019,1,1,Driver,Male,025,Driver,Not Thrown Out,Treated at Hospital,Fitted - Worn,Motor Cars - Sedan,Provisional 2,Straight Ahead,2.0,3 Country,1,2,Wednesday,10:45 am,110,Not Divided,Straight road,Level,Dry,Not Raining,Daylight,Roll Over,No Control
2017-1760-15/08/2019,1,2,Passenger,Female,018,Front Seat Left Passenger,Not Thrown Out,Treated at Hospital,Fitted - Unknown if Worn,Motor Cars - Sedan,Provisional 2,Straight Ahead,2.0,3 Country,1,2,Wednesday,10:45 am,110,Not Divided,Straight road,Level,Dry,Not Raining,Daylight,Roll Over,No Control
2017-1763-15/08/2019,1,1,Rider,Male,019,Rider of Motorcycle,Not Thrown Out,Treated at Hospital,,Motor Cycle,Provisional 2,Straight Ahead,1.0,2 Metropolitan,2,1,Wednesday,02:25 pm,80,Not Divided,"CURVED, VIEW OBSCURED",Slope,Dry,Not Raining,Daylight,Hit Fixed Object,No Control
2017-1766-15/08/2019,1,1,Rider,Female,016,Rider of Motorcycle,Thrown Out,Treated at Hospital,,Motor Cycle,Learners,Right Turn,1.0,2 Metropolitan,2,1,Wednesday,07:40 pm,60,T-Junction,"CURVED, VIEW OPEN",Level,Dry,Not Raining,Daylight,Rear End,Give Way Sign
2017-1767-15/08/2019,1,1,Driver,Female,017,Driver,Not Thrown Out,Treated at Hospital,Fitted - Worn,Utility,Provisional 2,Straight Ahead,2.0,3 Country,1,2,Wednesday,03:45 pm,100,Not Divided,"CURVED, VIEW OPEN",Level,Dry,Not Raining,Daylight,Roll Over,No Control
2017-1767-15/08/2019,1,2,Passenger,Male,015,Front Seat Left Passenger,Not Thrown Out,Treated at Hospital,Fitted - Worn,Utility,Provisional 2,Straight Ahead,2.0,3 Country,1,2,Wednesday,03:45 pm,100,Not Divided,"CURVED, VIEW OPEN",Level,Dry,Not Raining,Daylight,Roll Over,No Control
2017-1770-15/08/2019,1,1,Driver,Female,019,Driver,Not Thrown Out,Treated at Hospital,Fitted - Worn,Motor Cars - Sedan,Unknown,Overtaking - on Right,2.0,3 Country,2,4,Wednesday,09:25 pm,110,Not Divided,Straight road,Level,Dry,Not Raining,Night,Head On,No Control
2017-1770-15/08/2019,1,2,Passenger,Male,022,Front Seat Left Passenger,Not Thrown Out,Treated at Hospital,Fitted - Worn,Motor Cars - Sedan,Unknown,Overtaking - on Right,2.0,3 Country,2,4,Wednesday,09:25 pm,110,Not Divided,Straight road,Level,Dry,Not Raining,Night,Head On,No Control
2017-1770-15/08/2019,2,1,Driver,Female,020,Driver,Not Thrown Out,Treated at Hospital,Fitted - Worn,Motor Cars - Sedan,Unknown,Straight Ahead,2.0,3 Country,2,4,Wednesday,09:25 pm,110,Not Divided,Straight road,Level,Dry,Not Raining,Night,Head On,No Control
2017-1770-15/08/2019,2,2,Passenger,Male,026,Front Seat Left Passenger,Not Thrown Out,Treated at Hospital,Fitted - Worn,Motor Cars - Sedan,Unknown,Straight Ahead,2.0,3 Country,2,4,Wednesday,09:25 pm,110,Not Divided,Straight road,Level,Dry,Not Raining,Night,Head On,No Control
2017-1771-15/08/2019,1,1,Driver,Male,035,Driver,Not Thrown Out,Treated at Hospital,Fitted - Worn,Station Wagon,Full,Straight Ahead,1.0,2 Metropolitan,2,1,Wednesday,12:55 pm,60,Not Divided,Straight road,Level,Dry,Not Raining,Daylight,Hit Object on Road,No Control
2017-1772-15/08/2019,1,1,Driver,Female,048,Driver,Not Thrown Out,By Private,Fitted - Worn,Station Wagon,Full,Right Turn,3.0,1 City,2,2,Tuesday,01:08 pm,50,Divided Road,Straight road,Level,Dry,Not Raining,Daylight,Rear End,No Control
2017-1772-15/08/2019,1,2,Passenger,Female,049,Rear Seat Right Passenger,Not Thrown Out,By Private,Fitted - Worn,Station Wagon,Full,Right Turn,3.0,1 City,2,2,Tuesday,01:08 pm,50,Divided Road,Straight road,Level,Dry,Not Raining,Daylight,Rear End,No Control
2017-1774-15/08/2019,1,1,Pedestrian,Male,078,,,By Private,,Pedestrian on Road,,Crossing without Control,,2 Metropolitan,2,1,Tuesday,06:00 pm,60,Cross Road,Straight road,Level,Dry,Not Raining,Daylight,Hit Pedestrian,Stop Sign
2017-1778-15/08/2019,1,1,Driver,Male,079,Driver,Not Thrown Out,By Private,Fitted - Not Worn,Utility,Unknown,Parked,1.0,1 City,2,1,Wednesday,09:55 am,50,Not Divided,Straight road,Level,Dry,Not Raining,Daylight,Hit Parked Vehicle,No Control
2017-1780-15/08/2019,1,1,Driver,Male,042,Driver,Not Thrown Out,Treated at Hospital,Fitted - Worn,Panel Van,Full,Straight Ahead,1.0,2 Metropolitan,2,1,Thursday,06:45 am,50,Not Divided,Straight road,Level,Dry,Not Raining,Night,Hit Fixed Object,No Control
2017-1788-15/08/2019,1,1,Passenger,Female,007,Front Seat Left Passenger,Not Thrown Out,By Private,Fitted - Worn,Station Wagon,Full,Stopped on Carriageway,2.0,2 Metropolitan,2,1,Wednesday,03:20 pm,60,Divided Road,Straight road,Level,Dry,Not Raining,Daylight,Rear End,No Control
2017-1791-15/08/2019,1,1,Driver,Female,060,Driver,Not Thrown Out,Treated at Hospital,Fitted - Worn,Utility,Full,Right Turn,1.0,3 Country,2,1,Thursday,08:00 am,100,T-Junction,Straight road,Level,Dry,Not Raining,Daylight,Right Angle,No Control
2017-1792-15/08/2019,1,1,Driver,Male,050,Driver,Not Thrown Out,Treated at Hospital,Fitted - Worn,Motor Cars - Sedan,Full,Leaving Private Driveway,1.0,2 Metropolitan,2,3,Thursday,03:15 pm,50,Not Divided,Straight road,Level,Dry,Not Raining,Daylight,Right Angle,No Control
2017-1792-15/08/2019,2,1,Driver,Female,068,Driver,Not Thrown Out,Treated at Hospital,Fitted - Worn,Station Wagon,Full,Leaving Private Driveway,2.0,2 Metropolitan,2,3,Thursday,03:15 pm,50,Not Divided,Straight road,Level,Dry,Not Raining,Daylight,Right Angle,No Control
2017-1792-15/08/2019,2,2,Passenger,Female,064,Front Seat Left Passenger,Not Thrown Out,Treated at Hospital,Fitted - Worn,Station Wagon,Full,Leaving Private Driveway,2.0,2 Metropolitan,2,3,Thursday,03:15 pm,50,Not Divided,Straight road,Level,Dry,Not Raining,Daylight,Right Angle,No Control
2017-1794-15/08/2019,1,1,Driver,Female,061,Driver,Not Thrown Out,Treated at Hospital,Fitted - Worn,Motor Cars - Sedan,Full,Straight Ahead,1.0,2 Metropolitan,2,2,Thursday,03:20 pm,50,T-Junction,Straight road,Level,Dry,Not Raining,Daylight,Hit Pedestrian,No Control
2017-1794-15/08/2019,2,1,Pedestrian,Male,008,,,Treated at Hospital,,Pedestrian on Road,,Crossing without Control,,2 Metropolitan,2,2,Thursday,03:20 pm,50,T-Junction,Straight road,Level,Dry,Not Raining,Daylight,Hit Pedestrian,No Control
2017-1799-15/08/2019,1,1,Passenger,Male,022,Front Seat Left Passenger,Not Thrown Out,By Private,Fitted - Worn,Motor Cars - Sedan,Full,Stopped on Carriageway,2.0,2 Metropolitan,2,1,Saturday,01:45 pm,60,Cross Road,Straight road,Crest of Hill,Dry,Not Raining,Daylight,Rear End,Traffic Signals
2017-1807-15/08/2019,1,1,Rider,Male,014,,Thrown Out,By Private,,Pedal Cycle,,Straight Ahead,1.0,2 Metropolitan,2,1,Thursday,07:45 pm,50,T-Junction,Straight road,Level,Dry,Not Raining,Daylight,Right Angle,No Control
2017-1810-15/08/2019,1,1,Rider,Male,061,,Thrown Out,By Private,,Pedal Cycle,,Straight Ahead,1.0,2 Metropolitan,2,1,Thursday,06:00 pm,40,Not Divided,Straight road,Slope,Dry,Not Raining,Daylight,Hit Parked Vehicle,No Control
2017-1811-15/08/2019,2,1,Driver,Female,069,Driver,Thrown Out,Treated at Hospital,Fitted - Worn,Motor Cars - Sedan,Full,Straight Ahead,1.0,1 City,2,1,Friday,06:30 am,50,Cross Road,Straight road,Level,Dry,Not Raining,Night,Right Turn,Traffic Signals
2017-1816-15/08/2019,1,1,Driver,Male,057,Driver,Not Thrown Out,By Private,Fitted - Worn,Motor Cars - Sedan,Full,Stopped on Carriageway,1.0,2 Metropolitan,2,1,Saturday,03:30 pm,50,T-Junction,Straight road,Level,Dry,Not Raining,Daylight,Rear End,No Control
2017-1817-15/08/2019,1,1,Driver,Male,082,Driver,Not Thrown Out,Treated at Hospital,Fitted - Unknown if Worn,Motor Cars - Sedan,Full,UnParking - Parallel,1.0,2 Metropolitan,2,1,Friday,09:50 am,60,Not Divided,Straight road,Level,Dry,Not Raining,Daylight,Side Swipe,No Control
2017-1819-15/08/2019,2,1,Driver,Male,048,Driver,Not Thrown Out,By Private,Fitted - Worn,Utility,Full,Straight Ahead,1.0,2 Metropolitan,2,1,Friday,11:05 am,50,T-Junction,"CURVED, VIEW OPEN",Level,Dry,Not Raining,Daylight,Right Turn,Give Way Sign
2017-1820-15/08/2019,1,1,Driver,Female,XXX,Driver,Not Thrown Out,By Private,Fitted - Worn,Motor Cars - Sedan,Full,Straight Ahead,1.0,2 Metropolitan,2,1,Thursday,01:15 pm,60,Cross Road,"CURVED, VIEW OPEN",Level,Dry,Not Raining,Daylight,Right Angle,Roundabout
2017-1821-15/08/2019,1,1,Passenger,Male,070,Passenger on Multi-Passenger Vehicle,Not Thrown Out,Treated at Hospital,Not Fitted,OMNIBUS,Full,Straight Ahead,2.0,2 Metropolitan,2,1,Friday,11:25 am,50,Cross Road,Straight road,Level,Dry,Not Raining,Daylight,Right Angle,Stop Sign
2017-1826-15/08/2019,1,1,Driver,Male,069,Driver,Not Thrown Out,Admitted to Hospital,Fitted - Worn,Utility,Full,Straight Ahead,1.0,2 Metropolitan,2,1,Sunday,10:30 am,110,Interchange,Straight road,Level,Wet,Raining,Daylight,Rear End,No Control
2017-1828-15/08/2019,1,1,Driver,Male,054,Driver,Not Thrown Out,Treated at Hospital,Fitted - Worn,SEMI TRAILER,Unknown,Straight Ahead,1.0,3 Country,1,1,Friday,07:40 am,100,Not Divided,"CURVED, VIEW OPEN",Level,Dry,Not Raining,Daylight,Roll Over,No Control
2017-1829-15/08/2019,1,1,Driver,Male,017,Driver,Not Thrown Out,Treated at Hospital,Fitted - Worn,Motor Cars - Sedan,Provisional 1 ,Straight Ahead,1.0,3 Country,2,1,Friday,11:00 am,110,Not Divided,Straight road,Level,Dry,Not Raining,Daylight,Hit Fixed Object,No Control
2017-1831-15/08/2019,1,1,Pedestrian,Male,027,,,Treated at Hospital,,Pedestrian on Road,,Walking on Road,,3 Country,2,1,Friday,10:15 am,50,Not Divided,Straight road,Level,Dry,Not Raining,Daylight,Hit Pedestrian,No Control
2017-1834-15/08/2019,2,1,Driver,Female,049,Driver,Not Thrown Out,By Private,Fitted - Worn,Motor Cars - Sedan,Full,Right Turn,1.0,2 Metropolitan,2,1,Friday,09:05 am,60,Cross Road,Straight road,Level,Dry,Not Raining,Daylight,Side Swipe,Roundabout
2017-1840-15/08/2019,1,1,Driver,Female,025,Driver,Not Thrown Out,Treated at Hospital,Fitted - Worn,Motor Cars - Sedan,Full,Stopped on Carriageway,1.0,2 Metropolitan,2,1,Friday,05:30 pm,60,T-Junction,Straight road,Crest of Hill,Dry,Not Raining,Daylight,Rear End,No Control
2017-1844-15/08/2019,1,1,Driver,Male,028,Driver,Not Thrown Out,Treated at Hospital,Fitted - Worn,Utility,Full,Straight Ahead,1.0,2 Metropolitan,3,2,Friday,05:35 pm,60,Divided Road,Straight road,Level,Dry,Not Raining,Daylight,Rear End,No Control
2017-1844-15/08/2019,2,1,Driver,Female,023,Driver,Not Thrown Out,Treated at Hospital,Fitted - Worn,Motor Cars - Sedan,Full,Straight Ahead,1.0,2 Metropolitan,3,2,Friday,05:35 pm,60,Divided Road,Straight road,Level,Dry,Not Raining,Daylight,Rear End,No Control
2017-1845-15/08/2019,1,1,Rider,Female,027,,,Treated at Hospital,,Pedal Cycle,,Straight Ahead,1.0,1 City,2,1,Friday,07:20 am,50,Divided Road,Straight road,Level,Dry,Not Raining,Daylight,Rear End,No Control
2017-1846-15/08/2019,1,1,Driver,Female,017,Driver,Not Thrown Out,Treated at Hospital,Fitted - Worn,Motor Cars - Sedan,Provisional 2,Right Turn,2.0,2 Metropolitan,2,2,Thursday,11:20 pm,60,T-Junction,Straight road,Level,Dry,Not Raining,Night,Right Turn,Traffic Signals
2017-1846-15/08/2019,2,1,Driver,Female,036,Driver,Not Thrown Out,Treated at Hospital,Fitted - Worn,Station Wagon,Unknown,Straight Ahead,1.0,2 Metropolitan,2,2,Thursday,11:20 pm,60,T-Junction,Straight road,Level,Dry,Not Raining,Night,Right Turn,Traffic Signals
2017-1852-15/08/2019,2,1,Rider,Male,050,,Thrown Out,Treated at Hospital,,Pedal Cycle,,Straight Ahead,1.0,2 Metropolitan,2,1,Saturday,07:49 am,60,Cross Road,Straight road,Level,Dry,Not Raining,Daylight,Right Turn,Traffic Signals
2017-1854-15/08/2019,1,1,Driver,Female,034,Driver,Not Thrown Out,By Private,Fitted - Worn,Motor Cars - Sedan,Full,Stopped on Carriageway,1.0,2 Metropolitan,2,1,Friday,06:25 pm,50,T-Junction,Straight road,Level,Dry,Not Raining,Daylight,Rear End,No Control
2017-1859-15/08/2019,1,1,Driver,Male,044,Driver,Not Thrown Out,Treated at Hospital,Fitted - Worn,Light Truck LT 4.5T,Full,Stopped on Carriageway,1.0,2 Metropolitan,2,1,Friday,04:00 pm,60,T-Junction,Straight road,Slope,Dry,Not Raining,Daylight,Rear End,Traffic Signals
2017-1862-15/08/2019,1,1,Rider,Male,026,Rider of Motorcycle,Thrown Out,Treated at Hospital,,Motor Cycle,Unlicenced,Straight Ahead,1.0,3 Country,1,1,Friday,06:40 pm,50,Not Divided,"CURVED, VIEW OPEN",Level,Dry,Not Raining,Daylight,Roll Over,No Control
2017-1863-15/08/2019,2,1,Rider,Male,019,,Thrown Out,Treated at Hospital,,Pedal Cycle,,Straight Ahead,1.0,2 Metropolitan,2,1,Saturday,11:55 am,60,T-Junction,Straight road,Level,Dry,Not Raining,Daylight,Right Turn,No Control
2017-1866-15/08/2019,1,1,Driver,Female,017,Driver,Not Thrown Out,Treated at Hospital,Fitted - Worn,Motor Cars - Sedan,Provisional 2,Straight Ahead,1.0,3 Country,2,1,Saturday,02:15 pm,100,Not Divided,Straight road,Level,Dry,Not Raining,Daylight,Roll Over,No Control
2017-1868-15/08/2019,1,1,Driver,Male,080,Driver,Not Thrown Out,By Private,Fitted - Worn,Motor Cars - Sedan,Full,Stopped on Carriageway,1.0,2 Metropolitan,2,1,Friday,04:55 pm,60,T-Junction,Straight road,Level,Dry,Not Raining,Daylight,Rear End,Traffic Signals
2017-1869-15/08/2019,2,1,Rider,Male,061,,Thrown Out,Treated at Hospital,,Pedal Cycle,,Straight Ahead,1.0,2 Metropolitan,2,1,Friday,07:17 pm,60,Cross Road,Straight road,Level,Dry,Not Raining,Daylight,Right Turn,Stop Sign
2017-1870-15/08/2019,1,1,Driver,Female,023,Driver,Not Thrown Out,Treated at Hospital,Fitted - Worn,Station Wagon,Full,Straight Ahead,2.0,3 Country,1,2,Friday,06:32 pm,100,Not Divided,"CURVED, VIEW OBSCURED",Slope,Dry,Not Raining,Daylight,Roll Over,No Control
2017-1870-15/08/2019,1,2,Passenger,Female,026,Front Seat Left Passenger,Not Thrown Out,Treated at Hospital,Fitted - Worn,Station Wagon,Full,Straight Ahead,2.0,3 Country,1,2,Friday,06:32 pm,100,Not Divided,"CURVED, VIEW OBSCURED",Slope,Dry,Not Raining,Daylight,Roll Over,No Control
2017-1872-15/08/2019,1,1,Driver,Female,074,Driver,Not Thrown Out,Treated at Hospital,Fitted - Worn,Motor Cars - Sedan,Full,Stopped on Carriageway,2.0,2 Metropolitan,2,2,Friday,09:10 pm,60,T-Junction,Straight road,Level,Dry,Not Raining,Night,Rear End,No Control