REPORT_ID,UND_UNIT_NUMBER,CASUALTY_NUMBER,Casualty Type,Sex_x,AGE,Position In Veh,Thrown Out,Injury Extent,Seat Belt,Unit Type,Licence Type,Unit Movement,Number Occupants,Stats Area,Total Units,Total Cas,Day,Time,Area Speed,Position Type,Horizontal Align,Vertical Align,Moisture Cond,Weather Cond,DayNight,Crash Type,Traffic Ctrls
2017-3117-15/08/2019,1,2,Passenger,Female,017,Front Seat Left Passenger,Not Thrown Out,Treated at Hospital,Fitted - Worn,Motor Cars - Sedan,Provisional 2,Straight Ahead,2.0,2 Metropolitan,2,2,Tuesday,09:05 pm,50,Not Divided,"CURVED, VIEW OBSCURED",Slope,Dry,Not Raining,Night,Hit Fixed Object,No Control
2017-3124-15/08/2019,1,1,Driver,Male,029,Driver,Not Thrown Out,Treated at Hospital,Fitted - Worn,Motor Cars - Sedan,Full,Straight Ahead,1.0,2 Metropolitan,3,1,Monday,03:58 pm,80,Not Divided,"CURVED, VIEW OBSCURED",Level,Dry,Not Raining,Daylight,Hit Fixed Object,No Control
2017-3126-15/08/2019,2,1,Driver,Male,036,Driver,Not Thrown Out,Admitted to Hospital,Fitted - Worn,Motor Cars - Sedan,Provisional 2,Straight Ahead,3.0,2 Metropolitan,2,2,Tuesday,05:19 pm,60,Cross Road,Straight road,Level,Dry,Not Raining,Daylight,Right Turn,Traffic Signals
2017-3126-15/08/2019,2,2,Passenger,Female,036,Rear Seat Right Passenger,Not Thrown Out,Admitted to Hospital,Fitted - Worn,Motor Cars - Sedan,Provisional 2,Straight Ahead,3.0,2 Metropolitan,2,2,Tuesday,05:19 pm,60,Cross Road,Straight road,Level,Dry,Not Raining,Daylight,Right Turn,Traffic Signals
2017-3127-15/08/2019,2,1,Driver,Female,056,Driver,Not Thrown Out,Treated at Hospital,Fitted - Worn,Motor Cars - Sedan,Full,Stopped on Carriageway,1.0,2 Metropolitan,3,1,Wednesday,04:01 pm,60,Divided Road,Straight road,Level,Wet,Raining,Daylight,Rear End,No Control
2017-3133-15/08/2019,1,1,Pedestrian,Male,029,,,By Private,,Pedestrian on Road,,Crossing with Traffic Signals,,1 City,2,1,Wednesday,02:15 pm,50,Cross Road,Straight road,Level,Dry,Not Raining,Daylight,Hit Pedestrian,Traffic Signals
2017-3135-15/08/2019,2,1,Pedestrian,Female,055,,,Treated at Hospital,,Pedestrian on Road,,Crossing without Control,,2 Metropolitan,2,1,Wednesday,03:54 pm,60,Divided Road,"CURVED, VIEW OPEN",Level,Dry,Not Raining,Daylight,Hit Pedestrian,No Control
2017-3140-15/08/2019,1,1,Passenger,Female,022,Front Seat Left Passenger,Not Thrown Out,By Private,Fitted - Worn,Motor Cars - Sedan,Full,Right Turn,2.0,2 Metropolitan,2,1,Wednesday,07:30 pm,60,T-Junction,Straight road,Level,Wet,Raining,Night,Right Angle,Traffic Signals
2017-3144-15/08/2019,1,1,Driver,Male,058,Driver,Not Thrown Out,By Private,Fitted - Worn,Motor Cars - Sedan,Full,Straight Ahead,1.0,2 Metropolitan,2,1,Wednesday,06:00 pm,60,Cross Road,Straight road,Level,Wet,Raining,Daylight,Rear End,Roundabout
2017-3145-15/08/2019,2,1,Driver,Female,027,Driver,Not Thrown Out,By Private,Fitted - Worn,Motor Cars - Sedan,Full,Stopped on Carriageway,1.0,2 Metropolitan,3,1,Wednesday,09:00 am,80,Cross Road,Straight road,Level,Unknown,Not Raining,Daylight,Rear End,Traffic Signals
2017-3147-15/08/2019,2,1,Driver,Male,041,Driver,Not Thrown Out,Treated at Hospital,Fitted - Worn,Panel Van,Full,Straight Ahead,1.0,2 Metropolitan,5,1,Thursday,06:20 am,80,Divided Road,Straight road,Level,Wet,Raining,Night,Rear End,No Control
2017-3148-15/08/2019,2,1,Driver,Male,055,Driver,Not Thrown Out,By Private,Fitted - Worn,Motor Cars - Sedan,Full,Straight Ahead,1.0,2 Metropolitan,2,1,Thursday,08:30 am,50,Not Divided,Straight road,Level,Wet,Not Raining,Daylight,Rear End,No Control
2017-3151-15/08/2019,2,1,Driver,Male,036,Driver,Not Thrown Out,Treated at Hospital,Fitted - Worn,Motor Cars - Sedan,Full,Straight Ahead,1.0,2 Metropolitan,3,1,Thursday,07:10 am,60,T-Junction,Straight road,Level,Dry,Not Raining,Night,Right Turn,Traffic Signals
2017-3153-15/08/2019,1,1,Driver,Female,067,Driver,Not Thrown Out,Treated at Hospital,Fitted - Worn,Motor Cars - Sedan,Full,Straight Ahead,1.0,2 Metropolitan,2,1,Thursday,08:19 am,50,Not Divided,Straight road,Level,Dry,Not Raining,Daylight,Hit Parked Vehicle,No Control
2017-3154-15/08/2019,1,1,Driver,Female,027,Driver,Not Thrown Out,Treated at Hospital,Fitted - Worn,Motor Cars - Sedan,Provisional 2,Stopped on Carriageway,1.0,3 Country,2,1,Thursday,09:05 am,60,Cross Road,Straight road,Crest of Hill,Dry,Not Raining,Daylight,Rear End,Roundabout
2017-3156-15/08/2019,2,1,Pedestrian,Female,061,,,Treated at Hospital,,Pedestrian on Road,,On Pedestrian Crossing,,2 Metropolitan,2,1,Thursday,09:20 am,60,T-Junction,Straight road,Slope,Dry,Not Raining,Daylight,Hit Pedestrian,Traffic Signals
2017-3157-15/08/2019,1,1,Driver,Female,048,Driver,Not Thrown Out,Treated at Hospital,Fitted - Worn,Station Wagon,Full,Straight Ahead,3.0,2 Metropolitan,2,3,Thursday,08:31 am,50,Not Divided,Straight road,Level,Dry,Not Raining,Daylight,Hit Parked Vehicle,No Control
2017-3157-15/08/2019,1,2,Passenger,Female,008,Rear Seat Left Passenger,Not Thrown Out,Treated at Hospital,Fitted - Worn,Station Wagon,Full,Straight Ahead,3.0,2 Metropolitan,2,3,Thursday,08:31 am,50,Not Divided,Straight road,Level,Dry,Not Raining,Daylight,Hit Parked Vehicle,No Control
2017-3157-15/08/2019,1,3,Passenger,Female,012,Front Seat Left Passenger,Not Thrown Out,Treated at Hospital,Fitted - Worn,Station Wagon,Full,Straight Ahead,3.0,2 Metropolitan,2,3,Thursday,08:31 am,50,Not Divided,Straight road,Level,Dry,Not Raining,Daylight,Hit Parked Vehicle,No Control
2017-3158-15/08/2019,1,1,Rider,Male,038,,Thrown Out,Treated at Hospital,,Pedal Cycle,,Straight Ahead,1.0,2 Metropolitan,1,1,Thursday,08:55 am,50,Not Divided,Straight road,Level,Wet,Not Raining,Daylight,Roll Over,No Control
2017-3159-15/08/2019,1,1,Rider,Male,051,Rider of Motorcycle,Thrown Out,By Private,,Scooter,Full,Straight Ahead,1.0,2 Metropolitan,1,1,Wednesday,12:30 pm,60,Divided Road,Straight road,Slope,Dry,Not Raining,Daylight,Roll Over,No Control
2017-3160-15/08/2019,1,1,Driver,Female,067,Driver,Not Thrown Out,By Private,Fitted - Worn,Motor Cars - Sedan,Full,Stopped on Carriageway,1.0,2 Metropolitan,2,1,Wednesday,07:00 pm,60,Cross Road,Straight road,Level,Wet,Raining,Daylight,Rear End,Traffic Signals
2017-3163-15/08/2019,2,1,Driver,Female,056,Driver,Not Thrown Out,By Private,Fitted - Worn,Motor Cars - Sedan,Full,Stopped on Carriageway,2.0,2 Metropolitan,3,2,Thursday,08:30 am,50,Cross Road,Straight road,Level,Dry,Not Raining,Daylight,Rear End,Traffic Signals
2017-3163-15/08/2019,2,2,Passenger,Female,022,Front Seat Left Passenger,Not Thrown Out,By Private,Fitted - Worn,Motor Cars - Sedan,Full,Stopped on Carriageway,2.0,2 Metropolitan,3,2,Thursday,08:30 am,50,Cross Road,Straight road,Level,Dry,Not Raining,Daylight,Rear End,Traffic Signals
2017-3166-15/08/2019,1,1,Driver,Male,058,Driver,Not Thrown Out,Admitted to Hospital,Fitted - Worn,Motor Cars - Sedan,Unlicenced,Swerving,1.0,3 Country,2,1,Sunday,06:00 am,100,Not Divided,"CURVED, VIEW OBSCURED",Level,Dry,Not Raining,Night,Hit Fixed Object,No Control
2017-3168-15/08/2019,1,1,Driver,Female,024,Driver,Not Thrown Out,Treated at Hospital,Fitted - Worn,Station Wagon,Full,Swerving,1.0,3 Country,2,1,Thursday,08:30 am,110,T-Junction,"CURVED, VIEW OPEN",Level,Wet,Not Raining,Daylight,Roll Over,No Control
2017-3169-15/08/2019,1,1,Driver,Male,018,Driver,Not Thrown Out,Treated at Hospital,Fitted - Worn,Station Wagon,Provisional 2,Straight Ahead,1.0,3 Country,2,1,Wednesday,06:30 pm,80,Not Divided,"CURVED, VIEW OBSCURED",Level,Wet,Raining,Daylight,Hit Fixed Object,No Control
2017-3170-15/08/2019,2,1,Rider,Male,027,,Thrown Out,Admitted to Hospital,,Pedal Cycle,,Straight Ahead,1.0,3 Country,2,1,Thursday,02:50 pm,60,Cross Road,Straight road,Level,Dry,Not Raining,Daylight,Right Angle,Roundabout
2017-3175-15/08/2019,2,1,Pedestrian,Male,024,,,Admitted to Hospital,,Pedestrian on Road,,Crossing with Traffic Signals,,2 Metropolitan,2,1,Thursday,01:24 pm,60,Pedestrian Crossing,Straight road,Slope,Dry,Not Raining,Daylight,Hit Pedestrian,Traffic Signals
2017-3177-15/08/2019,1,1,Driver,Male,058,Driver,Not Thrown Out,Treated at Hospital,Fitted - Worn,Station Wagon,Unknown,Stopped on Carriageway,2.0,2 Metropolitan,2,1,Thursday,04:42 pm,60,Cross Road,Straight road,Level,Dry,Not Raining,Daylight,Rear End,Traffic Signals
2017-3183-15/08/2019,1,1,Driver,Female,049,Driver,Not Thrown Out,Treated at Hospital,Fitted - Worn,Motor Cars - Sedan,Full,Straight Ahead,1.0,2 Metropolitan,2,2,Thursday,04:50 pm,60,T-Junction,Straight road,Level,Dry,Not Raining,Daylight,Right Angle,Give Way Sign
2017-3183-15/08/2019,2,1,Driver,Male,054,Driver,Not Thrown Out,Treated at Hospital,Fitted - Worn,Motor Cars - Sedan,Full,Right Turn,1.0,2 Metropolitan,2,2,Thursday,04:50 pm,60,T-Junction,Straight road,Level,Dry,Not Raining,Daylight,Right Angle,Give Way Sign
2017-3190-15/08/2019,1,1,Rider,Male,024,Rider of Motorcycle,Thrown Out,Treated at Hospital,,Motor Cycle,Learners,Straight Ahead,1.0,2 Metropolitan,2,1,Friday,06:15 am,60,Not Divided,Straight road,Level,Dry,Not Raining,Night,Hit Parked Vehicle,No Control
2017-3191-15/08/2019,2,1,Passenger,Female,066,Rear Seat Right Passenger,Not Thrown Out,Treated at Hospital,Fitted - Worn,Motor Cars - Sedan,Full,Straight Ahead,3.0,2 Metropolitan,3,1,Thursday,12:55 pm,60,Cross Road,Straight road,Level,Dry,Not Raining,Daylight,Right Angle,Stop Sign
2017-3196-15/08/2019,1,1,Driver,Female,052,Driver,Not Thrown Out,Treated at Hospital,Fitted - Worn,Station Wagon,Full,Straight Ahead,2.0,2 Metropolitan,3,2,Thursday,12:38 pm,40,Cross Road,Straight road,Level,Dry,Not Raining,Daylight,Right Angle,Stop Sign
2017-3196-15/08/2019,1,2,Passenger,Female,069,Front Seat Left Passenger,Not Thrown Out,Treated at Hospital,Fitted - Worn,Station Wagon,Full,Straight Ahead,2.0,2 Metropolitan,3,2,Thursday,12:38 pm,40,Cross Road,Straight road,Level,Dry,Not Raining,Daylight,Right Angle,Stop Sign
2017-3198-15/08/2019,1,1,Driver,Male,034,Driver,Not Thrown Out,By Private,Fitted - Worn,Motor Cars - Sedan,Full,Stopped on Carriageway,1.0,2 Metropolitan,2,1,Thursday,03:45 pm,60,Cross Road,Straight road,Level,Dry,Not Raining,Daylight,Rear End,Traffic Signals
2017-3200-15/08/2019,2,1,Driver,Female,048,Driver,Not Thrown Out,Treated at Hospital,Fitted - Worn,Motor Cars - Sedan,Full,Straight Ahead,1.0,3 Country,2,1,Friday,08:30 am,50,Cross Road,Straight road,Level,Dry,Not Raining,Daylight,Right Angle,Give Way Sign
2017-3202-15/08/2019,2,1,Driver,Male,031,Driver,Not Thrown Out,By Private,Fitted - Worn,Motor Cars - Sedan,Full,Straight Ahead,1.0,2 Metropolitan,2,1,Thursday,06:00 pm,70,T-Junction,Straight road,Level,Dry,Not Raining,Daylight,Rear End,No Control
2017-3205-15/08/2019,2,1,Driver,Female,040,Driver,Not Thrown Out,By Private,Fitted - Worn,Motor Cars - Sedan,Full,Stopped on Carriageway,2.0,2 Metropolitan,2,1,Friday,08:45 am,60,Cross Road,Straight road,Level,Dry,Not Raining,Daylight,Rear End,Traffic Signals
2017-3213-15/08/2019,2,1,Driver,Female,XXX,Driver,Not Thrown Out,Treated at Hospital,Fitted - Worn,Station Wagon,Provisional 2,Straight Ahead,1.0,2 Metropolitan,3,1,Friday,02:58 pm,70,T-Junction,Straight road,Level,Dry,Not Raining,Daylight,Side Swipe,Give Way Sign
2017-3219-15/08/2019,1,1,Driver,Male,044,Driver,Thrown Out,Fatal,Fitted - Not Worn,Utility,Provisional 2,Straight Ahead,1.0,3 Country,1,1,Thursday,06:40 pm,100,Not Divided,Straight road,Level,Dry,Not Raining,Daylight,Roll Over,No Control
2017-3220-15/08/2019,2,1,Pedestrian,Male,073,,,Treated at Hospital,,Motorised Wheelchair/Gopher,,Crossing with Traffic Signals,,2 Metropolitan,2,1,Friday,02:28 pm,60,T-Junction,Straight road,Level,Dry,Not Raining,Daylight,Hit Pedestrian,Traffic Signals
2017-3221-15/08/2019,2,1,Pedestrian,Female,080,,,Treated at Hospital,,Pedestrian on Road,,Crossing with Traffic Signals,,1 City,2,1,Friday,02:20 pm,50,T-Junction,Straight road,Slope,Dry,Not Raining,Daylight,Hit Pedestrian,Traffic Signals
2017-3224-15/08/2019,1,1,Driver,Male,029,Driver,Not Thrown Out,By Private,Fitted - Worn,Utility,Full,Stopped on Carriageway,1.0,2 Metropolitan,2,1,Friday,08:00 am,60,Cross Road,Straight road,Level,Dry,Not Raining,Daylight,Rear End,Traffic Signals
2017-3230-15/08/2019,1,1,Driver,Female,029,Driver,Not Thrown Out,Treated at Hospital,Fitted - Worn,Motor Cars - Sedan,Full,Straight Ahead,1.0,3 Country,4,1,Friday,10:43 pm,100,Not Divided,Straight road,Level,Dry,Not Raining,Night,Rear End,No Control
2017-3232-15/08/2019,2,1,Passenger,Female,047,Front Seat Left Passenger,Not Thrown Out,Treated at Hospital,Fitted - Worn,Station Wagon,Full,Straight Ahead,4.0,2 Metropolitan,2,1,Saturday,04:20 am,60,Cross Road,Straight road,Level,Dry,Not Raining,Night,Right Angle,Traffic Signals
2017-3233-15/08/2019,1,1,Driver,Male,025,Driver,Not Thrown Out,Treated at Hospital,Fitted - Unknown if Worn,Motor Cars - Sedan,Provisional 1 ,Straight Ahead,1.0,2 Metropolitan,2,1,Saturday,04:48 am,50,Not Divided,Straight road,Level,Dry,Not Raining,Night,Hit Parked Vehicle,No Control
2017-3234-15/08/2019,1,1,Driver,Male,026,Driver,Not Thrown Out,Treated at Hospital,Fitted - Worn,Utility,Full,Straight Ahead,1.0,2 Metropolitan,2,2,Saturday,05:30 am,100,Not Divided,Straight road,Level,Dry,Not Raining,Night,Head On,No Control
2017-3234-15/08/2019,2,1,Driver,Male,035,Driver,Not Thrown Out,Treated at Hospital,Fitted - Worn,Motor Cars - Sedan,Full,Overtaking - on Right,1.0,2 Metropolitan,2,2,Saturday,05:30 am,100,Not Divided,Straight road,Level,Dry,Not Raining,Night,Head On,No Control
2017-3236-15/08/2019,1,1,Driver,Female,052,Driver,Not Thrown Out,Treated at Hospital,Fitted - Worn,Station Wagon,Full,Straight Ahead,1.0,2 Metropolitan,1,1,Saturday,07:00 am,110,Divided Road,Straight road,Level,Wet,Raining,Night,Roll Over,No Control
2017-3243-15/08/2019,1,1,Driver,Female,024,Driver,Not Thrown Out,Treated at Hospital,Fitted - Worn,Motor Cars - Sedan,Full,Right Turn,1.0,2 Metropolitan,3,2,Saturday,07:35 am,60,T-Junction,Straight road,Level,Dry,Not Raining,Daylight,Right Turn,Traffic Signals
2017-3243-15/08/2019,2,1,Driver,Female,058,Driver,Not Thrown Out,Treated at Hospital,Fitted - Worn,Motor Cars - Sedan,Full,Straight Ahead,1.0,2 Metropolitan,3,2,Saturday,07:35 am,60,T-Junction,Straight road,Level,Dry,Not Raining,Daylight,Right Turn,Traffic Signals
2017-3244-15/08/2019,2,1,Pedestrian,Male,038,,,Treated at Hospital,,Pedestrian on Road,,Crossing without Control,,2 Metropolitan,2,1,Friday,05:35 pm,60,T-Junction,Straight road,Level,Dry,Not Raining,Daylight,Hit Pedestrian,No Control
2017-3245-15/08/2019,2,1,Rider,Male,060,,Thrown Out,Treated at Hospital,,Pedal Cycle,,Straight Ahead,1.0,2 Metropolitan,2,1,Saturday,10:20 am,60,T-Junction,Straight road,Level,Dry,Not Raining,Daylight,Side Swipe,No Control
2017-3246-15/08/2019,1,1,Driver,Female,046,Driver,Not Thrown Out,Treated at Hospital,Fitted - Worn,Motor Cars - Sedan,Full,Straight Ahead,2.0,2 Metropolitan,2,1,Wednesday,05:15 pm,60,T-Junction,Straight road,Level,Dry,Not Raining,Daylight,Right Angle,No Control
2017-3252-15/08/2019,1,1,Driver,Female,038,Driver,Not Thrown Out,Admitted to Hospital,Fitted - Worn,Motor Cars - Sedan,Provisional 2,Right Turn,2.0,2 Metropolitan,2,1,Wednesday,07:35 pm,60,Cross Road,Straight road,Level,Wet,Raining,Night,Hit Fixed Object,Traffic Signals
2017-3254-15/08/2019,1,1,Driver,Male,020,Driver,Not Thrown Out,By Private,Fitted - Worn,Utility,Provisional 2,Straight Ahead,1.0,3 Country,2,1,Saturday,12:05 am,110,Not Divided,Straight road,Level,Dry,Not Raining,Night,Hit Animal,No Control
2017-3257-15/08/2019,1,1,Driver,Male,066,Driver,Not Thrown Out,By Private,Fitted - Worn,Motor Cars - Sedan,Full,Straight Ahead,3.0,2 Metropolitan,2,1,Saturday,02:15 pm,60,T-Junction,Straight road,Level,Dry,Not Raining,Daylight,Right Turn,Traffic Signals
2017-3259-15/08/2019,1,1,Pedestrian,Male,052,,,Admitted to Hospital,,Pedestrian on Road,,Crossing without Control,,2 Metropolitan,2,1,Wednesday,05:00 pm,60,T-Junction,Unknown,Unknown,Unknown,Unknown,Daylight,Hit Pedestrian,No Control
2017-3260-15/08/2019,2,1,Driver,Female,083,Driver,Not Thrown Out,Treated at Hospital,Fitted - Worn,Motor Cars - Sedan,Full,Right Turn,1.0,3 Country,2,1,Saturday,05:15 pm,60,T-Junction,Straight road,Level,Dry,Not Raining,Daylight,Right Turn,No Control
2017-3264-15/08/2019,1,1,Driver,Male,019,Driver,Not Thrown Out,Admitted to Hospital,Fitted - Worn,Station Wagon,Unknown,Straight Ahead,2.0,3 Country,1,2,Saturday,03:43 pm,60,Not Divided,"CURVED, VIEW OPEN",Level,Dry,Not Raining,Daylight,Roll Over,No Control
2017-3264-15/08/2019,1,2,Passenger,Male,018,Front Seat Left Passenger,Not Thrown Out,Admitted to Hospital,Fitted - Worn,Station Wagon,Unknown,Straight Ahead,2.0,3 Country,1,2,Saturday,03:43 pm,60,Not Divided,"CURVED, VIEW OPEN",Level,Dry,Not Raining,Daylight,Roll Over,No Control
2017-3269-15/08/2019,1,1,Rider,Female,060,,Thrown Out,Treated at Hospital,,Pedal Cycle,,Swerving,1.0,2 Metropolitan,2,1,Sunday,07:20 am,50,T-Junction,Straight road,Level,Dry,Not Raining,Daylight,Hit Fixed Object,No Control
2017-3281-15/08/2019,1,1,Driver,Male,072,Driver,Not Thrown Out,Treated at Hospital,Fitted - Worn,Utility,Unknown,Straight Ahead,2.0,3 Country,1,1,Sunday,12:45 pm,110,Not Divided,"CURVED, VIEW OPEN",Level,Dry,Not Raining,Daylight,Left Road - Out of Control,No Control
2017-3282-15/08/2019,1,1,Rider,Male,058,Rider of Motorcycle,Thrown Out,Treated at Hospital,,Motor Cycle,Unknown,Straight Ahead,1.0,3 Country,1,1,Tuesday,09:30 am,100,Not Divided,Straight road,Level,Dry,Not Raining,Daylight,Roll Over,No Control
2017-3284-15/08/2019,1,1,Passenger,Female,078,Front Seat Left Passenger,Not Thrown Out,Treated at Hospital,Fitted - Worn,Motor Cars - Sedan,Unknown,Straight Ahead,4.0,2 Metropolitan,3,1,Sunday,04:35 pm,60,Not Divided,Straight road,Crest of Hill,Dry,Not Raining,Daylight,Rear End,No Control
2017-3286-15/08/2019,1,1,Driver,Female,031,Driver,Not Thrown Out,Treated at Hospital,Fitted - Worn,Motor Cars - Sedan,Full,Straight Ahead,2.0,2 Metropolitan,2,2,Sunday,04:55 pm,80,T-Junction,Straight road,Level,Dry,Not Raining,Daylight,Right Angle,Stop Sign
2017-3286-15/08/2019,2,1,Driver,Female,027,Driver,Not Thrown Out,Treated at Hospital,Fitted - Worn,Motor Cars - Sedan,Unlicenced,Right Turn,1.0,2 Metropolitan,2,2,Sunday,04:55 pm,80,T-Junction,Straight road,Level,Dry,Not Raining,Daylight,Right Angle,Stop Sign
2017-3287-15/08/2019,1,1,Driver,Male,017,Driver,Not Thrown Out,Treated at Hospital,Fitted - Worn,Motor Cars - Sedan,Provisional 2,Straight Ahead,1.0,3 Country,2,1,Sunday,04:30 pm,100,Not Divided,"CURVED, VIEW OPEN",Level,Dry,Not Raining,Daylight,Hit Fixed Object,No Control
2017-3293-15/08/2019,1,1,Driver,Male,035,Driver,Not Thrown Out,By Private,Fitted - Worn,Station Wagon,Full,Swerving,1.0,3 Country,2,1,Sunday,04:00 pm,110,Not Divided,Straight road,Level,Dry,Not Raining,Daylight,Hit Fixed Object,No Control
2017-3294-15/08/2019,2,1,Rider,Male,017,Rider of Motorcycle,Thrown Out,Treated at Hospital,,Motor Cycle,Learners,Straight Ahead,1.0,2 Metropolitan,2,1,Monday,07:20 am,60,Cross Road,Straight road,Level,Dry,Not Raining,Daylight,Right Turn,Traffic Signals
2017-3298-15/08/2019,3,1,Driver,Female,044,Driver,Not Thrown Out,By Private,Fitted - Worn,Station Wagon,Full,Stopped on Carriageway,2.0,2 Metropolitan,3,1,Monday,09:00 am,60,Cross Road,Straight road,Level,Dry,Not Raining,Daylight,Rear End,Traffic Signals
2017-3300-15/08/2019,1,1,Rider,Male,013,,Thrown Out,By Private,,Pedal Cycle,,Straight Ahead,1.0,2 Metropolitan,1,1,Monday,08:25 am,50,Not Divided,Straight road,Level,Dry,Not Raining,Daylight,Roll Over,No Control
2017-3305-15/08/2019,2,1,Rider,Male,062,Rider of Motorcycle,Thrown Out,Treated at Hospital,,Motor Cycle,Full,Straight Ahead,1.0,2 Metropolitan,2,1,Monday,08:24 am,60,Cross Road,Straight road,Level,Dry,Not Raining,Daylight,Right Turn,Give Way Sign
2017-3306-15/08/2019,1,1,Driver,Male,052,Driver,Not Thrown Out,By Private,Fitted - Worn,RIGID TRUCK LGE GE 4.5T,Full,Straight Ahead,1.0,2 Metropolitan,2,1,Monday,07:40 am,70,T-Junction,Straight road,Level,Dry,Not Raining,Daylight,Rear End,No Control
2017-3309-15/08/2019,1,1,Rider,Male,039,,Thrown Out,By Private,,Pedal Cycle,,Straight Ahead,1.0,2 Metropolitan,2,1,Tuesday,06:01 pm,60,Cross Road,Straight road,Level,Dry,Not Raining,Daylight,Right Angle,Stop Sign
2017-3310-15/08/2019,1,1,Driver,Female,063,Driver,Not Thrown Out,Admitted to Hospital,Fitted - Worn,Station Wagon,Full,Stopped on Carriageway,1.0,2 Metropolitan,2,1,Monday,03:30 pm,70,Divided Road,Straight road,Level,Dry,Not Raining,Daylight,Rear End,No Control
2017-3311-15/08/2019,1,1,Passenger,Female,XXX,Front Seat Left Passenger,Not Thrown Out,Treated at Hospital,Fitted - Worn,Motor Cars - Sedan,Provisional 1 ,Straight Ahead,5.0,3 Country,1,1,Monday,01:36 pm,110,Not Divided,"CURVED, VIEW OPEN",Crest of Hill,Dry,Not Raining,Daylight,Left Road - Out of Control,No Control
2017-3312-15/08/2019,2,1,Driver,Male,043,Driver,Not Thrown Out,Treated at Hospital,Fitted - Worn,Motor Cars - Sedan,Full,Straight Ahead,1.0,2 Metropolitan,2,1,Monday,07:30 am,60,Divided Road,Straight road,Level,Dry,Not Raining,Daylight,Rear End,No Control
2017-3318-15/08/2019,2,1,Driver,Female,064,Driver,Not Thrown Out,Treated at Hospital,Fitted - Worn,Motor Cars - Sedan,Full,Straight Ahead,2.0,2 Metropolitan,2,2,Friday,01:25 pm,60,Cross Road,"CURVED, VIEW OPEN",Level,Dry,Not Raining,Daylight,Right Turn,Traffic Signals
2017-3318-15/08/2019,2,2,Passenger,Male,075,Front Seat Left Passenger,Not Thrown Out,Treated at Hospital,Fitted - Worn,Motor Cars - Sedan,Full,Straight Ahead,2.0,2 Metropolitan,2,2,Friday,01:25 pm,60,Cross Road,"CURVED, VIEW OPEN",Level,Dry,Not Raining,Daylight,Right Turn,Traffic Signals
2017-3320-15/08/2019,1,1,Driver,Female,037,Driver,Not Thrown Out,Treated at Hospital,Fitted - Worn,Motor Cars - Sedan,Full,Straight Ahead,1.0,2 Metropolitan,2,2,Monday,03:35 pm,50,Cross Road,Straight road,Level,Dry,Not Raining,Daylight,Right Angle,Roundabout
2017-3320-15/08/2019,2,1,Passenger,Female,027,Front Seat Left Passenger,Not Thrown Out,Treated at Hospital,Fitted - Worn,Motor Cars - Sedan,Full,Right Turn,2.0,2 Metropolitan,2,2,Monday,03:35 pm,50,Cross Road,Straight road,Level,Dry,Not Raining,Daylight,Right Angle,Roundabout
2017-3321-15/08/2019,1,1,Rider,Male,057,Rider of Motorcycle,Thrown Out,By Private,,Motor Cycle,Full,Right Turn,1.0,3 Country,1,1,Monday,03:00 pm,50,T-Junction,Straight road,Level,Dry,Not Raining,Daylight,Roll Over,No Control
2017-3334-15/08/2019,1,1,Driver,Male,051,Driver,Not Thrown Out,Treated at Hospital,Fitted - Worn,Utility,Full,Straight Ahead,1.0,1 City,4,3,Tuesday,07:20 am,60,T-Junction,Straight road,Level,Dry,Not Raining,Daylight,Right Angle,Traffic Signals
2017-3334-15/08/2019,2,1,Driver,Female,053,Driver,Not Thrown Out,Treated at Hospital,Fitted - Worn,Motor Cars - Sedan,Full,Right Turn,1.0,1 City,4,3,Tuesday,07:20 am,60,T-Junction,Straight road,Level,Dry,Not Raining,Daylight,Right Angle,Traffic Signals
2017-3334-15/08/2019,3,1,Driver,Female,057,Driver,Not Thrown Out,Treated at Hospital,Fitted - Worn,Station Wagon,Full,Right Turn,1.0,1 City,4,3,Tuesday,07:20 am,60,T-Junction,Straight road,Level,Dry,Not Raining,Daylight,Right Angle,Traffic Signals
2017-3335-15/08/2019,2,1,Rider,Female,059,,Thrown Out,Treated at Hospital,,Pedal Cycle,,Straight Ahead,1.0,2 Metropolitan,2,1,Tuesday,07:40 am,50,Cross Road,Straight road,Level,Dry,Not Raining,Daylight,Right Angle,Roundabout
2017-3336-15/08/2019,1,1,Driver,Female,021,Driver,Not Thrown Out,By Private,Fitted - Worn,Motor Cars - Sedan,Full,Straight Ahead,1.0,2 Metropolitan,2,1,Tuesday,08:30 am,50,T-Junction,Straight road,Level,Dry,Not Raining,Daylight,Right Angle,No Control
2017-3339-15/08/2019,2,1,Driver,Female,XXX,Driver,Not Thrown Out,By Private,Fitted - Worn,Station Wagon,Full,Stopped on Carriageway,1.0,2 Metropolitan,2,1,Monday,04:11 pm,60,Divided Road,Straight road,Level,Dry,Not Raining,Daylight,Rear End,No Control
2017-3342-15/08/2019,1,1,Driver,Female,040,Driver,Not Thrown Out,By Private,Fitted - Worn,Station Wagon,Full,Stopped on Carriageway,1.0,2 Metropolitan,2,1,Tuesday,09:05 am,60,Divided Road,Straight road,Level,Dry,Not Raining,Daylight,Rear End,No Control