REPORT_ID,UND_UNIT_NUMBER,CASUALTY_NUMBER,Casualty Type,Sex_x,AGE,Position In Veh,Thrown Out,Injury Extent,Seat Belt,Unit Type,Licence Type,Unit Movement,Number Occupants,Stats Area,Total Units,Total Cas,Day,Time,Area Speed,Position Type,Horizontal Align,Vertical Align,Moisture Cond,Weather Cond,DayNight,Crash Type,Traffic Ctrls
2017-3690-15/08/2019,2,1,Pedestrian,Male,053,,,Treated at Hospital,,Pedestrian on Road,,Walking on Road,,1 City,2,1,Thursday,05:45 pm,50,Divided Road,Straight road,Level,Dry,Not Raining,Daylight,Hit Pedestrian,No Control
2017-3691-15/08/2019,2,1,Rider,Male,046,,Thrown Out,Treated at Hospital,,Pedal Cycle,,Straight Ahead,1.0,2 Metropolitan,2,1,Thursday,05:45 pm,60,Divided Road,Straight road,Level,Dry,Not Raining,Daylight,Side Swipe,No Control
2017-3692-15/08/2019,1,1,Driver,Female,047,Driver,Not Thrown Out,By Private,Fitted - Worn,Motor Cars - Sedan,Full,Stopped on Carriageway,1.0,2 Metropolitan,2,1,Thursday,07:30 pm,60,Divided Road,Straight road,Level,Dry,Not Raining,Night,Rear End,No Control
2017-3696-15/08/2019,1,1,Driver,Female,019,Driver,Not Thrown Out,Treated at Hospital,Fitted - Worn,Motor Cars - Sedan,Full,Straight Ahead,2.0,2 Metropolitan,2,1,Friday,01:30 am,50,T-Junction,Straight road,Level,Dry,Not Raining,Night,Hit Fixed Object,Roundabout
2017-3703-15/08/2019,1,1,Driver,Male,043,Driver,Not Thrown Out,By Private,Fitted - Worn,Motor Cars - Sedan,Full,Stopped on Carriageway,1.0,2 Metropolitan,2,1,Thursday,07:15 pm,60,T-Junction,Straight road,Level,Dry,Not Raining,Night,Rear End,No Control
2017-3704-15/08/2019,1,1,Driver,Male,039,Driver,Not Thrown Out,Treated at Hospital,Fitted - Worn,Station Wagon,Full,Straight Ahead,3.0,3 Country,2,2,Thursday,06:54 pm,100,Not Divided,"CURVED, VIEW OBSCURED",Level,Dry,Not Raining,Night,Hit Fixed Object,No Control
2017-3704-15/08/2019,1,2,Passenger,Female,020,Rear Seat Left Passenger,Not Thrown Out,Treated at Hospital,Fitted - Worn,Station Wagon,Full,Straight Ahead,3.0,3 Country,2,2,Thursday,06:54 pm,100,Not Divided,"CURVED, VIEW OBSCURED",Level,Dry,Not Raining,Night,Hit Fixed Object,No Control
2017-3705-15/08/2019,1,1,Driver,Male,056,Driver,Not Thrown Out,By Private,Fitted - Worn,Panel Van,Full,Straight Ahead,1.0,2 Metropolitan,2,1,Thursday,07:30 pm,60,Not Divided,Straight road,Level,Dry,Not Raining,Daylight,Rear End,No Control
2017-3711-15/08/2019,1,1,Driver,Female,049,Driver,Not Thrown Out,Treated at Hospital,Fitted - Worn,Station Wagon,Full,Swerving,2.0,2 Metropolitan,2,2,Thursday,07:04 pm,70,Divided Road,Straight road,Level,Dry,Not Raining,Night,Side Swipe,No Control
2017-3711-15/08/2019,1,2,Passenger,Female,022,Front Seat Left Passenger,Not Thrown Out,Treated at Hospital,Fitted - Worn,Station Wagon,Full,Swerving,2.0,2 Metropolitan,2,2,Thursday,07:04 pm,70,Divided Road,Straight road,Level,Dry,Not Raining,Night,Side Swipe,No Control
2017-3712-15/08/2019,2,1,Pedestrian,Female,050,,,Treated at Hospital,,Pedestrian on Road,,Crossing without Control,,2 Metropolitan,2,1,Friday,03:35 pm,60,Cross Road,"CURVED, VIEW OPEN",Level,Dry,Not Raining,Daylight,Hit Pedestrian,Traffic Signals
2017-3713-15/08/2019,1,1,Driver,Female,074,Driver,Not Thrown Out,Treated at Hospital,Fitted - Worn,Station Wagon,Unknown,Straight Ahead,1.0,2 Metropolitan,2,2,Friday,04:15 pm,90,Cross Road,Straight road,Level,Dry,Not Raining,Daylight,Right Angle,Stop Sign
2017-3713-15/08/2019,2,1,Driver,Female,023,Driver,Not Thrown Out,Treated at Hospital,Fitted - Worn,Utility,Full,Right Turn,1.0,2 Metropolitan,2,2,Friday,04:15 pm,90,Cross Road,Straight road,Level,Dry,Not Raining,Daylight,Right Angle,Stop Sign
2017-3716-15/08/2019,1,1,Driver,Female,044,Driver,Not Thrown Out,Treated at Hospital,Fitted - Worn,Station Wagon,Full,Straight Ahead,3.0,3 Country,2,4,Friday,05:15 pm,100,Cross Road,Straight road,Level,Dry,Not Raining,Daylight,Right Angle,Give Way Sign
2017-3716-15/08/2019,1,2,Passenger,Female,010,Rear Seat Left Passenger,Not Thrown Out,Treated at Hospital,Fitted - Worn,Station Wagon,Full,Straight Ahead,3.0,3 Country,2,4,Friday,05:15 pm,100,Cross Road,Straight road,Level,Dry,Not Raining,Daylight,Right Angle,Give Way Sign
2017-3716-15/08/2019,1,3,Passenger,Male,013,Front Seat Left Passenger,Not Thrown Out,Treated at Hospital,Fitted - Worn,Station Wagon,Full,Straight Ahead,3.0,3 Country,2,4,Friday,05:15 pm,100,Cross Road,Straight road,Level,Dry,Not Raining,Daylight,Right Angle,Give Way Sign
2017-3716-15/08/2019,2,1,Driver,Male,034,Driver,Not Thrown Out,Admitted to Hospital,Fitted - Worn,Motor Cars - Sedan,Probationary,Straight Ahead,1.0,3 Country,2,4,Friday,05:15 pm,100,Cross Road,Straight road,Level,Dry,Not Raining,Daylight,Right Angle,Give Way Sign
2017-3724-15/08/2019,1,1,Driver,Male,028,Driver,Not Thrown Out,Treated at Hospital,Fitted - Worn,RIGID TRUCK LGE GE 4.5T,Full,Straight Ahead,1.0,2 Metropolitan,2,1,Saturday,10:05 am,80,Not Divided,"CURVED, VIEW OBSCURED",Slope,Dry,Not Raining,Daylight,Hit Fixed Object,No Control
2017-3726-15/08/2019,2,1,Rider,Male,057,Rider of Motorcycle,Thrown Out,Treated at Hospital,,Motor Cycle,Full,Straight Ahead,1.0,2 Metropolitan,2,1,Saturday,11:50 am,60,T-Junction,Straight road,Level,Dry,Not Raining,Daylight,Side Swipe,No Control
2017-3728-15/08/2019,1,1,Driver,Male,022,Driver,Not Thrown Out,Treated at Hospital,Fitted - Worn,Motor Cars - Sedan,Full,Straight Ahead,2.0,3 Country,2,2,Saturday,11:35 am,100,Not Divided,"CURVED, VIEW OBSCURED",Level,Dry,Not Raining,Daylight,Roll Over,No Control
2017-3728-15/08/2019,1,2,Passenger,Female,017,Front Seat Left Passenger,Not Thrown Out,Admitted to Hospital,Fitted - Worn,Motor Cars - Sedan,Full,Straight Ahead,2.0,3 Country,2,2,Saturday,11:35 am,100,Not Divided,"CURVED, VIEW OBSCURED",Level,Dry,Not Raining,Daylight,Roll Over,No Control
2017-3730-15/08/2019,2,1,Driver,Male,019,Driver,Not Thrown Out,Treated at Hospital,Fitted - Worn,Motor Cars - Sedan,Provisional 2,Straight Ahead,1.0,2 Metropolitan,2,1,Friday,04:35 pm,50,Cross Road,Straight road,Level,Dry,Not Raining,Daylight,Right Angle,Give Way Sign
2017-3733-15/08/2019,3,1,Passenger,Male,021,Rear Seat Left Passenger,Not Thrown Out,Treated at Hospital,Fitted - Worn,Motor Cars - Sedan,Full,Stopped on Carriageway,3.0,2 Metropolitan,3,1,Saturday,05:25 pm,60,Cross Road,Straight road,Level,Dry,Not Raining,Daylight,Rear End,Traffic Signals
2017-3735-15/08/2019,1,1,Driver,Female,068,Driver,Not Thrown Out,Admitted to Hospital,Fitted - Worn,Motor Cars - Sedan,Full,Straight Ahead,2.0,2 Metropolitan,2,4,Saturday,08:05 pm,60,T-Junction,Straight road,Level,Dry,Not Raining,Night,Right Turn,Traffic Signals
2017-3735-15/08/2019,1,2,Passenger,Female,031,Front Seat Left Passenger,Not Thrown Out,Treated at Hospital,Fitted - Worn,Motor Cars - Sedan,Full,Straight Ahead,2.0,2 Metropolitan,2,4,Saturday,08:05 pm,60,T-Junction,Straight road,Level,Dry,Not Raining,Night,Right Turn,Traffic Signals
2017-3735-15/08/2019,2,1,Driver,Female,025,Driver,Not Thrown Out,Treated at Hospital,Fitted - Worn,Motor Cars - Sedan,Full,Right Turn,2.0,2 Metropolitan,2,4,Saturday,08:05 pm,60,T-Junction,Straight road,Level,Dry,Not Raining,Night,Right Turn,Traffic Signals
2017-3735-15/08/2019,2,2,Passenger,Female,004,Rear Seat Left Passenger,Not Thrown Out,Treated at Hospital,Fitted - Worn,Motor Cars - Sedan,Full,Right Turn,2.0,2 Metropolitan,2,4,Saturday,08:05 pm,60,T-Junction,Straight road,Level,Dry,Not Raining,Night,Right Turn,Traffic Signals
2017-3742-15/08/2019,2,1,Driver,Female,086,Driver,Not Thrown Out,Treated at Hospital,Fitted - Worn,Motor Cars - Sedan,Full,Left Turn,1.0,2 Metropolitan,3,1,Sunday,10:00 am,60,T-Junction,Straight road,Level,Dry,Not Raining,Daylight,Rear End,No Control
2017-3751-15/08/2019,2,1,Driver,Female,067,Driver,Not Thrown Out,Treated at Hospital,Fitted - Worn,Motor Cars - Sedan,Full,Straight Ahead,2.0,2 Metropolitan,2,2,Saturday,11:15 pm,60,T-Junction,Straight road,Slope,Dry,Not Raining,Night,Right Angle,No Control
2017-3751-15/08/2019,2,2,Passenger,Male,XXX,Front Seat Left Passenger,Not Thrown Out,Admitted to Hospital,Fitted - Worn,Motor Cars - Sedan,Full,Straight Ahead,2.0,2 Metropolitan,2,2,Saturday,11:15 pm,60,T-Junction,Straight road,Slope,Dry,Not Raining,Night,Right Angle,No Control
2017-3752-15/08/2019,1,1,Driver,Male,030,Driver,Not Thrown Out,Treated at Hospital,Fitted - Worn,Utility,Full,Straight Ahead,2.0,3 Country,1,2,Sunday,02:35 pm,100,Not Divided,"CURVED, VIEW OPEN",Level,Dry,Not Raining,Daylight,Roll Over,No Control
2017-3752-15/08/2019,1,2,Passenger,Female,XXX,Front Seat Left Passenger,Not Thrown Out,Treated at Hospital,Fitted - Worn,Utility,Full,Straight Ahead,2.0,3 Country,1,2,Sunday,02:35 pm,100,Not Divided,"CURVED, VIEW OPEN",Level,Dry,Not Raining,Daylight,Roll Over,No Control
2017-3753-15/08/2019,1,1,Rider,Male,018,Rider of Motorcycle,Thrown Out,By Private,,Motor Cycle,Learners,Straight Ahead,1.0,2 Metropolitan,2,1,Sunday,11:15 am,50,Divided Road,Straight road,Level,Dry,Not Raining,Daylight,Right Angle,No Control
2017-3756-15/08/2019,1,1,Passenger,Female,023,Rear Seat Right Passenger,Not Thrown Out,Treated at Hospital,Fitted - Unknown if Worn,Motor Cars - Sedan,Full,Straight Ahead,4.0,2 Metropolitan,2,3,Sunday,09:35 pm,60,Not Divided,"CURVED, VIEW OPEN",Level,Dry,Not Raining,Night,Hit Fixed Object,No Control
2017-3756-15/08/2019,1,2,Passenger,Male,027,Front Seat Left Passenger,Not Thrown Out,Treated at Hospital,Fitted - Unknown if Worn,Motor Cars - Sedan,Full,Straight Ahead,4.0,2 Metropolitan,2,3,Sunday,09:35 pm,60,Not Divided,"CURVED, VIEW OPEN",Level,Dry,Not Raining,Night,Hit Fixed Object,No Control
2017-3756-15/08/2019,1,3,Passenger,Female,027,Rear Seat Left Passenger,Not Thrown Out,Admitted to Hospital,Fitted - Unknown if Worn,Motor Cars - Sedan,Full,Straight Ahead,4.0,2 Metropolitan,2,3,Sunday,09:35 pm,60,Not Divided,"CURVED, VIEW OPEN",Level,Dry,Not Raining,Night,Hit Fixed Object,No Control
2017-3758-15/08/2019,1,1,Driver,Male,019,Driver,Not Thrown Out,Admitted to Hospital,Fitted - Worn,Motor Cars - Sedan,Provisional 2,Straight Ahead,1.0,2 Metropolitan,2,1,Monday,12:19 am,60,Cross Road,Straight road,Level,Dry,Not Raining,Night,Right Angle,Traffic Signals
2017-3763-15/08/2019,1,1,Rider,Female,038,Rider of Motorcycle,Thrown Out,Treated at Hospital,,Motor Cycle,Full,Straight Ahead,1.0,2 Metropolitan,2,1,Sunday,01:23 pm,80,Not Divided,"CURVED, VIEW OBSCURED",Crest of Hill,Dry,Not Raining,Daylight,Head On,No Control
2017-3764-15/08/2019,1,1,Rider,Female,020,,Thrown Out,Treated at Hospital,,Pedal Cycle,,Straight Ahead,1.0,2 Metropolitan,2,2,Monday,08:15 am,50,T-Junction,Straight road,Level,Dry,Not Raining,Daylight,Rear End,Roundabout
2017-3764-15/08/2019,2,1,Rider,Female,052,,Thrown Out,Treated at Hospital,,Pedal Cycle,,Straight Ahead,1.0,2 Metropolitan,2,2,Monday,08:15 am,50,T-Junction,Straight road,Level,Dry,Not Raining,Daylight,Rear End,Roundabout
2017-3765-15/08/2019,1,1,Rider,Male,050,,Thrown Out,Treated at Hospital,,Pedal Cycle,,Swerving,1.0,2 Metropolitan,1,1,Monday,10:00 am,60,Not Divided,Straight road,Slope,Dry,Not Raining,Daylight,Roll Over,No Control
2017-3773-15/08/2019,1,1,Driver,Male,043,Driver,Not Thrown Out,Admitted to Hospital,Fitted - Worn,Panel Van,Full,Straight Ahead,1.0,2 Metropolitan,3,3,Sunday,08:10 pm,50,Cross Road,"CURVED, VIEW OPEN",Level,Dry,Not Raining,Night,Head On,Give Way Sign
2017-3773-15/08/2019,2,1,Driver,Female,022,Driver,Not Thrown Out,Treated at Hospital,Fitted - Worn,Station Wagon,Full,Straight Ahead,3.0,2 Metropolitan,3,3,Sunday,08:10 pm,50,Cross Road,"CURVED, VIEW OPEN",Level,Dry,Not Raining,Night,Head On,Give Way Sign
2017-3773-15/08/2019,2,2,Passenger,Female,018,Front Seat Left Passenger,Not Thrown Out,Treated at Hospital,Fitted - Worn,Station Wagon,Full,Straight Ahead,3.0,2 Metropolitan,3,3,Sunday,08:10 pm,50,Cross Road,"CURVED, VIEW OPEN",Level,Dry,Not Raining,Night,Head On,Give Way Sign
2017-3774-15/08/2019,1,1,Rider,Male,064,Rider of Motorcycle,Thrown Out,Admitted to Hospital,,Motor Cycle,Full,Straight Ahead,1.0,3 Country,2,1,Monday,09:00 am,100,T-Junction,"CURVED, VIEW OPEN",Level,Dry,Not Raining,Daylight,Hit Fixed Object,No Control
2017-3777-15/08/2019,1,1,Driver,Female,043,Driver,Not Thrown Out,Treated at Hospital,Fitted - Worn,Motor Cars - Sedan,Full,Straight Ahead,3.0,2 Metropolitan,2,2,Monday,04:00 pm,60,Not Divided,"CURVED, VIEW OPEN",Level,Dry,Not Raining,Daylight,Head On,No Control
2017-3777-15/08/2019,2,1,Driver,Female,050,Driver,Not Thrown Out,Treated at Hospital,Fitted - Worn,Station Wagon,Full,Straight Ahead,4.0,2 Metropolitan,2,2,Monday,04:00 pm,60,Not Divided,"CURVED, VIEW OPEN",Level,Dry,Not Raining,Daylight,Head On,No Control
2017-3779-15/08/2019,1,1,Driver,Female,083,Driver,Not Thrown Out,Treated at Hospital,Fitted - Unknown if Worn,Motor Cars - Sedan,Full,Straight Ahead,1.0,2 Metropolitan,3,1,Monday,04:34 pm,50,Not Divided,Straight road,Level,Dry,Not Raining,Daylight,Hit Fixed Object,No Control
2017-3780-15/08/2019,2,1,Driver,Female,055,Driver,Not Thrown Out,Treated at Hospital,Fitted - Unknown if Worn,Motor Cars - Sedan,Full,Right Turn,1.0,2 Metropolitan,2,1,Monday,05:25 pm,60,T-Junction,Straight road,Level,Dry,Not Raining,Daylight,Right Turn,Traffic Signals
2017-3781-15/08/2019,1,1,Driver,Male,066,Driver,Not Thrown Out,Treated at Hospital,Fitted - Worn,Motor Cars - Sedan,Full,Straight Ahead,1.0,2 Metropolitan,2,1,Monday,06:30 pm,80,Not Divided,"CURVED, VIEW OBSCURED",Slope,Dry,Not Raining,Night,Hit Fixed Object,No Control
2017-3782-15/08/2019,1,1,Driver,Female,018,Driver,Not Thrown Out,Treated at Hospital,Fitted - Worn,Motor Cars - Sedan,Provisional 1 ,Straight Ahead,1.0,3 Country,2,1,Monday,02:40 pm,50,Not Divided,"CURVED, VIEW OBSCURED",Level,Dry,Not Raining,Daylight,Hit Fixed Object,No Control
2017-3784-15/08/2019,1,1,Driver,Female,023,Driver,Not Thrown Out,Treated at Hospital,Fitted - Not Worn,Motor Cars - Sedan,Provisional 1 ,Straight Ahead,1.0,2 Metropolitan,2,1,Tuesday,12:00 am,110,Freeway,Straight road,Slope,Dry,Not Raining,Night,Hit Fixed Object,No Control
2017-3786-15/08/2019,2,1,Driver,Male,020,Driver,Not Thrown Out,By Private,Fitted - Worn,Motor Cars - Sedan,Provisional 2,Straight Ahead,1.0,2 Metropolitan,2,1,Tuesday,06:50 am,50,T-Junction,Straight road,Level,Dry,Not Raining,Daylight,Right Angle,No Control
2017-3787-15/08/2019,2,1,Rider,Female,044,,Thrown Out,Treated at Hospital,,Pedal Cycle,,Straight Ahead,1.0,2 Metropolitan,2,1,Monday,09:20 am,60,Cross Road,Straight road,Level,Dry,Not Raining,Daylight,Right Angle,Roundabout
2017-3788-15/08/2019,1,1,Driver,Female,069,Driver,Not Thrown Out,Treated at Hospital,Fitted - Worn,Station Wagon,Full,Straight Ahead,1.0,3 Country,2,2,Tuesday,08:30 am,80,Cross Road,Straight road,Level,Dry,Not Raining,Daylight,Right Angle,Give Way Sign
2017-3788-15/08/2019,2,1,Driver,Female,059,Driver,Not Thrown Out,Treated at Hospital,Fitted - Worn,Motor Cars - Sedan,Full,Straight Ahead,1.0,3 Country,2,2,Tuesday,08:30 am,80,Cross Road,Straight road,Level,Dry,Not Raining,Daylight,Right Angle,Give Way Sign
2017-3789-15/08/2019,1,1,Passenger,Female,059,Front Seat Left Passenger,Not Thrown Out,Treated at Hospital,Fitted - Worn,Motor Cars - Tourer,Full,Right Turn,2.0,2 Metropolitan,2,1,Tuesday,09:45 am,60,Cross Road,Straight road,Level,Dry,Not Raining,Daylight,Right Angle,Stop Sign
2017-3792-15/08/2019,1,1,Rider,Female,029,,Thrown Out,Treated at Hospital,,Pedal Cycle,,Straight Ahead,1.0,2 Metropolitan,2,1,Monday,06:00 pm,50,Cross Road,Straight road,Level,Dry,Not Raining,Daylight,Right Angle,Give Way Sign
2017-3795-15/08/2019,1,1,Driver,Female,023,Driver,Not Thrown Out,By Private,Fitted - Worn,Motor Cars - Sedan,Full,Straight Ahead,1.0,2 Metropolitan,2,3,Tuesday,02:55 pm,60,Cross Road,Straight road,Level,Dry,Not Raining,Daylight,Right Angle,Roundabout
2017-3795-15/08/2019,2,1,Driver,Male,067,Driver,Not Thrown Out,By Private,Fitted - Worn,Motor Cars - Sedan,Full,Straight Ahead,2.0,2 Metropolitan,2,3,Tuesday,02:55 pm,60,Cross Road,Straight road,Level,Dry,Not Raining,Daylight,Right Angle,Roundabout
2017-3795-15/08/2019,2,2,Passenger,Female,065,Front Seat Left Passenger,Not Thrown Out,By Private,Fitted - Worn,Motor Cars - Sedan,Full,Straight Ahead,2.0,2 Metropolitan,2,3,Tuesday,02:55 pm,60,Cross Road,Straight road,Level,Dry,Not Raining,Daylight,Right Angle,Roundabout
2017-3799-15/08/2019,1,1,Driver,Male,048,Driver,Not Thrown Out,By Private,Fitted - Worn,Utility,Full,Stopped on Carriageway,1.0,2 Metropolitan,2,1,Tuesday,05:00 pm,50,T-Junction,"CURVED, VIEW OPEN",Level,Dry,Not Raining,Daylight,Right Angle,No Control
2017-3801-15/08/2019,1,1,Rider,Male,032,Rider of Motorcycle,Thrown Out,By Private,,Motor Cycle,Full,Straight Ahead,1.0,1 City,2,1,Tuesday,04:40 pm,50,Cross Road,Straight road,Level,Dry,Not Raining,Daylight,Right Angle,Traffic Signals
2017-3803-15/08/2019,1,1,Driver,Male,088,Driver,Not Thrown Out,Treated at Hospital,Fitted - Worn,Motor Cars - Sedan,Full,Straight Ahead,1.0,2 Metropolitan,2,1,Monday,02:00 pm,50,Not Divided,Straight road,Level,Dry,Not Raining,Daylight,Hit Parked Vehicle,No Control
2017-3804-15/08/2019,2,1,Driver,Unknown,XXX,Driver,Not Thrown Out,Treated at Hospital,Fitted - Worn,Motor Cars - Sedan,Full,UnParking - Parallel,1.0,2 Metropolitan,2,1,Tuesday,03:00 pm,60,Divided Road,Straight road,Level,Dry,Not Raining,Daylight,Side Swipe,No Control
2017-3808-15/08/2019,1,1,Driver,Female,018,Driver,Not Thrown Out,Fatal,Fitted - Worn,Motor Cars - Sedan,Provisional 1 ,Right Turn,1.0,3 Country,2,1,Tuesday,04:00 pm,110,T-Junction,"CURVED, VIEW OPEN",Level,Dry,Not Raining,Daylight,Right Angle,Give Way Sign
2017-3810-15/08/2019,1,1,Driver,Female,043,Driver,Not Thrown Out,Admitted to Hospital,Fitted - Worn,Station Wagon,Full,Straight Ahead,2.0,3 Country,3,1,Tuesday,08:00 pm,100,Not Divided,Straight road,Level,Dry,Not Raining,Night,Other,No Control
2017-3811-15/08/2019,1,1,Driver,Male,022,Driver,Not Thrown Out,Admitted to Hospital,Fitted - Worn,Motor Cars - Sedan,Provisional 1 ,Straight Ahead,2.0,2 Metropolitan,2,2,Tuesday,10:22 pm,70,Not Divided,"CURVED, VIEW OBSCURED",Bottom of Hill,Dry,Not Raining,Night,Hit Fixed Object,No Control
2017-3811-15/08/2019,1,2,Passenger,Female,020,Front Seat Left Passenger,Not Thrown Out,Admitted to Hospital,Fitted - Worn,Motor Cars - Sedan,Provisional 1 ,Straight Ahead,2.0,2 Metropolitan,2,2,Tuesday,10:22 pm,70,Not Divided,"CURVED, VIEW OBSCURED",Bottom of Hill,Dry,Not Raining,Night,Hit Fixed Object,No Control
2017-3812-15/08/2019,1,1,Passenger,Female,XXX,Front Seat Left Passenger,Not Thrown Out,Treated at Hospital,Fitted - Unknown if Worn,Motor Cars - Sedan,Unknown,Straight Ahead,2.0,2 Metropolitan,2,1,Wednesday,05:20 am,50,Not Divided,Straight road,Level,Dry,Not Raining,Night,Hit Fixed Object,No Control
2017-3813-15/08/2019,1,1,Driver,Female,024,Driver,Not Thrown Out,Treated at Hospital,Fitted - Worn,Station Wagon,Full,Straight Ahead,1.0,2 Metropolitan,2,1,Wednesday,03:36 am,60,Divided Road,Straight road,Level,Dry,Not Raining,Night,Hit Fixed Object,No Control
2017-3814-15/08/2019,1,1,Driver,Male,051,Driver,Not Thrown Out,Treated at Hospital,Fitted - Worn,Utility,Full,Right Turn,1.0,3 Country,2,1,Monday,05:25 pm,100,Cross Road,"CURVED, VIEW OPEN",Level,Dry,Not Raining,Daylight,Rear End,Give Way Sign
2017-3820-15/08/2019,1,1,Rider,Female,040,,Thrown Out,Treated at Hospital,,Pedal Cycle,,Straight Ahead,1.0,2 Metropolitan,2,1,Thursday,07:10 am,60,T-Junction,Straight road,Level,Dry,Not Raining,Daylight,Right Turn,Stop Sign
2017-3823-15/08/2019,1,1,Driver,Male,031,Driver,Not Thrown Out,Treated at Hospital,Fitted - Worn,Station Wagon,Full,Stopped on Carriageway,1.0,2 Metropolitan,2,1,Tuesday,06:17 pm,60,Divided Road,Straight road,Level,Dry,Not Raining,Daylight,Rear End,No Control
2017-3824-15/08/2019,1,1,Driver,Female,XXX,Driver,Not Thrown Out,Treated at Hospital,Fitted - Worn,Motor Cars - Sedan,Full,Right Turn,1.0,2 Metropolitan,2,2,Wednesday,09:30 am,80,T-Junction,Straight road,Level,Dry,Not Raining,Daylight,Right Turn,Give Way Sign
2017-3824-15/08/2019,2,1,Driver,Unknown,XXX,Driver,Not Thrown Out,Treated at Hospital,Fitted - Worn,Motor Cars - Sedan,Full,Straight Ahead,1.0,2 Metropolitan,2,2,Wednesday,09:30 am,80,T-Junction,Straight road,Level,Dry,Not Raining,Daylight,Right Turn,Give Way Sign
2017-3825-15/08/2019,1,1,Driver,Female,047,Driver,Not Thrown Out,By Private,Fitted - Worn,Motor Cars - Sedan,Full,Left Turn,1.0,2 Metropolitan,2,1,Tuesday,05:19 pm,60,Cross Road,Straight road,Level,Dry,Not Raining,Daylight,Rear End,Traffic Signals
2017-3827-15/08/2019,1,1,Rider,Male,049,Rider of Motorcycle,Thrown Out,Admitted to Hospital,,Motor Cycle,Full,Swerving,1.0,3 Country,1,1,Wednesday,08:00 am,100,Not Divided,Straight road,Level,Dry,Not Raining,Daylight,Roll Over,No Control
2017-3833-15/08/2019,2,1,Rider,Male,035,Rider of Motorcycle,Thrown Out,By Private,,Motor Cycle,Full,Overtaking - on Right,1.0,1 City,2,1,Wednesday,12:00 pm,50,Not Divided,Straight road,Level,Dry,Not Raining,Daylight,Side Swipe,No Control
2017-3835-15/08/2019,2,1,Driver,Female,040,Driver,Not Thrown Out,Treated at Hospital,Fitted - Worn,Motor Cars - Sedan,Full,Straight Ahead,2.0,2 Metropolitan,2,2,Wednesday,03:22 pm,50,Not Divided,Straight road,Level,Dry,Not Raining,Daylight,Hit Parked Vehicle,No Control
2017-3835-15/08/2019,2,2,Passenger,Male,007,Rear Seat Middle Passenger,Not Thrown Out,Treated at Hospital,Fitted - Worn,Motor Cars - Sedan,Full,Straight Ahead,2.0,2 Metropolitan,2,2,Wednesday,03:22 pm,50,Not Divided,Straight road,Level,Dry,Not Raining,Daylight,Hit Parked Vehicle,No Control
2017-3838-15/08/2019,2,1,Rider,Male,036,,Thrown Out,Treated at Hospital,,Pedal Cycle,,Straight Ahead,1.0,2 Metropolitan,2,1,Wednesday,03:45 pm,60,T-Junction,Straight road,Level,Dry,Not Raining,Daylight,Right Angle,No Control
2017-3840-15/08/2019,2,1,Driver,Female,032,Driver,Not Thrown Out,Admitted to Hospital,Fitted - Worn,Station Wagon,Full,Straight Ahead,1.0,3 Country,3,1,Wednesday,07:35 pm,50,Cross Road,Straight road,Level,Wet,Raining,Night,Right Angle,Give Way Sign
2017-3844-15/08/2019,1,1,Driver,Male,058,Driver,Not Thrown Out,Fatal,Fitted - Worn,Station Wagon,Full,Straight Ahead,1.0,3 Country,2,4,Wednesday,06:40 pm,110,Not Divided,"CURVED, VIEW OBSCURED",Slope,Dry,Not Raining,Night,Head On,No Control
2017-3844-15/08/2019,2,1,Driver,Male,039,Driver,Not Thrown Out,Admitted to Hospital,Fitted - Unknown if Worn,Station Wagon,Unlicenced,Straight Ahead,3.0,3 Country,2,4,Wednesday,06:40 pm,110,Not Divided,"CURVED, VIEW OBSCURED",Slope,Dry,Not Raining,Night,Head On,No Control
2017-3844-15/08/2019,2,2,Passenger,Male,045,Front Seat Left Passenger,Not Thrown Out,Admitted to Hospital,Fitted - Worn,Station Wagon,Unlicenced,Straight Ahead,3.0,3 Country,2,4,Wednesday,06:40 pm,110,Not Divided,"CURVED, VIEW OBSCURED",Slope,Dry,Not Raining,Night,Head On,No Control
2017-3844-15/08/2019,2,3,Passenger,Female,028,Rear Seat Right Passenger,Not Thrown Out,Admitted to Hospital,Fitted - Unknown if Worn,Station Wagon,Unlicenced,Straight Ahead,3.0,3 Country,2,4,Wednesday,06:40 pm,110,Not Divided,"CURVED, VIEW OBSCURED",Slope,Dry,Not Raining,Night,Head On,No Control
2017-3845-15/08/2019,1,1,Driver,Male,025,Driver,Not Thrown Out,Treated at Hospital,Fitted - Unknown if Worn,Utility,Provisional 2,Straight Ahead,2.0,2 Metropolitan,2,2,Thursday,03:00 am,90,Freeway,"CURVED, VIEW OPEN",Level,Dry,Not Raining,Night,Hit Fixed Object,No Control
2017-3845-15/08/2019,1,2,Passenger,Male,XXX,Front Seat Left Passenger,Not Thrown Out,Treated at Hospital,Fitted - Unknown if Worn,Utility,Provisional 2,Straight Ahead,2.0,2 Metropolitan,2,2,Thursday,03:00 am,90,Freeway,"CURVED, VIEW OPEN",Level,Dry,Not Raining,Night,Hit Fixed Object,No Control
2017-3849-15/08/2019,2,1,Driver,Female,066,Driver,Not Thrown Out,Treated at Hospital,Fitted - Worn,Motor Cars - Sedan,Full,Straight Ahead,1.0,2 Metropolitan,3,1,Thursday,10:10 am,100,Not Divided,"CURVED, VIEW OPEN",Slope,Wet,Raining,Daylight,Head On,No Control