REPORT_ID,UND_UNIT_NUMBER,CASUALTY_NUMBER,Casualty Type,Sex_x,AGE,Position In Veh,Thrown Out,Injury Extent,Seat Belt,Unit Type,Licence Type,Unit Movement,Number Occupants,Stats Area,Total Units,Total Cas,Day,Time,Area Speed,Position Type,Horizontal Align,Vertical Align,Moisture Cond,Weather Cond,DayNight,Crash Type,Traffic Ctrls
2017-4066-15/08/2019,1,1,Driver,Male,035,Driver,Not Thrown Out,Treated at Hospital,Fitted - Worn,Motor Cars - Sedan,Full,Straight Ahead,1.0,2 Metropolitan,2,2,Tuesday,09:05 pm,80,Freeway,Straight road,Level,Dry,Not Raining,Night,Rear End,No Control
2017-4066-15/08/2019,2,1,Driver,Male,020,Driver,Not Thrown Out,Treated at Hospital,Fitted - Worn,Motor Cars - Sedan,Provisional 2,Straight Ahead,1.0,2 Metropolitan,2,2,Tuesday,09:05 pm,80,Freeway,Straight road,Level,Dry,Not Raining,Night,Rear End,No Control
2017-4068-15/08/2019,1,1,Rider,Male,063,,Thrown Out,Treated at Hospital,,Pedal Cycle,,Swerving,1.0,2 Metropolitan,2,1,Wednesday,12:45 pm,60,Not Divided,Straight road,Slope,Dry,Not Raining,Daylight,Side Swipe,No Control
2017-4069-15/08/2019,2,1,Passenger,Female,010,Rear Seat Right Passenger,Not Thrown Out,Treated at Hospital,Fitted - Worn,Station Wagon,Full,Stopped on Carriageway,4.0,2 Metropolitan,3,2,Wednesday,03:10 pm,80,Divided Road,Straight road,Level,Dry,Not Raining,Daylight,Rear End,No Control
2017-4069-15/08/2019,2,2,Passenger,Female,XXX,Rear Seat Middle Passenger,Not Thrown Out,Treated at Hospital,Fitted - Worn,Station Wagon,Full,Stopped on Carriageway,4.0,2 Metropolitan,3,2,Wednesday,03:10 pm,80,Divided Road,Straight road,Level,Dry,Not Raining,Daylight,Rear End,No Control
2017-4072-15/08/2019,1,1,Passenger,Female,043,Passenger of Motorcycle,Thrown Out,Treated at Hospital,,Scooter,Unknown,Left Turn,2.0,2 Metropolitan,2,1,Wednesday,01:15 pm,80,Cross Road,"CURVED, VIEW OPEN",Level,Dry,Not Raining,Daylight,Hit Fixed Object,Traffic Signals
2017-4073-15/08/2019,1,1,Driver,Male,077,Driver,Not Thrown Out,Admitted to Hospital,Fitted - Worn,Motor Cars - Sedan,Full,Straight Ahead,1.0,2 Metropolitan,2,1,Wednesday,03:03 pm,60,Not Divided,Straight road,Level,Dry,Not Raining,Daylight,Hit Parked Vehicle,No Control
2017-4074-15/08/2019,1,1,Driver,Male,050,Driver,Not Thrown Out,Treated at Hospital,Fitted - Worn,Panel Van,Full,Straight Ahead,1.0,2 Metropolitan,2,2,Wednesday,05:20 pm,50,T-Junction,Straight road,Level,Dry,Not Raining,Daylight,Right Angle,No Control
2017-4074-15/08/2019,2,1,Driver,Female,054,Driver,Not Thrown Out,Treated at Hospital,Fitted - Worn,Motor Cars - Sedan,Full,Right Turn,1.0,2 Metropolitan,2,2,Wednesday,05:20 pm,50,T-Junction,Straight road,Level,Dry,Not Raining,Daylight,Right Angle,No Control
2017-4077-15/08/2019,2,1,Driver,Female,024,Driver,Not Thrown Out,By Private,Fitted - Worn,Motor Cars - Sedan,Full,Stopped on Carriageway,1.0,2 Metropolitan,2,1,Wednesday,05:05 pm,60,T-Junction,Straight road,Level,Dry,Not Raining,Daylight,Rear End,Traffic Signals
2017-4081-15/08/2019,1,1,Driver,Male,020,Driver,Not Thrown Out,Treated at Hospital,Fitted - Unknown if Worn,Motor Cars - Sedan,Provisional 2,Straight Ahead,1.0,2 Metropolitan,2,1,Wednesday,02:20 pm,80,Not Divided,"CURVED, VIEW OPEN",Slope,Dry,Not Raining,Daylight,Hit Fixed Object,No Control
2017-4082-15/08/2019,1,1,Passenger,Male,029,Front Seat Left Passenger,Thrown Out,Treated at Hospital,Fitted - Worn,Utility,Unlicenced,Straight Ahead,2.0,2 Metropolitan,3,1,Wednesday,04:50 pm,60,Not Divided,Straight road,Slope,Dry,Not Raining,Daylight,Hit Parked Vehicle,No Control
2017-4083-15/08/2019,1,1,Pedestrian,Male,022,,,Treated at Hospital,,Pedestrian on Road,,Crossing without Control,,2 Metropolitan,2,1,Wednesday,07:25 pm,60,Divided Road,Straight road,Level,Dry,Not Raining,Night,Hit Pedestrian,No Control
2017-4090-15/08/2019,1,1,Rider,Male,057,,Thrown Out,Treated at Hospital,,Pedal Cycle,,Straight Ahead,1.0,2 Metropolitan,1,1,Thursday,05:30 am,60,T-Junction,Straight road,Bottom of Hill,Dry,Not Raining,Night,Roll Over,No Control
2017-4098-15/08/2019,1,1,Driver,Male,073,Driver,Not Thrown Out,Treated at Hospital,Fitted - Worn,Utility,Full,Straight Ahead,1.0,2 Metropolitan,2,1,Thursday,10:52 am,60,T-Junction,Straight road,Level,Wet,Raining,Daylight,Hit Fixed Object,No Control
2017-4100-15/08/2019,2,1,Rider,Male,052,,Thrown Out,Treated at Hospital,,Pedal Cycle,,Swerving,1.0,2 Metropolitan,2,1,Thursday,11:35 am,70,Not Divided,Straight road,Level,Dry,Not Raining,Daylight,Side Swipe,No Control
2017-4101-15/08/2019,2,1,Driver,Female,060,Driver,Not Thrown Out,Treated at Hospital,Fitted - Worn,Motor Cars - Sedan,Full,Right Turn,1.0,2 Metropolitan,2,1,Thursday,12:10 pm,60,Multiple,Straight road,Level,Dry,Not Raining,Daylight,Right Turn,Traffic Signals
2017-4103-15/08/2019,2,1,Driver,Female,018,Driver,Not Thrown Out,Treated at Hospital,Fitted - Worn,Motor Cars - Sedan,Provisional 2,Straight Ahead,1.0,2 Metropolitan,2,1,Thursday,11:55 am,70,T-Junction,Straight road,Level,Dry,Not Raining,Daylight,Right Angle,No Control
2017-4104-15/08/2019,2,1,Pedestrian,Female,089,,,Treated at Hospital,,Pedestrian on Road,,Crossing without Control,,2 Metropolitan,2,1,Thursday,11:55 am,60,T-Junction,Straight road,Level,Dry,Not Raining,Daylight,Hit Pedestrian,No Control
2017-4105-15/08/2019,1,1,Driver,Male,058,Driver,Not Thrown Out,Admitted to Hospital,Fitted - Worn,Station Wagon,Full,Straight Ahead,1.0,2 Metropolitan,2,1,Wednesday,06:15 pm,60,T-Junction,Straight road,Level,Dry,Not Raining,Night,Right Angle,Stop Sign
2017-4106-15/08/2019,2,1,Passenger,Female,017,Front Seat Left Passenger,Not Thrown Out,By Private,Fitted - Worn,Station Wagon,Full,Straight Ahead,2.0,3 Country,3,1,Thursday,01:10 pm,50,Not Divided,Straight road,Level,Dry,Not Raining,Daylight,Right Angle,No Control
2017-4108-15/08/2019,1,1,Driver,Male,056,Driver,Not Thrown Out,By Private,Fitted - Worn,Station Wagon,Full,Straight Ahead,1.0,2 Metropolitan,2,1,Wednesday,12:25 pm,60,T-Junction,Straight road,Level,Dry,Not Raining,Daylight,Right Angle,No Control
2017-4110-15/08/2019,1,1,Driver,Female,044,Driver,Not Thrown Out,By Private,Fitted - Worn,Motor Cars - Sedan,Full,Straight Ahead,1.0,2 Metropolitan,2,1,Thursday,03:00 pm,60,T-Junction,Straight road,Level,Wet,Raining,Daylight,Side Swipe,Traffic Signals
2017-4111-15/08/2019,1,1,Driver,Male,030,Driver,Not Thrown Out,Treated at Hospital,Fitted - Worn,Motor Cars - Sedan,Full,Right Turn,1.0,2 Metropolitan,2,1,Thursday,02:02 pm,60,T-Junction,Straight road,Level,Dry,Not Raining,Daylight,Right Angle,No Control
2017-4112-15/08/2019,1,1,Pedestrian,Male,XXX,,,Treated at Hospital,,Pedestrian on Road,,Crossing with Traffic Signals,,2 Metropolitan,2,1,Wednesday,04:50 pm,60,Cross Road,Straight road,Level,Dry,Not Raining,Daylight,Hit Pedestrian,Traffic Signals
2017-4114-15/08/2019,2,1,Pedestrian,Female,063,,,Treated at Hospital,,Pedestrian on Road,,Crossing without Control,,2 Metropolitan,2,1,Thursday,03:25 pm,60,T-Junction,Straight road,Level,Dry,Not Raining,Daylight,Hit Pedestrian,No Control
2017-4120-15/08/2019,3,1,Passenger,Male,003,Rear Seat Left Passenger,Not Thrown Out,Treated at Hospital,Fitted - Worn,Motor Cars - Sedan,Full,Stopped on Carriageway,2.0,2 Metropolitan,3,1,Thursday,06:30 pm,60,T-Junction,Straight road,Level,Wet,Raining,Night,Right Turn,Traffic Signals
2017-4131-15/08/2019,1,1,Driver,Male,023,Driver,Not Thrown Out,Treated at Hospital,Fitted - Worn,Motor Cars - Sedan,Full,Stopped on Carriageway,1.0,2 Metropolitan,2,1,Friday,07:25 am,80,Cross Road,Straight road,Level,Wet,Raining,Daylight,Rear End,Traffic Signals
2017-4134-15/08/2019,2,1,Rider,Male,047,,Thrown Out,Treated at Hospital,,Pedal Cycle,,Straight Ahead,1.0,1 City,2,1,Friday,09:15 am,50,Cross Road,Straight road,Level,Wet,Raining,Daylight,Side Swipe,Traffic Signals
2017-4136-15/08/2019,1,1,Rider,Male,041,,Thrown Out,Treated at Hospital,,Pedal Cycle,,Straight Ahead,1.0,2 Metropolitan,1,1,Thursday,07:36 am,60,Divided Road,Straight road,Slope,Dry,Not Raining,Daylight,Roll Over,No Control
2017-4141-15/08/2019,1,1,Passenger,Female,009,Rear Seat Right Passenger,Not Thrown Out,Treated at Hospital,Fitted - Worn,Motor Cars - Sedan,Learners,Stopped on Carriageway,5.0,2 Metropolitan,2,1,Friday,12:15 pm,60,Cross Road,Straight road,Level,Wet,Raining,Daylight,Rear End,Traffic Signals
2017-4152-15/08/2019,1,1,Driver,Female,048,Driver,Not Thrown Out,By Private,Fitted - Worn,Motor Cars - Sedan,Full,Straight Ahead,2.0,2 Metropolitan,2,1,Friday,07:40 pm,50,Cross Road,Straight road,Level,Dry,Not Raining,Night,Right Angle,Give Way Sign
2017-4158-15/08/2019,3,1,Driver,Male,064,Driver,Not Thrown Out,By Private,Fitted - Worn,Station Wagon,Full,Stopped on Carriageway,4.0,2 Metropolitan,3,4,Friday,02:45 pm,60,Divided Road,Straight road,Level,Dry,Not Raining,Daylight,Rear End,No Control
2017-4158-15/08/2019,3,2,Passenger,Female,028,Rear Seat Left Passenger,Not Thrown Out,By Private,Fitted - Worn,Station Wagon,Full,Stopped on Carriageway,4.0,2 Metropolitan,3,4,Friday,02:45 pm,60,Divided Road,Straight road,Level,Dry,Not Raining,Daylight,Rear End,No Control
2017-4158-15/08/2019,3,3,Passenger,Female,061,Front Seat Left Passenger,Not Thrown Out,By Private,Fitted - Worn,Station Wagon,Full,Stopped on Carriageway,4.0,2 Metropolitan,3,4,Friday,02:45 pm,60,Divided Road,Straight road,Level,Dry,Not Raining,Daylight,Rear End,No Control
2017-4158-15/08/2019,3,4,Passenger,Male,001,Rear Seat Right Passenger,Not Thrown Out,By Private,Child Restraint - Worn,Station Wagon,Full,Stopped on Carriageway,4.0,2 Metropolitan,3,4,Friday,02:45 pm,60,Divided Road,Straight road,Level,Dry,Not Raining,Daylight,Rear End,No Control
2017-4164-15/08/2019,1,1,Rider,Male,065,,Thrown Out,Admitted to Hospital,,Pedal Cycle,,Straight Ahead,1.0,1 City,2,1,Tuesday,11:38 am,50,Cross Road,Straight road,Level,Dry,Not Raining,Daylight,Hit Object on Road,Traffic Signals
2017-4173-15/08/2019,1,1,Driver,Female,024,Driver,Not Thrown Out,Treated at Hospital,Fitted - Worn,Motor Cars - Sedan,Provisional 2,Straight Ahead,3.0,2 Metropolitan,2,1,Friday,11:47 pm,80,Not Divided,"CURVED, VIEW OBSCURED",Slope,Wet,Raining,Night,Roll Over,No Control
2017-4175-15/08/2019,1,1,Driver,Male,022,Driver,Not Thrown Out,By Private,Fitted - Worn,Motor Cars - Sedan,Full,Straight Ahead,2.0,2 Metropolitan,2,2,Saturday,06:13 pm,60,Cross Road,Straight road,Level,Dry,Not Raining,Night,Right Turn,Traffic Signals
2017-4175-15/08/2019,1,2,Passenger,Female,023,Front Seat Left Passenger,Not Thrown Out,Treated at Hospital,Fitted - Worn,Motor Cars - Sedan,Full,Straight Ahead,2.0,2 Metropolitan,2,2,Saturday,06:13 pm,60,Cross Road,Straight road,Level,Dry,Not Raining,Night,Right Turn,Traffic Signals
2017-4176-15/08/2019,2,1,Rider,Female,045,,Thrown Out,Treated at Hospital,,Pedal Cycle,,Left Turn,1.0,2 Metropolitan,2,1,Saturday,04:25 pm,50,T-Junction,Straight road,Level,Dry,Not Raining,Daylight,Side Swipe,Stop Sign
2017-4178-15/08/2019,1,1,Driver,Female,085,Driver,Not Thrown Out,Treated at Hospital,Fitted - Worn,Motor Cars - Sedan,Full,Straight Ahead,2.0,3 Country,2,2,Saturday,06:20 pm,110,Not Divided,Straight road,Level,Dry,Not Raining,Night,Head On,No Control
2017-4178-15/08/2019,1,2,Passenger,Female,089,Front Seat Left Passenger,Not Thrown Out,Treated at Hospital,Fitted - Worn,Motor Cars - Sedan,Full,Straight Ahead,2.0,3 Country,2,2,Saturday,06:20 pm,110,Not Divided,Straight road,Level,Dry,Not Raining,Night,Head On,No Control
2017-4179-15/08/2019,1,1,Driver,Female,060,Driver,Not Thrown Out,Treated at Hospital,Fitted - Worn,Motor Cars - Sedan,Full,Straight Ahead,4.0,3 Country,2,6,Saturday,09:10 pm,110,Not Divided,Straight road,Level,Wet,Raining,Night,Right Turn,No Control
2017-4179-15/08/2019,1,2,Passenger,Female,012,Rear Seat Left Passenger,Not Thrown Out,Treated at Hospital,Fitted - Worn,Motor Cars - Sedan,Full,Straight Ahead,4.0,3 Country,2,6,Saturday,09:10 pm,110,Not Divided,Straight road,Level,Wet,Raining,Night,Right Turn,No Control
2017-4179-15/08/2019,1,3,Passenger,Female,012,Front Seat Left Passenger,Not Thrown Out,Treated at Hospital,Fitted - Worn,Motor Cars - Sedan,Full,Straight Ahead,4.0,3 Country,2,6,Saturday,09:10 pm,110,Not Divided,Straight road,Level,Wet,Raining,Night,Right Turn,No Control
2017-4179-15/08/2019,1,4,Passenger,Female,010,Rear Seat Right Passenger,Not Thrown Out,Treated at Hospital,Fitted - Worn,Motor Cars - Sedan,Full,Straight Ahead,4.0,3 Country,2,6,Saturday,09:10 pm,110,Not Divided,Straight road,Level,Wet,Raining,Night,Right Turn,No Control
2017-4179-15/08/2019,2,1,Driver,Female,017,Driver,Not Thrown Out,Treated at Hospital,Fitted - Worn,Motor Cars - Sedan,Provisional 1 ,Right Turn,3.0,3 Country,2,6,Saturday,09:10 pm,110,Not Divided,Straight road,Level,Wet,Raining,Night,Right Turn,No Control
2017-4179-15/08/2019,2,2,Passenger,Female,015,Rear Seat Right Passenger,Not Thrown Out,Treated at Hospital,Fitted - Worn,Motor Cars - Sedan,Provisional 1 ,Right Turn,3.0,3 Country,2,6,Saturday,09:10 pm,110,Not Divided,Straight road,Level,Wet,Raining,Night,Right Turn,No Control
2017-4182-15/08/2019,1,1,Driver,Male,051,Driver,Not Thrown Out,Treated at Hospital,Fitted - Unknown if Worn,Station Wagon,Provisional 1 ,Straight Ahead,1.0,3 Country,2,1,Saturday,01:00 am,110,Not Divided,Straight road,Level,Dry,Not Raining,Night,Roll Over,No Control
2017-4183-15/08/2019,1,1,Passenger,Female,020,Rear Seat Left Passenger,Not Thrown Out,Treated at Hospital,Fitted - Worn,Motor Cars - Sedan,Provisional 1 ,Straight Ahead,4.0,2 Metropolitan,2,1,Sunday,03:00 am,110,Freeway,Straight road,Level,Dry,Not Raining,Night,Roll Over,No Control
2017-4185-15/08/2019,1,1,Driver,Male,052,Driver,Not Thrown Out,Treated at Hospital,Fitted - Worn,Station Wagon,Full,Straight Ahead,1.0,3 Country,2,1,Saturday,04:25 am,100,Not Divided,"CURVED, VIEW OPEN",Slope,Wet,Raining,Night,Hit Fixed Object,No Control
2017-4186-15/08/2019,1,1,Passenger,Female,019,Front Seat Left Passenger,Not Thrown Out,By Private,Fitted - Worn,Motor Cars - Sedan,Provisional 1 ,Straight Ahead,2.0,2 Metropolitan,2,2,Saturday,12:45 pm,60,Cross Road,Straight road,Level,Dry,Not Raining,Daylight,Right Angle,Roundabout
2017-4186-15/08/2019,2,1,Driver,Female,018,Driver,Not Thrown Out,By Private,Fitted - Worn,Station Wagon,Provisional 1 ,Straight Ahead,1.0,2 Metropolitan,2,2,Saturday,12:45 pm,60,Cross Road,Straight road,Level,Dry,Not Raining,Daylight,Right Angle,Roundabout
2017-4188-15/08/2019,1,1,Driver,Female,064,Driver,Not Thrown Out,By Private,Fitted - Worn,Motor Cars - Sedan,Full,Left Turn,1.0,2 Metropolitan,2,2,Saturday,11:45 am,60,T-Junction,Straight road,Slope,Dry,Not Raining,Daylight,Rear End,No Control
2017-4188-15/08/2019,2,1,Driver,Male,041,Driver,Not Thrown Out,By Private,Fitted - Worn,Motor Cars - Sedan,Full,Straight Ahead,1.0,2 Metropolitan,2,2,Saturday,11:45 am,60,T-Junction,Straight road,Slope,Dry,Not Raining,Daylight,Rear End,No Control
2017-4195-15/08/2019,1,1,Passenger,Female,064,Front Seat Left Passenger,Not Thrown Out,By Private,Fitted - Worn,Station Wagon,Full,Straight Ahead,2.0,3 Country,2,1,Saturday,02:00 pm,60,Not Divided,Straight road,Level,Dry,Not Raining,Daylight,Rear End,No Control
2017-4200-15/08/2019,1,1,Driver,Female,XXX,Driver,Not Thrown Out,Treated at Hospital,Fitted - Worn,Station Wagon,Full,Reversing,1.0,2 Metropolitan,2,1,Sunday,06:30 pm,50,Not Divided,Straight road,Level,Dry,Not Raining,Night,Hit Fixed Object,No Control
2017-4206-15/08/2019,1,1,Driver,Female,020,Driver,Not Thrown Out,Admitted to Hospital,Fitted - Worn,Motor Cars - Sedan,Provisional 1 ,Straight Ahead,1.0,2 Metropolitan,3,1,Sunday,03:31 pm,60,T-Junction,Straight road,Level,Dry,Not Raining,Daylight,Hit Fixed Object,No Control
2017-4207-15/08/2019,1,1,Driver,Female,063,Driver,Not Thrown Out,Treated at Hospital,Fitted - Worn,Station Wagon,Full,Straight Ahead,1.0,2 Metropolitan,1,1,Sunday,04:20 pm,100,Freeway,Straight road,Level,Dry,Not Raining,Daylight,Roll Over,No Control
2017-4210-15/08/2019,1,1,Driver,Male,042,Driver,Not Thrown Out,Admitted to Hospital,Fitted - Unknown if Worn,Motor Cars - Sedan,Unlicenced,Straight Ahead,1.0,2 Metropolitan,2,1,Sunday,08:40 pm,50,Not Divided,Straight road,Level,Dry,Not Raining,Night,Hit Parked Vehicle,No Control
2017-4213-15/08/2019,1,1,Driver,Female,030,Driver,Not Thrown Out,Treated at Hospital,Fitted - Worn,Station Wagon,Full,Straight Ahead,4.0,2 Metropolitan,2,4,Monday,08:15 am,70,Not Divided,Straight road,Crest of Hill,Dry,Not Raining,Daylight,Hit Parked Vehicle,No Control
2017-4213-15/08/2019,1,2,Passenger,Female,007,Rear Seat Right Passenger,Not Thrown Out,Treated at Hospital,Fitted - Worn,Station Wagon,Full,Straight Ahead,4.0,2 Metropolitan,2,4,Monday,08:15 am,70,Not Divided,Straight road,Crest of Hill,Dry,Not Raining,Daylight,Hit Parked Vehicle,No Control
2017-4213-15/08/2019,1,3,Passenger,Male,011,Front Seat Left Passenger,Not Thrown Out,Treated at Hospital,Fitted - Worn,Station Wagon,Full,Straight Ahead,4.0,2 Metropolitan,2,4,Monday,08:15 am,70,Not Divided,Straight road,Crest of Hill,Dry,Not Raining,Daylight,Hit Parked Vehicle,No Control
2017-4213-15/08/2019,1,4,Passenger,Female,004,Rear Seat Left Passenger,Not Thrown Out,Treated at Hospital,Child Restraint - Worn,Station Wagon,Full,Straight Ahead,4.0,2 Metropolitan,2,4,Monday,08:15 am,70,Not Divided,Straight road,Crest of Hill,Dry,Not Raining,Daylight,Hit Parked Vehicle,No Control
2017-4214-15/08/2019,1,1,Driver,Male,061,Driver,Not Thrown Out,Treated at Hospital,Fitted - Worn,RIGID TRUCK LGE GE 4.5T,Unknown,Straight Ahead,1.0,3 Country,3,1,Monday,08:05 am,110,Not Divided,"CURVED, VIEW OPEN",Unknown,Dry,Not Raining,Daylight,Hit Fixed Object,No Control
2017-4216-15/08/2019,2,1,Passenger,Female,046,Front Seat Left Passenger,Not Thrown Out,Treated at Hospital,Fitted - Worn,Motor Cars - Sedan,Full,Stopped on Carriageway,3.0,2 Metropolitan,4,2,Friday,06:16 pm,50,Rail Crossing,Straight road,Level,Dry,Not Raining,Night,Rear End,Rail Xing - Boom
2017-4216-15/08/2019,2,2,Passenger,Male,001,Rear Seat Middle Passenger,Not Thrown Out,Treated at Hospital,Fitted - Worn,Motor Cars - Sedan,Full,Stopped on Carriageway,3.0,2 Metropolitan,4,2,Friday,06:16 pm,50,Rail Crossing,Straight road,Level,Dry,Not Raining,Night,Rear End,Rail Xing - Boom
2017-4217-15/08/2019,1,1,Driver,Male,068,Driver,Not Thrown Out,By Private,Fitted - Worn,Station Wagon,Full,Stopped on Carriageway,1.0,2 Metropolitan,3,1,Monday,11:55 am,60,T-Junction,Straight road,Level,Wet,Raining,Daylight,Rear End,Traffic Signals
2017-4219-15/08/2019,1,1,Driver,Male,XXX,Driver,Not Thrown Out,Treated at Hospital,Fitted - Worn,RIGID TRUCK LGE GE 4.5T,Full,Straight Ahead,1.0,2 Metropolitan,2,1,Monday,12:20 pm,90,Divided Road,Straight road,Level,Wet,Raining,Daylight,Hit Fixed Object,No Control
2017-4220-15/08/2019,1,1,Driver,Female,024,Driver,Not Thrown Out,By Private,Fitted - Worn,Motor Cars - Sedan,Full,Straight Ahead,1.0,2 Metropolitan,2,1,Thursday,06:20 pm,60,Divided Road,Straight road,Level,Wet,Not Raining,Night,Rear End,No Control
2017-4230-15/08/2019,2,1,Driver,Female,048,Driver,Not Thrown Out,Treated at Hospital,Fitted - Unknown if Worn,Motor Cars - Sedan,Full,Stopped on Carriageway,1.0,2 Metropolitan,3,2,Monday,02:45 pm,60,T-Junction,Straight road,Level,Dry,Not Raining,Daylight,Rear End,Traffic Signals
2017-4230-15/08/2019,3,1,Driver,Female,068,Driver,Not Thrown Out,Treated at Hospital,Fitted - Unknown if Worn,Motor Cars - Sedan,Full,Stopped on Carriageway,1.0,2 Metropolitan,3,2,Monday,02:45 pm,60,T-Junction,Straight road,Level,Dry,Not Raining,Daylight,Rear End,Traffic Signals
2017-4231-15/08/2019,2,1,Rider,Male,053,Rider of Motorcycle,Thrown Out,Treated at Hospital,,Motor Cycle,Full,Straight Ahead,1.0,2 Metropolitan,2,1,Monday,03:38 pm,60,T-Junction,Straight road,Level,Dry,Not Raining,Daylight,Right Turn,No Control
2017-4233-15/08/2019,1,1,Driver,Female,039,Driver,Not Thrown Out,By Private,Fitted - Worn,Motor Cars - Sedan,Full,Straight Ahead,1.0,2 Metropolitan,2,1,Sunday,10:00 pm,60,Divided Road,Straight road,Slope,Dry,Not Raining,Night,Side Swipe,No Control
2017-4234-15/08/2019,1,1,Driver,Male,017,Driver,Not Thrown Out,Treated at Hospital,Fitted - Worn,Motor Cars - Sedan,Provisional 1 ,Straight Ahead,1.0,3 Country,1,1,Thursday,10:40 pm,100,Not Divided,"CURVED, VIEW OBSCURED",Bottom of Hill,Wet,Raining,Night,Roll Over,No Control
2017-4236-15/08/2019,1,1,Driver,Female,030,Driver,Not Thrown Out,By Private,Fitted - Worn,Motor Cars - Sedan,Full,Stopped on Carriageway,1.0,2 Metropolitan,2,1,Monday,01:30 pm,60,Cross Road,Straight road,Level,Dry,Not Raining,Daylight,Rear End,Traffic Signals
2017-4238-15/08/2019,1,1,Driver,Male,088,Driver,Not Thrown Out,Treated at Hospital,Fitted - Worn,Motor Cars - Sedan,Full,Straight Ahead,1.0,2 Metropolitan,2,1,Monday,04:30 pm,60,Not Divided,Straight road,Level,Dry,Not Raining,Daylight,Hit Fixed Object,No Control
2017-4240-15/08/2019,2,1,Driver,Male,040,Driver,Not Thrown Out,Treated at Hospital,Fitted - Worn,Station Wagon,Full,Straight Ahead,1.0,2 Metropolitan,2,1,Monday,08:10 pm,50,Cross Road,Straight road,Level,Dry,Not Raining,Night,Right Angle,Give Way Sign
2017-4243-15/08/2019,3,1,Pedestrian,Female,020,,,Treated at Hospital,,Pedestrian on Road,,Crossing without Control,,2 Metropolitan,3,1,Tuesday,01:15 am,60,Not Divided,Straight road,Level,Wet,Not Raining,Night,Hit Pedestrian,No Control
2017-4246-15/08/2019,2,1,Driver,Female,043,Driver,Not Thrown Out,By Private,Fitted - Worn,Motor Cars - Sedan,Full,Stopped on Carriageway,1.0,2 Metropolitan,3,1,Monday,05:20 pm,60,Divided Road,Straight road,Level,Dry,Not Raining,Daylight,Rear End,No Control
2017-4247-15/08/2019,2,1,Rider,Female,022,,Thrown Out,By Private,,Pedal Cycle,,Straight Ahead,1.0,2 Metropolitan,2,1,Tuesday,08:00 am,60,T-Junction,Straight road,Level,Dry,Not Raining,Daylight,Right Angle,No Control
2017-4248-15/08/2019,1,1,Driver,Female,029,Driver,Not Thrown Out,Treated at Hospital,Fitted - Worn,Motor Cars - Sedan,Full,Straight Ahead,1.0,2 Metropolitan,2,1,Monday,11:09 am,80,Not Divided,"CURVED, VIEW OPEN",Slope,Wet,Unknown,Daylight,Hit Fixed Object,No Control
2017-4249-15/08/2019,2,1,Rider,Male,058,,Thrown Out,Treated at Hospital,,Pedal Cycle,,Straight Ahead,1.0,1 City,2,1,Tuesday,07:00 am,50,T-Junction,Straight road,Level,Dry,Not Raining,Daylight,Right Angle,No Control
2017-4251-15/08/2019,1,1,Driver,Female,047,Driver,Not Thrown Out,By Private,Fitted - Worn,Station Wagon,Full,Straight Ahead,1.0,2 Metropolitan,2,1,Thursday,03:30 pm,40,Not Divided,Straight road,Level,Dry,Not Raining,Daylight,Rear End,No Control
2017-4252-15/08/2019,2,1,Pedestrian,Female,068,,,Admitted to Hospital,,Pedestrian on Road,,Crossing with Traffic Signals,,2 Metropolitan,2,1,Tuesday,08:39 am,50,Cross Road,Straight road,Level,Dry,Not Raining,Daylight,Hit Pedestrian,Traffic Signals
2017-4256-15/08/2019,1,1,Driver,Female,025,Driver,Not Thrown Out,Treated at Hospital,Fitted - Worn,Motor Cars - Sedan,Provisional 1 ,Straight Ahead,4.0,3 Country,2,1,Tuesday,08:50 am,60,T-Junction,"CURVED, VIEW OPEN",Slope,Dry,Not Raining,Daylight,Right Angle,No Control
2017-4258-15/08/2019,2,1,Driver,Male,046,Driver,Not Thrown Out,Treated at Hospital,Fitted - Worn,Other Defined Special Vehicle,Full,Straight Ahead,3.0,2 Metropolitan,2,3,Tuesday,11:20 am,60,Cross Road,Straight road,Level,Dry,Not Raining,Daylight,Right Angle,Traffic Signals
2017-4258-15/08/2019,2,2,Passenger,Female,034,Front Seat Left Passenger,Not Thrown Out,Treated at Hospital,Fitted - Worn,Other Defined Special Vehicle,Full,Straight Ahead,3.0,2 Metropolitan,2,3,Tuesday,11:20 am,60,Cross Road,Straight road,Level,Dry,Not Raining,Daylight,Right Angle,Traffic Signals
2017-4258-15/08/2019,2,3,Passenger,Female,019,Back of Enclosed Van,Not Thrown Out,Treated at Hospital,Fitted - Worn,Other Defined Special Vehicle,Full,Straight Ahead,3.0,2 Metropolitan,2,3,Tuesday,11:20 am,60,Cross Road,Straight road,Level,Dry,Not Raining,Daylight,Right Angle,Traffic Signals
2017-4259-15/08/2019,2,1,Rider,Male,049,,Thrown Out,Treated at Hospital,,Pedal Cycle,,Overtaking - on Right,1.0,2 Metropolitan,2,1,Tuesday,07:30 am,60,Not Divided,"CURVED, VIEW OBSCURED",Slope,Dry,Not Raining,Daylight,Side Swipe,No Control