REPORT_ID,UND_UNIT_NUMBER,CASUALTY_NUMBER,Casualty Type,Sex_x,AGE,Position In Veh,Thrown Out,Injury Extent,Seat Belt,Unit Type,Licence Type,Unit Movement,Number Occupants,Stats Area,Total Units,Total Cas,Day,Time,Area Speed,Position Type,Horizontal Align,Vertical Align,Moisture Cond,Weather Cond,DayNight,Crash Type,Traffic Ctrls
2017-4898-15/08/2019,1,1,Driver,Female,019,Driver,Not Thrown Out,Admitted to Hospital,Fitted - Worn,Motor Cars - Sedan,Provisional 2,Straight Ahead,1.0,2 Metropolitan,1,1,Wednesday,12:00 pm,80,Not Divided,"CURVED, VIEW OPEN",Bottom of Hill,Dry,Not Raining,Daylight,Roll Over,No Control
2017-4901-15/08/2019,1,1,Driver,Female,XXX,Driver,Not Thrown Out,Treated at Hospital,Fitted - Worn,Station Wagon,Full,Straight Ahead,1.0,3 Country,2,1,Thursday,09:00 am,100,Not Divided,"CURVED, VIEW OPEN",Crest of Hill,Wet,Raining,Daylight,Hit Fixed Object,No Control
2017-4904-15/08/2019,1,1,Driver,Male,032,Driver,Not Thrown Out,Treated at Hospital,Fitted - Worn,Motor Cars - Sedan,Unknown,Stopped on Carriageway,1.0,2 Metropolitan,3,1,Wednesday,06:15 pm,60,Divided Road,Straight road,Level,Wet,Raining,Night,Rear End,No Control
2017-4911-15/08/2019,1,1,Passenger,Female,045,Passenger on Multi-Passenger Vehicle,Not Thrown Out,By Private,Not Fitted,OMNIBUS,Unknown,Stopped on Carriageway,12.0,2 Metropolitan,1,1,Thursday,03:45 pm,60,Divided Road,Straight road,Level,Dry,Not Raining,Daylight,Other,No Control
2017-4914-15/08/2019,3,1,Driver,Female,054,Driver,Not Thrown Out,By Private,Fitted - Worn,Motor Cars - Sedan,Unknown,Stopped on Carriageway,1.0,2 Metropolitan,3,1,Wednesday,05:40 pm,60,Divided Road,Straight road,Level,Wet,Raining,Night,Rear End,No Control
2017-4920-15/08/2019,2,1,Rider,Male,035,,Thrown Out,By Private,,Pedal Cycle,,Straight Ahead,1.0,2 Metropolitan,2,1,Thursday,06:00 pm,60,Not Divided,"CURVED, VIEW OPEN",Level,Unknown,Not Raining,Night,Side Swipe,No Control
2017-4921-15/08/2019,1,1,Driver,Male,040,Driver,Not Thrown Out,Treated at Hospital,Fitted - Worn,Motor Cars - Sedan,Full,Straight Ahead,1.0,3 Country,1,1,Thursday,01:00 am,110,Not Divided,Straight road,Slope,Dry,Not Raining,Night,Roll Over,No Control
2017-4924-15/08/2019,2,1,Rider,Female,029,,Thrown Out,Treated at Hospital,,Pedal Cycle,,Straight Ahead,1.0,2 Metropolitan,2,1,Wednesday,09:10 pm,60,Rail Xing,Straight road,Level,Dry,Not Raining,Night,Right Angle,Traffic Signals
2017-4925-15/08/2019,1,1,Driver,Female,048,Driver,Not Thrown Out,Treated at Hospital,Fitted - Worn,Station Wagon,Full,Straight Ahead,2.0,2 Metropolitan,2,2,Thursday,05:50 pm,50,Cross Road,Straight road,Level,Dry,Not Raining,Night,Right Angle,Stop Sign
2017-4925-15/08/2019,1,2,Passenger,Male,013,Front Seat Left Passenger,Not Thrown Out,Treated at Hospital,Fitted - Worn,Station Wagon,Full,Straight Ahead,2.0,2 Metropolitan,2,2,Thursday,05:50 pm,50,Cross Road,Straight road,Level,Dry,Not Raining,Night,Right Angle,Stop Sign
2017-4927-15/08/2019,1,1,Passenger,Female,044,Front Seat Left Passenger,Not Thrown Out,Admitted to Hospital,Fitted - Worn,Motor Cars - Sedan,Full,Straight Ahead,2.0,3 Country,1,1,Thursday,06:00 pm,100,Not Divided,"CURVED, VIEW OPEN",Level,Dry,Not Raining,Night,Roll Over,No Control
2017-4929-15/08/2019,1,1,Driver,Male,037,Driver,Not Thrown Out,Treated at Hospital,Fitted - Worn,Motor Cars - Sedan,Full,Straight Ahead,2.0,2 Metropolitan,2,2,Thursday,09:00 pm,50,Not Divided,"CURVED, VIEW OPEN",Level,Dry,Not Raining,Night,Hit Fixed Object,No Control
2017-4929-15/08/2019,1,2,Passenger,Male,031,Front Seat Left Passenger,Not Thrown Out,Treated at Hospital,Fitted - Worn,Motor Cars - Sedan,Full,Straight Ahead,2.0,2 Metropolitan,2,2,Thursday,09:00 pm,50,Not Divided,"CURVED, VIEW OPEN",Level,Dry,Not Raining,Night,Hit Fixed Object,No Control
2017-4942-15/08/2019,2,1,Pedestrian,Male,XXX,,,Treated at Hospital,,Small Wheel Vehicle User,,Crossing without Control,,2 Metropolitan,2,1,Friday,08:15 am,50,Cross Road,Straight road,Level,Dry,Not Raining,Daylight,Hit Pedestrian,Roundabout
2017-4953-15/08/2019,1,1,Driver,Male,071,Driver,Not Thrown Out,Admitted to Hospital,Fitted - Worn,Station Wagon,Full,Straight Ahead,2.0,2 Metropolitan,5,2,Thursday,02:05 pm,90,T-Junction,Straight road,Level,Dry,Not Raining,Daylight,Hit Fixed Object,Traffic Signals
2017-4953-15/08/2019,4,1,Driver,Female,023,Driver,Not Thrown Out,Treated at Hospital,Fitted - Worn,Station Wagon,Full,Stopped on Carriageway,1.0,2 Metropolitan,5,2,Thursday,02:05 pm,90,T-Junction,Straight road,Level,Dry,Not Raining,Daylight,Hit Fixed Object,Traffic Signals
2017-4959-15/08/2019,1,1,Driver,Male,064,Driver,Not Thrown Out,Admitted to Hospital,Fitted - Worn,Motor Cars - Sedan,Full,Straight Ahead,1.0,2 Metropolitan,2,1,Thursday,10:10 pm,80,Not Divided,Straight road,Level,Dry,Not Raining,Night,Hit Fixed Object,No Control
2017-4961-15/08/2019,1,1,Driver,Male,065,Driver,Not Thrown Out,Treated at Hospital,Fitted - Worn,Utility,Full,Straight Ahead,2.0,3 Country,1,2,Friday,03:55 pm,110,Not Divided,Straight road,Level,Wet,Raining,Daylight,Roll Over,No Control
2017-4961-15/08/2019,1,2,Passenger,Female,062,Front Seat Left Passenger,Not Thrown Out,Treated at Hospital,Fitted - Worn,Utility,Full,Straight Ahead,2.0,3 Country,1,2,Friday,03:55 pm,110,Not Divided,Straight road,Level,Wet,Raining,Daylight,Roll Over,No Control
2017-4964-15/08/2019,2,1,Driver,Male,049,Driver,Not Thrown Out,Treated at Hospital,Fitted - Worn,Motor Cars - Sedan,Full,Straight Ahead,1.0,2 Metropolitan,2,1,Friday,03:00 pm,50,Cross Road,Straight road,Level,Dry,Not Raining,Daylight,Right Angle,Give Way Sign
2017-4966-15/08/2019,2,1,Driver,Male,053,Driver,Not Thrown Out,Treated at Hospital,Fitted - Worn,Motor Cars - Sedan,Full,Right Turn,1.0,2 Metropolitan,2,1,Friday,03:39 pm,60,T-Junction,Straight road,Level,Dry,Not Raining,Daylight,Right Turn,Traffic Signals
2017-4968-15/08/2019,1,1,Driver,Male,031,Driver,Not Thrown Out,Treated at Hospital,Fitted - Worn,Motor Cars - Sedan,Full,Stopped on Carriageway,1.0,2 Metropolitan,2,2,Friday,06:00 pm,70,Divided Road,Straight road,Level,Dry,Not Raining,Night,Rear End,No Control
2017-4968-15/08/2019,2,1,Passenger,Male,003,Rear Seat Right Passenger,Not Thrown Out,Treated at Hospital,Fitted - Worn,Motor Cars - Sedan,Full,Straight Ahead,3.0,2 Metropolitan,2,2,Friday,06:00 pm,70,Divided Road,Straight road,Level,Dry,Not Raining,Night,Rear End,No Control
2017-4971-15/08/2019,3,1,Pedestrian,Male,049,,,Treated at Hospital,,Pedestrian on Road,,Pushing or Working on Vehicle,,2 Metropolitan,3,1,Friday,05:50 pm,50,Not Divided,Straight road,Level,Dry,Not Raining,Night,Hit Parked Vehicle,No Control
2017-4973-15/08/2019,2,1,Rider,Female,028,,Thrown Out,Treated at Hospital,,Pedal Cycle,,Straight Ahead,1.0,2 Metropolitan,2,1,Friday,06:28 pm,60,Cross Road,Straight road,Level,Dry,Not Raining,Night,Right Turn,Traffic Signals
2017-4975-15/08/2019,2,1,Driver,Female,032,Driver,Not Thrown Out,Treated at Hospital,Fitted - Worn,Motor Cars - Sedan,Full,Right Turn,1.0,3 Country,2,1,Friday,06:05 pm,100,T-Junction,Straight road,Level,Dry,Not Raining,Night,Right Angle,Give Way Sign
2017-4976-15/08/2019,2,1,Pedestrian,Female,030,,,Treated at Hospital,,Pedestrian on Road,,Walking on Road,,3 Country,2,1,Friday,05:30 pm,50,Not Divided,Straight road,Level,Dry,Not Raining,Night,Hit Pedestrian,No Control
2017-4978-15/08/2019,2,1,Driver,Female,020,Driver,Not Thrown Out,By Private,Fitted - Worn,Motor Cars - Sedan,Full,Straight Ahead,1.0,2 Metropolitan,2,1,Saturday,09:10 am,60,T-Junction,Straight road,Slope,Dry,Not Raining,Daylight,Side Swipe,No Control
2017-4981-15/08/2019,1,1,Driver,Female,056,Driver,Not Thrown Out,By Private,Fitted - Worn,Motor Cars - Sedan,Full,Stopped on Carriageway,1.0,1 City,3,1,Friday,05:30 pm,50,Divided Road,Straight road,Level,Dry,Not Raining,Night,Rear End,No Control
2017-4982-15/08/2019,1,1,Driver,Male,XXX,Driver,Not Thrown Out,Treated at Hospital,Fitted - Worn,Motor Cars - Sedan,Full,Straight Ahead,1.0,3 Country,2,1,Saturday,09:15 am,100,Not Divided,Straight road,Level,Dry,Not Raining,Daylight,Hit Fixed Object,No Control
2017-4983-15/08/2019,1,1,Rider,Male,042,,Thrown Out,Treated at Hospital,,Pedal Cycle,,Straight Ahead,1.0,1 City,2,1,Saturday,09:50 am,50,Not Divided,Straight road,Level,Dry,Not Raining,Daylight,Hit Parked Vehicle,No Control
2017-4984-15/08/2019,1,1,Driver,Female,081,Driver,Not Thrown Out,By Private,Fitted - Worn,Motor Cars - Sedan,Full,Straight Ahead,1.0,3 Country,2,1,Saturday,10:02 am,50,T-Junction,Straight road,Level,Dry,Not Raining,Daylight,Right Angle,No Control
2017-4985-15/08/2019,1,1,Driver,Female,034,Driver,Not Thrown Out,Treated at Hospital,Fitted - Worn,Station Wagon,Full,Stopped on Carriageway,1.0,2 Metropolitan,2,1,Wednesday,05:45 pm,60,Divided Road,Straight road,Level,Wet,Raining,Night,Rear End,No Control
2017-4988-15/08/2019,1,1,Rider,Female,021,,Thrown Out,By Private,,Pedal Cycle,,Straight Ahead,1.0,2 Metropolitan,2,1,Friday,05:00 pm,60,Cross Road,Straight road,Level,Dry,Not Raining,Daylight,Side Swipe,Traffic Signals
2017-4993-15/08/2019,1,1,Driver,Female,081,Driver,Not Thrown Out,Treated at Hospital,Fitted - Worn,Motor Cars - Sedan,Full,Straight Ahead,2.0,2 Metropolitan,2,1,Saturday,01:57 pm,80,Divided Road,Straight road,Level,Dry,Not Raining,Daylight,Rear End,No Control
2017-4996-15/08/2019,2,1,Passenger,Female,065,Rear Seat Right Passenger,Not Thrown Out,By Private,Fitted - Worn,Motor Cars - Sedan,Full,Straight Ahead,3.0,3 Country,2,1,Saturday,02:00 pm,60,Not Divided,Straight road,Level,Dry,Not Raining,Daylight,Side Swipe,No Control
2017-4997-15/08/2019,1,1,Driver,Male,050,Driver,Not Thrown Out,By Private,Fitted - Worn,Motor Cars - Sedan,Full,Straight Ahead,2.0,3 Country,2,1,Friday,05:00 pm,100,Not Divided,Straight road,Level,Dry,Not Raining,Daylight,Hit Fixed Object,No Control
2017-5002-15/08/2019,1,1,Driver,Female,049,Driver,Not Thrown Out,Treated at Hospital,Fitted - Worn,Station Wagon,Probationary,Straight Ahead,1.0,3 Country,2,2,Saturday,04:38 pm,110,T-Junction,"CURVED, VIEW OPEN",Level,Dry,Not Raining,Daylight,Right Angle,No Control
2017-5002-15/08/2019,2,1,Driver,Male,070,Driver,Not Thrown Out,Admitted to Hospital,Fitted - Worn,Station Wagon,Full,Right Turn,1.0,3 Country,2,2,Saturday,04:38 pm,110,T-Junction,"CURVED, VIEW OPEN",Level,Dry,Not Raining,Daylight,Right Angle,No Control
2017-5003-15/08/2019,1,1,Rider,Male,052,Rider of Motorcycle,Thrown Out,Treated at Hospital,,Motor Cycle,Full,Straight Ahead,1.0,3 Country,1,1,Saturday,03:30 pm,80,Not Divided,"CURVED, VIEW OPEN",Level,Dry,Not Raining,Daylight,Roll Over,No Control
2017-5007-15/08/2019,2,1,Driver,Male,017,Driver,Not Thrown Out,Treated at Hospital,Fitted - Worn,Motor Cars - Sedan,Provisional 1 ,Straight Ahead,2.0,3 Country,2,1,Saturday,06:30 pm,80,T-Junction,"CURVED, VIEW OBSCURED",Level,Dry,Not Raining,Night,Right Angle,No Control
2017-5009-15/08/2019,1,1,Driver,Male,029,Driver,Not Thrown Out,Treated at Hospital,Fitted - Worn,Motor Cars - Sedan,Provisional 2,Straight Ahead,1.0,2 Metropolitan,2,1,Saturday,07:33 pm,50,Not Divided,Straight road,Level,Dry,Not Raining,Night,Hit Fixed Object,No Control
2017-5015-15/08/2019,1,1,Driver,Male,088,Driver,Not Thrown Out,Treated at Hospital,Fitted - Unknown if Worn,Motor Cars - Sedan,Full,Straight Ahead,2.0,3 Country,2,2,Saturday,02:15 pm,100,Not Divided,Straight road,Level,Dry,Not Raining,Daylight,Head On,No Control
2017-5015-15/08/2019,1,2,Passenger,Female,083,Front Seat Left Passenger,Not Thrown Out,Treated at Hospital,Fitted - Unknown if Worn,Motor Cars - Sedan,Full,Straight Ahead,2.0,3 Country,2,2,Saturday,02:15 pm,100,Not Divided,Straight road,Level,Dry,Not Raining,Daylight,Head On,No Control
2017-5018-15/08/2019,2,1,Rider,Female,020,,Thrown Out,Treated at Hospital,,Pedal Cycle,,Stopped on Carriageway,1.0,2 Metropolitan,2,1,Sunday,07:45 am,60,Multiple,Straight road,Level,Dry,Not Raining,Daylight,Rear End,Traffic Signals
2017-5020-15/08/2019,1,1,Driver,Male,045,Driver,Not Thrown Out,By Private,Fitted - Unknown if Worn,Utility,Full,Straight Ahead,1.0,3 Country,2,1,Sunday,06:10 am,110,Not Divided,Straight road,Level,Dry,Not Raining,Night,Hit Fixed Object,No Control
2017-5021-15/08/2019,2,1,Driver,Female,025,Driver,Not Thrown Out,By Private,Fitted - Worn,Station Wagon,Full,Stopped on Carriageway,3.0,2 Metropolitan,2,1,Friday,03:30 pm,60,Cross Road,Straight road,Level,Dry,Not Raining,Daylight,Rear End,Traffic Signals
2017-5026-15/08/2019,1,1,Driver,Female,074,Driver,Not Thrown Out,Treated at Hospital,Fitted - Worn,Motor Cars - Sedan,Full,Parking - Parallel,1.0,1 City,2,1,Sunday,12:30 pm,50,One Way,Straight road,Level,Dry,Not Raining,Daylight,Hit Fixed Object,No Control
2017-5027-15/08/2019,2,1,Pedestrian,Male,002,,,Fatal,,Pedestrian on Road,,Alighted from Parked Vehicle,,3 Country,2,1,Sunday,11:28 am,100,Not Divided,Straight road,Level,Dry,Not Raining,Daylight,Hit Pedestrian,No Control
2017-5028-15/08/2019,2,1,Pedestrian,Male,008,,,By Private,,Pedestrian on Road,,Crossing without Control,,2 Metropolitan,2,1,Sunday,12:50 pm,50,Not Divided,Straight road,Level,Dry,Not Raining,Daylight,Hit Pedestrian,No Control
2017-5043-15/08/2019,1,1,Driver,Female,025,Driver,Not Thrown Out,Treated at Hospital,Fitted - Worn,Motor Cars - Sedan,Full,Straight Ahead,1.0,2 Metropolitan,2,1,Sunday,06:40 pm,60,Not Divided,"CURVED, VIEW OPEN",Slope,Dry,Not Raining,Night,Hit Parked Vehicle,No Control
2017-5045-15/08/2019,1,1,Driver,Male,026,Driver,Not Thrown Out,Treated at Hospital,Fitted - Unknown if Worn,Motor Cars - Sedan,Provisional 1 ,Straight Ahead,1.0,3 Country,2,1,Sunday,04:55 pm,110,Not Divided,Straight road,Level,Dry,Not Raining,Daylight,Hit Fixed Object,No Control
2017-5046-15/08/2019,1,1,Rider,Male,043,Rider of Motorcycle,Thrown Out,Treated at Hospital,,Motor Cycle,Full,Straight Ahead,1.0,2 Metropolitan,1,1,Sunday,09:20 pm,60,T-Junction,"CURVED, VIEW OPEN",Level,Dry,Not Raining,Night,Roll Over,No Control
2017-5047-15/08/2019,1,1,Rider,Male,017,Rider of Motorcycle,Thrown Out,Admitted to Hospital,,Motor Cycle,Learners,Stopped on Carriageway,1.0,2 Metropolitan,2,1,Sunday,08:41 pm,50,Not Divided,Straight road,Level,Dry,Not Raining,Night,Other,No Control
2017-5048-15/08/2019,1,1,Driver,Male,029,Driver,Not Thrown Out,Treated at Hospital,Fitted - Unknown if Worn,Motor Cars - Sedan,Unlicenced,Straight Ahead,3.0,2 Metropolitan,3,1,Sunday,10:50 pm,60,Divided Road,Straight road,Crest of Hill,Dry,Not Raining,Night,Hit Fixed Object,No Control
2017-5053-15/08/2019,2,1,Driver,Male,049,Driver,Not Thrown Out,By Private,Fitted - Worn,Motor Cars - Sedan,Full,Right Turn,2.0,2 Metropolitan,2,2,Monday,08:50 am,50,T-Junction,Straight road,Slope,Dry,Not Raining,Daylight,Right Turn,No Control
2017-5053-15/08/2019,2,2,Passenger,Female,015,Front Seat Left Passenger,Not Thrown Out,By Private,Fitted - Worn,Motor Cars - Sedan,Full,Right Turn,2.0,2 Metropolitan,2,2,Monday,08:50 am,50,T-Junction,Straight road,Slope,Dry,Not Raining,Daylight,Right Turn,No Control
2017-5057-15/08/2019,1,1,Driver,Male,020,Driver,Not Thrown Out,Treated at Hospital,Fitted - Unknown if Worn,Station Wagon,Provisional 2,Straight Ahead,1.0,3 Country,2,1,Wednesday,08:00 am,50,Not Divided,Straight road,Level,Dry,Not Raining,Daylight,Hit Fixed Object,No Control
2017-5059-15/08/2019,1,1,Rider,Male,046,,Thrown Out,Treated at Hospital,,Pedal Cycle,,Straight Ahead,1.0,2 Metropolitan,2,1,Monday,07:55 am,50,Cross Road,Straight road,Level,Dry,Not Raining,Daylight,Rear End,Stop Sign
2017-5063-15/08/2019,1,1,Passenger,Female,056,Front Seat Left Passenger,Not Thrown Out,By Private,Fitted - Worn,Motor Cars - Sedan,Full,Straight Ahead,2.0,2 Metropolitan,2,1,Monday,11:00 am,50,Divided Road,Straight road,Level,Dry,Not Raining,Daylight,Rear End,No Control
2017-5065-15/08/2019,1,1,Passenger,Female,058,Front Seat Left Passenger,Not Thrown Out,Treated at Hospital,Fitted - Worn,Station Wagon,Full,Straight Ahead,2.0,2 Metropolitan,2,1,Monday,12:29 pm,80,Not Divided,Straight road,Level,Dry,Not Raining,Daylight,Hit Fixed Object,No Control
2017-5066-15/08/2019,1,1,Driver,Male,019,Driver,Not Thrown Out,Treated at Hospital,Fitted - Worn,Utility,Unknown,Straight Ahead,1.0,3 Country,1,1,Sunday,05:45 am,100,Not Divided,"CURVED, VIEW OPEN",Level,Dry,Not Raining,Night,Roll Over,No Control
2017-5070-15/08/2019,1,1,Driver,Male,028,Driver,Not Thrown Out,By Private,Fitted - Worn,Utility,Full,Stopped on Carriageway,1.0,2 Metropolitan,2,1,Wednesday,06:30 am,60,Cross Road,Straight road,Level,Dry,Not Raining,Night,Rear End,Traffic Signals
2017-5073-15/08/2019,1,1,Driver,Female,028,Driver,Not Thrown Out,By Private,Fitted - Worn,Motor Cars - Sedan,Full,Stopped on Carriageway,1.0,2 Metropolitan,2,1,Monday,07:05 am,60,Divided Road,Straight road,Level,Dry,Not Raining,Night,Rear End,No Control
2017-5075-15/08/2019,1,1,Rider,Female,044,,Thrown Out,Treated at Hospital,,Pedal Cycle,,Straight Ahead,1.0,2 Metropolitan,2,1,Monday,05:30 pm,60,Divided Road,Straight road,Level,Dry,Not Raining,Night,Other,No Control
2017-5076-15/08/2019,1,1,Driver,Male,054,Driver,Not Thrown Out,Admitted to Hospital,Fitted - Not Worn,SEMI TRAILER,Full,Straight Ahead,1.0,3 Country,2,1,Monday,02:20 pm,110,Not Divided,"CURVED, VIEW OBSCURED",Slope,Dry,Not Raining,Daylight,Roll Over,No Control
2017-5077-15/08/2019,1,1,Passenger,Female,012,Front Seat Left Passenger,Not Thrown Out,Treated at Hospital,Fitted - Worn,Forward Control Passenger Van,Full,Right Turn,9.0,1 City,2,2,Monday,08:05 pm,60,Cross Road,Straight road,Level,Wet,Raining,Night,Side Swipe,Traffic Signals
2017-5077-15/08/2019,1,2,Passenger,Female,010,Rear Seat Right Passenger,Not Thrown Out,Treated at Hospital,Fitted - Worn,Forward Control Passenger Van,Full,Right Turn,9.0,1 City,2,2,Monday,08:05 pm,60,Cross Road,Straight road,Level,Wet,Raining,Night,Side Swipe,Traffic Signals
2017-5078-15/08/2019,1,1,Driver,Female,017,Driver,Not Thrown Out,Treated at Hospital,Fitted - Worn,Motor Cars - Sedan,Provisional 1 ,Straight Ahead,4.0,3 Country,2,3,Monday,09:27 pm,50,T-Junction,Straight road,Level,Wet,Raining,Night,Right Angle,Give Way Sign
2017-5078-15/08/2019,1,2,Passenger,Female,015,Rear Seat Right Passenger,Not Thrown Out,Treated at Hospital,Fitted - Worn,Motor Cars - Sedan,Provisional 1 ,Straight Ahead,4.0,3 Country,2,3,Monday,09:27 pm,50,T-Junction,Straight road,Level,Wet,Raining,Night,Right Angle,Give Way Sign
2017-5078-15/08/2019,1,3,Passenger,Male,017,Rear Seat Left Passenger,Not Thrown Out,Treated at Hospital,Fitted - Worn,Motor Cars - Sedan,Provisional 1 ,Straight Ahead,4.0,3 Country,2,3,Monday,09:27 pm,50,T-Junction,Straight road,Level,Wet,Raining,Night,Right Angle,Give Way Sign
2017-5079-15/08/2019,1,1,Driver,Male,034,Driver,Not Thrown Out,Treated at Hospital,Fitted - Worn,Motor Cars - Sedan,Full,Right Turn,1.0,2 Metropolitan,2,1,Tuesday,05:40 am,70,T-Junction,Straight road,Level,Dry,Not Raining,Night,Right Angle,Traffic Signals
2017-5080-15/08/2019,1,1,Driver,Male,058,Driver,Not Thrown Out,Treated at Hospital,Fitted - Worn,RIGID TRUCK LGE GE 4.5T,Full,Swerving,1.0,2 Metropolitan,3,1,Tuesday,02:50 am,80,Not Divided,"CURVED, VIEW OBSCURED",Slope,Wet,Raining,Night,Hit Fixed Object,No Control
2017-5081-15/08/2019,2,1,Driver,Female,019,Driver,Not Thrown Out,Treated at Hospital,Fitted - Worn,Motor Cars - Sedan,Provisional 2,Straight Ahead,1.0,2 Metropolitan,3,1,Tuesday,08:25 am,80,Divided Road,Straight road,Crest of Hill,Wet,Raining,Daylight,Rear End,No Control
2017-5083-15/08/2019,1,1,Driver,Female,056,Driver,Not Thrown Out,By Private,Fitted - Worn,Motor Cars - Sedan,Full,Straight Ahead,2.0,3 Country,2,1,Tuesday,07:20 am,100,Not Divided,"CURVED, VIEW OBSCURED",Slope,Dry,Not Raining,Daylight,Hit Fixed Object,No Control
2017-5084-15/08/2019,2,1,Pedestrian,Male,016,,,Treated at Hospital,,Pedestrian on Road,,Crossing with Traffic Signals,,2 Metropolitan,2,1,Tuesday,08:00 am,60,Cross Road,Straight road,Level,Wet,Raining,Daylight,Hit Pedestrian,Traffic Signals
2017-5085-15/08/2019,1,1,Driver,Female,028,Driver,Not Thrown Out,Treated at Hospital,Fitted - Worn,Motor Cars - Sedan,Full,Right Turn,1.0,2 Metropolitan,3,1,Tuesday,08:00 am,60,Cross Road,Straight road,Level,Dry,Not Raining,Daylight,Side Swipe,Stop Sign
2017-5087-15/08/2019,1,1,Driver,Male,034,Driver,Not Thrown Out,By Private,Fitted - Worn,Motor Cars - Sedan,Full,Straight Ahead,1.0,2 Metropolitan,3,1,Monday,09:30 pm,50,T-Junction,Straight road,Level,Wet,Raining,Night,Rear End,No Control
2017-5090-15/08/2019,3,1,Driver,Female,055,Driver,Not Thrown Out,By Private,Fitted - Worn,Motor Cars - Sedan,Full,Stopped on Carriageway,1.0,2 Metropolitan,3,1,Saturday,12:20 pm,60,Rail Xing,Straight road,Level,Dry,Not Raining,Daylight,Rear End,Traffic Signals
2017-5091-15/08/2019,2,1,Driver,Female,037,Driver,Not Thrown Out,Treated at Hospital,Fitted - Worn,Motor Cars - Sedan,Full,Straight Ahead,1.0,2 Metropolitan,2,1,Tuesday,11:30 am,80,Divided Road,Straight road,Level,Dry,Not Raining,Daylight,Rear End,No Control
2017-5094-15/08/2019,2,1,Driver,Female,042,Driver,Not Thrown Out,Treated at Hospital,Fitted - Not Worn,Station Wagon,Unknown,Straight Ahead,1.0,2 Metropolitan,2,1,Tuesday,02:15 pm,60,Divided Road,Straight road,Level,Dry,Not Raining,Daylight,Side Swipe,No Control
2017-5097-15/08/2019,2,1,Driver,Female,034,Driver,Not Thrown Out,By Private,Fitted - Worn,Motor Cars - Sedan,Full,Parked,1.0,2 Metropolitan,2,1,Tuesday,01:20 pm,50,Divided Road,Straight road,Level,Dry,Not Raining,Daylight,Hit Parked Vehicle,No Control
2017-5098-15/08/2019,1,1,Driver,Male,029,Driver,Not Thrown Out,By Private,Fitted - Worn,Utility,Full,Stopped on Carriageway,1.0,2 Metropolitan,2,1,Tuesday,04:05 pm,60,T-Junction,Straight road,Level,Wet,Raining,Daylight,Rear End,Give Way Sign
2017-5099-15/08/2019,2,1,Driver,Female,044,Driver,Not Thrown Out,Treated at Hospital,Fitted - Worn,Motor Cars - Sedan,Full,Straight Ahead,1.0,2 Metropolitan,2,1,Tuesday,03:20 pm,60,T-Junction,Straight road,Level,Dry,Not Raining,Daylight,Right Turn,Traffic Signals
2017-5102-15/08/2019,2,1,Rider,Male,038,,Thrown Out,Treated at Hospital,,Pedal Cycle,,Straight Ahead,1.0,2 Metropolitan,2,1,Tuesday,05:00 pm,60,T-Junction,Straight road,Level,Dry,Not Raining,Daylight,Right Angle,Give Way Sign
2017-5103-15/08/2019,2,1,Driver,Female,058,Driver,Not Thrown Out,Treated at Hospital,Fitted - Worn,Motor Cars - Sedan,Full,Right Turn,2.0,2 Metropolitan,3,2,Tuesday,03:10 pm,60,T-Junction,Straight road,Level,Dry,Not Raining,Daylight,Right Turn,Traffic Signals
2017-5103-15/08/2019,2,2,Passenger,Female,082,Front Seat Left Passenger,Not Thrown Out,Treated at Hospital,Fitted - Not Worn,Motor Cars - Sedan,Full,Right Turn,2.0,2 Metropolitan,3,2,Tuesday,03:10 pm,60,T-Junction,Straight road,Level,Dry,Not Raining,Daylight,Right Turn,Traffic Signals
2017-5104-15/08/2019,1,1,Driver,Female,063,Driver,Not Thrown Out,Treated at Hospital,Fitted - Worn,Station Wagon,Full,Straight Ahead,1.0,3 Country,2,2,Tuesday,04:35 pm,50,Cross Road,Straight road,Level,Wet,Raining,Daylight,Right Angle,Traffic Signals
2017-5104-15/08/2019,2,1,Driver,Female,020,Driver,Not Thrown Out,Treated at Hospital,Fitted - Worn,Station Wagon,Full,Straight Ahead,2.0,3 Country,2,2,Tuesday,04:35 pm,50,Cross Road,Straight road,Level,Wet,Raining,Daylight,Right Angle,Traffic Signals
2017-5106-15/08/2019,1,1,Driver,Female,026,Driver,Not Thrown Out,Treated at Hospital,Fitted - Worn,Motor Cars - Sedan,Full,Straight Ahead,1.0,3 Country,2,1,Tuesday,05:00 pm,50,T-Junction,Straight road,Slope,Dry,Not Raining,Daylight,Right Angle,Give Way Sign
2017-5107-15/08/2019,1,1,Rider,Male,033,Rider of Motorcycle,Thrown Out,By Private,,Motor Cycle,Unlicenced,Straight Ahead,1.0,2 Metropolitan,1,1,Tuesday,06:10 pm,60,T-Junction,Straight road,Level,Wet,Not Raining,Night,Roll Over,Give Way Sign
2017-5109-15/08/2019,2,1,Rider,Male,027,Rider of Motorcycle,Thrown Out,Treated at Hospital,,Motor Cycle,Full,Stopped on Carriageway,1.0,2 Metropolitan,3,1,Tuesday,06:04 pm,60,Divided Road,Straight road,Level,Dry,Not Raining,Night,Rear End,No Control
2017-5111-15/08/2019,1,1,Rider,Male,037,,Thrown Out,Treated at Hospital,,Pedal Cycle,,Straight Ahead,1.0,2 Metropolitan,1,1,Friday,11:30 pm,50,Not Divided,Straight road,Level,Dry,Not Raining,Night,Roll Over,No Control