REPORT_ID,UND_UNIT_NUMBER,CASUALTY_NUMBER,Casualty Type,Sex_x,AGE,Position In Veh,Thrown Out,Injury Extent,Seat Belt,Unit Type,Licence Type,Unit Movement,Number Occupants,Stats Area,Total Units,Total Cas,Day,Time,Area Speed,Position Type,Horizontal Align,Vertical Align,Moisture Cond,Weather Cond,DayNight,Crash Type,Traffic Ctrls
2017-5323-15/08/2019,1,1,Driver,Male,059,Driver,Not Thrown Out,Treated at Hospital,Fitted - Worn,Utility,Full,Straight Ahead,1.0,2 Metropolitan,5,4,Sunday,01:05 pm,100,Not Divided,Straight road,Level,Wet,Raining,Daylight,Head On,No Control
2017-5323-15/08/2019,2,1,Driver,Female,027,Driver,Not Thrown Out,Treated at Hospital,Fitted - Worn,Station Wagon,Full,Straight Ahead,5.0,2 Metropolitan,5,4,Sunday,01:05 pm,100,Not Divided,Straight road,Level,Wet,Raining,Daylight,Head On,No Control
2017-5323-15/08/2019,2,2,Passenger,Female,002,Rear Seat Middle Passenger,Not Thrown Out,Treated at Hospital,Child Restraint - Worn,Station Wagon,Full,Straight Ahead,5.0,2 Metropolitan,5,4,Sunday,01:05 pm,100,Not Divided,Straight road,Level,Wet,Raining,Daylight,Head On,No Control
2017-5323-15/08/2019,2,3,Passenger,Female,001,Rear Seat Right Passenger,Not Thrown Out,Treated at Hospital,Child Restraint - Worn,Station Wagon,Full,Straight Ahead,5.0,2 Metropolitan,5,4,Sunday,01:05 pm,100,Not Divided,Straight road,Level,Wet,Raining,Daylight,Head On,No Control
2017-5324-15/08/2019,2,1,Rider,Male,033,,Thrown Out,Treated at Hospital,,Pedal Cycle,,Straight Ahead,1.0,2 Metropolitan,2,1,Sunday,05:25 pm,60,Cross Road,Straight road,Level,Dry,Not Raining,Night,Right Angle,No Control
2017-5325-15/08/2019,1,1,Rider,Male,033,Rider of Motorcycle,Thrown Out,Fatal,,Motor Cycle,Unlicenced,Overtaking - on Right,1.0,2 Metropolitan,3,2,Sunday,02:30 pm,60,T-Junction,Straight road,Slope,Dry,Not Raining,Daylight,Side Swipe,No Control
2017-5325-15/08/2019,2,1,Rider,Male,021,Rider of Motorcycle,Thrown Out,Treated at Hospital,,Motor Cycle,Unlicenced,Overtaking - on Right,1.0,2 Metropolitan,3,2,Sunday,02:30 pm,60,T-Junction,Straight road,Slope,Dry,Not Raining,Daylight,Side Swipe,No Control
2017-5327-15/08/2019,1,1,Driver,Female,048,Driver,Not Thrown Out,Treated at Hospital,Fitted - Worn,Station Wagon,Full,Straight Ahead,1.0,3 Country,2,1,Sunday,10:10 pm,110,Not Divided,"CURVED, VIEW OPEN",Level,Wet,Raining,Night,Hit Fixed Object,No Control
2017-5330-15/08/2019,1,1,Driver,Female,044,Driver,Not Thrown Out,Treated at Hospital,Fitted - Not Worn,Panel Van,Unknown,Straight Ahead,1.0,3 Country,2,1,Friday,08:08 pm,50,Not Divided,Straight road,Level,Dry,Not Raining,Night,Hit Parked Vehicle,No Control
2017-5335-15/08/2019,1,1,Driver,Male,022,Driver,Not Thrown Out,Treated at Hospital,Fitted - Worn,Motor Cars - Sedan,Provisional 1 ,Straight Ahead,1.0,2 Metropolitan,2,1,Monday,06:30 am,100,Freeway,Straight road,Slope,Wet,Raining,Night,Hit Fixed Object,No Control
2017-5337-15/08/2019,3,1,Driver,Female,063,Driver,Not Thrown Out,By Private,Fitted - Worn,Motor Cars - Sedan,Full,Stopped on Carriageway,1.0,2 Metropolitan,4,1,Monday,07:00 am,70,Divided Road,Straight road,Level,Dry,Not Raining,Night,Rear End,No Control
2017-5338-15/08/2019,2,1,Rider,Male,071,,Thrown Out,Treated at Hospital,,Pedal Cycle,,Straight Ahead,1.0,2 Metropolitan,2,1,Monday,08:05 am,50,Cross Road,Straight road,Level,Wet,Raining,Daylight,Right Angle,Roundabout
2017-5339-15/08/2019,1,1,Driver,Male,021,Driver,Not Thrown Out,Admitted to Hospital,Fitted - Worn,Station Wagon,Full,Straight Ahead,1.0,2 Metropolitan,2,1,Monday,07:10 am,80,Cross Road,Straight road,Level,Wet,Raining,Night,Hit Fixed Object,Traffic Signals
2017-5340-15/08/2019,1,1,Driver,Female,081,Driver,Not Thrown Out,Treated at Hospital,Fitted - Worn,Motor Cars - Sedan,Full,Straight Ahead,1.0,3 Country,3,2,Monday,08:00 am,50,Cross Road,Straight road,Level,Dry,Not Raining,Daylight,Right Angle,Give Way Sign
2017-5340-15/08/2019,2,1,Driver,Male,060,Driver,Not Thrown Out,By Private,Fitted - Worn,Station Wagon,Full,Straight Ahead,1.0,3 Country,3,2,Monday,08:00 am,50,Cross Road,Straight road,Level,Dry,Not Raining,Daylight,Right Angle,Give Way Sign
2017-5344-15/08/2019,2,1,Driver,Female,042,Driver,Not Thrown Out,Treated at Hospital,Fitted - Worn,Motor Cars - Sedan,Full,Right Turn,1.0,3 Country,2,1,Monday,06:20 am,50,T-Junction,Straight road,Level,Dry,Not Raining,Night,Right Angle,No Control
2017-5349-15/08/2019,1,1,Driver,Female,018,Driver,Not Thrown Out,Treated at Hospital,Fitted - Worn,Other Defined Special Vehicle,Provisional 1 ,Straight Ahead,1.0,2 Metropolitan,2,1,Monday,06:50 am,60,Cross Road,Straight road,Level,Wet,Raining,Night,Right Turn,Traffic Signals
2017-5350-15/08/2019,1,1,Rider,Male,XXX,Rider of Motorcycle,Thrown Out,Admitted to Hospital,,Motor Cycle,Full,Straight Ahead,1.0,2 Metropolitan,2,1,Friday,03:50 am,80,Not Divided,Straight road,Level,Wet,Not Raining,Night,Hit Fixed Object,No Control
2017-5354-15/08/2019,1,1,Driver,Male,089,Driver,Not Thrown Out,Treated at Hospital,Fitted - Worn,Motor Cars - Sedan,Full,Right Turn,1.0,3 Country,2,2,Monday,02:27 pm,50,Cross Road,Straight road,Level,Dry,Not Raining,Daylight,Right Turn,Stop Sign
2017-5354-15/08/2019,2,1,Driver,Male,062,Driver,Not Thrown Out,Treated at Hospital,Fitted - Worn,Motor Cars - Sedan,Full,Straight Ahead,1.0,3 Country,2,2,Monday,02:27 pm,50,Cross Road,Straight road,Level,Dry,Not Raining,Daylight,Right Turn,Stop Sign
2017-5357-15/08/2019,1,1,Driver,Male,048,Driver,Not Thrown Out,By Private,Fitted - Worn,Motor Cars - Sedan,Full,Straight Ahead,1.0,2 Metropolitan,2,1,Monday,04:30 pm,60,Cross Road,Straight road,Level,Dry,Not Raining,Daylight,Rear End,Traffic Signals
2017-5360-15/08/2019,1,1,Passenger,Female,017,Front Seat Left Passenger,Not Thrown Out,By Private,Fitted - Worn,Motor Cars - Sedan,Provisional 1 ,Straight Ahead,2.0,3 Country,2,1,Sunday,05:00 pm,100,Not Divided,"CURVED, VIEW OBSCURED",Slope,Dry,Not Raining,Daylight,Head On,No Control
2017-5363-15/08/2019,1,1,Driver,Male,057,Driver,Not Thrown Out,By Private,Fitted - Worn,Station Wagon,Unknown,Straight Ahead,2.0,3 Country,1,2,Monday,01:50 pm,110,Not Divided,Straight road,Level,Dry,Not Raining,Daylight,Roll Over,No Control
2017-5363-15/08/2019,1,2,Passenger,Male,056,Front Seat Left Passenger,Not Thrown Out,By Private,Fitted - Worn,Station Wagon,Unknown,Straight Ahead,2.0,3 Country,1,2,Monday,01:50 pm,110,Not Divided,Straight road,Level,Dry,Not Raining,Daylight,Roll Over,No Control
2017-5365-15/08/2019,2,1,Pedestrian,Female,086,,,By Private,,Pedestrian on Road,,Crossing without Control,,2 Metropolitan,2,1,Monday,04:45 pm,60,Cross Road,"CURVED, VIEW OPEN",Level,Wet,Not Raining,Daylight,Hit Pedestrian,Traffic Signals
2017-5366-15/08/2019,1,1,Driver,Male,039,Driver,Not Thrown Out,Treated at Hospital,Fitted - Worn,Motor Cars - Sedan,Full,Right Turn,1.0,2 Metropolitan,2,1,Monday,02:36 pm,60,T-Junction,Straight road,Level,Wet,Raining,Daylight,Right Angle,Stop Sign
2017-5367-15/08/2019,2,1,Driver,Female,064,Driver,Not Thrown Out,Admitted to Hospital,Fitted - Worn,Station Wagon,Full,Straight Ahead,1.0,3 Country,2,1,Monday,03:50 pm,100,Cross Road,Straight road,Level,Dry,Not Raining,Daylight,Right Angle,Give Way Sign
2017-5368-15/08/2019,2,1,Driver,Female,017,Driver,Not Thrown Out,Treated at Hospital,Fitted - Worn,Motor Cars - Sedan,Provisional 1 ,Straight Ahead,1.0,2 Metropolitan,3,1,Monday,03:00 pm,50,T-Junction,Straight road,Level,Wet,Not Raining,Daylight,Right Angle,No Control
2017-5369-15/08/2019,1,1,Driver,Male,019,Driver,Not Thrown Out,Treated at Hospital,Fitted - Worn,Motor Cars - Sedan,Provisional 2,Straight Ahead,1.0,2 Metropolitan,2,1,Monday,05:10 pm,90,Freeway,Straight road,Level,Wet,Raining,Daylight,Hit Fixed Object,No Control
2017-5370-15/08/2019,1,1,Driver,Female,052,Driver,Not Thrown Out,Treated at Hospital,Fitted - Worn,Station Wagon,Full,Straight Ahead,1.0,2 Metropolitan,2,1,Monday,03:40 pm,60,Divided Road,Straight road,Level,Wet,Raining,Daylight,Side Swipe,No Control
2017-5371-15/08/2019,1,1,Driver,Female,019,Driver,Not Thrown Out,Treated at Hospital,Fitted - Worn,Motor Cars - Sedan,Provisional 2,Straight Ahead,2.0,2 Metropolitan,2,2,Monday,06:45 pm,60,T-Junction,Straight road,Level,Wet,Raining,Night,Right Turn,Traffic Signals
2017-5371-15/08/2019,1,2,Passenger,Male,019,Front Seat Left Passenger,Not Thrown Out,Treated at Hospital,Fitted - Worn,Motor Cars - Sedan,Provisional 2,Straight Ahead,2.0,2 Metropolitan,2,2,Monday,06:45 pm,60,T-Junction,Straight road,Level,Wet,Raining,Night,Right Turn,Traffic Signals
2017-5374-15/08/2019,1,1,Driver,Female,066,Driver,Not Thrown Out,Treated at Hospital,Fitted - Worn,Motor Cars - Sedan,Full,Straight Ahead,1.0,2 Metropolitan,2,1,Monday,06:35 pm,50,T-Junction,Straight road,Level,Wet,Raining,Night,Hit Fixed Object,Roundabout
2017-5375-15/08/2019,1,1,Driver,Male,020,Driver,Not Thrown Out,Treated at Hospital,Fitted - Worn,Station Wagon,Full,Straight Ahead,1.0,2 Metropolitan,2,1,Monday,04:20 pm,80,Divided Road,Straight road,Level,Wet,Raining,Daylight,Rear End,No Control
2017-5376-15/08/2019,2,1,Pedestrian,Male,046,,,Treated at Hospital,,Pedestrian on Road,,Crossing with Traffic Signals,,1 City,2,1,Monday,05:52 pm,50,Cross Road,Straight road,Level,Wet,Raining,Night,Hit Pedestrian,Traffic Signals
2017-5379-15/08/2019,2,1,Rider,Male,058,,Thrown Out,Treated at Hospital,,Pedal Cycle,,Straight Ahead,1.0,1 City,2,1,Monday,05:50 pm,50,Cross Road,Straight road,Level,Wet,Raining,Night,Right Angle,Roundabout
2017-5380-15/08/2019,1,1,Driver,Male,051,Driver,Not Thrown Out,Treated at Hospital,Fitted - Unknown if Worn,Utility,Full,Straight Ahead,1.0,3 Country,2,1,Monday,06:00 pm,100,Not Divided,"CURVED, VIEW OPEN",Level,Wet,Raining,Night,Hit Fixed Object,No Control
2017-5381-15/08/2019,1,1,Driver,Male,027,Driver,Not Thrown Out,Treated at Hospital,Fitted - Worn,Motor Cars - Sedan,Full,Swerving,1.0,2 Metropolitan,2,1,Monday,06:30 pm,80,Not Divided,"CURVED, VIEW OPEN",Slope,Wet,Raining,Night,Hit Fixed Object,No Control
2017-5384-15/08/2019,3,1,Driver,Female,023,Driver,Not Thrown Out,Treated at Hospital,Fitted - Worn,Motor Cars - Sedan,Unknown,Straight Ahead,1.0,2 Metropolitan,3,1,Monday,09:00 pm,80,T-Junction,Straight road,Level,Wet,Raining,Night,Rear End,Traffic Signals
2017-5385-15/08/2019,2,1,Pedestrian,Female,029,,,Admitted to Hospital,,Pedestrian on Road,,Crossing with Traffic Signals,,2 Metropolitan,2,1,Monday,08:05 pm,60,Cross Road,Straight road,Level,Wet,Raining,Night,Hit Pedestrian,Traffic Signals
2017-5386-15/08/2019,1,1,Driver,Female,073,Driver,Not Thrown Out,Admitted to Hospital,Fitted - Worn,Motor Cars - Sedan,Full,Left Turn,1.0,2 Metropolitan,3,1,Monday,10:25 am,70,Cross Road,Straight road,Level,Wet,Raining,Daylight,Right Angle,Traffic Signals
2017-5387-15/08/2019,2,1,Driver,Female,041,Driver,Not Thrown Out,By Private,Fitted - Worn,Motor Cars - Sedan,Full,Straight Ahead,1.0,3 Country,2,1,Monday,08:25 am,60,Cross Road,Straight road,Crest of Hill,Wet,Raining,Daylight,Right Angle,Give Way Sign
2017-5390-15/08/2019,2,1,Driver,Female,055,Driver,Not Thrown Out,By Private,Fitted - Worn,Station Wagon,Full,Straight Ahead,1.0,2 Metropolitan,2,1,Tuesday,06:45 am,80,Divided Road,Straight road,Level,Dry,Not Raining,Night,Rear End,No Control
2017-5391-15/08/2019,1,1,Rider,Male,064,,Thrown Out,Admitted to Hospital,,Pedal Cycle,,Straight Ahead,1.0,2 Metropolitan,1,1,Tuesday,07:10 am,60,Not Divided,"CURVED, VIEW OBSCURED",Slope,Wet,Not Raining,Night,Roll Over,No Control
2017-5392-15/08/2019,1,1,Driver,Male,036,Driver,Not Thrown Out,Admitted to Hospital,Fitted - Worn,Utility,Full,Straight Ahead,1.0,3 Country,1,1,Monday,09:15 am,110,Divided Road,Straight road,Level,Wet,Not Raining,Daylight,Roll Over,No Control
2017-5393-15/08/2019,2,1,Driver,Female,050,Driver,Not Thrown Out,By Private,Fitted - Worn,Motor Cars - Sedan,Full,Stopped on Carriageway,2.0,2 Metropolitan,3,1,Tuesday,07:50 am,60,Divided Road,"CURVED, VIEW OPEN",Slope,Dry,Not Raining,Daylight,Rear End,No Control
2017-5399-15/08/2019,1,1,Passenger,Female,031,Front Seat Left Passenger,Not Thrown Out,By Private,Fitted - Worn,Station Wagon,Full,Stopped on Carriageway,2.0,2 Metropolitan,2,1,Monday,03:00 pm,50,Cross Road,Straight road,Level,Dry,Not Raining,Daylight,Rear End,Give Way Sign
2017-5400-15/08/2019,2,1,Driver,Female,076,Driver,Not Thrown Out,Treated at Hospital,Fitted - Unknown if Worn,Station Wagon,Full,Overtaking - on Right,1.0,2 Metropolitan,2,1,Tuesday,11:30 am,60,T-Junction,Straight road,Level,Dry,Not Raining,Daylight,Side Swipe,Give Way Sign
2017-5401-15/08/2019,1,1,Driver,Female,038,Driver,Not Thrown Out,By Private,Fitted - Worn,Motor Cars - Sedan,Full,Stopped on Carriageway,3.0,2 Metropolitan,2,1,Monday,12:30 pm,60,Rail Xing,Straight road,Level,Wet,Raining,Daylight,Rear End,Traffic Signals
2017-5402-15/08/2019,2,1,Driver,Male,028,Driver,Not Thrown Out,Treated at Hospital,Fitted - Worn,Motor Cars - Sedan,Full,Straight Ahead,1.0,2 Metropolitan,2,1,Tuesday,12:40 pm,60,T-Junction,Straight road,Level,Dry,Not Raining,Daylight,Right Angle,No Control
2017-5409-15/08/2019,1,1,Passenger,Male,015,Front Seat Left Passenger,Not Thrown Out,Admitted to Hospital,Fitted - Worn,Motor Cars - Sedan,Full,Straight Ahead,3.0,2 Metropolitan,2,3,Tuesday,02:00 pm,50,Not Divided,Straight road,Slope,Dry,Not Raining,Daylight,Hit Parked Vehicle,No Control
2017-5409-15/08/2019,1,2,Passenger,Male,015,Rear Seat Left Passenger,Not Thrown Out,Admitted to Hospital,Fitted - Worn,Motor Cars - Sedan,Full,Straight Ahead,3.0,2 Metropolitan,2,3,Tuesday,02:00 pm,50,Not Divided,Straight road,Slope,Dry,Not Raining,Daylight,Hit Parked Vehicle,No Control
2017-5409-15/08/2019,2,1,Driver,Male,050,Driver,Not Thrown Out,Admitted to Hospital,Fitted - Worn,Motor Cars - Sedan,Full,Parked,2.0,2 Metropolitan,2,3,Tuesday,02:00 pm,50,Not Divided,Straight road,Slope,Dry,Not Raining,Daylight,Hit Parked Vehicle,No Control
2017-5410-15/08/2019,1,1,Rider,Male,019,Rider of Motorcycle,Thrown Out,Treated at Hospital,,Motor Cycle,Learners,Straight Ahead,1.0,2 Metropolitan,2,1,Tuesday,04:30 pm,100,Not Divided,"CURVED, VIEW OPEN",Crest of Hill,Dry,Not Raining,Daylight,Hit Fixed Object,No Control
2017-5412-15/08/2019,1,1,Driver,Female,017,Driver,Not Thrown Out,Treated at Hospital,Fitted - Worn,Motor Cars - Sedan,Learners,Straight Ahead,5.0,3 Country,1,5,Tuesday,02:20 pm,110,Not Divided,Straight road,Level,Dry,Not Raining,Daylight,Roll Over,No Control
2017-5412-15/08/2019,1,2,Passenger,Male,019,Rear Seat Left Passenger,Not Thrown Out,Treated at Hospital,Fitted - Worn,Motor Cars - Sedan,Learners,Straight Ahead,5.0,3 Country,1,5,Tuesday,02:20 pm,110,Not Divided,Straight road,Level,Dry,Not Raining,Daylight,Roll Over,No Control
2017-5412-15/08/2019,1,3,Passenger,Female,019,Rear Seat Middle Passenger,Not Thrown Out,Treated at Hospital,Fitted - Worn,Motor Cars - Sedan,Learners,Straight Ahead,5.0,3 Country,1,5,Tuesday,02:20 pm,110,Not Divided,Straight road,Level,Dry,Not Raining,Daylight,Roll Over,No Control
2017-5412-15/08/2019,1,4,Passenger,Female,014,Rear Seat Right Passenger,Not Thrown Out,Treated at Hospital,Fitted - Worn,Motor Cars - Sedan,Learners,Straight Ahead,5.0,3 Country,1,5,Tuesday,02:20 pm,110,Not Divided,Straight road,Level,Dry,Not Raining,Daylight,Roll Over,No Control
2017-5412-15/08/2019,1,5,Passenger,Male,XXX,Front Seat Left Passenger,Not Thrown Out,Treated at Hospital,Fitted - Worn,Motor Cars - Sedan,Learners,Straight Ahead,5.0,3 Country,1,5,Tuesday,02:20 pm,110,Not Divided,Straight road,Level,Dry,Not Raining,Daylight,Roll Over,No Control
2017-5413-15/08/2019,1,1,Rider,Male,018,,Thrown Out,Admitted to Hospital,,Pedal Cycle,,Straight Ahead,1.0,2 Metropolitan,2,1,Tuesday,05:50 pm,60,Not Divided,Straight road,Level,Dry,Not Raining,Night,Hit Object on Road,No Control
2017-5419-15/08/2019,1,1,Driver,Female,028,Driver,Not Thrown Out,Treated at Hospital,Fitted - Worn,Motor Cars - Sedan,Full,Straight Ahead,1.0,2 Metropolitan,1,1,Tuesday,10:42 pm,60,Divided Road,Straight road,Level,Dry,Not Raining,Night,Roll Over,No Control
2017-5423-15/08/2019,2,1,Driver,Male,032,Driver,Not Thrown Out,Treated at Hospital,Fitted - Worn,Station Wagon,Full,Straight Ahead,1.0,2 Metropolitan,2,1,Wednesday,08:22 am,60,T-Junction,"CURVED, VIEW OPEN",Level,Dry,Not Raining,Daylight,Right Turn,No Control
2017-5425-15/08/2019,2,1,Pedestrian,Female,073,,,Treated at Hospital,,Pedestrian on Road,,Crossing with Traffic Signals,,3 Country,2,1,Wednesday,09:55 am,50,Cross Road,Straight road,Slope,Dry,Not Raining,Daylight,Hit Pedestrian,Traffic Signals
2017-5431-15/08/2019,1,1,Rider,Male,032,,Thrown Out,Treated at Hospital,,Pedal Cycle,,Straight Ahead,1.0,2 Metropolitan,2,1,Monday,06:20 pm,60,Multiple,Straight road,Level,Dry,Not Raining,Night,Right Angle,Stop Sign
2017-5433-15/08/2019,1,1,Pedestrian,Male,014,,,By Private,,Pedestrian on Road,,Crossing without Control,,2 Metropolitan,2,1,Wednesday,01:31 pm,50,Not Divided,Straight road,Level,Dry,Not Raining,Daylight,Hit Pedestrian,No Control
2017-5439-15/08/2019,1,1,Rider,Male,058,Rider of Motorcycle,Thrown Out,Treated at Hospital,,Motor Cycle,Full,Straight Ahead,1.0,3 Country,1,1,Saturday,10:30 am,100,Not Divided,"CURVED, VIEW OPEN",Crest of Hill,Dry,Not Raining,Daylight,Roll Over,No Control
2017-5440-15/08/2019,2,1,Rider,Male,015,,Thrown Out,Treated at Hospital,,Pedal Cycle,,Straight Ahead,1.0,2 Metropolitan,2,1,Wednesday,03:11 pm,60,Not Divided,Straight road,Level,Dry,Not Raining,Daylight,Right Angle,No Control
2017-5441-15/08/2019,2,1,Rider,Male,061,Rider of Motorcycle,Thrown Out,Treated at Hospital,,Motor Cycle,Full,Straight Ahead,1.0,2 Metropolitan,2,1,Wednesday,11:39 am,60,T-Junction,Straight road,Level,Dry,Not Raining,Daylight,Right Angle,No Control
2017-5442-15/08/2019,2,1,Pedestrian,Female,058,,,Treated at Hospital,,Pedestrian on Footpath/Carpark,,Walking on Footpath,,2 Metropolitan,2,1,Wednesday,03:30 pm,10,Not Divided,Straight road,Level,Dry,Not Raining,Daylight,Hit Pedestrian,No Control
2017-5444-15/08/2019,1,1,Driver,Male,017,Driver,Not Thrown Out,Treated at Hospital,Fitted - Worn,Utility,Provisional 1 ,Straight Ahead,1.0,2 Metropolitan,1,1,Wednesday,04:20 pm,90,Not Divided,"CURVED, VIEW OPEN",Level,Dry,Not Raining,Daylight,Left Road - Out of Control,No Control
2017-5445-15/08/2019,2,1,Driver,Male,086,Driver,Not Thrown Out,Admitted to Hospital,Fitted - Worn,Motor Cars - Sedan,Full,Straight Ahead,1.0,2 Metropolitan,2,1,Tuesday,03:20 pm,60,Not Divided,Straight road,Level,Dry,Not Raining,Daylight,Rear End,No Control
2017-5447-15/08/2019,1,1,Driver,Female,034,Driver,Not Thrown Out,By Private,Fitted - Worn,Station Wagon,Full,Stopped on Carriageway,1.0,3 Country,2,1,Monday,05:30 pm,60,Cross Road,Straight road,Level,Dry,Not Raining,Night,Rear End,Traffic Signals
2017-5448-15/08/2019,1,1,Driver,Female,024,Driver,Not Thrown Out,By Private,Fitted - Worn,Motor Cars - Sedan,Full,Straight Ahead,1.0,2 Metropolitan,2,1,Wednesday,08:37 am,60,Divided Road,Straight road,Level,Dry,Not Raining,Daylight,Side Swipe,No Control
2017-5450-15/08/2019,2,1,Driver,Female,070,Driver,Not Thrown Out,Treated at Hospital,Fitted - Worn,Motor Cars - Sedan,Full,Right Turn,1.0,2 Metropolitan,2,1,Wednesday,04:40 pm,60,T-Junction,Straight road,Level,Dry,Not Raining,Daylight,Right Turn,No Control
2017-5458-15/08/2019,1,1,Driver,Male,017,Driver,Not Thrown Out,Treated at Hospital,Fitted - Worn,Motor Cars - Sedan,Learners,Right Turn,3.0,2 Metropolitan,2,3,Wednesday,06:30 pm,90,Cross Road,Straight road,Level,Dry,Not Raining,Night,Right Turn,Stop Sign
2017-5458-15/08/2019,1,2,Passenger,Female,016,Rear Seat Right Passenger,Not Thrown Out,Treated at Hospital,Fitted - Unknown if Worn,Motor Cars - Sedan,Learners,Right Turn,3.0,2 Metropolitan,2,3,Wednesday,06:30 pm,90,Cross Road,Straight road,Level,Dry,Not Raining,Night,Right Turn,Stop Sign
2017-5458-15/08/2019,1,3,Passenger,Female,046,Front Seat Left Passenger,Not Thrown Out,Treated at Hospital,Fitted - Worn,Motor Cars - Sedan,Learners,Right Turn,3.0,2 Metropolitan,2,3,Wednesday,06:30 pm,90,Cross Road,Straight road,Level,Dry,Not Raining,Night,Right Turn,Stop Sign
2017-5459-15/08/2019,1,1,Driver,Male,085,Driver,Not Thrown Out,Treated at Hospital,Fitted - Worn,Motor Cars - Sedan,Full,U Turn,1.0,2 Metropolitan,2,2,Wednesday,03:51 pm,80,Divided Road,Straight road,Level,Dry,Not Raining,Daylight,Side Swipe,No Control
2017-5459-15/08/2019,2,1,Driver,Female,020,Driver,Not Thrown Out,Treated at Hospital,Fitted - Worn,Motor Cars - Sedan,Full,Straight Ahead,1.0,2 Metropolitan,2,2,Wednesday,03:51 pm,80,Divided Road,Straight road,Level,Dry,Not Raining,Daylight,Side Swipe,No Control
2017-5463-15/08/2019,1,1,Rider,Male,061,Rider of Motorcycle,Thrown Out,Treated at Hospital,,Motor Cycle,Unknown,Left Turn,1.0,2 Metropolitan,1,1,Wednesday,06:15 pm,60,T-Junction,Straight road,Level,Dry,Not Raining,Night,Roll Over,No Control
2017-5465-15/08/2019,2,1,Pedestrian,Male,011,,,Treated at Hospital,,Pedestrian on Road,,Crossing without Control,,2 Metropolitan,2,1,Wednesday,06:28 pm,60,Not Divided,"CURVED, VIEW OPEN",Level,Dry,Not Raining,Night,Hit Pedestrian,No Control
2017-5468-15/08/2019,1,1,Driver,Female,057,Driver,Not Thrown Out,Treated at Hospital,Fitted - Worn,Motor Cars - Sedan,Full,Straight Ahead,1.0,2 Metropolitan,3,1,Wednesday,03:35 pm,40,Not Divided,Straight road,Level,Dry,Not Raining,Daylight,Hit Parked Vehicle,No Control
2017-5469-15/08/2019,1,1,Rider,Male,024,Rider of Motorcycle,Thrown Out,Treated at Hospital,,Motor Cycle,Full,Straight Ahead,1.0,2 Metropolitan,5,1,Wednesday,06:00 pm,80,Divided Road,Straight road,Level,Dry,Not Raining,Night,Rear End,No Control
2017-5473-15/08/2019,1,1,Driver,Female,037,Driver,Not Thrown Out,By Private,Fitted - Worn,Motor Cars - Sedan,Full,Stopped on Carriageway,1.0,2 Metropolitan,2,1,Thursday,08:24 am,50,T-Junction,Straight road,Level,Dry,Not Raining,Daylight,Rear End,Give Way Sign
2017-5479-15/08/2019,1,1,Driver,Female,027,Driver,Not Thrown Out,By Private,Fitted - Worn,Motor Cars - Sedan,Full,Stopped on Carriageway,1.0,2 Metropolitan,2,1,Wednesday,01:45 pm,50,Not Divided,Straight road,Level,Dry,Not Raining,Daylight,Right Angle,No Control
2017-5481-15/08/2019,1,1,Driver,Male,076,Driver,Not Thrown Out,By Private,Fitted - Worn,Motor Cars - Sedan,Full,Straight Ahead,2.0,2 Metropolitan,2,2,Thursday,08:55 am,50,T-Junction,Straight road,Slope,Dry,Not Raining,Daylight,Right Angle,Roundabout
2017-5481-15/08/2019,1,2,Passenger,Female,070,Front Seat Left Passenger,Not Thrown Out,By Private,Fitted - Worn,Motor Cars - Sedan,Full,Straight Ahead,2.0,2 Metropolitan,2,2,Thursday,08:55 am,50,T-Junction,Straight road,Slope,Dry,Not Raining,Daylight,Right Angle,Roundabout
2017-5483-15/08/2019,1,1,Driver,Female,050,Driver,Not Thrown Out,By Private,Fitted - Worn,Motor Cars - Sedan,Full,Stopped on Carriageway,1.0,2 Metropolitan,2,1,Wednesday,02:40 pm,60,T-Junction,Straight road,Level,Dry,Not Raining,Daylight,Rear End,Traffic Signals
2017-5484-15/08/2019,2,1,Rider,Female,078,,Thrown Out,Treated at Hospital,,Pedal Cycle,,Straight Ahead,1.0,2 Metropolitan,2,1,Thursday,10:38 am,60,T-Junction,Straight road,Level,Dry,Not Raining,Daylight,Right Angle,No Control
2017-5488-15/08/2019,1,1,Rider,Female,020,Rider of Motorcycle,Thrown Out,Treated at Hospital,,Motor Cycle,Full,Stopped on Carriageway,1.0,2 Metropolitan,2,1,Thursday,11:10 am,80,Divided Road,Straight road,Level,Dry,Not Raining,Daylight,Rear End,No Control
2017-5494-15/08/2019,1,1,Driver,Female,XXX,Driver,Not Thrown Out,By Private,Fitted - Worn,Motor Cars - Sedan,Full,Stopped on Carriageway,1.0,2 Metropolitan,2,1,Thursday,07:30 am,90,Divided Road,Straight road,Level,Dry,Not Raining,Daylight,Rear End,No Control
2017-5500-15/08/2019,1,1,Driver,Female,024,Driver,Not Thrown Out,Treated at Hospital,Fitted - Worn,Motor Cars - Sedan,Full,Straight Ahead,1.0,2 Metropolitan,2,1,Thursday,07:25 am,80,Cross Road,Straight road,Level,Dry,Not Raining,Daylight,Side Swipe,Traffic Signals