REPORT_ID,UND_UNIT_NUMBER,CASUALTY_NUMBER,Casualty Type,Sex_x,AGE,Position In Veh,Thrown Out,Injury Extent,Seat Belt,Unit Type,Licence Type,Unit Movement,Number Occupants,Stats Area,Total Units,Total Cas,Day,Time,Area Speed,Position Type,Horizontal Align,Vertical Align,Moisture Cond,Weather Cond,DayNight,Crash Type,Traffic Ctrls
2017-5501-15/08/2019,1,1,Driver,Female,081,Driver,Not Thrown Out,Treated at Hospital,Fitted - Worn,Motor Cars - Sedan,Full,Right Turn,1.0,2 Metropolitan,2,2,Thursday,03:30 pm,60,Cross Road,Straight road,Level,Dry,Not Raining,Daylight,Right Turn,Traffic Signals
2017-5501-15/08/2019,2,1,Driver,Female,033,Driver,Not Thrown Out,Treated at Hospital,Fitted - Worn,Motor Cars - Sedan,Full,Straight Ahead,1.0,2 Metropolitan,2,2,Thursday,03:30 pm,60,Cross Road,Straight road,Level,Dry,Not Raining,Daylight,Right Turn,Traffic Signals
2017-5502-15/08/2019,1,1,Driver,Female,037,Driver,Not Thrown Out,By Private,Fitted - Worn,Motor Cars - Sedan,Unknown,Stopped on Carriageway,1.0,2 Metropolitan,2,1,Thursday,04:35 pm,60,Divided Road,Straight road,Level,Dry,Not Raining,Daylight,Rear End,No Control
2017-5503-15/08/2019,2,1,Passenger,Female,007,Front Seat Left Passenger,Not Thrown Out,Treated at Hospital,Fitted - Worn,Motor Cars - Sedan,Full,Right Turn,2.0,2 Metropolitan,2,1,Thursday,04:00 pm,60,T-Junction,Straight road,Level,Dry,Not Raining,Daylight,Right Turn,No Control
2017-5504-15/08/2019,1,1,Driver,Male,076,Driver,Not Thrown Out,Admitted to Hospital,Fitted - Worn,Station Wagon,Full,Straight Ahead,1.0,3 Country,2,1,Sunday,12:40 pm,100,Not Divided,"CURVED, VIEW OPEN",Level,Dry,Not Raining,Daylight,Hit Fixed Object,No Control
2017-5511-15/08/2019,1,1,Driver,Female,025,Driver,Not Thrown Out,By Private,Fitted - Worn,Motor Cars - Sedan,Full,Stopped on Carriageway,1.0,2 Metropolitan,2,1,Thursday,05:30 pm,70,Divided Road,Straight road,Level,Dry,Not Raining,Night,Rear End,No Control
2017-5512-15/08/2019,2,1,Pedestrian,Male,008,,,Treated at Hospital,,Pedestrian on Road,,Crossing without Control,,3 Country,2,1,Thursday,03:30 pm,60,T-Junction,Straight road,Level,Dry,Not Raining,Daylight,Hit Pedestrian,Stop Sign
2017-5514-15/08/2019,2,1,Passenger,Male,002,Rear Seat Left Passenger,Not Thrown Out,Treated at Hospital,Child Restraint - Worn,Station Wagon,Full,Right Turn,2.0,2 Metropolitan,2,1,Thursday,06:10 pm,60,Cross Road,Straight road,Level,Dry,Not Raining,Night,Right Turn,Traffic Signals
2017-5515-15/08/2019,2,1,Driver,Male,032,Driver,Not Thrown Out,Treated at Hospital,Fitted - Worn,Motor Cars - Sedan,Full,Straight Ahead,1.0,2 Metropolitan,2,1,Thursday,04:40 pm,50,Cross Road,Straight road,Level,Dry,Not Raining,Daylight,Right Angle,Give Way Sign
2017-5520-15/08/2019,1,1,Driver,Male,019,Driver,Not Thrown Out,Admitted to Hospital,Fitted - Worn,Utility,Provisional 2,Straight Ahead,1.0,3 Country,2,1,Thursday,07:00 pm,100,Not Divided,"CURVED, VIEW OBSCURED",Crest of Hill,Dry,Not Raining,Night,Hit Fixed Object,No Control
2017-5523-15/08/2019,2,1,Pedestrian,Male,008,,,Treated at Hospital,,Pedestrian on Road,,Crossing without Control,,2 Metropolitan,2,1,Thursday,11:45 pm,60,Not Divided,Straight road,Level,Dry,Not Raining,Night,Hit Pedestrian,No Control
2017-5524-15/08/2019,2,1,Driver,Female,053,Driver,Not Thrown Out,Treated at Hospital,Fitted - Worn,Station Wagon,Full,Stopped on Carriageway,1.0,2 Metropolitan,2,1,Friday,06:15 am,110,Interchange,Straight road,Slope,Dry,Not Raining,Night,Rear End,No Control
2017-5525-15/08/2019,1,1,Driver,Female,019,Driver,Not Thrown Out,Treated at Hospital,Fitted - Worn,Motor Cars - Sedan,Provisional 2,Straight Ahead,1.0,2 Metropolitan,3,1,Wednesday,12:30 pm,60,Divided Road,Straight road,Level,Dry,Not Raining,Daylight,Rear End,No Control
2017-5526-15/08/2019,2,1,Driver,Female,017,Driver,Not Thrown Out,By Private,Fitted - Worn,Motor Cars - Sedan,Provisional 1 ,Stopped on Carriageway,1.0,2 Metropolitan,3,1,Thursday,12:54 pm,60,Not Divided,Straight road,Level,Dry,Not Raining,Daylight,Rear End,No Control
2017-5532-15/08/2019,2,1,Pedestrian,Male,049,,,Treated at Hospital,,Pedestrian on Road,,Crossing with Traffic Signals,,1 City,2,1,Thursday,10:50 am,50,Cross Road,Straight road,Level,Dry,Not Raining,Daylight,Hit Pedestrian,Traffic Signals
2017-5533-15/08/2019,2,1,Pedestrian,Male,015,,,Treated at Hospital,,Pedestrian on Footpath/Carpark,,Walking on Footpath,,3 Country,2,1,Friday,08:10 am,50,Not Divided,Straight road,Level,Dry,Not Raining,Daylight,Hit Pedestrian,No Control
2017-5535-15/08/2019,1,1,Rider,Male,043,,Thrown Out,By Private,,Pedal Cycle,,Straight Ahead,1.0,2 Metropolitan,1,1,Wednesday,07:10 am,50,Divided Road,Straight road,Level,Wet,Not Raining,Daylight,Roll Over,No Control
2017-5541-15/08/2019,1,1,Driver,Female,050,Driver,Not Thrown Out,Admitted to Hospital,Fitted - Worn,Station Wagon,Full,Straight Ahead,1.0,3 Country,1,1,Thursday,06:50 am,100,Not Divided,Straight road,Level,Dry,Not Raining,Night,Roll Over,No Control
2017-5546-15/08/2019,1,1,Driver,Male,XXX,Driver,Not Thrown Out,By Private,Fitted - Worn,Station Wagon,Full,Stopped on Carriageway,1.0,2 Metropolitan,2,1,Thursday,08:33 am,60,Divided Road,Straight road,Crest of Hill,Dry,Not Raining,Daylight,Rear End,No Control
2017-5548-15/08/2019,2,1,Passenger,Female,016,Front Seat Left Passenger,Not Thrown Out,Treated at Hospital,Fitted - Worn,Motor Cars - Sedan,Full,Straight Ahead,2.0,2 Metropolitan,2,1,Friday,11:40 am,90,Divided Road,Straight road,Level,Dry,Not Raining,Daylight,Side Swipe,No Control
2017-5549-15/08/2019,1,1,Driver,Female,046,Driver,Not Thrown Out,By Private,Fitted - Worn,Motor Cars - Sedan,Full,Stopped on Carriageway,1.0,2 Metropolitan,2,1,Thursday,05:20 pm,60,Divided Road,Straight road,Level,Dry,Not Raining,Night,Rear End,No Control
2017-5550-15/08/2019,1,1,Driver,Male,033,Driver,Not Thrown Out,Admitted to Hospital,Fitted - Worn,Motor Cars - Sedan,Provisional 1 ,Straight Ahead,2.0,2 Metropolitan,2,2,Friday,09:22 am,110,Freeway,"CURVED, VIEW OPEN",Slope,Dry,Not Raining,Daylight,Hit Fixed Object,No Control
2017-5550-15/08/2019,1,2,Passenger,Male,033,Front Seat Left Passenger,Not Thrown Out,Treated at Hospital,Fitted - Worn,Motor Cars - Sedan,Provisional 1 ,Straight Ahead,2.0,2 Metropolitan,2,2,Friday,09:22 am,110,Freeway,"CURVED, VIEW OPEN",Slope,Dry,Not Raining,Daylight,Hit Fixed Object,No Control
2017-5552-15/08/2019,2,1,Driver,Female,052,Driver,Not Thrown Out,Treated at Hospital,Fitted - Worn,Motor Cars - Sedan,Full,Straight Ahead,1.0,2 Metropolitan,2,1,Thursday,02:23 pm,60,Divided Road,Straight road,Level,Dry,Not Raining,Daylight,Side Swipe,No Control
2017-5553-15/08/2019,2,1,Pedestrian,Male,086,,,Treated at Hospital,,Pedestrian on Road,,Crossing without Control,,2 Metropolitan,2,1,Friday,02:43 pm,50,T-Junction,Straight road,Level,Dry,Not Raining,Daylight,Hit Pedestrian,Roundabout
2017-5555-15/08/2019,1,1,Driver,Male,022,Driver,Not Thrown Out,By Private,Fitted - Worn,Motor Cars - Sedan,Full,Straight Ahead,1.0,3 Country,2,1,Thursday,10:00 pm,100,Not Divided,"CURVED, VIEW OPEN",Slope,Dry,Not Raining,Night,Hit Fixed Object,No Control
2017-5558-15/08/2019,1,1,Driver,Female,042,Driver,Not Thrown Out,Treated at Hospital,Fitted - Worn,Motor Cars - Sedan,Full,Straight Ahead,2.0,2 Metropolitan,2,1,Friday,04:00 pm,60,Cross Road,Straight road,Level,Dry,Not Raining,Daylight,Right Angle,Stop Sign
2017-5559-15/08/2019,1,1,Driver,Female,050,Driver,Not Thrown Out,By Private,Fitted - Worn,Station Wagon,Full,Stopped on Carriageway,1.0,2 Metropolitan,2,1,Friday,03:15 pm,60,Cross Road,Straight road,Level,Dry,Not Raining,Daylight,Rear End,Traffic Signals
2017-5560-15/08/2019,1,1,Rider,Male,017,Rider of Motorcycle,Thrown Out,Treated at Hospital,,Motor Cycle,Unknown,Straight Ahead,1.0,2 Metropolitan,1,1,Wednesday,10:00 pm,60,Divided Road,"CURVED, VIEW OBSCURED",Level,Wet,Not Raining,Night,Roll Over,No Control
2017-5565-15/08/2019,2,1,Rider,Male,022,,Not Thrown Out,Treated at Hospital,,Pedal Cycle,,Straight Ahead,1.0,2 Metropolitan,2,1,Friday,02:14 pm,60,Divided Road,Straight road,Level,Dry,Not Raining,Daylight,Hit Parked Vehicle,No Control
2017-5566-15/08/2019,2,1,Pedestrian,Male,047,,,Treated at Hospital,,Pedestrian on Road,,Crossing with Traffic Signals,,2 Metropolitan,2,1,Friday,03:00 pm,50,Cross Road,Straight road,Level,Dry,Not Raining,Daylight,Hit Pedestrian,Traffic Signals
2017-5569-15/08/2019,1,1,Driver,Male,049,Driver,Not Thrown Out,Admitted to Hospital,Fitted - Worn,Motor Cars - Sedan,Full,Straight Ahead,1.0,2 Metropolitan,2,1,Friday,04:11 pm,100,Not Divided,Straight road,Level,Dry,Not Raining,Daylight,Hit Fixed Object,No Control
2017-5579-15/08/2019,1,1,Rider,Male,026,Rider of Motorcycle,Thrown Out,Treated at Hospital,,Motor Cycle,Full,Straight Ahead,1.0,2 Metropolitan,1,1,Friday,08:29 pm,60,Divided Road,Straight road,Level,Dry,Not Raining,Night,Roll Over,No Control
2017-5580-15/08/2019,1,1,Pedestrian,Female,021,,,Treated at Hospital,,Pedestrian on Road,,Walking on Road,,3 Country,2,1,Tuesday,07:30 pm,80,Not Divided,Straight road,Level,Dry,Not Raining,Night,Hit Pedestrian,No Control
2017-5586-15/08/2019,2,1,Rider,Male,XXX,Rider of Motorcycle,Thrown Out,Treated at Hospital,,Motor Cycle,Full,Straight Ahead,1.0,2 Metropolitan,2,1,Saturday,06:00 am,60,T-Junction,Straight road,Level,Dry,Not Raining,Night,Right Angle,No Control
2017-5595-15/08/2019,2,1,Driver,Female,078,Driver,Not Thrown Out,Treated at Hospital,Fitted - Worn,Motor Cars - Sedan,Full,Overtaking - on Left,1.0,2 Metropolitan,2,1,Saturday,11:24 am,60,Not Divided,Straight road,Slope,Dry,Not Raining,Daylight,Side Swipe,No Control
2017-5598-15/08/2019,1,1,Rider,Male,XXX,Rider of Motorcycle,Thrown Out,Treated at Hospital,,Motor Cycle,Full,Straight Ahead,1.0,2 Metropolitan,2,1,Saturday,11:05 am,60,Cross Road,Straight road,Level,Dry,Not Raining,Daylight,Right Turn,Give Way Sign
2017-5599-15/08/2019,2,1,Pedestrian,Male,029,,,Treated at Hospital,,Pedestrian on Road,,Crossing with Traffic Signals,,2 Metropolitan,2,1,Saturday,07:44 am,60,Cross Road,Straight road,Level,Dry,Not Raining,Daylight,Hit Pedestrian,Traffic Signals
2017-5600-15/08/2019,2,1,Passenger,Female,079,Front Seat Left Passenger,Not Thrown Out,Treated at Hospital,Fitted - Worn,Motor Cars - Sedan,Full,Right Turn,2.0,3 Country,2,1,Saturday,12:33 pm,50,T-Junction,"CURVED, VIEW OPEN",Level,Dry,Not Raining,Daylight,Side Swipe,Give Way Sign
2017-5602-15/08/2019,2,1,Pedestrian,Male,XXX,,,Treated at Hospital,,Pedestrian on Road,,Crossing with Traffic Signals,,1 City,3,1,Friday,08:10 pm,50,Cross Road,Straight road,Level,Dry,Not Raining,Night,Hit Pedestrian,Traffic Signals
2017-5603-15/08/2019,1,1,Driver,Female,059,Driver,Not Thrown Out,Treated at Hospital,Fitted - Worn,Motor Cars - Sedan,Full,Straight Ahead,2.0,3 Country,2,2,Saturday,12:22 pm,60,Not Divided,Straight road,Slope,Dry,Not Raining,Daylight,Hit Fixed Object,No Control
2017-5603-15/08/2019,1,2,Passenger,Female,083,Front Seat Left Passenger,Not Thrown Out,Treated at Hospital,Fitted - Worn,Motor Cars - Sedan,Full,Straight Ahead,2.0,3 Country,2,2,Saturday,12:22 pm,60,Not Divided,Straight road,Slope,Dry,Not Raining,Daylight,Hit Fixed Object,No Control
2017-5606-15/08/2019,1,1,Rider,Male,047,,Thrown Out,Treated at Hospital,,Pedal Cycle,,Straight Ahead,1.0,2 Metropolitan,2,1,Saturday,09:00 am,60,Not Divided,Straight road,Level,Dry,Not Raining,Daylight,Side Swipe,No Control
2017-5607-15/08/2019,2,1,Driver,Female,034,Driver,Not Thrown Out,By Private,Fitted - Worn,Motor Cars - Sedan,Full,Stopped on Carriageway,1.0,2 Metropolitan,2,1,Saturday,02:30 pm,60,Divided Road,Straight road,Level,Dry,Not Raining,Daylight,Rear End,No Control
2017-5608-15/08/2019,2,1,Rider,Male,051,Rider of Motorcycle,Thrown Out,Treated at Hospital,,Motor Cycle,Full,Straight Ahead,1.0,2 Metropolitan,2,1,Saturday,01:52 pm,60,Rail Crossing,Straight road,Level,Dry,Not Raining,Daylight,Rear End,Rail Xing-Traffic Signals
2017-5609-15/08/2019,1,1,Driver,Male,057,Driver,Not Thrown Out,Treated at Hospital,Fitted - Worn,SEMI TRAILER,Full,Straight Ahead,1.0,3 Country,2,1,Saturday,01:00 pm,110,Not Divided,Straight road,Level,Dry,Not Raining,Daylight,Hit Fixed Object,No Control
2017-5612-15/08/2019,1,1,Rider,Male,027,,Thrown Out,Treated at Hospital,,Pedal Cycle,,Straight Ahead,1.0,2 Metropolitan,2,1,Saturday,02:00 pm,50,Divided Road,Straight road,Level,Dry,Not Raining,Daylight,Side Swipe,No Control
2017-5616-15/08/2019,2,1,Driver,Female,046,Driver,Not Thrown Out,Treated at Hospital,Fitted - Worn,Motor Cars - Sedan,Full,Right Turn,2.0,2 Metropolitan,2,1,Saturday,05:15 pm,60,T-Junction,Straight road,Level,Dry,Not Raining,Night,Right Turn,Traffic Signals
2017-5618-15/08/2019,1,1,Driver,Female,021,Driver,Not Thrown Out,Treated at Hospital,Fitted - Worn,Motor Cars - Sedan,Full,Right Turn,1.0,3 Country,2,2,Saturday,05:05 pm,100,T-Junction,Straight road,Crest of Hill,Dry,Not Raining,Daylight,Right Angle,Give Way Sign
2017-5618-15/08/2019,2,1,Passenger,Female,050,Front Seat Left Passenger,Not Thrown Out,Treated at Hospital,Fitted - Worn,Motor Cars - Sedan,Full,Right Turn,2.0,3 Country,2,2,Saturday,05:05 pm,100,T-Junction,Straight road,Crest of Hill,Dry,Not Raining,Daylight,Right Angle,Give Way Sign
2017-5619-15/08/2019,2,1,Pedestrian,Male,022,,,Treated at Hospital,,Pedestrian on Road,,Crossing without Control,,2 Metropolitan,2,1,Saturday,11:00 pm,50,Not Divided,Straight road,Level,Dry,Not Raining,Night,Hit Pedestrian,No Control
2017-5620-15/08/2019,1,1,Driver,Female,033,Driver,Not Thrown Out,Treated at Hospital,Fitted - Worn,Motor Cars - Sedan,Full,Straight Ahead,6.0,2 Metropolitan,3,1,Saturday,12:15 pm,80,T-Junction,Straight road,Level,Dry,Not Raining,Daylight,Rear End,Stop Sign
2017-5626-15/08/2019,2,1,Rider,Male,043,Rider of Motorcycle,Thrown Out,Treated at Hospital,,Motor Cycle,Full,Right Turn,1.0,2 Metropolitan,2,1,Sunday,10:25 am,60,Cross Road,"CURVED, VIEW OPEN",Level,Dry,Not Raining,Daylight,Rear End,Roundabout
2017-5627-15/08/2019,1,1,Rider,Male,021,Rider of Motorcycle,Thrown Out,Treated at Hospital,,Motor Cycle,Full,Right Turn,1.0,3 Country,1,1,Saturday,08:20 pm,50,Cross Road,Straight road,Slope,Dry,Not Raining,Night,Roll Over,Give Way Sign
2017-5628-15/08/2019,2,1,Rider,Male,054,,Thrown Out,Treated at Hospital,,Pedal Cycle,,Straight Ahead,1.0,2 Metropolitan,2,1,Sunday,11:44 am,60,T-Junction,Straight road,Level,Dry,Not Raining,Daylight,Right Angle,Give Way Sign
2017-5632-15/08/2019,1,1,Rider,Male,045,Rider of Motorcycle,Thrown Out,Treated at Hospital,,Motor Cycle,Full,Straight Ahead,1.0,3 Country,1,1,Sunday,10:30 am,80,Not Divided,"CURVED, VIEW OBSCURED",Crest of Hill,Dry,Not Raining,Daylight,Roll Over,No Control
2017-5633-15/08/2019,1,1,Driver,Female,025,Driver,Not Thrown Out,Treated at Hospital,Fitted - Worn,Motor Cars - Sedan,Full,U Turn,1.0,2 Metropolitan,2,2,Sunday,10:40 am,60,Not Divided,Straight road,Slope,Dry,Not Raining,Daylight,Side Swipe,No Control
2017-5633-15/08/2019,2,1,Driver,Female,055,Driver,Not Thrown Out,Treated at Hospital,Fitted - Worn,Utility,Full,Straight Ahead,1.0,2 Metropolitan,2,2,Sunday,10:40 am,60,Not Divided,Straight road,Slope,Dry,Not Raining,Daylight,Side Swipe,No Control
2017-5635-15/08/2019,1,1,Driver,Female,048,Driver,Not Thrown Out,By Private,Fitted - Worn,Motor Cars - Sedan,Full,Stopped on Carriageway,2.0,2 Metropolitan,2,1,Sunday,12:50 pm,60,Cross Road,Straight road,Level,Dry,Not Raining,Daylight,Rear End,Traffic Signals
2017-5636-15/08/2019,2,1,Driver,Female,XXX,Driver,Not Thrown Out,Treated at Hospital,Fitted - Worn,Station Wagon,Full,Right Turn,2.0,3 Country,2,1,Sunday,01:10 pm,50,T-Junction,Straight road,Level,Wet,Raining,Daylight,Right Angle,No Control
2017-5639-15/08/2019,2,1,Passenger,Female,081,Front Seat Left Passenger,Not Thrown Out,Treated at Hospital,Fitted - Worn,Motor Cars - Sedan,Full,Right Turn,2.0,2 Metropolitan,2,1,Sunday,01:55 pm,60,Cross Road,Straight road,Level,Dry,Not Raining,Daylight,Side Swipe,Roundabout
2017-5645-15/08/2019,2,1,Pedestrian,Female,011,,,Treated at Hospital,,Pedestrian on Road,,Crossing without Control,,2 Metropolitan,2,1,Saturday,04:55 pm,60,Divided Road,Straight road,Level,Dry,Not Raining,Daylight,Hit Pedestrian,No Control
2017-5646-15/08/2019,2,1,Driver,Male,027,Driver,Not Thrown Out,Treated at Hospital,Fitted - Worn,Motor Cars - Sedan,Full,Right Turn,1.0,2 Metropolitan,2,1,Sunday,06:20 pm,60,T-Junction,Straight road,Level,Dry,Not Raining,Night,Right Angle,No Control
2017-5647-15/08/2019,3,1,Driver,Male,048,Driver,Not Thrown Out,Treated at Hospital,Fitted - Worn,Motor Cars - Sedan,Full,Straight Ahead,1.0,2 Metropolitan,3,1,Sunday,05:42 pm,50,Not Divided,Straight road,Slope,Dry,Not Raining,Night,Head On,No Control
2017-5648-15/08/2019,2,1,Pedestrian,Male,017,,,Treated at Hospital,,Pedestrian on Road,,Crossing without Control,,2 Metropolitan,2,1,Sunday,06:15 pm,70,Divided Road,Straight road,Level,Dry,Not Raining,Night,Hit Pedestrian,No Control
2017-5657-15/08/2019,1,1,Passenger,Male,018,Front Seat Left Passenger,Not Thrown Out,Admitted to Hospital,Fitted - Worn,Motor Vehicle - Type Unknown,Learners,Left Turn,3.0,2 Metropolitan,3,3,Monday,10:48 am,50,Cross Road,Straight road,Level,Dry,Not Raining,Daylight,Hit Fixed Object,Give Way Sign
2017-5657-15/08/2019,1,2,Passenger,Male,016,Rear Seat Left Passenger,Not Thrown Out,Admitted to Hospital,Fitted - Worn,Motor Vehicle - Type Unknown,Learners,Left Turn,3.0,2 Metropolitan,3,3,Monday,10:48 am,50,Cross Road,Straight road,Level,Dry,Not Raining,Daylight,Hit Fixed Object,Give Way Sign
2017-5657-15/08/2019,1,3,Driver,Female,XXX,Driver,Not Thrown Out,Admitted to Hospital,Fitted - Worn,Motor Vehicle - Type Unknown,Learners,Left Turn,3.0,2 Metropolitan,3,3,Monday,10:48 am,50,Cross Road,Straight road,Level,Dry,Not Raining,Daylight,Hit Fixed Object,Give Way Sign
2017-5658-15/08/2019,1,1,Passenger,Male,011,Front Seat Left Passenger,Not Thrown Out,By Private,Fitted - Worn,Motor Cars - Sedan,Full,Stopped on Carriageway,2.0,2 Metropolitan,2,1,Saturday,05:10 pm,60,Cross Road,Straight road,Slope,Dry,Not Raining,Daylight,Rear End,Traffic Signals
2017-5663-15/08/2019,1,1,Driver,Male,079,Driver,Not Thrown Out,Admitted to Hospital,Fitted - Worn,Motor Cars - Sedan,Full,Swerving,2.0,2 Metropolitan,2,2,Monday,12:40 pm,100,Not Divided,"CURVED, VIEW OPEN",Slope,Dry,Not Raining,Daylight,Side Swipe,No Control
2017-5663-15/08/2019,1,2,Passenger,Female,078,Front Seat Left Passenger,Not Thrown Out,Admitted to Hospital,Fitted - Worn,Motor Cars - Sedan,Full,Swerving,2.0,2 Metropolitan,2,2,Monday,12:40 pm,100,Not Divided,"CURVED, VIEW OPEN",Slope,Dry,Not Raining,Daylight,Side Swipe,No Control
2017-5669-15/08/2019,1,1,Driver,Female,025,Driver,Not Thrown Out,By Private,Fitted - Worn,Motor Cars - Sedan,Full,Stopped on Carriageway,1.0,2 Metropolitan,2,1,Wednesday,03:30 pm,80,Divided Road,Straight road,Level,Wet,Not Raining,Daylight,Rear End,No Control
2017-5674-15/08/2019,1,1,Driver,Male,068,Driver,Not Thrown Out,By Private,Fitted - Worn,Station Wagon,Full,Straight Ahead,2.0,2 Metropolitan,2,2,Monday,04:45 pm,60,Multiple,Straight road,Level,Dry,Not Raining,Daylight,Side Swipe,Traffic Signals
2017-5674-15/08/2019,1,2,Passenger,Female,067,Front Seat Left Passenger,Not Thrown Out,By Private,Fitted - Worn,Station Wagon,Full,Straight Ahead,2.0,2 Metropolitan,2,2,Monday,04:45 pm,60,Multiple,Straight road,Level,Dry,Not Raining,Daylight,Side Swipe,Traffic Signals
2017-5681-15/08/2019,1,1,Pedestrian,Male,024,,,By Private,,Pedestrian on Road,,Crossing with Traffic Signals,,1 City,2,1,Sunday,02:50 am,50,Cross Road,Straight road,Level,Dry,Not Raining,Night,Hit Pedestrian,Traffic Signals
2017-5682-15/08/2019,1,1,Driver,Female,079,Driver,Not Thrown Out,Treated at Hospital,Fitted - Worn,Motor Cars - Sedan,Unknown,Straight Ahead,1.0,3 Country,2,1,Monday,05:30 pm,50,Not Divided,Straight road,Level,Dry,Not Raining,Night,Hit Parked Vehicle,No Control
2017-5685-15/08/2019,1,1,Driver,Male,048,Driver,Not Thrown Out,By Private,Fitted - Worn,Station Wagon,Full,Straight Ahead,1.0,2 Metropolitan,2,1,Monday,03:10 pm,60,Divided Road,Straight road,Level,Dry,Not Raining,Daylight,Rear End,No Control
2017-5686-15/08/2019,1,1,Driver,Female,044,Driver,Not Thrown Out,By Private,Fitted - Worn,Motor Cars - Sedan,Full,Straight Ahead,1.0,3 Country,2,1,Monday,03:00 pm,60,Not Divided,Straight road,Unknown,Dry,Not Raining,Daylight,Hit Fixed Object,No Control
2017-5687-15/08/2019,2,1,Driver,Male,031,Driver,Not Thrown Out,Treated at Hospital,Fitted - Worn,Motor Cars - Sedan,Full,Straight Ahead,1.0,2 Metropolitan,3,1,Monday,05:40 pm,70,Divided Road,Straight road,Level,Dry,Not Raining,Night,Rear End,No Control
2017-5688-15/08/2019,1,1,Pedestrian,Male,056,,,Treated at Hospital,,Pedestrian on Road,,Alighted from Parked Vehicle,,2 Metropolitan,2,1,Monday,09:15 pm,50,Not Divided,Straight road,Level,Dry,Not Raining,Night,Hit Pedestrian,No Control
2017-5690-15/08/2019,1,1,Driver,Male,062,Driver,Not Thrown Out,Admitted to Hospital,Fitted - Unknown if Worn,Utility,Full,Straight Ahead,1.0,2 Metropolitan,4,1,Monday,08:50 pm,60,Not Divided,"CURVED, VIEW OPEN",Level,Wet,Not Raining,Night,Hit Fixed Object,No Control
2017-5692-15/08/2019,1,1,Rider,Male,031,Rider of Motorcycle,Not Thrown Out,Treated at Hospital,,Motor Cycle,Learners,Straight Ahead,1.0,2 Metropolitan,2,1,Tuesday,04:50 am,60,T-Junction,Straight road,Level,Wet,Raining,Night,Right Turn,Give Way Sign
2017-5694-15/08/2019,2,1,Driver,Male,052,Driver,Not Thrown Out,Treated at Hospital,Fitted - Worn,Motor Cars - Sedan,Full,Stopped on Carriageway,1.0,2 Metropolitan,3,1,Tuesday,06:00 am,90,T-Junction,Straight road,Level,Wet,Raining,Night,Rear End,Traffic Signals
2017-5695-15/08/2019,1,1,Driver,Male,049,Driver,Not Thrown Out,Treated at Hospital,Fitted - Unknown if Worn,Station Wagon,Full,Straight Ahead,1.0,2 Metropolitan,2,1,Monday,12:35 pm,60,T-Junction,Straight road,Level,Dry,Not Raining,Daylight,Right Angle,No Control
2017-5702-15/08/2019,2,1,Rider,Male,040,,Not Thrown Out,Treated at Hospital,,Pedal Cycle,,Right Turn,1.0,2 Metropolitan,2,1,Tuesday,09:00 am,50,T-Junction,Straight road,Level,Dry,Not Raining,Daylight,Side Swipe,Stop Sign
2017-5703-15/08/2019,1,1,Rider,Male,025,Rider of Motorcycle,Not Thrown Out,By Private,,Motor Cycle,Full,Stopped on Carriageway,1.0,2 Metropolitan,2,1,Monday,05:00 pm,60,Cross Road,Straight road,Level,Dry,Not Raining,Daylight,Rear End,Roundabout
2017-5704-15/08/2019,1,1,Driver,Female,037,Driver,Not Thrown Out,By Private,Fitted - Worn,Motor Cars - Sedan,Full,Stopped on Carriageway,3.0,2 Metropolitan,2,1,Tuesday,09:30 am,60,Divided Road,Straight road,Level,Dry,Not Raining,Daylight,Rear End,No Control
2017-5707-15/08/2019,1,1,Driver,Female,075,Driver,Not Thrown Out,Treated at Hospital,Fitted - Worn,Motor Cars - Sedan,Full,Right Turn,5.0,3 Country,2,5,Monday,11:15 pm,50,Cross Road,Straight road,Level,Wet,Raining,Night,Hit Fixed Object,Give Way Sign
2017-5707-15/08/2019,1,2,Passenger,Female,XXX,Rear Seat Left Passenger,Not Thrown Out,Treated at Hospital,Fitted - Worn,Motor Cars - Sedan,Full,Right Turn,5.0,3 Country,2,5,Monday,11:15 pm,50,Cross Road,Straight road,Level,Wet,Raining,Night,Hit Fixed Object,Give Way Sign
2017-5707-15/08/2019,1,3,Passenger,Female,069,Front Seat Left Passenger,Not Thrown Out,Treated at Hospital,Fitted - Worn,Motor Cars - Sedan,Full,Right Turn,5.0,3 Country,2,5,Monday,11:15 pm,50,Cross Road,Straight road,Level,Wet,Raining,Night,Hit Fixed Object,Give Way Sign
2017-5707-15/08/2019,1,4,Passenger,Female,XXX,Rear Seat Right Passenger,Not Thrown Out,Treated at Hospital,Fitted - Worn,Motor Cars - Sedan,Full,Right Turn,5.0,3 Country,2,5,Monday,11:15 pm,50,Cross Road,Straight road,Level,Wet,Raining,Night,Hit Fixed Object,Give Way Sign
2017-5707-15/08/2019,1,5,Passenger,Female,069,Rear Seat Middle Passenger,Not Thrown Out,Treated at Hospital,Fitted - Worn,Motor Cars - Sedan,Full,Right Turn,5.0,3 Country,2,5,Monday,11:15 pm,50,Cross Road,Straight road,Level,Wet,Raining,Night,Hit Fixed Object,Give Way Sign
2017-5710-15/08/2019,2,1,Driver,Male,047,Driver,Not Thrown Out,By Private,Fitted - Worn,Motor Cars - Sedan,Full,Stopped on Carriageway,1.0,2 Metropolitan,3,1,Tuesday,03:25 pm,60,Cross Road,Straight road,Level,Dry,Not Raining,Daylight,Rear End,Traffic Signals