REPORT_ID,UND_UNIT_NUMBER,CASUALTY_NUMBER,Casualty Type,Sex_x,AGE,Position In Veh,Thrown Out,Injury Extent,Seat Belt,Unit Type,Licence Type,Unit Movement,Number Occupants,Stats Area,Total Units,Total Cas,Day,Time,Area Speed,Position Type,Horizontal Align,Vertical Align,Moisture Cond,Weather Cond,DayNight,Crash Type,Traffic Ctrls
2017-6096-15/08/2019,2,2,Passenger,Male,068,Front Seat Left Passenger,Not Thrown Out,Treated at Hospital,Fitted - Worn,Motor Cars - Sedan,Full,Right Turn,2.0,2 Metropolitan,2,3,Saturday,01:45 pm,60,T-Junction,Straight road,Level,Dry,Not Raining,Daylight,Right Angle,No Control
2017-6100-15/08/2019,1,1,Rider,Male,048,Rider of Motorcycle,Thrown Out,Fatal,,Motor Cycle,Unlicenced,Straight Ahead,1.0,2 Metropolitan,2,1,Saturday,12:55 pm,60,Divided Road,Straight road,Level,Dry,Not Raining,Daylight,Roll Over,No Control
2017-6103-15/08/2019,1,1,Driver,Female,027,Driver,Not Thrown Out,Treated at Hospital,Fitted - Worn,Motor Cars - Sedan,Full,Straight Ahead,1.0,2 Metropolitan,2,1,Saturday,04:00 pm,60,Cross Road,Straight road,Level,Dry,Not Raining,Daylight,Hit Fixed Object,Roundabout
2017-6104-15/08/2019,2,1,Pedestrian,Female,032,,,Treated at Hospital,,Pedestrian on Road,,Crossing without Control,,3 Country,2,1,Saturday,04:00 pm,50,T-Junction,Straight road,Slope,Dry,Not Raining,Daylight,Hit Pedestrian,Roundabout
2017-6107-15/08/2019,1,1,Rider,Male,035,Rider of Motorcycle,Thrown Out,Treated at Hospital,,Motor Cycle,Unlicenced,Straight Ahead,1.0,2 Metropolitan,1,1,Saturday,04:30 pm,60,Cross Road,Straight road,Slope,Dry,Not Raining,Daylight,Left Road - Out of Control,Roundabout
2017-6109-15/08/2019,1,1,Rider,Male,XXX,Rider of Motorcycle,Thrown Out,Treated at Hospital,,Scooter,Full,Straight Ahead,1.0,2 Metropolitan,2,1,Saturday,07:35 pm,60,Cross Road,Straight road,Level,Dry,Not Raining,Night,Hit Fixed Object,Give Way Sign
2017-6110-15/08/2019,1,1,Driver,Female,084,Driver,Not Thrown Out,Treated at Hospital,Fitted - Worn,Motor Cars - Sedan,Full,Straight Ahead,1.0,2 Metropolitan,2,1,Saturday,03:50 pm,50,Not Divided,Straight road,Level,Dry,Not Raining,Daylight,Hit Parked Vehicle,No Control
2017-6111-15/08/2019,2,1,Driver,Male,XXX,Driver,Not Thrown Out,Treated at Hospital,Fitted - Worn,Station Wagon,Full,Straight Ahead,2.0,2 Metropolitan,2,2,Saturday,01:20 pm,60,Cross Road,Straight road,Level,Dry,Not Raining,Daylight,Right Angle,Traffic Signals
2017-6111-15/08/2019,2,2,Passenger,Female,077,Front Seat Left Passenger,Not Thrown Out,Treated at Hospital,Fitted - Worn,Station Wagon,Full,Straight Ahead,2.0,2 Metropolitan,2,2,Saturday,01:20 pm,60,Cross Road,Straight road,Level,Dry,Not Raining,Daylight,Right Angle,Traffic Signals
2017-6112-15/08/2019,1,1,Driver,Female,027,Driver,Not Thrown Out,Admitted to Hospital,Fitted - Worn,Motor Cars - Sedan,Provisional 1 ,Straight Ahead,1.0,2 Metropolitan,2,1,Saturday,08:30 am,40,Not Divided,"CURVED, VIEW OPEN",Level,Dry,Not Raining,Daylight,Hit Fixed Object,No Control
2017-6121-15/08/2019,2,1,Passenger,Female,041,Front Seat Left Passenger,Not Thrown Out,Treated at Hospital,Fitted - Worn,Motor Cars - Sedan,Full,Stopped on Carriageway,3.0,2 Metropolitan,3,1,Sunday,11:20 am,50,T-Junction,Straight road,Level,Dry,Not Raining,Daylight,Rear End,No Control
2017-6128-15/08/2019,1,1,Driver,Male,060,Driver,Not Thrown Out,Admitted to Hospital,Fitted - Unknown if Worn,Motor Cars - Sedan,Full,Straight Ahead,1.0,2 Metropolitan,2,1,Sunday,01:30 pm,60,Not Divided,Straight road,Slope,Dry,Not Raining,Daylight,Hit Fixed Object,No Control
2017-6131-15/08/2019,1,1,Driver,Male,082,Driver,Not Thrown Out,By Private,Fitted - Worn,Station Wagon,Full,Leaving Private Driveway,1.0,2 Metropolitan,2,1,Sunday,04:12 pm,60,Divided Road,Straight road,Level,Dry,Not Raining,Daylight,Right Angle,No Control
2017-6132-15/08/2019,1,1,Driver,Female,019,Driver,Not Thrown Out,Treated at Hospital,Fitted - Worn,Station Wagon,Provisional 2,Straight Ahead,1.0,3 Country,2,1,Sunday,11:45 am,110,Not Divided,Straight road,Level,Dry,Not Raining,Daylight,Hit Fixed Object,No Control
2017-6133-15/08/2019,2,1,Driver,Male,072,Driver,Not Thrown Out,Treated at Hospital,Fitted - Worn,Motor Cars - Sedan,Full,Straight Ahead,2.0,2 Metropolitan,2,2,Sunday,05:20 pm,60,T-Junction,Straight road,Bottom of Hill,Dry,Not Raining,Night,Right Angle,No Control
2017-6133-15/08/2019,2,2,Passenger,Female,097,Front Seat Left Passenger,Not Thrown Out,Admitted to Hospital,Fitted - Worn,Motor Cars - Sedan,Full,Straight Ahead,2.0,2 Metropolitan,2,2,Sunday,05:20 pm,60,T-Junction,Straight road,Bottom of Hill,Dry,Not Raining,Night,Right Angle,No Control
2017-6134-15/08/2019,2,1,Driver,Female,037,Driver,Not Thrown Out,Treated at Hospital,Fitted - Unknown if Worn,Motor Cars - Sedan,Unknown,Right Turn,2.0,2 Metropolitan,2,2,Sunday,04:25 pm,60,Divided Road,Straight road,Level,Dry,Not Raining,Daylight,Right Turn,No Control
2017-6134-15/08/2019,2,2,Passenger,Male,015,Front Seat Left Passenger,Not Thrown Out,By Private,Fitted - Unknown if Worn,Motor Cars - Sedan,Unknown,Right Turn,2.0,2 Metropolitan,2,2,Sunday,04:25 pm,60,Divided Road,Straight road,Level,Dry,Not Raining,Daylight,Right Turn,No Control
2017-6136-15/08/2019,1,1,Driver,Female,027,Driver,Not Thrown Out,Treated at Hospital,Fitted - Worn,Motor Cars - Sedan,Provisional 1 ,Straight Ahead,2.0,2 Metropolitan,2,1,Sunday,08:00 pm,60,Not Divided,Straight road,Level,Dry,Not Raining,Night,Hit Fixed Object,No Control
2017-6138-15/08/2019,1,1,Driver,Male,045,Driver,Not Thrown Out,By Private,Fitted - Worn,Motor Cars - Sedan,Full,Left Turn,1.0,2 Metropolitan,2,3,Monday,05:45 am,60,T-Junction,Straight road,Level,Dry,Not Raining,Night,Side Swipe,Stop Sign
2017-6138-15/08/2019,2,1,Driver,Female,045,Driver,Not Thrown Out,By Private,Fitted - Worn,Motor Cars - Sedan,Full,Overtaking - on Left,2.0,2 Metropolitan,2,3,Monday,05:45 am,60,T-Junction,Straight road,Level,Dry,Not Raining,Night,Side Swipe,Stop Sign
2017-6138-15/08/2019,2,2,Passenger,Male,051,Front Seat Left Passenger,Not Thrown Out,By Private,Fitted - Worn,Motor Cars - Sedan,Full,Overtaking - on Left,2.0,2 Metropolitan,2,3,Monday,05:45 am,60,T-Junction,Straight road,Level,Dry,Not Raining,Night,Side Swipe,Stop Sign
2017-6143-15/08/2019,2,1,Rider,Male,031,,Thrown Out,Treated at Hospital,,Pedal Cycle,,Straight Ahead,1.0,2 Metropolitan,2,1,Sunday,12:15 pm,60,T-Junction,Straight road,Slope,Dry,Not Raining,Daylight,Right Turn,No Control
2017-6144-15/08/2019,1,1,Driver,Female,035,Driver,Not Thrown Out,By Private,Fitted - Worn,Station Wagon,Full,Right Turn,1.0,2 Metropolitan,3,2,Monday,07:46 am,60,T-Junction,Straight road,Level,Dry,Not Raining,Daylight,Right Angle,No Control
2017-6144-15/08/2019,2,1,Passenger,Female,056,Front Seat Left Passenger,Not Thrown Out,Treated at Hospital,Fitted - Worn,Motor Cars - Sedan,Full,Straight Ahead,2.0,2 Metropolitan,3,2,Monday,07:46 am,60,T-Junction,Straight road,Level,Dry,Not Raining,Daylight,Right Angle,No Control
2017-6146-15/08/2019,1,1,Driver,Female,041,Driver,Not Thrown Out,By Private,Fitted - Worn,Motor Cars - Sedan,Full,Stopped on Carriageway,1.0,2 Metropolitan,2,1,Friday,03:00 pm,70,Cross Road,Straight road,Level,Wet,Raining,Daylight,Rear End,Traffic Signals
2017-6147-15/08/2019,1,1,Pedestrian,Male,066,,,By Private,,Pedestrian on Footpath/Carpark,,Walking on Footpath,,2 Metropolitan,2,1,Friday,10:30 am,10,Not Divided,Straight road,Level,Dry,Not Raining,Daylight,Hit Pedestrian,No Control
2017-6148-15/08/2019,1,1,Driver,Female,022,Driver,Not Thrown Out,Admitted to Hospital,Fitted - Worn,Motor Cars - Sedan,Unknown,Straight Ahead,3.0,2 Metropolitan,2,1,Monday,09:30 am,50,Not Divided,"CURVED, VIEW OPEN",Level,Dry,Not Raining,Daylight,Hit Fixed Object,No Control
2017-6149-15/08/2019,1,1,Pedestrian,Male,081,,,Treated at Hospital,,Pedestrian on Footpath/Carpark,,Walking on Footpath,,2 Metropolitan,2,1,Saturday,12:50 pm,70,Not Divided,"CURVED, VIEW OPEN",Level,Dry,Not Raining,Daylight,Hit Pedestrian,No Control
2017-6150-15/08/2019,1,1,Driver,Female,019,Driver,Not Thrown Out,By Private,Fitted - Worn,Motor Cars - Sedan,Provisional 2,Straight Ahead,2.0,2 Metropolitan,2,2,Sunday,05:30 pm,60,T-Junction,Straight road,Level,Dry,Not Raining,Night,Right Angle,No Control
2017-6150-15/08/2019,1,2,Passenger,Female,019,Front Seat Left Passenger,Not Thrown Out,By Private,Fitted - Worn,Motor Cars - Sedan,Provisional 2,Straight Ahead,2.0,2 Metropolitan,2,2,Sunday,05:30 pm,60,T-Junction,Straight road,Level,Dry,Not Raining,Night,Right Angle,No Control
2017-6151-15/08/2019,1,1,Driver,Male,051,Driver,Not Thrown Out,By Private,Fitted - Worn,Motor Cars - Sedan,Unknown,Stopped on Carriageway,1.0,2 Metropolitan,2,1,Monday,09:20 am,50,Not Divided,Straight road,Level,Dry,Not Raining,Daylight,Rear End,No Control
2017-6154-15/08/2019,1,1,Driver,Male,032,Driver,Not Thrown Out,By Private,Fitted - Worn,Motor Cars - Sedan,Full,Straight Ahead,1.0,2 Metropolitan,2,1,Monday,02:10 pm,80,Divided Road,Straight road,Level,Dry,Not Raining,Daylight,Side Swipe,No Control
2017-6155-15/08/2019,2,1,Driver,Female,034,Driver,Not Thrown Out,By Private,Fitted - Worn,Motor Cars - Sedan,Full,Straight Ahead,3.0,2 Metropolitan,2,1,Monday,02:00 pm,50,Cross Road,Straight road,Level,Dry,Not Raining,Daylight,Right Angle,Give Way Sign
2017-6157-15/08/2019,2,1,Rider,Male,036,,Thrown Out,Treated at Hospital,,Pedal Cycle,,Straight Ahead,1.0,2 Metropolitan,2,1,Monday,05:15 pm,60,Cross Road,Straight road,Level,Dry,Not Raining,Night,Right Turn,Give Way Sign
2017-6161-15/08/2019,1,1,Passenger,Female,XXX,Rear Seat Middle Passenger,Not Thrown Out,Treated at Hospital,Child Restraint - Worn,Motor Cars - Sedan,Full,Straight Ahead,2.0,2 Metropolitan,2,1,Monday,06:10 pm,70,Not Divided,"CURVED, VIEW OPEN",Level,Dry,Not Raining,Night,Rear End,No Control
2017-6162-15/08/2019,2,1,Rider,Male,043,,Thrown Out,Treated at Hospital,,Pedal Cycle,,Straight Ahead,1.0,2 Metropolitan,2,1,Monday,06:15 pm,50,T-Junction,Straight road,Level,Dry,Not Raining,Night,Right Angle,No Control
2017-6163-15/08/2019,1,1,Driver,Female,022,Driver,Not Thrown Out,Treated at Hospital,Fitted - Worn,Motor Cars - Sedan,Full,Right Turn,2.0,2 Metropolitan,2,2,Monday,05:54 pm,50,Cross Road,Straight road,Level,Dry,Not Raining,Night,Right Turn,Traffic Signals
2017-6163-15/08/2019,1,2,Passenger,Male,003,Rear Seat Left Passenger,Not Thrown Out,Treated at Hospital,Child Restraint - Worn,Motor Cars - Sedan,Full,Right Turn,2.0,2 Metropolitan,2,2,Monday,05:54 pm,50,Cross Road,Straight road,Level,Dry,Not Raining,Night,Right Turn,Traffic Signals
2017-6164-15/08/2019,2,1,Passenger,Female,044,Front Seat Left Passenger,Not Thrown Out,Treated at Hospital,Fitted - Worn,Motor Cars - Sedan,Full,Stopped on Carriageway,2.0,2 Metropolitan,3,1,Monday,05:45 pm,60,Divided Road,Straight road,Level,Dry,Not Raining,Night,Rear End,No Control
2017-6165-15/08/2019,1,1,Rider,Male,023,,Thrown Out,Treated at Hospital,,Pedal Cycle,,Straight Ahead,1.0,1 City,1,1,Monday,05:30 pm,60,Not Divided,Straight road,Slope,Dry,Not Raining,Night,Roll Over,No Control
2017-6168-15/08/2019,1,1,Driver,Female,019,Driver,Not Thrown Out,Treated at Hospital,Fitted - Worn,Motor Cars - Sedan,Unknown,Straight Ahead,2.0,3 Country,2,2,Monday,05:10 pm,80,Cross Road,Straight road,Level,Dry,Not Raining,Daylight,Right Angle,Give Way Sign
2017-6168-15/08/2019,2,1,Driver,Female,043,Driver,Not Thrown Out,Treated at Hospital,Fitted - Worn,Motor Cars - Sedan,Provisional 2,Straight Ahead,1.0,3 Country,2,2,Monday,05:10 pm,80,Cross Road,Straight road,Level,Dry,Not Raining,Daylight,Right Angle,Give Way Sign
2017-6170-15/08/2019,1,1,Rider,Male,XXX,Rider of Motorcycle,Thrown Out,Treated at Hospital,,Motor Cycle,Unlicenced,Straight Ahead,1.0,2 Metropolitan,2,1,Tuesday,06:00 am,50,Cross Road,Straight road,Level,Dry,Not Raining,Night,Hit Fixed Object,Roundabout
2017-6172-15/08/2019,1,1,Passenger,Female,067,Front Seat Left Passenger,Not Thrown Out,Treated at Hospital,Fitted - Worn,Motor Cars - Sedan,Full,Straight Ahead,2.0,2 Metropolitan,2,1,Monday,02:45 pm,80,Multiple,"CURVED, VIEW OPEN",Level,Dry,Not Raining,Daylight,Right Angle,No Control
2017-6177-15/08/2019,1,1,Driver,Female,041,Driver,Not Thrown Out,Treated at Hospital,Fitted - Worn,Station Wagon,Full,Straight Ahead,1.0,2 Metropolitan,2,2,Tuesday,09:15 am,60,T-Junction,Straight road,Level,Dry,Not Raining,Daylight,Right Angle,No Control
2017-6177-15/08/2019,2,1,Driver,Female,042,Driver,Not Thrown Out,Treated at Hospital,Fitted - Worn,Motor Cars - Sedan,Full,Right Turn,1.0,2 Metropolitan,2,2,Tuesday,09:15 am,60,T-Junction,Straight road,Level,Dry,Not Raining,Daylight,Right Angle,No Control
2017-6180-15/08/2019,1,1,Driver,Female,091,Driver,Not Thrown Out,Treated at Hospital,Fitted - Worn,Motor Cars - Sedan,Full,Right Turn,1.0,2 Metropolitan,2,1,Monday,10:55 am,60,T-Junction,Straight road,Level,Dry,Not Raining,Daylight,Right Angle,No Control
2017-6184-15/08/2019,1,1,Driver,Male,043,Driver,Not Thrown Out,Treated at Hospital,Fitted - Worn,Motor Cars - Sedan,Full,Straight Ahead,2.0,2 Metropolitan,2,1,Tuesday,08:05 am,60,Not Divided,"CURVED, VIEW OPEN",Level,Dry,Not Raining,Daylight,Hit Parked Vehicle,No Control
2017-6186-15/08/2019,2,1,Driver,Female,053,Driver,Not Thrown Out,Treated at Hospital,Fitted - Worn,Motor Cars - Sedan,Full,Stopped on Carriageway,1.0,2 Metropolitan,2,1,Tuesday,09:25 am,60,T-Junction,Straight road,Level,Dry,Not Raining,Daylight,Rear End,Stop Sign
2017-6189-15/08/2019,1,1,Driver,Male,039,Driver,Not Thrown Out,By Private,Fitted - Worn,Station Wagon,Unknown,Stopped on Carriageway,1.0,2 Metropolitan,2,1,Friday,06:00 am,90,T-Junction,Straight road,Level,Dry,Not Raining,Night,Rear End,Roundabout
2017-6190-15/08/2019,1,1,Driver,Female,053,Driver,Not Thrown Out,Treated at Hospital,Fitted - Worn,Motor Cars - Sedan,Full,Straight Ahead,1.0,2 Metropolitan,2,2,Tuesday,10:00 am,60,Divided Road,Straight road,Level,Dry,Not Raining,Daylight,Right Angle,No Control
2017-6190-15/08/2019,2,1,Passenger,Male,081,Front Seat Left Passenger,Not Thrown Out,Treated at Hospital,Fitted - Worn,Motor Cars - Sedan,Full,Leaving Private Driveway,2.0,2 Metropolitan,2,2,Tuesday,10:00 am,60,Divided Road,Straight road,Level,Dry,Not Raining,Daylight,Right Angle,No Control
2017-6192-15/08/2019,1,1,Driver,Female,034,Driver,Not Thrown Out,Treated at Hospital,Fitted - Worn,Station Wagon,Full,Left Turn,1.0,2 Metropolitan,2,1,Tuesday,06:33 am,50,T-Junction,Straight road,Level,Dry,Not Raining,Night,Hit Fixed Object,No Control
2017-6199-15/08/2019,2,1,Passenger,Female,XXX,Passenger on Multi-Passenger Vehicle,Not Thrown Out,By Private,Not Fitted,OMNIBUS,Full,Straight Ahead,21.0,2 Metropolitan,2,1,Tuesday,10:10 am,60,Cross Road,Straight road,Level,Dry,Not Raining,Daylight,Right Turn,Traffic Signals
2017-6201-15/08/2019,1,1,Driver,Male,017,Driver,Not Thrown Out,Admitted to Hospital,Fitted - Worn,Motor Cars - Sedan,Provisional 1 ,Straight Ahead,1.0,2 Metropolitan,2,1,Tuesday,03:45 pm,110,Freeway,"CURVED, VIEW OPEN",Slope,Dry,Not Raining,Daylight,Rear End,No Control
2017-6202-15/08/2019,1,1,Driver,Male,020,Driver,Not Thrown Out,By Private,Fitted - Worn,Motor Cars - Sedan,Full,Straight Ahead,1.0,2 Metropolitan,2,1,Tuesday,12:00 pm,50,Cross Road,Straight road,Level,Dry,Not Raining,Daylight,Right Angle,Roundabout
2017-6204-15/08/2019,1,1,Driver,Male,033,Driver,Not Thrown Out,By Private,Fitted - Worn,Motor Cars - Sedan,Full,Straight Ahead,1.0,2 Metropolitan,2,1,Monday,08:40 am,60,Divided Road,Straight road,Level,Dry,Not Raining,Daylight,Rear End,No Control
2017-6207-15/08/2019,2,1,Rider,Male,027,Rider of Motorcycle,Thrown Out,Treated at Hospital,,Motor Cycle,Full,Straight Ahead,1.0,2 Metropolitan,2,1,Tuesday,04:03 pm,50,T-Junction,Straight road,Level,Dry,Not Raining,Daylight,Right Angle,Traffic Signals
2017-6208-15/08/2019,1,1,Driver,Female,053,Driver,Not Thrown Out,Treated at Hospital,Fitted - Worn,Motor Cars - Sedan,Full,Stopped on Carriageway,1.0,2 Metropolitan,2,1,Tuesday,05:50 pm,60,Divided Road,Straight road,Level,Dry,Not Raining,Night,Rear End,No Control
2017-6209-15/08/2019,1,1,Driver,Male,078,Driver,Not Thrown Out,Treated at Hospital,Fitted - Worn,Motor Cars - Sedan,Full,Right Turn,1.0,2 Metropolitan,2,2,Tuesday,05:15 pm,90,T-Junction,Straight road,Level,Dry,Not Raining,Night,Rear End,Traffic Signals
2017-6209-15/08/2019,2,1,Driver,Male,038,Driver,Not Thrown Out,Treated at Hospital,Fitted - Worn,Motor Cars - Sedan,Full,Stopped on Carriageway,3.0,2 Metropolitan,2,2,Tuesday,05:15 pm,90,T-Junction,Straight road,Level,Dry,Not Raining,Night,Rear End,Traffic Signals
2017-6211-15/08/2019,1,1,Driver,Male,023,Driver,Not Thrown Out,Treated at Hospital,Fitted - Worn,Motor Cars - Sedan,Provisional 1 ,Straight Ahead,1.0,2 Metropolitan,2,2,Tuesday,06:00 pm,60,Not Divided,Straight road,Level,Dry,Not Raining,Night,Side Swipe,No Control
2017-6211-15/08/2019,2,1,Driver,Male,019,Driver,Not Thrown Out,Treated at Hospital,Fitted - Worn,Utility,Provisional 2,Swerving,1.0,2 Metropolitan,2,2,Tuesday,06:00 pm,60,Not Divided,Straight road,Level,Dry,Not Raining,Night,Side Swipe,No Control
2017-6215-15/08/2019,1,1,Driver,Male,030,Driver,Not Thrown Out,Treated at Hospital,Fitted - Worn,Motor Cars - Sedan,Unlicenced,Straight Ahead,1.0,2 Metropolitan,2,1,Wednesday,03:11 am,80,Not Divided,Straight road,Level,Dry,Not Raining,Night,Hit Fixed Object,No Control
2017-6219-15/08/2019,1,1,Driver,Female,048,Driver,Not Thrown Out,By Private,Fitted - Worn,Motor Cars - Sedan,Full,Stopped on Carriageway,2.0,2 Metropolitan,2,1,Friday,11:00 am,70,T-Junction,"CURVED, VIEW OPEN",Slope,Dry,Not Raining,Daylight,Rear End,Traffic Signals
2017-6222-15/08/2019,1,1,Rider,Male,070,,Thrown Out,Treated at Hospital,,Pedal Cycle,,Straight Ahead,1.0,2 Metropolitan,3,2,Wednesday,07:10 am,60,Not Divided,Straight road,Slope,Dry,Not Raining,Night,Hit Object on Road,No Control
2017-6222-15/08/2019,3,1,Rider,Male,049,,Thrown Out,Treated at Hospital,,Pedal Cycle,,Straight Ahead,1.0,2 Metropolitan,3,2,Wednesday,07:10 am,60,Not Divided,Straight road,Slope,Dry,Not Raining,Night,Hit Object on Road,No Control
2017-6223-15/08/2019,2,1,Rider,Male,048,,Thrown Out,Treated at Hospital,,Pedal Cycle,,Straight Ahead,1.0,2 Metropolitan,2,1,Wednesday,06:45 am,60,Divided Road,Straight road,Level,Dry,Not Raining,Night,Other,No Control
2017-6226-15/08/2019,1,1,Driver,Male,057,Driver,Not Thrown Out,By Private,Fitted - Worn,Motor Cars - Sedan,Full,Straight Ahead,1.0,3 Country,2,1,Tuesday,02:55 pm,50,T-Junction,Straight road,Level,Dry,Not Raining,Daylight,Right Angle,No Control
2017-6227-15/08/2019,1,1,Driver,Female,034,Driver,Not Thrown Out,Treated at Hospital,Fitted - Worn,Motor Cars - Sedan,Unknown,Straight Ahead,1.0,3 Country,2,2,Wednesday,08:48 am,50,Cross Road,Straight road,Level,Wet,Not Raining,Daylight,Right Angle,Give Way Sign
2017-6227-15/08/2019,2,1,Driver,Female,046,Driver,Not Thrown Out,Treated at Hospital,Fitted - Worn,Station Wagon,Full,Straight Ahead,1.0,3 Country,2,2,Wednesday,08:48 am,50,Cross Road,Straight road,Level,Wet,Not Raining,Daylight,Right Angle,Give Way Sign
2017-6233-15/08/2019,1,1,Driver,Male,046,Driver,Not Thrown Out,Treated at Hospital,Fitted - Worn,RIGID TRUCK LGE GE 4.5T,Full,Straight Ahead,1.0,2 Metropolitan,2,2,Wednesday,01:25 pm,60,T-Junction,Straight road,Level,Dry,Not Raining,Daylight,Right Turn,Traffic Signals
2017-6233-15/08/2019,2,1,Driver,Female,059,Driver,Not Thrown Out,Treated at Hospital,Fitted - Worn,Motor Cars - Sedan,Full,Right Turn,1.0,2 Metropolitan,2,2,Wednesday,01:25 pm,60,T-Junction,Straight road,Level,Dry,Not Raining,Daylight,Right Turn,Traffic Signals
2017-6241-15/08/2019,1,1,Driver,Male,031,Driver,Not Thrown Out,By Private,Fitted - Worn,Utility,Full,Straight Ahead,1.0,2 Metropolitan,2,1,Wednesday,03:20 pm,90,Divided Road,Straight road,Level,Dry,Not Raining,Daylight,Rear End,No Control
2017-6242-15/08/2019,3,1,Driver,Male,061,Driver,Not Thrown Out,Admitted to Hospital,Fitted - Worn,Motor Cars - Sedan,Full,Stopped on Carriageway,3.0,2 Metropolitan,3,2,Wednesday,03:30 pm,60,Divided Road,Straight road,Level,Dry,Not Raining,Daylight,Rear End,No Control
2017-6242-15/08/2019,3,2,Passenger,Male,056,Front Seat Left Passenger,Not Thrown Out,Treated at Hospital,Fitted - Worn,Motor Cars - Sedan,Full,Stopped on Carriageway,3.0,2 Metropolitan,3,2,Wednesday,03:30 pm,60,Divided Road,Straight road,Level,Dry,Not Raining,Daylight,Rear End,No Control
2017-6243-15/08/2019,1,1,Driver,Male,045,Driver,Not Thrown Out,Treated at Hospital,Fitted - Worn,Motor Cars - Sedan,Full,Straight Ahead,1.0,2 Metropolitan,2,1,Wednesday,07:20 pm,60,T-Junction,Straight road,Level,Dry,Not Raining,Night,Right Angle,No Control
2017-6252-15/08/2019,1,1,Rider,Male,041,Rider of Motorcycle,Thrown Out,Treated at Hospital,,Motor Cycle,Unlicenced,Right Turn,1.0,2 Metropolitan,1,1,Thursday,03:12 am,60,T-Junction,Straight road,Level,Dry,Not Raining,Night,Roll Over,No Control
2017-6254-15/08/2019,1,1,Driver,Male,041,Driver,Not Thrown Out,By Private,Fitted - Worn,Motor Cars - Sedan,Full,Right Turn,1.0,2 Metropolitan,2,1,Thursday,08:00 am,60,Cross Road,Straight road,Level,Dry,Not Raining,Daylight,Right Angle,Stop Sign
2017-6255-15/08/2019,1,1,Driver,Male,031,Driver,Not Thrown Out,Treated at Hospital,Fitted - Worn,Motor Cars - Sedan,Full,Straight Ahead,1.0,2 Metropolitan,7,3,Thursday,08:20 am,60,Divided Road,Straight road,Level,Dry,Not Raining,Daylight,Hit Fixed Object,No Control
2017-6255-15/08/2019,3,1,Pedestrian,Female,010,,,Treated at Hospital,,Pedestrian on Footpath/Carpark,,Walking on Footpath,,2 Metropolitan,7,3,Thursday,08:20 am,60,Divided Road,Straight road,Level,Dry,Not Raining,Daylight,Hit Fixed Object,No Control
2017-6255-15/08/2019,5,1,Pedestrian,Female,039,,,Treated at Hospital,,Pedestrian on Footpath/Carpark,,Walking on Footpath,,2 Metropolitan,7,3,Thursday,08:20 am,60,Divided Road,Straight road,Level,Dry,Not Raining,Daylight,Hit Fixed Object,No Control
2017-6256-15/08/2019,2,1,Driver,Female,072,Driver,Not Thrown Out,By Private,Fitted - Worn,Motor Cars - Sedan,Full,U Turn,1.0,1 City,2,1,Thursday,07:30 am,50,Not Divided,Straight road,Level,Dry,Not Raining,Daylight,Side Swipe,No Control
2017-6259-15/08/2019,1,1,Driver,Female,036,Driver,Not Thrown Out,Treated at Hospital,Fitted - Worn,Station Wagon,Full,Straight Ahead,1.0,2 Metropolitan,2,2,Thursday,08:54 am,50,T-Junction,Straight road,Level,Dry,Not Raining,Daylight,Right Turn,Give Way Sign
2017-6259-15/08/2019,2,1,Passenger,Female,016,Front Seat Left Passenger,Not Thrown Out,Treated at Hospital,Fitted - Worn,Motor Cars - Sedan,Provisional 2,Right Turn,2.0,2 Metropolitan,2,2,Thursday,08:54 am,50,T-Junction,Straight road,Level,Dry,Not Raining,Daylight,Right Turn,Give Way Sign
2017-6260-15/08/2019,1,1,Rider,Male,067,Rider of Motorcycle,Thrown Out,Treated at Hospital,,Motor Cycle,Full,Straight Ahead,1.0,2 Metropolitan,2,1,Wednesday,10:25 am,60,Divided Road,Straight road,Level,Dry,Not Raining,Daylight,Rear End,No Control
2017-6267-15/08/2019,1,1,Driver,Female,072,Driver,Not Thrown Out,By Private,Fitted - Worn,Motor Cars - Sedan,Full,Entering Private Driveway,1.0,2 Metropolitan,3,1,Wednesday,02:00 pm,60,Divided Road,Straight road,Level,Dry,Not Raining,Daylight,Rear End,No Control
2017-6268-15/08/2019,1,1,Rider,Male,055,,Thrown Out,By Private,,Pedal Cycle,,Swerving,1.0,2 Metropolitan,1,1,Wednesday,08:12 am,50,Cross Road,Straight road,Level,Dry,Not Raining,Daylight,Roll Over,Give Way Sign
2017-6269-15/08/2019,1,1,Driver,Female,060,Driver,Not Thrown Out,Treated at Hospital,Fitted - Worn,Motor Cars - Sedan,Full,Straight Ahead,1.0,2 Metropolitan,3,1,Thursday,11:02 am,80,Divided Road,Straight road,Level,Dry,Not Raining,Daylight,Rear End,No Control
2017-6272-15/08/2019,2,1,Driver,Female,048,Driver,Not Thrown Out,By Private,Fitted - Worn,Station Wagon,Full,Straight Ahead,1.0,2 Metropolitan,2,1,Wednesday,01:30 pm,60,Divided Road,Straight road,Level,Dry,Not Raining,Daylight,Side Swipe,No Control
2017-6279-15/08/2019,2,1,Pedestrian,Female,050,,,Treated at Hospital,,Pedestrian on Road,,Crossing without Control,,2 Metropolitan,2,1,Thursday,02:50 pm,60,Cross Road,Straight road,Level,Dry,Not Raining,Daylight,Hit Pedestrian,Give Way Sign