REPORT_ID,UND_UNIT_NUMBER,CASUALTY_NUMBER,Casualty Type,Sex_x,AGE,Position In Veh,Thrown Out,Injury Extent,Seat Belt,Unit Type,Licence Type,Unit Movement,Number Occupants,Stats Area,Total Units,Total Cas,Day,Time,Area Speed,Position Type,Horizontal Align,Vertical Align,Moisture Cond,Weather Cond,DayNight,Crash Type,Traffic Ctrls
2017-6280-15/08/2019,1,1,Driver,Male,022,Driver,Not Thrown Out,Treated at Hospital,Fitted - Worn,Motor Cars - Sedan,Full,Straight Ahead,1.0,2 Metropolitan,2,2,Thursday,02:45 pm,60,Divided Road,Straight road,Level,Dry,Not Raining,Daylight,Right Angle,No Control
2017-6280-15/08/2019,2,1,Driver,Female,058,Driver,Not Thrown Out,Treated at Hospital,Fitted - Worn,Motor Cars - Sedan,Full,Leaving Private Driveway,1.0,2 Metropolitan,2,2,Thursday,02:45 pm,60,Divided Road,Straight road,Level,Dry,Not Raining,Daylight,Right Angle,No Control
2017-6281-15/08/2019,1,1,Driver,Male,036,Driver,Not Thrown Out,By Private,Fitted - Not Worn,Utility,Full,Parked,1.0,2 Metropolitan,2,1,Thursday,03:00 pm,50,Not Divided,Straight road,Level,Dry,Not Raining,Daylight,Hit Parked Vehicle,No Control
2017-6284-15/08/2019,2,1,Driver,Female,037,Driver,Not Thrown Out,Treated at Hospital,Fitted - Worn,Motor Cars - Sedan,Full,Straight Ahead,4.0,2 Metropolitan,2,1,Thursday,04:24 pm,50,Cross Road,Straight road,Slope,Dry,Not Raining,Daylight,Right Angle,Give Way Sign
2017-6286-15/08/2019,2,1,Driver,Female,028,Driver,Not Thrown Out,By Private,Fitted - Worn,Motor Cars - Sedan,Full,Stopped on Carriageway,3.0,2 Metropolitan,2,3,Thursday,05:00 pm,50,T-Junction,Straight road,Level,Dry,Not Raining,Daylight,Rear End,Give Way Sign
2017-6286-15/08/2019,2,2,Passenger,Male,001,Rear Seat Left Passenger,Not Thrown Out,By Private,Child Restraint - Worn,Motor Cars - Sedan,Full,Stopped on Carriageway,3.0,2 Metropolitan,2,3,Thursday,05:00 pm,50,T-Junction,Straight road,Level,Dry,Not Raining,Daylight,Rear End,Give Way Sign
2017-6286-15/08/2019,2,3,Passenger,Male,032,Front Seat Left Passenger,Not Thrown Out,By Private,Fitted - Worn,Motor Cars - Sedan,Full,Stopped on Carriageway,3.0,2 Metropolitan,2,3,Thursday,05:00 pm,50,T-Junction,Straight road,Level,Dry,Not Raining,Daylight,Rear End,Give Way Sign
2017-6289-15/08/2019,1,1,Driver,Male,019,Driver,Not Thrown Out,Treated at Hospital,Fitted - Worn,Motor Cars - Sedan,Provisional 1 ,Right Turn,2.0,2 Metropolitan,2,1,Wednesday,04:05 pm,60,T-Junction,Straight road,Level,Dry,Not Raining,Daylight,Hit Fixed Object,No Control
2017-6290-15/08/2019,2,1,Pedestrian,Male,023,,,Treated at Hospital,,Pedestrian on Road,,Walking on Road,,2 Metropolitan,2,1,Thursday,04:35 pm,50,Not Divided,Straight road,Slope,Dry,Not Raining,Daylight,Hit Pedestrian,No Control
2017-6291-15/08/2019,1,1,Driver,Female,021,Driver,Not Thrown Out,Treated at Hospital,Fitted - Worn,Motor Cars - Sedan,Provisional 1 ,Straight Ahead,1.0,2 Metropolitan,3,1,Thursday,05:25 pm,60,Cross Road,Straight road,Level,Dry,Not Raining,Night,Right Turn,Give Way Sign
2017-6293-15/08/2019,1,1,Rider,Male,044,Rider of Motorcycle,Thrown Out,Treated at Hospital,,Scooter,Full,Straight Ahead,1.0,2 Metropolitan,2,1,Thursday,06:32 pm,50,Not Divided,Straight road,Level,Dry,Not Raining,Night,Rear End,No Control
2017-6296-15/08/2019,2,1,Driver,Male,030,Driver,Not Thrown Out,Treated at Hospital,Fitted - Worn,Station Wagon,Full,Right Turn,1.0,2 Metropolitan,2,1,Wednesday,04:50 pm,70,T-Junction,Straight road,Level,Dry,Not Raining,Daylight,Right Angle,No Control
2017-6297-15/08/2019,2,1,Driver,Female,070,Driver,Not Thrown Out,Treated at Hospital,Fitted - Worn,Motor Cars - Sedan,Full,Stopped on Carriageway,1.0,2 Metropolitan,2,1,Thursday,03:22 pm,80,Divided Road,Straight road,Level,Dry,Not Raining,Daylight,Rear End,No Control
2017-6299-15/08/2019,2,1,Pedestrian,Female,056,,,Admitted to Hospital,,Pedestrian on Road,,Walking on Road,,1 City,2,1,Thursday,06:25 pm,50,Not Divided,Straight road,Level,Dry,Not Raining,Night,Hit Pedestrian,No Control
2017-6311-15/08/2019,1,1,Rider,Female,012,,Thrown Out,Treated at Hospital,,Pedal Cycle,,Right Turn,1.0,2 Metropolitan,2,1,Thursday,03:00 pm,50,T-Junction,Straight road,Level,Dry,Not Raining,Daylight,Right Turn,No Control
2017-6312-15/08/2019,2,1,Rider,Female,024,,Thrown Out,Treated at Hospital,,Pedal Cycle,,Swerving,1.0,2 Metropolitan,2,1,Friday,06:47 am,60,Divided Road,Straight road,Level,Dry,Not Raining,Night,Side Swipe,No Control
2017-6313-15/08/2019,2,1,Driver,Female,023,Driver,Not Thrown Out,By Private,Fitted - Worn,Station Wagon,Full,Stopped on Carriageway,1.0,2 Metropolitan,2,1,Friday,09:15 am,60,T-Junction,Straight road,Level,Dry,Not Raining,Daylight,Rear End,No Control
2017-6317-15/08/2019,1,1,Rider,Male,039,,Thrown Out,Treated at Hospital,,Pedal Cycle,,Straight Ahead,1.0,2 Metropolitan,2,1,Thursday,06:30 am,80,Not Divided,"CURVED, VIEW OBSCURED",Slope,Dry,Not Raining,Night,Hit Animal,No Control
2017-6318-15/08/2019,2,1,Driver,Male,085,Driver,Not Thrown Out,Treated at Hospital,Fitted - Worn,Motor Cars - Sedan,Full,Right Turn,1.0,2 Metropolitan,2,1,Friday,10:52 am,50,T-Junction,Straight road,Level,Dry,Not Raining,Daylight,Right Angle,Give Way Sign
2017-6319-15/08/2019,1,1,Rider,Male,010,,Thrown Out,By Private,,Pedal Cycle,,Straight Ahead,1.0,2 Metropolitan,2,1,Friday,08:35 am,50,Not Divided,Straight road,Level,Dry,Not Raining,Daylight,Right Angle,No Control
2017-6324-15/08/2019,2,1,Driver,Male,053,Driver,Not Thrown Out,By Private,Fitted - Worn,Motor Cars - Sedan,Unknown,Straight Ahead,1.0,2 Metropolitan,2,1,Friday,10:45 am,60,Not Divided,Straight road,Level,Dry,Not Raining,Daylight,Rear End,No Control
2017-6325-15/08/2019,2,1,Driver,Female,088,Driver,Not Thrown Out,Treated at Hospital,Fitted - Worn,Motor Cars - Sedan,Unlicenced,Right Turn,1.0,2 Metropolitan,2,1,Friday,10:50 am,70,Cross Road,Straight road,Level,Dry,Not Raining,Daylight,Right Angle,Traffic Signals
2017-6327-15/08/2019,1,1,Driver,Male,082,Driver,Not Thrown Out,Admitted to Hospital,Fitted - Not Worn,Motor Cars - Sedan,Full,Straight Ahead,1.0,2 Metropolitan,2,2,Friday,08:35 am,60,Cross Road,Straight road,Level,Dry,Not Raining,Daylight,Right Turn,Traffic Signals
2017-6327-15/08/2019,2,1,Driver,Male,031,Driver,Not Thrown Out,By Private,Fitted - Worn,Motor Cars - Sedan,Full,Right Turn,1.0,2 Metropolitan,2,2,Friday,08:35 am,60,Cross Road,Straight road,Level,Dry,Not Raining,Daylight,Right Turn,Traffic Signals
2017-6328-15/08/2019,1,1,Rider,Male,021,Rider of Motorcycle,Thrown Out,Admitted to Hospital,,Motor Cycle,Learners,Straight Ahead,1.0,2 Metropolitan,2,1,Wednesday,10:00 pm,50,Not Divided,Straight road,Level,Dry,Not Raining,Night,Rear End,No Control
2017-6329-15/08/2019,2,1,Rider,Male,044,,Thrown Out,Treated at Hospital,,Pedal Cycle,,Straight Ahead,1.0,2 Metropolitan,2,1,Thursday,02:00 pm,60,T-Junction,Straight road,Slope,Dry,Not Raining,Daylight,Right Angle,No Control
2017-6331-15/08/2019,2,1,Driver,Male,021,Driver,Not Thrown Out,Treated at Hospital,Fitted - Worn,Utility,Full,Entering Private Driveway,1.0,2 Metropolitan,2,1,Friday,01:00 pm,50,Divided Road,Straight road,Level,Dry,Not Raining,Daylight,Right Turn,No Control
2017-6332-15/08/2019,1,1,Rider,Male,054,,Thrown Out,Treated at Hospital,,Pedal Cycle,,Straight Ahead,1.0,3 Country,1,1,Thursday,11:45 am,100,Not Divided,Straight road,Level,Dry,Not Raining,Daylight,Roll Over,No Control
2017-6337-15/08/2019,1,1,Rider,Male,039,Rider of Motorcycle,Thrown Out,Treated at Hospital,,Motor Cycle,Full,Straight Ahead,1.0,2 Metropolitan,2,1,Friday,02:15 pm,100,Divided Road,Straight road,Level,Dry,Not Raining,Daylight,Side Swipe,No Control
2017-6338-15/08/2019,2,1,Driver,Female,042,Driver,Not Thrown Out,Treated at Hospital,Fitted - Worn,Motor Cars - Sedan,Full,Straight Ahead,2.0,2 Metropolitan,3,2,Friday,03:24 pm,60,Divided Road,Straight road,Level,Dry,Not Raining,Daylight,Rear End,No Control
2017-6338-15/08/2019,2,2,Passenger,Female,005,Rear Seat Right Passenger,Not Thrown Out,Treated at Hospital,Fitted - Worn,Motor Cars - Sedan,Full,Straight Ahead,2.0,2 Metropolitan,3,2,Friday,03:24 pm,60,Divided Road,Straight road,Level,Dry,Not Raining,Daylight,Rear End,No Control
2017-6340-15/08/2019,1,1,Driver,Female,040,Driver,Not Thrown Out,Treated at Hospital,Fitted - Worn,Station Wagon,Full,Straight Ahead,3.0,3 Country,4,2,Friday,07:55 am,60,T-Junction,Straight road,Level,Dry,Not Raining,Daylight,Rear End,No Control
2017-6340-15/08/2019,2,1,Driver,Female,045,Driver,Not Thrown Out,Admitted to Hospital,Fitted - Worn,Station Wagon,Full,Stopped on Carriageway,1.0,3 Country,4,2,Friday,07:55 am,60,T-Junction,Straight road,Level,Dry,Not Raining,Daylight,Rear End,No Control
2017-6346-15/08/2019,2,1,Driver,Male,028,Driver,Not Thrown Out,By Private,Fitted - Worn,Motor Cars - Sedan,Unlicenced,Straight Ahead,1.0,2 Metropolitan,2,1,Friday,06:45 pm,60,T-Junction,Straight road,Level,Dry,Not Raining,Night,Right Angle,No Control
2017-6349-15/08/2019,1,1,Driver,Female,034,Driver,Not Thrown Out,Treated at Hospital,Fitted - Worn,Station Wagon,Full,Straight Ahead,1.0,2 Metropolitan,2,1,Friday,05:45 am,80,Divided Road,Straight road,Level,Dry,Not Raining,Night,Rear End,No Control
2017-6350-15/08/2019,2,1,Driver,Female,045,Driver,Not Thrown Out,Treated at Hospital,Fitted - Worn,Station Wagon,Full,Right Turn,2.0,2 Metropolitan,2,2,Friday,07:50 pm,60,Cross Road,Straight road,Level,Dry,Not Raining,Night,Right Turn,Traffic Signals
2017-6350-15/08/2019,2,2,Passenger,Female,015,Front Seat Left Passenger,Not Thrown Out,Treated at Hospital,Fitted - Worn,Station Wagon,Full,Right Turn,2.0,2 Metropolitan,2,2,Friday,07:50 pm,60,Cross Road,Straight road,Level,Dry,Not Raining,Night,Right Turn,Traffic Signals
2017-6351-15/08/2019,1,1,Driver,Male,028,Driver,Not Thrown Out,Treated at Hospital,Fitted - Worn,Motor Cars - Sedan,Full,Stopped on Carriageway,1.0,2 Metropolitan,2,1,Friday,06:10 pm,60,Cross Road,Straight road,Level,Dry,Not Raining,Night,Rear End,Roundabout
2017-6353-15/08/2019,1,1,Driver,Male,090,Driver,Not Thrown Out,Treated at Hospital,Fitted - Worn,Motor Cars - Sedan,Full,Straight Ahead,1.0,3 Country,4,4,Friday,05:48 pm,110,Not Divided,Straight road,Level,Wet,Not Raining,Night,Rear End,No Control
2017-6353-15/08/2019,2,1,Driver,Female,023,Driver,Not Thrown Out,Admitted to Hospital,Fitted - Worn,Motor Cars - Sedan,Full,Stopped on Carriageway,2.0,3 Country,4,4,Friday,05:48 pm,110,Not Divided,Straight road,Level,Wet,Not Raining,Night,Rear End,No Control
2017-6353-15/08/2019,2,2,Passenger,Male,056,Front Seat Left Passenger,Not Thrown Out,Admitted to Hospital,Fitted - Worn,Motor Cars - Sedan,Full,Stopped on Carriageway,2.0,3 Country,4,4,Friday,05:48 pm,110,Not Divided,Straight road,Level,Wet,Not Raining,Night,Rear End,No Control
2017-6353-15/08/2019,3,1,Driver,Male,057,Driver,Not Thrown Out,Treated at Hospital,Fitted - Worn,Station Wagon,Full,Stopped on Carriageway,1.0,3 Country,4,4,Friday,05:48 pm,110,Not Divided,Straight road,Level,Wet,Not Raining,Night,Rear End,No Control
2017-6355-15/08/2019,1,1,Driver,Male,051,Driver,Not Thrown Out,Fatal,Fitted - Not Worn,Utility,Probationary,Straight Ahead,1.0,2 Metropolitan,2,1,Friday,05:50 pm,100,T-Junction,Straight road,Level,Dry,Not Raining,Night,Hit Fixed Object,No Control
2017-6356-15/08/2019,2,1,Pedestrian,Female,076,,,Admitted to Hospital,,Motorised Wheelchair/Gopher,,Crossing without Control,,3 Country,2,1,Friday,05:20 pm,50,Not Divided,Straight road,Level,Wet,Raining,Night,Hit Pedestrian,No Control
2017-6357-15/08/2019,1,1,Driver,Male,044,Driver,Not Thrown Out,Treated at Hospital,Fitted - Worn,Motor Cars - Sedan,Full,Straight Ahead,1.0,3 Country,4,3,Friday,05:30 pm,110,T-Junction,Straight road,Level,Wet,Raining,Night,Rear End,No Control
2017-6357-15/08/2019,2,1,Driver,Male,066,Driver,Not Thrown Out,Fatal,Fitted - Not Worn,Motor Cars - Sedan,Full,Stopped on Carriageway,1.0,3 Country,4,3,Friday,05:30 pm,110,T-Junction,Straight road,Level,Wet,Raining,Night,Rear End,No Control
2017-6357-15/08/2019,3,1,Driver,Male,054,Driver,Not Thrown Out,Treated at Hospital,Fitted - Worn,Station Wagon,Full,Straight Ahead,1.0,3 Country,4,3,Friday,05:30 pm,110,T-Junction,Straight road,Level,Wet,Raining,Night,Rear End,No Control
2017-6358-15/08/2019,1,1,Driver,Male,023,Driver,Not Thrown Out,Treated at Hospital,Fitted - Worn,Utility,Full,Straight Ahead,1.0,3 Country,2,1,Friday,10:30 pm,50,Not Divided,Straight road,Level,Wet,Raining,Night,Hit Fixed Object,No Control
2017-6368-15/08/2019,2,1,Driver,Female,025,Driver,Not Thrown Out,Treated at Hospital,Fitted - Worn,Motor Cars - Sedan,Full,Straight Ahead,3.0,2 Metropolitan,2,1,Saturday,11:33 am,60,Divided Road,Straight road,Level,Dry,Not Raining,Daylight,Right Angle,No Control
2017-6377-15/08/2019,1,1,Driver,Male,018,Driver,Not Thrown Out,By Private,Fitted - Worn,Motor Cars - Sedan,Provisional 2,Stopped on Carriageway,2.0,2 Metropolitan,2,1,Saturday,03:00 pm,90,T-Junction,Straight road,Level,Dry,Not Raining,Daylight,Rear End,Traffic Signals
2017-6380-15/08/2019,2,1,Rider,Female,045,,Thrown Out,Treated at Hospital,,Pedal Cycle,,Right Turn,1.0,2 Metropolitan,2,1,Saturday,03:15 pm,60,T-Junction,Straight road,Level,Dry,Not Raining,Daylight,Right Angle,Give Way Sign
2017-6381-15/08/2019,2,1,Rider,Female,051,,Thrown Out,Treated at Hospital,,Pedal Cycle,,Straight Ahead,1.0,2 Metropolitan,2,1,Saturday,05:15 pm,50,Cross Road,Straight road,Level,Dry,Not Raining,Night,Right Angle,Roundabout
2017-6389-15/08/2019,1,1,Rider,Male,016,Rider of Motorcycle,Thrown Out,By Private,,Motor Cycle,Learners,Swerving,1.0,2 Metropolitan,1,1,Saturday,07:15 pm,60,Divided Road,Straight road,Level,Dry,Not Raining,Night,Roll Over,No Control
2017-6391-15/08/2019,1,1,Passenger,Female,046,Front Seat Left Passenger,Not Thrown Out,By Private,Fitted - Worn,Motor Cars - Sedan,Full,Straight Ahead,2.0,2 Metropolitan,2,1,Saturday,04:00 pm,60,Cross Road,Straight road,Level,Dry,Not Raining,Daylight,Right Angle,Traffic Signals
2017-6395-15/08/2019,2,1,Rider,Male,XXX,Rider of Motorcycle,Not Thrown Out,Admitted to Hospital,,Motor Cycle,Provisional 2,Straight Ahead,1.0,2 Metropolitan,2,1,Saturday,11:10 am,60,Divided Road,Straight road,Level,Dry,Not Raining,Daylight,Side Swipe,No Control
2017-6396-15/08/2019,1,1,Driver,Male,038,Driver,Not Thrown Out,Treated at Hospital,Fitted - Unknown if Worn,Motor Cars - Sedan,Full,Left Turn,1.0,3 Country,2,1,Friday,11:00 pm,50,T-Junction,Straight road,Level,Dry,Not Raining,Night,Hit Fixed Object,No Control
2017-6401-15/08/2019,2,1,Driver,Female,058,Driver,Not Thrown Out,Treated at Hospital,Fitted - Worn,Motor Cars - Sedan,Full,Straight Ahead,1.0,2 Metropolitan,2,1,Sunday,12:00 pm,60,Divided Road,Straight road,Slope,Wet,Unknown,Daylight,Rear End,No Control
2017-6402-15/08/2019,1,1,Driver,Male,029,Driver,Not Thrown Out,Treated at Hospital,Fitted - Worn,Motor Cars - Sedan,Full,Straight Ahead,1.0,2 Metropolitan,3,1,Sunday,10:30 am,50,Not Divided,Straight road,Level,Dry,Not Raining,Daylight,Hit Fixed Object,No Control
2017-6406-15/08/2019,1,1,Driver,Male,019,Driver,Not Thrown Out,Treated at Hospital,Fitted - Worn,Motor Cars - Sedan,Probationary,Straight Ahead,2.0,2 Metropolitan,2,1,Sunday,01:00 pm,80,Not Divided,"CURVED, VIEW OBSCURED",Slope,Wet,Raining,Daylight,Hit Fixed Object,No Control
2017-6408-15/08/2019,1,1,Driver,Female,022,Driver,Not Thrown Out,By Private,Fitted - Worn,Motor Cars - Sedan,Full,Straight Ahead,2.0,2 Metropolitan,3,1,Sunday,01:10 pm,80,Divided Road,Straight road,Level,Wet,Raining,Daylight,Rear End,No Control
2017-6410-15/08/2019,1,1,Passenger,Female,017,Occupant of a Unit Being Towed,Not Thrown Out,Treated at Hospital,Fitted - Not Worn,Utility,Full,Straight Ahead,1.0,2 Metropolitan,2,1,Sunday,02:30 pm,50,Not Divided,Straight road,Level,Dry,Not Raining,Daylight,Head On,No Control
2017-6411-15/08/2019,2,1,Rider,Male,028,,Thrown Out,Admitted to Hospital,,Pedal Cycle,,Straight Ahead,1.0,2 Metropolitan,2,1,Sunday,03:30 pm,60,Not Divided,"CURVED, VIEW OBSCURED",Slope,Wet,Not Raining,Daylight,Head On,No Control
2017-6423-15/08/2019,1,1,Driver,Female,026,Driver,Not Thrown Out,By Private,Fitted - Worn,Motor Cars - Sedan,Full,Straight Ahead,1.0,3 Country,2,1,Friday,02:12 pm,60,Not Divided,Straight road,Level,Dry,Not Raining,Daylight,Hit Fixed Object,No Control
2017-6424-15/08/2019,1,1,Driver,Female,029,Driver,Not Thrown Out,Treated at Hospital,Fitted - Worn,Station Wagon,Full,Straight Ahead,1.0,2 Metropolitan,2,1,Monday,07:59 am,60,Not Divided,Straight road,Level,Wet,Raining,Daylight,Hit Fixed Object,No Control
2017-6425-15/08/2019,1,1,Rider,Male,020,Rider of Motorcycle,Thrown Out,By Private,,Motor Cycle,Full,Straight Ahead,1.0,3 Country,1,1,Monday,06:30 am,50,Cross Road,Straight road,Level,Dry,Not Raining,Night,Roll Over,Give Way Sign
2017-6427-15/08/2019,2,1,Driver,Female,072,Driver,Not Thrown Out,By Private,Fitted - Worn,Station Wagon,Full,Stopped on Carriageway,1.0,2 Metropolitan,2,1,Sunday,11:15 am,60,Divided Road,Straight road,Level,Wet,Raining,Daylight,Rear End,No Control
2017-6428-15/08/2019,1,1,Driver,Male,044,Driver,Not Thrown Out,By Private,Fitted - Worn,Motor Cars - Sedan,Full,Stopped on Carriageway,1.0,2 Metropolitan,2,1,Monday,08:30 am,60,Not Divided,Straight road,Level,Wet,Not Raining,Daylight,Rear End,No Control
2017-6432-15/08/2019,1,1,Passenger,Female,016,Rear Seat Right Passenger,Not Thrown Out,Treated at Hospital,Fitted - Worn,Motor Cars - Sedan,Provisional 1 ,Straight Ahead,3.0,2 Metropolitan,2,1,Friday,12:45 pm,60,Not Divided,"CURVED, VIEW OBSCURED",Slope,Dry,Not Raining,Daylight,Hit Fixed Object,No Control
2017-6434-15/08/2019,2,1,Driver,Female,020,Driver,Not Thrown Out,Treated at Hospital,Fitted - Worn,Motor Cars - Sedan,Provisional 1 ,Straight Ahead,1.0,2 Metropolitan,2,1,Monday,10:00 am,60,T-Junction,Straight road,Level,Dry,Not Raining,Daylight,Right Angle,Give Way Sign
2017-6435-15/08/2019,1,1,Passenger,Male,009,Rear Seat Right Passenger,Not Thrown Out,Treated at Hospital,Fitted - Worn,Motor Cars - Sedan,Full,Straight Ahead,3.0,2 Metropolitan,2,1,Saturday,12:50 pm,60,Cross Road,Straight road,Level,Dry,Not Raining,Daylight,Rear End,Traffic Signals
2017-6436-15/08/2019,1,1,Driver,Female,019,Driver,Not Thrown Out,Treated at Hospital,Fitted - Worn,Motor Cars - Sedan,Probationary,Straight Ahead,1.0,3 Country,2,1,Monday,07:50 am,80,Not Divided,"CURVED, VIEW OPEN",Slope,Wet,Raining,Daylight,Hit Fixed Object,No Control
2017-6439-15/08/2019,1,1,Driver,Male,078,Driver,Not Thrown Out,Treated at Hospital,Fitted - Worn,Motor Cars - Sedan,Full,Straight Ahead,1.0,2 Metropolitan,2,1,Monday,01:05 pm,60,Not Divided,Straight road,Level,Dry,Not Raining,Daylight,Hit Fixed Object,No Control
2017-6445-15/08/2019,1,1,Rider,Male,025,Rider of Motorcycle,Thrown Out,Treated at Hospital,,Motor Cycle,Full,Straight Ahead,1.0,2 Metropolitan,2,1,Sunday,12:15 pm,50,Not Divided,Straight road,Unknown,Dry,Not Raining,Daylight,Hit Animal,No Control
2017-6450-15/08/2019,1,1,Driver,Female,044,Driver,Not Thrown Out,By Private,Fitted - Worn,Motor Cars - Sedan,Full,Straight Ahead,3.0,2 Metropolitan,2,1,Monday,02:30 pm,60,Divided Road,Straight road,Level,Dry,Not Raining,Daylight,Rear End,No Control
2017-6451-15/08/2019,2,1,Pedestrian,Female,076,,,Treated at Hospital,,Pedestrian on Road,,Crossing with Traffic Signals,,2 Metropolitan,2,1,Monday,04:30 pm,60,T-Junction,Straight road,Level,Dry,Not Raining,Daylight,Hit Pedestrian,Traffic Signals
2017-6453-15/08/2019,1,1,Driver,Male,023,Driver,Not Thrown Out,By Private,Fitted - Worn,Motor Cars - Sedan,Full,Straight Ahead,3.0,2 Metropolitan,2,1,Monday,04:30 pm,90,Freeway,Straight road,Bottom of Hill,Dry,Not Raining,Daylight,Rear End,No Control
2017-6455-15/08/2019,1,1,Passenger,Male,007,Rear Seat Left Passenger,Not Thrown Out,Treated at Hospital,Fitted - Worn,Motor Cars - Sedan,Full,Straight Ahead,4.0,2 Metropolitan,2,1,Monday,07:20 pm,60,Cross Road,Straight road,Level,Dry,Not Raining,Night,Right Turn,Traffic Signals
2017-6458-15/08/2019,1,1,Driver,Male,069,Driver,Not Thrown Out,Treated at Hospital,Fitted - Worn,Station Wagon,Full,Straight Ahead,2.0,2 Metropolitan,2,2,Monday,09:00 pm,110,Divided Road,Straight road,Level,Wet,Not Raining,Night,Hit Fixed Object,No Control
2017-6458-15/08/2019,1,2,Passenger,Female,067,Front Seat Left Passenger,Not Thrown Out,Treated at Hospital,Fitted - Worn,Station Wagon,Full,Straight Ahead,2.0,2 Metropolitan,2,2,Monday,09:00 pm,110,Divided Road,Straight road,Level,Wet,Not Raining,Night,Hit Fixed Object,No Control
2017-6459-15/08/2019,1,1,Passenger,Male,017,Front Seat Left Passenger,Not Thrown Out,Treated at Hospital,Fitted - Worn,Motor Cars - Sedan,Unlicenced,Straight Ahead,2.0,2 Metropolitan,2,1,Monday,11:00 pm,50,Cross Road,Straight road,Level,Dry,Not Raining,Night,Hit Fixed Object,Roundabout
2017-6460-15/08/2019,1,1,Driver,Female,052,Driver,Not Thrown Out,Treated at Hospital,Fitted - Worn,Motor Cars - Sedan,Full,Straight Ahead,1.0,2 Metropolitan,2,1,Monday,11:00 pm,60,Divided Road,Straight road,Level,Dry,Not Raining,Night,Right Angle,No Control
2017-6463-15/08/2019,1,1,Driver,Male,042,Driver,Not Thrown Out,By Private,Fitted - Worn,Motor Vehicle - Type Unknown,Unknown,Straight Ahead,1.0,2 Metropolitan,2,1,Sunday,02:45 pm,60,Divided Road,Straight road,Level,Dry,Not Raining,Daylight,Rear End,No Control
2017-6464-15/08/2019,1,1,Driver,Male,017,Driver,Not Thrown Out,Treated at Hospital,Fitted - Worn,Utility,Provisional 1 ,Straight Ahead,1.0,3 Country,2,1,Monday,08:30 pm,100,Not Divided,Straight road,Slope,Wet,Raining,Night,Hit Animal,No Control
2017-6465-15/08/2019,1,1,Driver,Male,025,Driver,Not Thrown Out,By Private,Fitted - Worn,Motor Cars - Sedan,Full,Stopped on Carriageway,1.0,2 Metropolitan,3,1,Tuesday,08:00 am,60,Divided Road,Straight road,Level,Dry,Not Raining,Daylight,Rear End,No Control
2017-6468-15/08/2019,1,1,Rider,Male,026,,Thrown Out,Treated at Hospital,,Pedal Cycle,,Straight Ahead,1.0,2 Metropolitan,2,1,Tuesday,11:15 am,60,Divided Road,Straight road,Level,Dry,Not Raining,Daylight,Hit Fixed Object,No Control
2017-6469-15/08/2019,1,1,Driver,Female,059,Driver,Not Thrown Out,By Private,Fitted - Worn,Station Wagon,Full,Stopped on Carriageway,1.0,2 Metropolitan,2,1,Tuesday,02:05 pm,80,Divided Road,Straight road,Level,Dry,Not Raining,Daylight,Rear End,No Control
2017-6470-15/08/2019,1,1,Driver,Male,021,Driver,Not Thrown Out,Treated at Hospital,Fitted - Worn,Motor Cars - Sedan,Provisional 2,Straight Ahead,1.0,2 Metropolitan,2,2,Tuesday,01:10 pm,60,T-Junction,Straight road,Level,Dry,Not Raining,Daylight,Right Angle,Give Way Sign
2017-6470-15/08/2019,2,1,Driver,Female,023,Driver,Not Thrown Out,Treated at Hospital,Fitted - Worn,Motor Cars - Sedan,Full,Right Turn,2.0,2 Metropolitan,2,2,Tuesday,01:10 pm,60,T-Junction,Straight road,Level,Dry,Not Raining,Daylight,Right Angle,Give Way Sign
2017-6471-15/08/2019,1,1,Driver,Female,027,Driver,Not Thrown Out,By Private,Fitted - Worn,Station Wagon,Full,Stopped on Carriageway,1.0,2 Metropolitan,2,1,Tuesday,01:19 pm,80,Cross Road,Straight road,Level,Dry,Not Raining,Daylight,Rear End,Traffic Signals
2017-6472-15/08/2019,1,1,Passenger,Female,022,Front Seat Left Passenger,Not Thrown Out,By Private,Fitted - Worn,Station Wagon,Learners,Straight Ahead,2.0,2 Metropolitan,2,1,Monday,05:40 pm,60,Cross Road,Straight road,Level,Dry,Not Raining,Night,Right Turn,Traffic Signals
2017-6477-15/08/2019,1,1,Driver,Male,031,Driver,Not Thrown Out,Treated at Hospital,Fitted - Worn,Motor Cars - Sedan,Full,Straight Ahead,1.0,2 Metropolitan,2,1,Tuesday,04:21 pm,50,Cross Road,Straight road,Level,Dry,Not Raining,Daylight,Right Turn,Stop Sign
2017-6478-15/08/2019,1,1,Rider,Male,034,Rider of Motorcycle,Thrown Out,Admitted to Hospital,,Motor Cycle,Full,Swerving,1.0,3 Country,1,1,Tuesday,03:20 pm,60,Cross Road,Straight road,Level,Dry,Not Raining,Daylight,Roll Over,Give Way Sign
2017-6479-15/08/2019,1,1,Driver,Male,090,Driver,Not Thrown Out,Treated at Hospital,Fitted - Worn,Motor Cars - Sedan,Full,Straight Ahead,1.0,2 Metropolitan,2,1,Tuesday,04:15 pm,50,Cross Road,Straight road,Level,Dry,Not Raining,Daylight,Right Angle,Give Way Sign