REPORT_ID,UND_UNIT_NUMBER,CASUALTY_NUMBER,Casualty Type,Sex_x,AGE,Position In Veh,Thrown Out,Injury Extent,Seat Belt,Unit Type,Licence Type,Unit Movement,Number Occupants,Stats Area,Total Units,Total Cas,Day,Time,Area Speed,Position Type,Horizontal Align,Vertical Align,Moisture Cond,Weather Cond,DayNight,Crash Type,Traffic Ctrls
2017-6480-15/08/2019,1,1,Driver,Female,024,Driver,Not Thrown Out,Treated at Hospital,Fitted - Worn,Motor Cars - Sedan,Unknown,Straight Ahead,1.0,2 Metropolitan,2,2,Tuesday,03:30 pm,100,T-Junction,Straight road,Level,Dry,Not Raining,Daylight,Right Angle,Give Way Sign
2017-6480-15/08/2019,2,1,Driver,Female,062,Driver,Not Thrown Out,Treated at Hospital,Fitted - Worn,Motor Cars - Sedan,Full,Right Turn,1.0,2 Metropolitan,2,2,Tuesday,03:30 pm,100,T-Junction,Straight road,Level,Dry,Not Raining,Daylight,Right Angle,Give Way Sign
2017-6487-15/08/2019,2,1,Driver,Male,025,Driver,Not Thrown Out,Treated at Hospital,Fitted - Worn,Utility,Provisional 1 ,U Turn,1.0,2 Metropolitan,2,1,Wednesday,06:30 am,60,Not Divided,Straight road,Level,Dry,Not Raining,Night,Side Swipe,No Control
2017-6490-15/08/2019,1,1,Driver,Female,037,Driver,Not Thrown Out,Treated at Hospital,Fitted - Worn,Motor Cars - Sedan,Full,Stopped on Carriageway,1.0,2 Metropolitan,2,2,Wednesday,09:45 am,60,Divided Road,Straight road,Level,Dry,Not Raining,Daylight,Rear End,No Control
2017-6490-15/08/2019,2,1,Driver,Female,060,Driver,Not Thrown Out,Treated at Hospital,Fitted - Worn,Motor Cars - Sedan,Full,Straight Ahead,1.0,2 Metropolitan,2,2,Wednesday,09:45 am,60,Divided Road,Straight road,Level,Dry,Not Raining,Daylight,Rear End,No Control
2017-6492-15/08/2019,1,1,Passenger,Female,048,Rear Seat Right Passenger,Not Thrown Out,By Private,Fitted - Worn,Station Wagon,Full,Left Turn,3.0,2 Metropolitan,2,1,Tuesday,04:40 pm,60,Cross Road,Straight road,Level,Dry,Not Raining,Daylight,Rear End,Traffic Signals
2017-6495-15/08/2019,1,1,Passenger,Male,019,Front Seat Left Passenger,Not Thrown Out,By Private,Fitted - Worn,Motor Cars - Sedan,Probationary,Straight Ahead,2.0,2 Metropolitan,2,1,Wednesday,11:30 am,50,Divided Road,"CURVED, VIEW OPEN",Level,Dry,Not Raining,Daylight,Side Swipe,No Control
2017-6499-15/08/2019,1,1,Driver,Female,019,Driver,Not Thrown Out,Treated at Hospital,Fitted - Worn,Motor Cars - Sedan,Provisional 2,Stopped on Carriageway,2.0,2 Metropolitan,2,2,Wednesday,11:30 am,60,Cross Road,Straight road,Level,Dry,Not Raining,Daylight,Rear End,Traffic Signals
2017-6499-15/08/2019,1,2,Passenger,Female,XXX,Front Seat Left Passenger,Not Thrown Out,Treated at Hospital,Fitted - Worn,Motor Cars - Sedan,Provisional 2,Stopped on Carriageway,2.0,2 Metropolitan,2,2,Wednesday,11:30 am,60,Cross Road,Straight road,Level,Dry,Not Raining,Daylight,Rear End,Traffic Signals
2017-6504-15/08/2019,1,1,Driver,Female,086,Driver,Not Thrown Out,Admitted to Hospital,Fitted - Worn,Motor Cars - Sedan,Full,Straight Ahead,2.0,2 Metropolitan,2,2,Wednesday,09:05 am,60,Cross Road,Straight road,Bottom of Hill,Dry,Not Raining,Daylight,Right Turn,Traffic Signals
2017-6504-15/08/2019,1,2,Passenger,Male,073,Front Seat Left Passenger,Not Thrown Out,Admitted to Hospital,Fitted - Not Worn,Motor Cars - Sedan,Full,Straight Ahead,2.0,2 Metropolitan,2,2,Wednesday,09:05 am,60,Cross Road,Straight road,Bottom of Hill,Dry,Not Raining,Daylight,Right Turn,Traffic Signals
2017-6506-15/08/2019,1,1,Driver,Female,057,Driver,Not Thrown Out,Admitted to Hospital,Fitted - Worn,Motor Cars - Sedan,Unknown,Straight Ahead,2.0,3 Country,1,2,Wednesday,11:15 am,100,Not Divided,"CURVED, VIEW OPEN",Level,Dry,Not Raining,Daylight,Left Road - Out of Control,No Control
2017-6506-15/08/2019,1,2,Passenger,Female,018,Front Seat Left Passenger,Not Thrown Out,Admitted to Hospital,Fitted - Worn,Motor Cars - Sedan,Unknown,Straight Ahead,2.0,3 Country,1,2,Wednesday,11:15 am,100,Not Divided,"CURVED, VIEW OPEN",Level,Dry,Not Raining,Daylight,Left Road - Out of Control,No Control
2017-6507-15/08/2019,1,1,Driver,Female,058,Driver,Not Thrown Out,By Private,Fitted - Worn,Motor Cars - Sedan,Full,Stopped on Carriageway,1.0,2 Metropolitan,2,1,Tuesday,06:05 pm,60,T-Junction,Straight road,Level,Dry,Not Raining,Night,Rear End,Traffic Signals
2017-6509-15/08/2019,1,1,Driver,Female,043,Driver,Not Thrown Out,Treated at Hospital,Fitted - Unknown if Worn,Motor Cars - Sedan,Full,Straight Ahead,4.0,3 Country,2,4,Wednesday,03:15 pm,100,Not Divided,"CURVED, VIEW OBSCURED",Slope,Wet,Raining,Daylight,Hit Fixed Object,No Control
2017-6509-15/08/2019,1,2,Passenger,Female,018,Front Seat Left Passenger,Not Thrown Out,Treated at Hospital,Fitted - Unknown if Worn,Motor Cars - Sedan,Full,Straight Ahead,4.0,3 Country,2,4,Wednesday,03:15 pm,100,Not Divided,"CURVED, VIEW OBSCURED",Slope,Wet,Raining,Daylight,Hit Fixed Object,No Control
2017-6509-15/08/2019,1,3,Passenger,Male,023,Rear Seat Left Passenger,Not Thrown Out,Treated at Hospital,Fitted - Unknown if Worn,Motor Cars - Sedan,Full,Straight Ahead,4.0,3 Country,2,4,Wednesday,03:15 pm,100,Not Divided,"CURVED, VIEW OBSCURED",Slope,Wet,Raining,Daylight,Hit Fixed Object,No Control
2017-6509-15/08/2019,1,4,Passenger,Female,019,Rear Seat Right Passenger,Not Thrown Out,Treated at Hospital,Fitted - Unknown if Worn,Motor Cars - Sedan,Full,Straight Ahead,4.0,3 Country,2,4,Wednesday,03:15 pm,100,Not Divided,"CURVED, VIEW OBSCURED",Slope,Wet,Raining,Daylight,Hit Fixed Object,No Control
2017-6513-15/08/2019,2,1,Driver,Female,020,Driver,Not Thrown Out,Admitted to Hospital,Fitted - Worn,Motor Cars - Sedan,Full,Stopped on Carriageway,2.0,2 Metropolitan,4,2,Wednesday,03:02 pm,60,Cross Road,Straight road,Level,Wet,Raining,Daylight,Rear End,Give Way Sign
2017-6513-15/08/2019,3,1,Driver,Female,037,Driver,Not Thrown Out,By Private,Fitted - Worn,Motor Cars - Sedan,Full,Stopped on Carriageway,1.0,2 Metropolitan,4,2,Wednesday,03:02 pm,60,Cross Road,Straight road,Level,Wet,Raining,Daylight,Rear End,Give Way Sign
2017-6514-15/08/2019,2,1,Driver,Male,032,Driver,Not Thrown Out,By Private,Fitted - Worn,Motor Cars - Sedan,Full,Straight Ahead,3.0,1 City,2,2,Wednesday,03:32 pm,50,Cross Road,Straight road,Level,Wet,Raining,Daylight,Right Turn,Traffic Signals
2017-6514-15/08/2019,2,2,Passenger,Female,029,Front Seat Left Passenger,Not Thrown Out,By Private,Fitted - Worn,Motor Cars - Sedan,Full,Straight Ahead,3.0,1 City,2,2,Wednesday,03:32 pm,50,Cross Road,Straight road,Level,Wet,Raining,Daylight,Right Turn,Traffic Signals
2017-6515-15/08/2019,2,1,Rider,Male,023,,Thrown Out,Treated at Hospital,,Power Asst. Bicycle,,Straight Ahead,1.0,2 Metropolitan,2,1,Wednesday,03:40 pm,50,Divided Road,Straight road,Level,Wet,Raining,Daylight,Right Angle,No Control
2017-6516-15/08/2019,1,1,Driver,Male,XXX,Driver,Not Thrown Out,Treated at Hospital,Fitted - Worn,Motor Cars - Sedan,Full,Straight Ahead,1.0,2 Metropolitan,2,2,Wednesday,03:25 pm,60,Divided Road,Straight road,Level,Wet,Raining,Daylight,Rear End,No Control
2017-6516-15/08/2019,2,1,Driver,Male,021,Driver,Not Thrown Out,Treated at Hospital,Fitted - Worn,Utility,Full,Stopped on Carriageway,1.0,2 Metropolitan,2,2,Wednesday,03:25 pm,60,Divided Road,Straight road,Level,Wet,Raining,Daylight,Rear End,No Control
2017-6517-15/08/2019,1,1,Driver,Male,037,Driver,Not Thrown Out,Treated at Hospital,Fitted - Worn,Station Wagon,Full,Straight Ahead,1.0,2 Metropolitan,2,1,Tuesday,02:49 pm,80,Cross Road,Straight road,Level,Dry,Not Raining,Daylight,Right Angle,Give Way Sign
2017-6518-15/08/2019,1,1,Passenger,Female,060,Front Seat Left Passenger,Not Thrown Out,Treated at Hospital,Fitted - Worn,Motor Cars - Sedan,Full,Stopped on Carriageway,2.0,2 Metropolitan,2,1,Wednesday,04:00 pm,60,Divided Road,Straight road,Level,Wet,Not Raining,Daylight,Rear End,No Control
2017-6521-15/08/2019,1,1,Driver,Female,023,Driver,Not Thrown Out,By Private,Fitted - Worn,Motor Cars - Sedan,Full,Straight Ahead,1.0,2 Metropolitan,2,1,Wednesday,05:25 pm,60,Cross Road,Straight road,Level,Wet,Not Raining,Night,Side Swipe,Traffic Signals
2017-6522-15/08/2019,1,1,Passenger,Female,021,Front Seat Left Passenger,Not Thrown Out,Treated at Hospital,Fitted - Worn,Station Wagon,Full,Straight Ahead,2.0,2 Metropolitan,2,3,Wednesday,06:21 pm,60,Not Divided,Straight road,Level,Wet,Raining,Night,Head On,No Control
2017-6522-15/08/2019,2,1,Driver,Male,018,Driver,Not Thrown Out,Treated at Hospital,Fitted - Worn,Motor Cars - Sedan,Provisional 1 ,Straight Ahead,2.0,2 Metropolitan,2,3,Wednesday,06:21 pm,60,Not Divided,Straight road,Level,Wet,Raining,Night,Head On,No Control
2017-6522-15/08/2019,2,2,Passenger,Female,018,Front Seat Left Passenger,Not Thrown Out,Admitted to Hospital,Fitted - Worn,Motor Cars - Sedan,Provisional 1 ,Straight Ahead,2.0,2 Metropolitan,2,3,Wednesday,06:21 pm,60,Not Divided,Straight road,Level,Wet,Raining,Night,Head On,No Control
2017-6525-15/08/2019,1,1,Driver,Female,047,Driver,Not Thrown Out,Treated at Hospital,Fitted - Worn,Station Wagon,Full,Straight Ahead,1.0,2 Metropolitan,2,1,Tuesday,06:22 pm,60,Cross Road,Straight road,Level,Wet,Not Raining,Night,Right Turn,Traffic Signals
2017-6527-15/08/2019,2,1,Pedestrian,Female,063,,,Treated at Hospital,,Pedestrian on Road,,Crossing with Traffic Signals,,1 City,2,1,Wednesday,06:30 pm,50,Cross Road,Straight road,Level,Dry,Not Raining,Night,Hit Pedestrian,Traffic Signals
2017-6530-15/08/2019,4,1,Driver,Male,030,Driver,Not Thrown Out,Treated at Hospital,Fitted - Worn,Motor Cars - Sedan,Full,Stopped on Carriageway,1.0,2 Metropolitan,4,1,Wednesday,06:27 pm,80,Cross Road,Straight road,Level,Wet,Raining,Night,Rear End,Traffic Signals
2017-6531-15/08/2019,2,1,Driver,Male,071,Driver,Not Thrown Out,Treated at Hospital,Fitted - Worn,Motor Cars - Sedan,Full,UnParking - Parallel,2.0,1 City,2,1,Thursday,09:15 am,50,Not Divided,Straight road,Level,Dry,Not Raining,Daylight,Side Swipe,No Control
2017-6534-15/08/2019,1,1,Driver,Male,021,Driver,Not Thrown Out,Treated at Hospital,Fitted - Worn,Motor Cars - Sedan,Full,Straight Ahead,1.0,2 Metropolitan,2,1,Thursday,07:40 am,50,Divided Road,Straight road,Level,Wet,Not Raining,Daylight,Hit Fixed Object,No Control
2017-6537-15/08/2019,1,1,Driver,Male,043,Driver,Not Thrown Out,Treated at Hospital,Fitted - Worn,Utility,Full,Straight Ahead,1.0,3 Country,2,2,Thursday,06:50 am,100,Not Divided,"CURVED, VIEW OBSCURED",Slope,Wet,Raining,Night,Head On,No Control
2017-6537-15/08/2019,2,1,Driver,Male,026,Driver,Not Thrown Out,Admitted to Hospital,Fitted - Worn,Motor Cars - Sedan,Full,Straight Ahead,1.0,3 Country,2,2,Thursday,06:50 am,100,Not Divided,"CURVED, VIEW OBSCURED",Slope,Wet,Raining,Night,Head On,No Control
2017-6542-15/08/2019,1,1,Driver,Female,063,Driver,Not Thrown Out,Treated at Hospital,Fitted - Worn,Motor Cars - Sedan,Full,Straight Ahead,1.0,3 Country,2,1,Thursday,08:50 am,60,T-Junction,Straight road,Slope,Dry,Not Raining,Daylight,Right Angle,Give Way Sign
2017-6543-15/08/2019,1,1,Driver,Female,044,Driver,Not Thrown Out,By Private,Fitted - Worn,Motor Cars - Sedan,Full,Stopped on Carriageway,1.0,2 Metropolitan,2,1,Thursday,07:00 am,90,Freeway,Straight road,Level,Dry,Not Raining,Night,Rear End,No Control
2017-6545-15/08/2019,2,1,Driver,Male,029,Driver,Not Thrown Out,Treated at Hospital,Fitted - Worn,Motor Cars - Sedan,Full,Straight Ahead,1.0,2 Metropolitan,2,1,Thursday,10:55 am,90,Freeway,Straight road,Level,Dry,Not Raining,Daylight,Rear End,No Control
2017-6547-15/08/2019,2,1,Driver,Female,066,Driver,Not Thrown Out,Treated at Hospital,Fitted - Worn,Motor Cars - Sedan,Unlicenced,Swerving,1.0,2 Metropolitan,2,1,Thursday,11:50 am,60,Divided Road,Straight road,Level,Dry,Not Raining,Daylight,Side Swipe,No Control
2017-6560-15/08/2019,3,1,Driver,Male,021,Driver,Not Thrown Out,By Private,Fitted - Worn,Motor Cars - Sedan,Full,Stopped on Carriageway,1.0,2 Metropolitan,3,1,Wednesday,06:02 pm,60,Divided Road,Straight road,Level,Wet,Raining,Night,Rear End,No Control
2017-6563-15/08/2019,1,1,Passenger,Male,001,Rear Seat Left Passenger,Not Thrown Out,Treated at Hospital,Fitted - Worn,Motor Cars - Sedan,Provisional 2,Straight Ahead,3.0,2 Metropolitan,2,2,Thursday,05:05 pm,60,Not Divided,Straight road,Level,Wet,Not Raining,Daylight,Rear End,No Control
2017-6563-15/08/2019,1,2,Passenger,Female,024,Rear Seat Right Passenger,Not Thrown Out,Treated at Hospital,Fitted - Worn,Motor Cars - Sedan,Provisional 2,Straight Ahead,3.0,2 Metropolitan,2,2,Thursday,05:05 pm,60,Not Divided,Straight road,Level,Wet,Not Raining,Daylight,Rear End,No Control
2017-6565-15/08/2019,2,1,Pedestrian,Female,035,,,Treated at Hospital,,Pedestrian on Road,,Crossing without Control,,2 Metropolitan,3,2,Thursday,05:30 pm,60,T-Junction,Straight road,Level,Wet,Raining,Night,Hit Pedestrian,Give Way Sign
2017-6565-15/08/2019,3,1,Pedestrian,Male,007,,,Treated at Hospital,,Pedestrian on Road,,Crossing without Control,,2 Metropolitan,3,2,Thursday,05:30 pm,60,T-Junction,Straight road,Level,Wet,Raining,Night,Hit Pedestrian,Give Way Sign
2017-6566-15/08/2019,1,1,Rider,Male,049,Rider of Motorcycle,Thrown Out,Treated at Hospital,,Motor Cycle,Full,Straight Ahead,1.0,2 Metropolitan,2,1,Thursday,04:40 pm,60,T-Junction,Straight road,Level,Wet,Raining,Daylight,Right Angle,No Control
2017-6568-15/08/2019,1,1,Driver,Male,057,Driver,Not Thrown Out,Treated at Hospital,Fitted - Worn,Station Wagon,Full,Stopped on Carriageway,1.0,2 Metropolitan,2,2,Thursday,03:40 pm,80,Not Divided,"CURVED, VIEW OPEN",Slope,Dry,Not Raining,Daylight,Rear End,No Control
2017-6568-15/08/2019,2,1,Driver,Male,030,Driver,Not Thrown Out,Treated at Hospital,Fitted - Worn,Panel Van,Full,Straight Ahead,1.0,2 Metropolitan,2,2,Thursday,03:40 pm,80,Not Divided,"CURVED, VIEW OPEN",Slope,Dry,Not Raining,Daylight,Rear End,No Control
2017-6571-15/08/2019,1,1,Driver,Female,043,Driver,Not Thrown Out,Treated at Hospital,Fitted - Worn,Motor Cars - Sedan,Full,Straight Ahead,1.0,2 Metropolitan,4,1,Wednesday,05:20 pm,100,Freeway,Straight road,Slope,Wet,Raining,Night,Hit Fixed Object,No Control
2017-6572-15/08/2019,2,1,Rider,Male,016,Rider of Motorcycle,Thrown Out,Treated at Hospital,,Motor Cycle,Learners,Straight Ahead,1.0,2 Metropolitan,2,1,Thursday,08:15 pm,80,Divided Road,Straight road,Level,Wet,Raining,Night,Rear End,No Control
2017-6573-15/08/2019,1,1,Driver,Male,017,Driver,Not Thrown Out,Treated at Hospital,Fitted - Worn,Motor Cars - Sedan,Provisional 2,Straight Ahead,1.0,2 Metropolitan,1,1,Thursday,08:45 pm,60,Not Divided,"CURVED, VIEW OBSCURED",Slope,Wet,Raining,Night,Roll Over,No Control
2017-6581-15/08/2019,2,1,Pedestrian,Female,046,,,Treated at Hospital,,Pedestrian on Road,,Crossing with Traffic Signals,,1 City,2,1,Friday,06:50 am,50,T-Junction,Straight road,Level,Wet,Not Raining,Night,Hit Pedestrian,Traffic Signals
2017-6586-15/08/2019,3,1,Driver,Male,056,Driver,Not Thrown Out,By Private,Fitted - Worn,Motor Cars - Sedan,Full,Stopped on Carriageway,1.0,2 Metropolitan,3,1,Friday,09:00 am,60,Pedestrian Crossing,Straight road,Level,Wet,Not Raining,Daylight,Rear End,Traffic Signals
2017-6589-15/08/2019,1,1,Driver,Female,047,Driver,Not Thrown Out,Treated at Hospital,Fitted - Worn,Motor Cars - Sedan,Full,Stopped on Carriageway,1.0,2 Metropolitan,3,1,Friday,08:30 am,80,Divided Road,Straight road,Level,Wet,Not Raining,Daylight,Rear End,No Control
2017-6593-15/08/2019,1,1,Rider,Female,039,,,By Private,,Pedal Cycle,,Straight Ahead,1.0,2 Metropolitan,2,1,Saturday,02:30 pm,60,T-Junction,Straight road,Level,Dry,Not Raining,Daylight,Right Angle,Give Way Sign
2017-6595-15/08/2019,1,1,Passenger,Female,082,Front Seat Left Passenger,Not Thrown Out,Treated at Hospital,Fitted - Worn,Motor Cars - Sedan,Full,Straight Ahead,2.0,2 Metropolitan,2,1,Friday,11:35 am,60,T-Junction,Straight road,Level,Dry,Not Raining,Daylight,Right Angle,No Control
2017-6597-15/08/2019,3,1,Pedestrian,Female,047,,,Treated at Hospital,,Pedestrian on Footpath/Carpark,,Walking on Footpath,,1 City,3,1,Tuesday,01:45 pm,50,Not Divided,Straight road,Level,Dry,Not Raining,Daylight,Hit Fixed Object,No Control
2017-6599-15/08/2019,1,1,Driver,Male,052,Driver,Not Thrown Out,Treated at Hospital,Fitted - Worn,Motor Cars - Sedan,Full,Left Turn,2.0,2 Metropolitan,2,3,Friday,09:55 am,60,T-Junction,Straight road,Level,Dry,Not Raining,Daylight,Side Swipe,No Control
2017-6599-15/08/2019,1,2,Passenger,Male,021,Front Seat Left Passenger,Not Thrown Out,Treated at Hospital,Fitted - Worn,Motor Cars - Sedan,Full,Left Turn,2.0,2 Metropolitan,2,3,Friday,09:55 am,60,T-Junction,Straight road,Level,Dry,Not Raining,Daylight,Side Swipe,No Control
2017-6599-15/08/2019,2,1,Driver,Female,073,Driver,Not Thrown Out,Treated at Hospital,Fitted - Worn,Station Wagon,Full,Straight Ahead,1.0,2 Metropolitan,2,3,Friday,09:55 am,60,T-Junction,Straight road,Level,Dry,Not Raining,Daylight,Side Swipe,No Control
2017-6600-15/08/2019,2,1,Rider,Male,041,Rider of Motorcycle,Thrown Out,Treated at Hospital,,Motor Cycle,Full,Stopped on Carriageway,1.0,2 Metropolitan,2,1,Friday,12:30 pm,80,Divided Road,Straight road,Level,Dry,Not Raining,Daylight,Rear End,No Control
2017-6607-15/08/2019,2,1,Driver,Male,026,Driver,Not Thrown Out,Treated at Hospital,Fitted - Worn,Station Wagon,Full,Straight Ahead,1.0,2 Metropolitan,2,1,Friday,03:56 pm,50,Not Divided,Straight road,Level,Dry,Not Raining,Daylight,Right Angle,No Control
2017-6611-15/08/2019,1,1,Driver,Female,035,Driver,Not Thrown Out,By Private,Fitted - Worn,Station Wagon,Full,Stopped on Carriageway,3.0,2 Metropolitan,3,1,Wednesday,03:40 pm,60,Cross Road,Straight road,Level,Dry,Not Raining,Daylight,Rear End,Traffic Signals
2017-6612-15/08/2019,1,1,Driver,Female,058,Driver,Not Thrown Out,Treated at Hospital,Fitted - Worn,Motor Cars - Sedan,Full,Straight Ahead,1.0,2 Metropolitan,2,1,Friday,02:20 pm,60,T-Junction,Straight road,Level,Dry,Not Raining,Daylight,Right Angle,Give Way Sign
2017-6613-15/08/2019,2,1,Rider,Male,033,,Thrown Out,Treated at Hospital,,Pedal Cycle,,Straight Ahead,1.0,1 City,2,1,Monday,06:00 pm,50,T-Junction,Straight road,Level,Dry,Not Raining,Night,Right Turn,Give Way Sign
2017-6614-15/08/2019,2,1,Pedestrian,Female,010,,,Treated at Hospital,,Pedestrian on Road,,Crossing without Control,,2 Metropolitan,2,1,Friday,03:05 pm,60,Not Divided,Straight road,Level,Dry,Not Raining,Daylight,Hit Pedestrian,No Control
2017-6616-15/08/2019,2,1,Pedestrian,Female,042,,,By Private,,Pedestrian on Road,,Walking on Road,,3 Country,2,1,Tuesday,04:45 pm,50,Not Divided,Straight road,Level,Dry,Not Raining,Daylight,Hit Pedestrian,No Control
2017-6623-15/08/2019,1,1,Driver,Female,061,Driver,Not Thrown Out,Treated at Hospital,Fitted - Worn,Utility,Full,Stopped on Carriageway,1.0,3 Country,2,1,Friday,07:15 pm,60,Not Divided,Straight road,Level,Dry,Not Raining,Night,Rear End,No Control
2017-6625-15/08/2019,2,1,Pedestrian,Male,057,,,Treated at Hospital,,Pedestrian on Road,,Crossing without Control,,1 City,2,1,Friday,08:07 pm,50,Cross Road,Straight road,Level,Dry,Not Raining,Night,Hit Pedestrian,Stop Sign
2017-6627-15/08/2019,1,1,Driver,Male,043,Driver,Not Thrown Out,By Private,Fitted - Worn,Motor Cars - Sedan,Full,Stopped on Carriageway,2.0,2 Metropolitan,2,1,Friday,10:20 pm,60,T-Junction,Straight road,Level,Dry,Not Raining,Night,Rear End,Traffic Signals
2017-6630-15/08/2019,1,1,Driver,Male,020,Driver,Not Thrown Out,Treated at Hospital,Fitted - Unknown if Worn,Station Wagon,Provisional 1 ,Straight Ahead,4.0,2 Metropolitan,2,2,Saturday,04:00 am,80,Divided Road,"CURVED, VIEW OPEN",Slope,Dry,Not Raining,Night,Hit Fixed Object,No Control
2017-6630-15/08/2019,1,2,Passenger,Male,018,Rear Seat Right Passenger,Not Thrown Out,Treated at Hospital,Fitted - Worn,Station Wagon,Provisional 1 ,Straight Ahead,4.0,2 Metropolitan,2,2,Saturday,04:00 am,80,Divided Road,"CURVED, VIEW OPEN",Slope,Dry,Not Raining,Night,Hit Fixed Object,No Control
2017-6635-15/08/2019,2,1,Driver,Female,041,Driver,Not Thrown Out,Treated at Hospital,Fitted - Worn,Motor Cars - Sedan,Full,Straight Ahead,1.0,2 Metropolitan,2,1,Saturday,11:00 am,50,T-Junction,Straight road,Slope,Dry,Not Raining,Daylight,Right Angle,Give Way Sign
2017-6638-15/08/2019,2,1,Driver,Female,067,Driver,Not Thrown Out,Treated at Hospital,Fitted - Worn,Motor Cars - Sedan,Full,Stopped on Carriageway,1.0,2 Metropolitan,3,1,Friday,03:30 pm,60,Pedestrian Crossing,Straight road,Level,Dry,Not Raining,Daylight,Rear End,No Control
2017-6641-15/08/2019,2,1,Pedestrian,Female,046,,,Treated at Hospital,,Pedestrian on Road,,Crossing without Control,,2 Metropolitan,2,1,Saturday,12:30 pm,60,Cross Road,Straight road,Level,Dry,Not Raining,Daylight,Hit Pedestrian,Give Way Sign
2017-6646-15/08/2019,1,1,Rider,Male,061,Rider of Motorcycle,Thrown Out,Treated at Hospital,,Motor Cycle,Full,Straight Ahead,1.0,3 Country,1,1,Sunday,11:30 am,100,Not Divided,"CURVED, VIEW OBSCURED",Level,Dry,Not Raining,Daylight,Roll Over,No Control
2017-6656-15/08/2019,2,1,Pedestrian,Female,079,,,Admitted to Hospital,,Pedestrian on Road,,Crossing with Traffic Signals,,2 Metropolitan,2,1,Saturday,04:40 pm,60,Cross Road,Straight road,Level,Dry,Not Raining,Daylight,Hit Pedestrian,Traffic Signals
2017-6663-15/08/2019,1,1,Driver,Male,046,Driver,Not Thrown Out,By Private,Fitted - Unknown if Worn,Motor Cars - Sedan,Full,Straight Ahead,1.0,2 Metropolitan,2,1,Saturday,04:35 am,50,Not Divided,Straight road,Level,Dry,Not Raining,Night,Hit Parked Vehicle,No Control
2017-6664-15/08/2019,2,1,Rider,Male,058,Rider of Motorcycle,Thrown Out,Admitted to Hospital,,Motor Cycle,Full,Overtaking - on Right,1.0,2 Metropolitan,2,1,Saturday,01:15 pm,80,Cross Road,"CURVED, VIEW OBSCURED",Slope,Dry,Not Raining,Daylight,Side Swipe,Stop Sign
2017-6666-15/08/2019,1,1,Driver,Female,085,Driver,Not Thrown Out,Treated at Hospital,Fitted - Worn,Motor Cars - Sedan,Full,Straight Ahead,1.0,2 Metropolitan,2,1,Saturday,12:40 pm,60,T-Junction,"CURVED, VIEW OPEN",Level,Dry,Not Raining,Daylight,Right Angle,No Control
2017-6668-15/08/2019,2,1,Driver,Female,025,Driver,Not Thrown Out,Treated at Hospital,Fitted - Worn,Motor Cars - Sedan,Full,Right Turn,2.0,2 Metropolitan,2,2,Sunday,09:58 am,70,Cross Road,"CURVED, VIEW OPEN",Level,Dry,Not Raining,Daylight,Right Angle,Roundabout
2017-6668-15/08/2019,2,2,Passenger,Female,039,Front Seat Left Passenger,Not Thrown Out,By Private,Fitted - Worn,Motor Cars - Sedan,Full,Right Turn,2.0,2 Metropolitan,2,2,Sunday,09:58 am,70,Cross Road,"CURVED, VIEW OPEN",Level,Dry,Not Raining,Daylight,Right Angle,Roundabout
2017-6672-15/08/2019,1,1,Passenger,Female,022,Rear Seat Left Passenger,Not Thrown Out,By Private,Fitted - Worn,Station Wagon,Full,Stopped on Carriageway,3.0,2 Metropolitan,2,2,Saturday,06:15 pm,50,Not Divided,Straight road,Level,Dry,Not Raining,Night,Rear End,No Control
2017-6672-15/08/2019,1,2,Passenger,Female,054,Front Seat Left Passenger,Not Thrown Out,By Private,Fitted - Worn,Station Wagon,Full,Stopped on Carriageway,3.0,2 Metropolitan,2,2,Saturday,06:15 pm,50,Not Divided,Straight road,Level,Dry,Not Raining,Night,Rear End,No Control
2017-6673-15/08/2019,2,1,Rider,Female,067,,Thrown Out,Treated at Hospital,,Pedal Cycle,,Stopped on Carriageway,1.0,2 Metropolitan,2,1,Sunday,12:50 pm,60,T-Junction,Straight road,Level,Dry,Not Raining,Daylight,Rear End,No Control
2017-6674-15/08/2019,2,1,Passenger,Female,018,Rear Seat Middle Passenger,Not Thrown Out,Treated at Hospital,Fitted - Worn,Motor Cars - Sedan,Provisional 1 ,Straight Ahead,3.0,2 Metropolitan,2,1,Sunday,12:30 pm,60,Not Divided,Straight road,Level,Dry,Not Raining,Daylight,Rear End,No Control
2017-6675-15/08/2019,2,1,Driver,Male,037,Driver,Not Thrown Out,By Private,Fitted - Worn,Station Wagon,Full,Stopped on Carriageway,2.0,2 Metropolitan,2,2,Saturday,01:00 pm,60,Divided Road,Straight road,Level,Dry,Not Raining,Daylight,Rear End,No Control
2017-6675-15/08/2019,2,2,Passenger,Female,035,Front Seat Left Passenger,Not Thrown Out,By Private,Fitted - Worn,Station Wagon,Full,Stopped on Carriageway,2.0,2 Metropolitan,2,2,Saturday,01:00 pm,60,Divided Road,Straight road,Level,Dry,Not Raining,Daylight,Rear End,No Control