REPORT_ID,UND_UNIT_NUMBER,CASUALTY_NUMBER,Casualty Type,Sex_x,AGE,Position In Veh,Thrown Out,Injury Extent,Seat Belt,Unit Type,Licence Type,Unit Movement,Number Occupants,Stats Area,Total Units,Total Cas,Day,Time,Area Speed,Position Type,Horizontal Align,Vertical Align,Moisture Cond,Weather Cond,DayNight,Crash Type,Traffic Ctrls
2017-6677-15/08/2019,2,1,Rider,Male,047,Rider of Motorcycle,Thrown Out,By Private,,Motor Cycle,Full,Straight Ahead,1.0,2 Metropolitan,2,1,Sunday,10:30 am,50,Not Divided,Straight road,Level,Dry,Not Raining,Daylight,Right Turn,No Control
2017-6678-15/08/2019,1,1,Rider,Male,017,Rider of Motorcycle,Thrown Out,Treated at Hospital,,Motor Cycle,Learners,Straight Ahead,1.0,2 Metropolitan,2,1,Sunday,12:30 pm,80,Not Divided,"CURVED, VIEW OPEN",Level,Dry,Not Raining,Daylight,Hit Fixed Object,No Control
2017-6684-15/08/2019,1,1,Rider,Male,067,Rider of Motorcycle,Thrown Out,Fatal,,Motor Cycle,Full,Straight Ahead,1.0,3 Country,2,1,Sunday,01:48 pm,100,Not Divided,Straight road,Slope,Dry,Not Raining,Daylight,Hit Animal,No Control
2017-6685-15/08/2019,1,1,Driver,Female,030,Driver,Not Thrown Out,Treated at Hospital,Fitted - Worn,Motor Cars - Sedan,Full,Straight Ahead,2.0,2 Metropolitan,2,1,Sunday,03:53 pm,70,T-Junction,Straight road,Level,Dry,Not Raining,Daylight,Right Angle,No Control
2017-6688-15/08/2019,1,1,Rider,Male,052,Rider of Motorcycle,Thrown Out,Admitted to Hospital,,Motor Cycle,Full,Straight Ahead,1.0,3 Country,2,1,Sunday,02:50 pm,80,Cross Road,"CURVED, VIEW OBSCURED",Level,Dry,Not Raining,Daylight,Head On,Give Way Sign
2017-6689-15/08/2019,2,1,Driver,Male,068,Driver,Not Thrown Out,By Private,Fitted - Worn,Motor Cars - Sedan,Full,Parked,2.0,2 Metropolitan,2,1,Sunday,11:00 am,50,Not Divided,Straight road,Level,Dry,Not Raining,Daylight,Hit Parked Vehicle,No Control
2017-6690-15/08/2019,2,1,Driver,Female,XXX,Driver,Not Thrown Out,By Private,Fitted - Worn,Motor Cars - Sedan,Provisional 2,Straight Ahead,3.0,2 Metropolitan,3,1,Sunday,02:30 pm,60,Divided Road,Straight road,Level,Dry,Not Raining,Daylight,Rear End,No Control
2017-6693-15/08/2019,1,1,Driver,Female,022,Driver,Not Thrown Out,Treated at Hospital,Fitted - Worn,Motor Cars - Sedan,Full,Straight Ahead,1.0,2 Metropolitan,2,1,Sunday,06:00 pm,80,Not Divided,"CURVED, VIEW OPEN",Slope,Dry,Not Raining,Night,Hit Fixed Object,No Control
2017-6694-15/08/2019,1,1,Passenger,Male,021,Front Seat Left Passenger,Not Thrown Out,Treated at Hospital,Fitted - Unknown if Worn,Motor Cars - Sedan,Provisional 2,Straight Ahead,1.0,2 Metropolitan,2,1,Monday,04:51 am,50,T-Junction,Straight road,Level,Wet,Raining,Night,Hit Fixed Object,No Control
2017-6696-15/08/2019,1,1,Driver,Female,030,Driver,Not Thrown Out,Treated at Hospital,Fitted - Worn,Motor Cars - Sedan,Provisional 2,Straight Ahead,1.0,3 Country,2,1,Sunday,12:30 pm,100,Not Divided,"CURVED, VIEW OPEN",Slope,Dry,Not Raining,Daylight,Hit Fixed Object,No Control
2017-6697-15/08/2019,1,1,Driver,Male,044,Driver,Not Thrown Out,Treated at Hospital,Fitted - Worn,Motor Cars - Sedan,Full,Straight Ahead,1.0,3 Country,3,1,Monday,07:10 am,110,T-Junction,Straight road,Level,Wet,Not Raining,Night,Right Turn,Give Way Sign
2017-6698-15/08/2019,1,1,Driver,Male,046,Driver,Not Thrown Out,Admitted to Hospital,Fitted - Worn,Utility,Full,Straight Ahead,1.0,3 Country,1,1,Monday,06:00 am,100,Not Divided,"CURVED, VIEW OPEN",Level,Dry,Not Raining,Night,Roll Over,No Control
2017-6700-15/08/2019,1,1,Driver,Male,037,Driver,Not Thrown Out,By Private,Fitted - Worn,Motor Cars - Sedan,Full,Stopped on Carriageway,1.0,2 Metropolitan,2,1,Monday,08:45 pm,60,T-Junction,Straight road,Level,Dry,Not Raining,Night,Rear End,Traffic Signals
2017-6702-15/08/2019,1,1,Rider,Male,062,Rider of Motorcycle,Thrown Out,Admitted to Hospital,,Motor Cycle,Full,Straight Ahead,1.0,2 Metropolitan,2,1,Sunday,12:05 pm,80,Not Divided,"CURVED, VIEW OPEN",Level,Dry,Not Raining,Daylight,Head On,No Control
2017-6703-15/08/2019,1,1,Rider,Male,047,Rider of Motorcycle,Thrown Out,Treated at Hospital,,Motor Cycle,Full,Straight Ahead,1.0,3 Country,1,1,Sunday,03:20 pm,100,Not Divided,"CURVED, VIEW OBSCURED",Slope,Dry,Not Raining,Daylight,Roll Over,No Control
2017-6704-15/08/2019,1,1,Driver,Male,038,Driver,Not Thrown Out,By Private,Fitted - Worn,Motor Cars - Sedan,Full,Straight Ahead,3.0,2 Metropolitan,2,1,Monday,06:29 am,80,Divided Road,"CURVED, VIEW OPEN",Level,Wet,Raining,Night,Side Swipe,No Control
2017-6706-15/08/2019,1,1,Passenger,Male,024,Rear Seat Left Passenger,Not Thrown Out,Treated at Hospital,Fitted - Worn,Station Wagon,Full,Swerving,4.0,3 Country,1,1,Sunday,05:50 pm,110,Not Divided,"CURVED, VIEW OPEN",Crest of Hill,Dry,Not Raining,Night,Roll Over,No Control
2017-6712-15/08/2019,1,1,Driver,Female,021,Driver,Not Thrown Out,By Private,Fitted - Worn,Motor Cars - Sedan,Full,Stopped on Carriageway,1.0,2 Metropolitan,2,1,Friday,07:35 am,60,Cross Road,Straight road,Level,Wet,Not Raining,Daylight,Rear End,Traffic Signals
2017-6714-15/08/2019,2,1,Driver,Female,030,Driver,Not Thrown Out,Treated at Hospital,Fitted - Worn,Motor Cars - Sedan,Full,Leaving Private Driveway,3.0,2 Metropolitan,2,1,Monday,11:00 am,40,Not Divided,Straight road,Level,Wet,Raining,Daylight,Side Swipe,No Control
2017-6716-15/08/2019,1,1,Driver,Female,028,Driver,Not Thrown Out,Treated at Hospital,Fitted - Worn,Motor Cars - Sedan,Unlicenced,Straight Ahead,1.0,2 Metropolitan,2,1,Monday,01:10 pm,80,Not Divided,"CURVED, VIEW OPEN",Level,Dry,Not Raining,Daylight,Hit Fixed Object,No Control
2017-6718-15/08/2019,1,1,Driver,Male,046,Driver,Not Thrown Out,Treated at Hospital,Fitted - Not Worn,Utility,Full,Straight Ahead,1.0,3 Country,2,2,Monday,06:34 am,100,Not Divided,Straight road,Crest of Hill,Dry,Not Raining,Night,Head On,No Control
2017-6718-15/08/2019,2,1,Driver,Male,027,Driver,Not Thrown Out,Admitted to Hospital,Fitted - Worn,Motor Cars - Sedan,Full,Straight Ahead,1.0,3 Country,2,2,Monday,06:34 am,100,Not Divided,Straight road,Crest of Hill,Dry,Not Raining,Night,Head On,No Control
2017-6719-15/08/2019,1,1,Rider,Male,052,,Thrown Out,Admitted to Hospital,,Pedal Cycle,,Straight Ahead,1.0,2 Metropolitan,2,1,Sunday,10:30 am,60,Cross Road,"CURVED, VIEW OPEN",Level,Dry,Not Raining,Daylight,Rear End,No Control
2017-6720-15/08/2019,1,1,Driver,Male,056,Driver,Not Thrown Out,Treated at Hospital,Fitted - Worn,Motor Cars - Sedan,Full,Straight Ahead,2.0,1 City,4,2,Monday,01:10 pm,50,Divided Road,Straight road,Level,Dry,Not Raining,Daylight,Hit Fixed Object,No Control
2017-6720-15/08/2019,1,2,Passenger,Female,017,Front Seat Left Passenger,Not Thrown Out,Treated at Hospital,Fitted - Worn,Motor Cars - Sedan,Full,Straight Ahead,2.0,1 City,4,2,Monday,01:10 pm,50,Divided Road,Straight road,Level,Dry,Not Raining,Daylight,Hit Fixed Object,No Control
2017-6723-15/08/2019,1,1,Driver,Female,039,Driver,Not Thrown Out,By Private,Fitted - Worn,Station Wagon,Full,Stopped on Carriageway,1.0,2 Metropolitan,2,1,Sunday,01:18 pm,50,Cross Road,Straight road,Slope,Dry,Not Raining,Daylight,Rear End,Roundabout
2017-6726-15/08/2019,1,1,Driver,Male,018,Driver,Not Thrown Out,Treated at Hospital,Fitted - Worn,Motor Cars - Sedan,Provisional 1 ,Right Turn,1.0,2 Metropolitan,2,1,Monday,04:55 pm,80,T-Junction,Straight road,Level,Wet,Raining,Daylight,Hit Fixed Object,Stop Sign
2017-6732-15/08/2019,1,1,Driver,Female,039,Driver,Not Thrown Out,Admitted to Hospital,Fitted - Unknown if Worn,Utility,Full,Straight Ahead,1.0,3 Country,2,1,Friday,01:10 pm,100,Not Divided,Straight road,Level,Dry,Not Raining,Daylight,Hit Fixed Object,No Control
2017-6733-15/08/2019,1,1,Passenger,Female,010,Rear Seat Left Passenger,Not Thrown Out,Treated at Hospital,Fitted - Worn,Motor Cars - Sedan,Full,Right Turn,4.0,2 Metropolitan,2,1,Monday,05:25 pm,80,T-Junction,Straight road,Level,Wet,Unknown,Night,Right Turn,No Control
2017-6735-15/08/2019,1,1,Driver,Male,026,Driver,Not Thrown Out,Treated at Hospital,Fitted - Worn,Utility,Provisional 2,Straight Ahead,1.0,3 Country,2,1,Monday,07:15 pm,50,Not Divided,Straight road,Level,Dry,Not Raining,Night,Hit Fixed Object,No Control
2017-6738-15/08/2019,1,1,Driver,Female,023,Driver,Not Thrown Out,Treated at Hospital,Fitted - Worn,Motor Cars - Sedan,Full,Straight Ahead,1.0,2 Metropolitan,2,1,Monday,11:20 pm,60,Not Divided,"CURVED, VIEW OPEN",Level,Wet,Raining,Night,Hit Fixed Object,No Control
2017-6740-15/08/2019,1,1,Driver,Male,028,Driver,Not Thrown Out,Treated at Hospital,Fitted - Worn,Motor Cars - Sedan,Full,Straight Ahead,4.0,3 Country,2,4,Tuesday,06:40 am,110,Not Divided,"CURVED, VIEW OPEN",Level,Wet,Raining,Night,Hit Fixed Object,No Control
2017-6740-15/08/2019,1,2,Passenger,Male,027,Rear Seat Right Passenger,Not Thrown Out,Treated at Hospital,Fitted - Worn,Motor Cars - Sedan,Full,Straight Ahead,4.0,3 Country,2,4,Tuesday,06:40 am,110,Not Divided,"CURVED, VIEW OPEN",Level,Wet,Raining,Night,Hit Fixed Object,No Control
2017-6740-15/08/2019,1,3,Passenger,Male,032,Front Seat Left Passenger,Not Thrown Out,Admitted to Hospital,Fitted - Worn,Motor Cars - Sedan,Full,Straight Ahead,4.0,3 Country,2,4,Tuesday,06:40 am,110,Not Divided,"CURVED, VIEW OPEN",Level,Wet,Raining,Night,Hit Fixed Object,No Control
2017-6740-15/08/2019,1,4,Passenger,Male,034,Rear Seat Left Passenger,Not Thrown Out,Treated at Hospital,Fitted - Worn,Motor Cars - Sedan,Full,Straight Ahead,4.0,3 Country,2,4,Tuesday,06:40 am,110,Not Divided,"CURVED, VIEW OPEN",Level,Wet,Raining,Night,Hit Fixed Object,No Control
2017-6742-15/08/2019,2,1,Pedestrian,Male,071,,,Fatal,,Pedestrian on Road,,Crossing without Control,,2 Metropolitan,2,1,Tuesday,08:40 am,60,T-Junction,Straight road,Level,Wet,Not Raining,Daylight,Hit Pedestrian,No Control
2017-6743-15/08/2019,1,1,Driver,Female,026,Driver,Not Thrown Out,Treated at Hospital,Fitted - Worn,Motor Cars - Sedan,Full,Right Turn,1.0,2 Metropolitan,2,2,Monday,05:00 pm,60,Cross Road,Straight road,Level,Wet,Raining,Daylight,Right Turn,Traffic Signals
2017-6743-15/08/2019,2,1,Passenger,Male,021,Front Seat Left Passenger,Not Thrown Out,Treated at Hospital,Fitted - Worn,Station Wagon,Full,Straight Ahead,4.0,2 Metropolitan,2,2,Monday,05:00 pm,60,Cross Road,Straight road,Level,Wet,Raining,Daylight,Right Turn,Traffic Signals
2017-6744-15/08/2019,1,1,Driver,Female,026,Driver,Not Thrown Out,By Private,Fitted - Worn,Motor Cars - Sedan,Full,Stopped on Carriageway,1.0,2 Metropolitan,2,1,Monday,03:00 pm,60,T-Junction,Straight road,Level,Dry,Not Raining,Daylight,Rear End,Roundabout
2017-6747-15/08/2019,1,1,Driver,Male,044,Driver,Not Thrown Out,By Private,Fitted - Worn,Station Wagon,Full,Stopped on Carriageway,1.0,2 Metropolitan,2,1,Monday,03:10 pm,80,Cross Road,Straight road,Level,Dry,Not Raining,Daylight,Rear End,Traffic Signals
2017-6749-15/08/2019,1,1,Driver,Male,045,Driver,Not Thrown Out,Treated at Hospital,Fitted - Worn,Utility,Full,Straight Ahead,1.0,3 Country,2,2,Friday,08:20 am,100,Cross Road,Straight road,Level,Dry,Not Raining,Daylight,Right Angle,Stop Sign
2017-6749-15/08/2019,2,1,Driver,Male,034,Driver,Not Thrown Out,Treated at Hospital,Fitted - Worn,Motor Cars - Sedan,Full,Straight Ahead,1.0,3 Country,2,2,Friday,08:20 am,100,Cross Road,Straight road,Level,Dry,Not Raining,Daylight,Right Angle,Stop Sign
2017-6750-15/08/2019,1,1,Driver,Female,044,Driver,Not Thrown Out,Treated at Hospital,Fitted - Worn,Utility,Full,Swerving,1.0,3 Country,2,1,Tuesday,10:30 am,80,Not Divided,Straight road,Level,Dry,Not Raining,Daylight,Hit Parked Vehicle,No Control
2017-6751-15/08/2019,1,1,Driver,Female,076,Driver,Not Thrown Out,Treated at Hospital,Fitted - Worn,Station Wagon,Unknown,Straight Ahead,3.0,2 Metropolitan,2,2,Tuesday,11:40 am,80,Divided Road,Straight road,Level,Wet,Raining,Daylight,Rear End,No Control
2017-6751-15/08/2019,1,2,Passenger,Male,055,Rear Seat Left Passenger,Not Thrown Out,Treated at Hospital,Fitted - Worn,Station Wagon,Unknown,Straight Ahead,3.0,2 Metropolitan,2,2,Tuesday,11:40 am,80,Divided Road,Straight road,Level,Wet,Raining,Daylight,Rear End,No Control
2017-6752-15/08/2019,1,1,Rider,Female,054,,Thrown Out,By Private,,Pedal Cycle,,Straight Ahead,1.0,2 Metropolitan,2,1,Thursday,05:30 pm,50,Not Divided,Straight road,Level,Dry,Not Raining,Daylight,Hit Parked Vehicle,No Control
2017-6754-15/08/2019,1,1,Driver,Female,055,Driver,Not Thrown Out,By Private,Fitted - Worn,Motor Cars - Sedan,Full,Stopped on Carriageway,1.0,2 Metropolitan,2,1,Tuesday,08:40 am,60,Divided Road,Straight road,Level,Wet,Raining,Daylight,Rear End,No Control
2017-6758-15/08/2019,1,1,Driver,Female,050,Driver,Not Thrown Out,By Private,Fitted - Worn,Station Wagon,Full,Stopped on Carriageway,1.0,1 City,2,1,Thursday,08:40 am,60,Divided Road,Straight road,Level,Dry,Not Raining,Daylight,Rear End,No Control
2017-6766-15/08/2019,2,1,Pedestrian,Female,034,,,Treated at Hospital,,Pedestrian on Road,,Crossing without Control,,2 Metropolitan,3,2,Tuesday,06:05 pm,50,Not Divided,Straight road,Level,Wet,Raining,Night,Hit Pedestrian,No Control
2017-6766-15/08/2019,3,1,Pedestrian,Female,028,,,Treated at Hospital,,Pedestrian on Road,,Crossing without Control,,2 Metropolitan,3,2,Tuesday,06:05 pm,50,Not Divided,Straight road,Level,Wet,Raining,Night,Hit Pedestrian,No Control
2017-6767-15/08/2019,2,1,Rider,Female,054,,Thrown Out,Treated at Hospital,,Pedal Cycle,,Right Turn,1.0,1 City,2,1,Tuesday,04:35 pm,50,Cross Road,"CURVED, VIEW OPEN",Level,Wet,Not Raining,Daylight,Side Swipe,Traffic Signals
2017-6768-15/08/2019,1,1,Driver,Male,017,Driver,Not Thrown Out,Treated at Hospital,Fitted - Worn,Utility,Provisional 1 ,Straight Ahead,2.0,2 Metropolitan,2,1,Tuesday,06:20 pm,60,Divided Road,Straight road,Level,Wet,Raining,Night,Hit Fixed Object,No Control
2017-6772-15/08/2019,2,1,Pedestrian,Male,094,,,Fatal,,Pedestrian on Road,,Crossing without Control,,2 Metropolitan,2,1,Tuesday,07:10 pm,50,Not Divided,Straight road,Level,Wet,Raining,Night,Hit Pedestrian,No Control
2017-6773-15/08/2019,2,1,Pedestrian,Female,024,,,Treated at Hospital,,Pedestrian on Road,,Crossing without Control,,2 Metropolitan,2,1,Wednesday,06:30 am,50,T-Junction,Straight road,Level,Wet,Raining,Night,Hit Pedestrian,No Control
2017-6775-15/08/2019,1,1,Driver,Female,049,Driver,Not Thrown Out,Treated at Hospital,Fitted - Worn,Motor Cars - Sedan,Full,Straight Ahead,1.0,3 Country,2,1,Wednesday,07:15 am,80,Not Divided,Straight road,Slope,Wet,Not Raining,Night,Hit Fixed Object,No Control
2017-6778-15/08/2019,2,1,Driver,Male,058,Driver,Not Thrown Out,By Private,Fitted - Worn,Utility,Full,Stopped on Carriageway,1.0,2 Metropolitan,2,1,Tuesday,05:30 pm,80,Cross Road,Straight road,Level,Wet,Not Raining,Night,Rear End,Give Way Sign
2017-6779-15/08/2019,1,1,Passenger,Female,005,Rear Seat Right Passenger,Not Thrown Out,By Private,Fitted - Worn,Motor Cars - Sedan,Full,Straight Ahead,2.0,2 Metropolitan,2,1,Wednesday,08:45 am,60,Not Divided,Straight road,Level,Dry,Not Raining,Daylight,Rear End,No Control
2017-6782-15/08/2019,1,1,Driver,Female,065,Driver,Not Thrown Out,Treated at Hospital,Fitted - Worn,Motor Cars - Sedan,Full,Straight Ahead,1.0,3 Country,2,2,Wednesday,10:15 am,60,T-Junction,Straight road,Level,Dry,Not Raining,Daylight,Right Turn,Give Way Sign
2017-6782-15/08/2019,2,1,Driver,Male,092,Driver,Not Thrown Out,Treated at Hospital,Fitted - Worn,Motor Cars - Sedan,Full,Right Turn,1.0,3 Country,2,2,Wednesday,10:15 am,60,T-Junction,Straight road,Level,Dry,Not Raining,Daylight,Right Turn,Give Way Sign
2017-6783-15/08/2019,3,1,Driver,Male,034,Driver,Not Thrown Out,Admitted to Hospital,Fitted - Worn,RIGID TRUCK LGE GE 4.5T,Full,Stopped on Carriageway,1.0,2 Metropolitan,5,2,Wednesday,09:25 am,60,Cross Road,"CURVED, VIEW OPEN",Level,Dry,Not Raining,Daylight,Right Angle,Traffic Signals
2017-6783-15/08/2019,4,1,Passenger,Female,049,Front Seat Left Passenger,Not Thrown Out,Treated at Hospital,Fitted - Worn,Utility,Full,Stopped on Carriageway,2.0,2 Metropolitan,5,2,Wednesday,09:25 am,60,Cross Road,"CURVED, VIEW OPEN",Level,Dry,Not Raining,Daylight,Right Angle,Traffic Signals
2017-6788-15/08/2019,1,1,Driver,Male,019,Driver,Not Thrown Out,Treated at Hospital,Fitted - Worn,Motor Cars - Sedan,Unlicenced,Straight Ahead,1.0,3 Country,3,1,Wednesday,11:55 am,50,Cross Road,Straight road,Level,Dry,Not Raining,Daylight,Rear End,Traffic Signals
2017-6789-15/08/2019,1,1,Driver,Female,068,Driver,Not Thrown Out,By Private,Fitted - Worn,Motor Cars - Sedan,Full,Stopped on Carriageway,1.0,2 Metropolitan,2,1,Tuesday,01:00 pm,60,Cross Road,Straight road,Level,Wet,Raining,Daylight,Rear End,Traffic Signals
2017-6790-15/08/2019,2,1,Pedestrian,Male,013,,,Admitted to Hospital,,Pedestrian on Road,,Crossing without Control,,2 Metropolitan,2,1,Wednesday,02:50 pm,60,T-Junction,"CURVED, VIEW OPEN",Level,Dry,Not Raining,Daylight,Hit Pedestrian,No Control
2017-6792-15/08/2019,1,1,Rider,Male,034,Rider of Motorcycle,Thrown Out,Admitted to Hospital,,Motor Cycle,Unlicenced,Straight Ahead,1.0,2 Metropolitan,3,2,Wednesday,04:30 pm,50,T-Junction,Straight road,Level,Dry,Not Raining,Daylight,Right Turn,No Control
2017-6792-15/08/2019,2,1,Driver,Male,058,Driver,Not Thrown Out,Treated at Hospital,Fitted - Worn,Motor Cars - Sedan,Full,Right Turn,1.0,2 Metropolitan,3,2,Wednesday,04:30 pm,50,T-Junction,Straight road,Level,Dry,Not Raining,Daylight,Right Turn,No Control
2017-6794-15/08/2019,2,1,Rider,Male,066,,Thrown Out,Admitted to Hospital,,Pedal Cycle,,Straight Ahead,1.0,2 Metropolitan,2,1,Wednesday,04:20 pm,60,Divided Road,"CURVED, VIEW OPEN",Slope,Dry,Not Raining,Daylight,Side Swipe,No Control
2017-6797-15/08/2019,2,1,Passenger,Female,027,Front Seat Left Passenger,Not Thrown Out,By Private,Fitted - Worn,Station Wagon,Full,Stopped on Carriageway,2.0,2 Metropolitan,2,1,Tuesday,05:10 pm,60,Divided Road,Straight road,Level,Wet,Raining,Daylight,Rear End,No Control
2017-6801-15/08/2019,1,1,Driver,Female,060,Driver,Not Thrown Out,Admitted to Hospital,Fitted - Worn,Motor Cars - Sedan,Full,Straight Ahead,2.0,2 Metropolitan,3,2,Wednesday,05:00 pm,70,T-Junction,Straight road,Level,Dry,Not Raining,Daylight,Rear End,Traffic Signals
2017-6801-15/08/2019,1,2,Passenger,Female,063,Front Seat Left Passenger,Not Thrown Out,Admitted to Hospital,Fitted - Worn,Motor Cars - Sedan,Full,Straight Ahead,2.0,2 Metropolitan,3,2,Wednesday,05:00 pm,70,T-Junction,Straight road,Level,Dry,Not Raining,Daylight,Rear End,Traffic Signals
2017-6802-15/08/2019,2,1,Pedestrian,Male,007,,,Treated at Hospital,,Pedestrian on Road,,Crossing without Control,,2 Metropolitan,2,1,Wednesday,06:30 pm,60,Not Divided,Straight road,Level,Dry,Not Raining,Night,Hit Pedestrian,No Control
2017-6804-15/08/2019,2,1,Pedestrian,Male,068,,,Treated at Hospital,,Pedestrian on Road,,Crossing with Traffic Signals,,1 City,2,1,Tuesday,05:29 pm,50,Cross Road,Straight road,Level,Wet,Raining,Night,Hit Pedestrian,Traffic Signals
2017-6805-15/08/2019,1,1,Driver,Female,045,Driver,Not Thrown Out,Treated at Hospital,Fitted - Worn,Station Wagon,Full,Right Turn,2.0,2 Metropolitan,2,3,Wednesday,04:00 pm,40,T-Junction,Straight road,Level,Dry,Not Raining,Daylight,Right Turn,No Control
2017-6805-15/08/2019,1,2,Passenger,Female,006,Rear Seat Left Passenger,Not Thrown Out,Treated at Hospital,Child Restraint - Worn,Station Wagon,Full,Right Turn,2.0,2 Metropolitan,2,3,Wednesday,04:00 pm,40,T-Junction,Straight road,Level,Dry,Not Raining,Daylight,Right Turn,No Control
2017-6805-15/08/2019,2,1,Driver,Female,080,Driver,Not Thrown Out,Treated at Hospital,Fitted - Worn,Station Wagon,Full,Straight Ahead,1.0,2 Metropolitan,2,3,Wednesday,04:00 pm,40,T-Junction,Straight road,Level,Dry,Not Raining,Daylight,Right Turn,No Control
2017-6808-15/08/2019,1,1,Driver,Male,021,Driver,Not Thrown Out,Treated at Hospital,Fitted - Worn,Motor Cars - Sedan,Full,Left Turn,1.0,2 Metropolitan,2,1,Thursday,12:00 am,100,T-Junction,Straight road,Slope,Dry,Not Raining,Night,Hit Fixed Object,Give Way Sign
2017-6810-15/08/2019,2,1,Pedestrian,Male,047,,,Admitted to Hospital,,Pedestrian on Road,,Crossing without Control,,3 Country,2,1,Tuesday,06:45 pm,60,T-Junction,"CURVED, VIEW OPEN",Level,Wet,Raining,Night,Hit Pedestrian,Give Way Sign
2017-6819-15/08/2019,2,1,Driver,Female,047,Driver,Not Thrown Out,Treated at Hospital,Fitted - Worn,Station Wagon,Full,Straight Ahead,1.0,2 Metropolitan,2,1,Thursday,11:45 am,60,Cross Road,Straight road,Level,Dry,Not Raining,Daylight,Right Angle,Traffic Signals
2017-6821-15/08/2019,1,1,Driver,Female,052,Driver,Not Thrown Out,By Private,Fitted - Worn,Motor Cars - Sedan,Full,Stopped on Carriageway,1.0,2 Metropolitan,2,1,Wednesday,09:00 am,40,T-Junction,Straight road,Level,Dry,Not Raining,Daylight,Rear End,Stop Sign
2017-6822-15/08/2019,1,1,Rider,Male,020,Rider of Motorcycle,Thrown Out,Treated at Hospital,,Motor Cycle,Unknown,Straight Ahead,1.0,2 Metropolitan,1,1,Thursday,01:30 pm,70,Divided Road,Straight road,Level,Dry,Not Raining,Daylight,Roll Over,No Control
2017-6823-15/08/2019,1,1,Passenger,Female,053,Front Seat Left Passenger,Not Thrown Out,By Private,Fitted - Unknown if Worn,Station Wagon,Full,Stopped on Carriageway,2.0,2 Metropolitan,2,1,Tuesday,08:15 pm,60,Cross Road,"CURVED, VIEW OPEN",Level,Wet,Raining,Night,Rear End,Roundabout
2017-6824-15/08/2019,1,1,Rider,Male,062,,Thrown Out,By Private,,Pedal Cycle,,Straight Ahead,1.0,2 Metropolitan,2,1,Wednesday,11:00 am,50,Cross Road,Straight road,Crest of Hill,Wet,Raining,Daylight,Right Angle,Roundabout
2017-6826-15/08/2019,1,1,Driver,Female,075,Driver,Not Thrown Out,Admitted to Hospital,Fitted - Worn,Motor Cars - Sedan,Full,Straight Ahead,1.0,2 Metropolitan,3,3,Thursday,02:30 pm,60,T-Junction,"CURVED, VIEW OPEN",Slope,Wet,Raining,Daylight,Head On,No Control
2017-6826-15/08/2019,2,1,Driver,Female,079,Driver,Not Thrown Out,Admitted to Hospital,Fitted - Worn,Motor Cars - Sedan,Full,Straight Ahead,1.0,2 Metropolitan,3,3,Thursday,02:30 pm,60,T-Junction,"CURVED, VIEW OPEN",Slope,Wet,Raining,Daylight,Head On,No Control
2017-6826-15/08/2019,3,1,Driver,Male,050,Driver,Not Thrown Out,By Private,Fitted - Worn,Utility,Full,Straight Ahead,1.0,2 Metropolitan,3,3,Thursday,02:30 pm,60,T-Junction,"CURVED, VIEW OPEN",Slope,Wet,Raining,Daylight,Head On,No Control
2017-6828-15/08/2019,2,1,Driver,Female,017,Driver,Not Thrown Out,Treated at Hospital,Fitted - Worn,Motor Cars - Sedan,Provisional 1 ,Right Turn,2.0,2 Metropolitan,2,2,Thursday,03:15 pm,60,T-Junction,Straight road,Level,Dry,Not Raining,Daylight,Right Turn,Traffic Signals
2017-6828-15/08/2019,2,2,Passenger,Male,016,Front Seat Left Passenger,Not Thrown Out,Treated at Hospital,Fitted - Worn,Motor Cars - Sedan,Provisional 1 ,Right Turn,2.0,2 Metropolitan,2,2,Thursday,03:15 pm,60,T-Junction,Straight road,Level,Dry,Not Raining,Daylight,Right Turn,Traffic Signals
2017-6832-15/08/2019,1,1,Driver,Female,057,Driver,Not Thrown Out,Treated at Hospital,Fitted - Worn,Motor Cars - Sedan,Full,Stopped on Carriageway,1.0,2 Metropolitan,2,1,Wednesday,04:35 pm,60,Cross Road,Straight road,Level,Dry,Not Raining,Daylight,Rear End,Traffic Signals
2017-6833-15/08/2019,3,1,Passenger,Female,030,Front Seat Left Passenger,Not Thrown Out,Treated at Hospital,Fitted - Worn,Motor Cars - Sedan,Full,Stopped on Carriageway,3.0,2 Metropolitan,3,2,Thursday,06:35 pm,60,Cross Road,Straight road,Slope,Dry,Not Raining,Night,Rear End,Traffic Signals
2017-6833-15/08/2019,3,2,Passenger,Male,XXX,Rear Seat Right Passenger,Not Thrown Out,Treated at Hospital,Fitted - Worn,Motor Cars - Sedan,Full,Stopped on Carriageway,3.0,2 Metropolitan,3,2,Thursday,06:35 pm,60,Cross Road,Straight road,Slope,Dry,Not Raining,Night,Rear End,Traffic Signals
2017-6841-15/08/2019,5,1,Driver,Male,051,Driver,Not Thrown Out,Treated at Hospital,Fitted - Worn,Station Wagon,Unknown,Straight Ahead,1.0,2 Metropolitan,5,1,Friday,06:30 am,60,Cross Road,Straight road,Level,Wet,Raining,Night,Hit Fixed Object,Traffic Signals
2017-6842-15/08/2019,2,1,Driver,Male,029,Driver,Not Thrown Out,Treated at Hospital,Fitted - Worn,Motor Cars - Sedan,Full,Straight Ahead,2.0,2 Metropolitan,2,2,Friday,07:55 am,60,Divided Road,Straight road,Level,Wet,Raining,Daylight,Rear End,No Control
2017-6842-15/08/2019,2,2,Passenger,Female,028,Front Seat Left Passenger,Not Thrown Out,Treated at Hospital,Fitted - Worn,Motor Cars - Sedan,Full,Straight Ahead,2.0,2 Metropolitan,2,2,Friday,07:55 am,60,Divided Road,Straight road,Level,Wet,Raining,Daylight,Rear End,No Control