REPORT_ID,UND_UNIT_NUMBER,CASUALTY_NUMBER,Casualty Type,Sex_x,AGE,Position In Veh,Thrown Out,Injury Extent,Seat Belt,Unit Type,Licence Type,Unit Movement,Number Occupants,Stats Area,Total Units,Total Cas,Day,Time,Area Speed,Position Type,Horizontal Align,Vertical Align,Moisture Cond,Weather Cond,DayNight,Crash Type,Traffic Ctrls
2017-6849-15/08/2019,2,1,Rider,Male,046,,Thrown Out,Treated at Hospital,,Pedal Cycle,,Straight Ahead,1.0,1 City,2,1,Thursday,07:34 am,60,Cross Road,Straight road,Level,Dry,Not Raining,Daylight,Right Angle,Traffic Signals
2017-6850-15/08/2019,2,1,Rider,Male,078,,Thrown Out,Admitted to Hospital,,Pedal Cycle,,Straight Ahead,1.0,2 Metropolitan,2,1,Friday,08:40 am,60,Divided Road,Straight road,Level,Wet,Raining,Daylight,Rear End,No Control
2017-6854-15/08/2019,2,1,Driver,Female,030,Driver,Not Thrown Out,Treated at Hospital,Fitted - Worn,Motor Cars - Sedan,Full,Straight Ahead,1.0,2 Metropolitan,4,1,Friday,11:20 am,60,Divided Road,Straight road,Level,Wet,Raining,Daylight,Rear End,No Control
2017-6858-15/08/2019,2,1,Pedestrian,Female,083,,,Fatal,,Pedestrian on Road,,Crossing without Control,,2 Metropolitan,2,1,Friday,11:20 am,50,Cross Road,Straight road,Level,Wet,Raining,Daylight,Hit Pedestrian,Traffic Signals
2017-6861-15/08/2019,2,1,Pedestrian,Male,040,,,Admitted to Hospital,,Pedestrian on Road,,Crossing without Control,,2 Metropolitan,3,1,Friday,11:41 am,60,Not Divided,"CURVED, VIEW OPEN",Level,Wet,Not Raining,Daylight,Hit Pedestrian,No Control
2017-6863-15/08/2019,2,1,Driver,Male,066,Driver,Not Thrown Out,Treated at Hospital,Fitted - Worn,Motor Cars - Sedan,Full,Straight Ahead,2.0,2 Metropolitan,3,2,Thursday,02:40 pm,60,Cross Road,Straight road,Level,Dry,Not Raining,Daylight,Side Swipe,Stop Sign
2017-6863-15/08/2019,2,2,Passenger,Female,064,Front Seat Left Passenger,Not Thrown Out,Treated at Hospital,Fitted - Worn,Motor Cars - Sedan,Full,Straight Ahead,2.0,2 Metropolitan,3,2,Thursday,02:40 pm,60,Cross Road,Straight road,Level,Dry,Not Raining,Daylight,Side Swipe,Stop Sign
2017-6865-15/08/2019,1,1,Rider,Male,047,Rider of Motorcycle,Thrown Out,Admitted to Hospital,,Motor Cycle,Full,Straight Ahead,1.0,3 Country,5,4,Friday,10:20 am,110,Cross Road,Straight road,Level,Dry,Not Raining,Daylight,Rear End,Stop Sign
2017-6865-15/08/2019,2,1,Rider,Male,060,Rider of Motorcycle,Thrown Out,Treated at Hospital,,Motor Cycle,Full,Straight Ahead,1.0,3 Country,5,4,Friday,10:20 am,110,Cross Road,Straight road,Level,Dry,Not Raining,Daylight,Rear End,Stop Sign
2017-6865-15/08/2019,3,1,Rider,Male,060,Rider of Motorcycle,Thrown Out,Admitted to Hospital,,Motor Cycle,Full,Straight Ahead,1.0,3 Country,5,4,Friday,10:20 am,110,Cross Road,Straight road,Level,Dry,Not Raining,Daylight,Rear End,Stop Sign
2017-6865-15/08/2019,5,1,Rider,Male,056,Rider of Motorcycle,Thrown Out,Treated at Hospital,,Motor Cycle,Full,Straight Ahead,1.0,3 Country,5,4,Friday,10:20 am,110,Cross Road,Straight road,Level,Dry,Not Raining,Daylight,Rear End,Stop Sign
2017-6876-15/08/2019,1,1,Driver,Male,020,Driver,Not Thrown Out,Treated at Hospital,Fitted - Worn,Motor Cars - Sedan,Provisional 2,Leaving Private Driveway,1.0,2 Metropolitan,2,1,Friday,05:42 pm,50,Not Divided,Straight road,Level,Wet,Raining,Night,Right Angle,No Control
2017-6878-15/08/2019,2,1,Pedestrian,Female,031,,,Admitted to Hospital,,Pedestrian on Road,,Crossing without Control,,2 Metropolitan,3,1,Friday,06:15 pm,50,T-Junction,Straight road,Level,Wet,Raining,Night,Hit Pedestrian,No Control
2017-6879-15/08/2019,1,1,Driver,Female,054,Driver,Not Thrown Out,Treated at Hospital,Fitted - Worn,Motor Cars - Sedan,Full,Stopped on Carriageway,1.0,2 Metropolitan,2,1,Friday,04:40 pm,60,T-Junction,Straight road,Level,Wet,Raining,Daylight,Rear End,Give Way Sign
2017-6887-15/08/2019,1,1,Driver,Female,023,Driver,Not Thrown Out,Treated at Hospital,Fitted - Worn,Motor Cars - Sedan,Provisional 2,Straight Ahead,2.0,2 Metropolitan,2,2,Friday,06:32 pm,60,Cross Road,Straight road,Level,Wet,Raining,Night,Right Angle,Give Way Sign
2017-6887-15/08/2019,2,1,Driver,Male,027,Driver,Not Thrown Out,Admitted to Hospital,Fitted - Worn,Motor Cars - Sedan,Full,Straight Ahead,1.0,2 Metropolitan,2,2,Friday,06:32 pm,60,Cross Road,Straight road,Level,Wet,Raining,Night,Right Angle,Give Way Sign
2017-6888-15/08/2019,1,1,Driver,Female,042,Driver,Not Thrown Out,Treated at Hospital,Fitted - Worn,Motor Cars - Sedan,Full,Straight Ahead,3.0,3 Country,1,3,Friday,02:45 pm,100,Not Divided,"CURVED, VIEW OPEN",Level,Dry,Not Raining,Daylight,Roll Over,No Control
2017-6888-15/08/2019,1,2,Passenger,Female,017,Rear Seat Left Passenger,Not Thrown Out,Treated at Hospital,Fitted - Worn,Motor Cars - Sedan,Full,Straight Ahead,3.0,3 Country,1,3,Friday,02:45 pm,100,Not Divided,"CURVED, VIEW OPEN",Level,Dry,Not Raining,Daylight,Roll Over,No Control
2017-6888-15/08/2019,1,3,Passenger,Female,015,Rear Seat Right Passenger,Not Thrown Out,Admitted to Hospital,Fitted - Worn,Motor Cars - Sedan,Full,Straight Ahead,3.0,3 Country,1,3,Friday,02:45 pm,100,Not Divided,"CURVED, VIEW OPEN",Level,Dry,Not Raining,Daylight,Roll Over,No Control
2017-6893-15/08/2019,1,1,Driver,Male,048,Driver,Not Thrown Out,Treated at Hospital,Fitted - Worn,Taxi Cab,Full,Stopped on Carriageway,2.0,2 Metropolitan,2,1,Saturday,01:25 am,60,Cross Road,Straight road,Level,Wet,Raining,Night,Rear End,Traffic Signals
2017-6895-15/08/2019,1,1,Passenger,Male,018,Front Seat Left Passenger,Not Thrown Out,Treated at Hospital,Fitted - Unknown if Worn,Motor Cars - Sedan,Provisional 1 ,Straight Ahead,3.0,3 Country,2,3,Friday,11:20 pm,50,Not Divided,"CURVED, VIEW OPEN",Slope,Wet,Not Raining,Night,Hit Fixed Object,No Control
2017-6895-15/08/2019,1,2,Passenger,Male,018,Rear Seat Left Passenger,Not Thrown Out,Admitted to Hospital,Fitted - Unknown if Worn,Motor Cars - Sedan,Provisional 1 ,Straight Ahead,3.0,3 Country,2,3,Friday,11:20 pm,50,Not Divided,"CURVED, VIEW OPEN",Slope,Wet,Not Raining,Night,Hit Fixed Object,No Control
2017-6895-15/08/2019,1,3,Driver,Male,018,Driver,Not Thrown Out,Fatal,Fitted - Worn,Motor Cars - Sedan,Provisional 1 ,Straight Ahead,3.0,3 Country,2,3,Friday,11:20 pm,50,Not Divided,"CURVED, VIEW OPEN",Slope,Wet,Not Raining,Night,Hit Fixed Object,No Control
2017-6896-15/08/2019,2,1,Driver,Male,052,Driver,Not Thrown Out,By Private,Fitted - Worn,Utility,Full,Stopped on Carriageway,1.0,2 Metropolitan,3,1,Friday,04:25 pm,60,Cross Road,Straight road,Level,Wet,Not Raining,Daylight,Rear End,Roundabout
2017-6897-15/08/2019,2,1,Pedestrian,Male,065,,,Fatal,,Pedestrian on Footpath/Carpark,,Walking on Footpath,,2 Metropolitan,3,1,Saturday,04:00 am,50,Not Divided,Straight road,Level,Dry,Not Raining,Night,Hit Pedestrian,No Control
2017-6898-15/08/2019,1,1,Driver,Female,044,Driver,Not Thrown Out,By Private,Fitted - Worn,Station Wagon,Full,Stopped on Carriageway,1.0,2 Metropolitan,2,1,Tuesday,05:10 pm,60,Not Divided,Straight road,Level,Unknown,Unknown,Daylight,Rear End,No Control
2017-6902-15/08/2019,1,1,Passenger,Female,057,Front Seat Left Passenger,Not Thrown Out,By Private,Fitted - Worn,Motor Cars - Sedan,Full,Straight Ahead,2.0,2 Metropolitan,2,1,Friday,04:30 pm,50,Cross Road,Straight road,Level,Dry,Not Raining,Daylight,Right Angle,Give Way Sign
2017-6907-15/08/2019,1,1,Driver,Male,024,Driver,Thrown Out,Admitted to Hospital,Fitted - Worn,Motor Cars - Sedan,Provisional 2,Straight Ahead,1.0,3 Country,1,1,Friday,01:30 am,110,Not Divided,Straight road,Level,Wet,Raining,Night,Roll Over,No Control
2017-6908-15/08/2019,1,1,Driver,Female,018,Driver,Not Thrown Out,Treated at Hospital,Fitted - Worn,Utility,Provisional 1 ,Straight Ahead,1.0,2 Metropolitan,1,1,Thursday,06:05 pm,80,Divided Road,Straight road,Level,Dry,Not Raining,Night,Roll Over,No Control
2017-6914-15/08/2019,2,1,Passenger,Female,045,Front Seat Left Passenger,Not Thrown Out,Treated at Hospital,Fitted - Worn,Station Wagon,Full,Straight Ahead,1.0,2 Metropolitan,2,1,Friday,05:50 pm,50,Cross Road,Straight road,Level,Wet,Raining,Night,Right Angle,Give Way Sign
2017-6919-15/08/2019,1,1,Driver,Male,050,Driver,Not Thrown Out,Treated at Hospital,Fitted - Unknown if Worn,Utility,Full,Straight Ahead,1.0,2 Metropolitan,3,1,Friday,11:45 pm,80,Not Divided,Straight road,Level,Dry,Not Raining,Night,Hit Fixed Object,No Control
2017-6921-15/08/2019,2,1,Driver,Female,059,Driver,Not Thrown Out,By Private,Fitted - Worn,Station Wagon,Full,Straight Ahead,1.0,2 Metropolitan,2,1,Saturday,06:48 pm,60,Divided Road,Straight road,Level,Unknown,Unknown,Night,Rear End,No Control
2017-6923-15/08/2019,2,1,Passenger,Female,012,Rear Seat Middle Passenger,Not Thrown Out,Treated at Hospital,Fitted - Unknown if Worn,Station Wagon,Full,Straight Ahead,5.0,1 City,2,1,Saturday,09:55 pm,50,T-Junction,Straight road,Level,Wet,Unknown,Night,Right Angle,Traffic Signals
2017-6924-15/08/2019,1,1,Driver,Female,066,Driver,Not Thrown Out,Treated at Hospital,Fitted - Worn,Motor Cars - Sedan,Full,Right Turn,1.0,2 Metropolitan,2,1,Saturday,10:54 pm,60,T-Junction,Straight road,Level,Wet,Raining,Night,Right Angle,No Control
2017-6926-15/08/2019,1,1,Passenger,Male,064,Front Seat Left Passenger,Not Thrown Out,Treated at Hospital,Fitted - Worn,Motor Cars - Sedan,Full,Straight Ahead,2.0,2 Metropolitan,2,1,Saturday,12:13 pm,50,Not Divided,Straight road,Level,Dry,Not Raining,Daylight,Hit Fixed Object,No Control
2017-6927-15/08/2019,1,1,Driver,Male,021,Driver,Not Thrown Out,Fatal,Fitted - Worn,Motor Cars - Sedan,Full,Straight Ahead,1.0,2 Metropolitan,2,1,Sunday,01:45 am,100,Not Divided,Straight road,Bottom of Hill,Wet,Raining,Night,Hit Fixed Object,No Control
2017-6928-15/08/2019,1,1,Driver,Male,XXX,Driver,Not Thrown Out,Treated at Hospital,Fitted - Unknown if Worn,Motor Cars - Sedan,Provisional 2,Straight Ahead,1.0,3 Country,2,1,Thursday,06:31 pm,60,Not Divided,"CURVED, VIEW OPEN",Bottom of Hill,Wet,Raining,Night,Hit Fixed Object,No Control
2017-6932-15/08/2019,2,1,Rider,Male,013,,Thrown Out,By Private,,Pedal Cycle,,Straight Ahead,1.0,2 Metropolitan,2,1,Sunday,11:00 am,50,Cross Road,Straight road,Level,Dry,Not Raining,Daylight,Right Angle,Give Way Sign
2017-6933-15/08/2019,3,1,Driver,Female,072,Driver,Not Thrown Out,By Private,Fitted - Worn,Motor Cars - Sedan,Full,Stopped on Carriageway,1.0,2 Metropolitan,3,1,Saturday,12:50 pm,60,Cross Road,Straight road,Level,Dry,Not Raining,Daylight,Rear End,Traffic Signals
2017-6938-15/08/2019,2,1,Driver,Female,019,Driver,Not Thrown Out,By Private,Fitted - Worn,Station Wagon,Provisional 2,Right Turn,1.0,2 Metropolitan,2,1,Saturday,09:30 pm,60,T-Junction,Straight road,Level,Wet,Raining,Night,Right Angle,Traffic Signals
2017-6944-15/08/2019,1,1,Driver,Female,032,Driver,Not Thrown Out,Treated at Hospital,Fitted - Worn,Motor Cars - Sedan,Full,Straight Ahead,1.0,2 Metropolitan,2,1,Sunday,03:55 pm,50,Not Divided,"CURVED, VIEW OPEN",Slope,Dry,Not Raining,Daylight,Hit Fixed Object,No Control
2017-6949-15/08/2019,1,1,Passenger,Female,072,Front Seat Left Passenger,Not Thrown Out,Treated at Hospital,Fitted - Worn,Motor Cars - Sedan,Full,Straight Ahead,2.0,3 Country,2,1,Sunday,05:50 pm,100,Not Divided,Straight road,Slope,Dry,Not Raining,Night,Hit Animal,No Control
2017-6951-15/08/2019,1,1,Driver,Male,047,Driver,Not Thrown Out,Admitted to Hospital,Fitted - Unknown if Worn,Motor Cars - Sedan,Full,Straight Ahead,1.0,3 Country,2,1,Sunday,03:49 pm,50,Not Divided,Straight road,Slope,Dry,Not Raining,Daylight,Hit Fixed Object,No Control
2017-6953-15/08/2019,1,1,Passenger,Female,005,Rear Seat Left Passenger,Not Thrown Out,Treated at Hospital,Child Restraint - Worn,Motor Cars - Sedan,Full,Stopped on Carriageway,3.0,2 Metropolitan,2,1,Sunday,01:30 pm,80,Divided Road,Straight road,Level,Dry,Not Raining,Daylight,Rear End,No Control
2017-6961-15/08/2019,1,1,Passenger,Male,023,Front Seat Middle Passenger,Not Thrown Out,Treated at Hospital,Fitted - Unknown if Worn,Utility,Full,Straight Ahead,3.0,2 Metropolitan,2,2,Sunday,07:00 pm,60,Not Divided,Straight road,Slope,Wet,Not Raining,Night,Hit Fixed Object,No Control
2017-6961-15/08/2019,1,2,Passenger,Male,026,Front Seat Left Passenger,Not Thrown Out,Treated at Hospital,Fitted - Unknown if Worn,Utility,Full,Straight Ahead,3.0,2 Metropolitan,2,2,Sunday,07:00 pm,60,Not Divided,Straight road,Slope,Wet,Not Raining,Night,Hit Fixed Object,No Control
2017-6968-15/08/2019,1,1,Driver,Female,047,Driver,Not Thrown Out,Admitted to Hospital,Fitted - Worn,Motor Cars - Sedan,Full,Straight Ahead,1.0,3 Country,2,2,Monday,10:40 am,100,T-Junction,Straight road,Level,Dry,Not Raining,Daylight,Right Angle,No Control
2017-6968-15/08/2019,2,1,Driver,Female,040,Driver,Not Thrown Out,Treated at Hospital,Fitted - Worn,Station Wagon,Full,Right Turn,1.0,3 Country,2,2,Monday,10:40 am,100,T-Junction,Straight road,Level,Dry,Not Raining,Daylight,Right Angle,No Control
2017-6969-15/08/2019,1,1,Rider,Male,039,,Thrown Out,Treated at Hospital,,Pedal Cycle,,Right Turn,1.0,2 Metropolitan,2,1,Monday,08:50 am,60,Cross Road,Straight road,Level,Wet,Unknown,Daylight,Side Swipe,Traffic Signals
2017-6970-15/08/2019,1,1,Passenger,Male,020,Front Seat Left Passenger,Not Thrown Out,Treated at Hospital,Fitted - Worn,Utility,Probationary,Straight Ahead,2.0,3 Country,2,1,Monday,01:35 pm,50,Divided Road,Straight road,Level,Dry,Not Raining,Daylight,Rear End,No Control
2017-6973-15/08/2019,1,1,Driver,Female,051,Driver,Not Thrown Out,Treated at Hospital,Fitted - Worn,Motor Cars - Sedan,Unknown,Straight Ahead,1.0,3 Country,2,1,Sunday,08:08 pm,100,Not Divided,"CURVED, VIEW OBSCURED",Slope,Dry,Not Raining,Night,Hit Fixed Object,No Control
2017-6980-15/08/2019,2,1,Rider,Male,XXX,,Thrown Out,Treated at Hospital,,Pedal Cycle,,Straight Ahead,1.0,2 Metropolitan,2,1,Monday,05:00 pm,60,T-Junction,Straight road,Level,Dry,Not Raining,Daylight,Right Angle,No Control
2017-6982-15/08/2019,1,1,Driver,Female,052,Driver,Not Thrown Out,Treated at Hospital,Fitted - Worn,Motor Cars - Sedan,Full,Straight Ahead,1.0,2 Metropolitan,2,2,Monday,02:45 pm,60,T-Junction,Straight road,Level,Dry,Not Raining,Daylight,Right Angle,No Control
2017-6982-15/08/2019,2,1,Driver,Female,043,Driver,Not Thrown Out,Treated at Hospital,Fitted - Worn,Motor Cars - Sedan,Full,Right Turn,1.0,2 Metropolitan,2,2,Monday,02:45 pm,60,T-Junction,Straight road,Level,Dry,Not Raining,Daylight,Right Angle,No Control
2017-6983-15/08/2019,1,1,Pedestrian,Male,057,,,Treated at Hospital,,Pedestrian on Road,,Crossing without Control,,2 Metropolitan,2,1,Monday,06:43 pm,50,Divided Road,Straight road,Level,Dry,Not Raining,Night,Hit Pedestrian,No Control
2017-6984-15/08/2019,2,1,Rider,Male,036,,Thrown Out,Treated at Hospital,,Pedal Cycle,,Straight Ahead,1.0,2 Metropolitan,3,1,Monday,03:40 pm,60,Freeway,Straight road,Level,Dry,Not Raining,Daylight,Side Swipe,No Control
2017-6986-15/08/2019,2,1,Pedestrian,Male,033,,,Treated at Hospital,,Pedestrian on Road,,Crossing without Control,,2 Metropolitan,2,1,Monday,08:00 pm,60,Divided Road,Straight road,Level,Dry,Not Raining,Night,Hit Pedestrian,No Control
2017-6989-15/08/2019,1,1,Driver,Female,018,Driver,Not Thrown Out,Treated at Hospital,Fitted - Worn,Motor Cars - Sedan,Provisional 1 ,Straight Ahead,1.0,2 Metropolitan,2,1,Monday,11:55 pm,110,Freeway,Straight road,Level,Dry,Not Raining,Night,Hit Fixed Object,No Control
2017-6991-15/08/2019,1,1,Driver,Female,027,Driver,Not Thrown Out,By Private,Fitted - Worn,Motor Cars - Sedan,Full,Stopped on Carriageway,1.0,2 Metropolitan,2,1,Friday,08:00 am,60,Cross Road,Straight road,Level,Dry,Not Raining,Daylight,Rear End,Traffic Signals
2017-6992-15/08/2019,1,1,Driver,Female,064,Driver,Not Thrown Out,By Private,Fitted - Worn,Motor Cars - Sedan,Full,Straight Ahead,1.0,2 Metropolitan,2,1,Tuesday,08:10 am,50,Not Divided,Straight road,Level,Dry,Not Raining,Daylight,Right Angle,No Control
2017-6993-15/08/2019,1,1,Rider,Male,040,,Thrown Out,Treated at Hospital,,Pedal Cycle,,Straight Ahead,1.0,2 Metropolitan,2,1,Tuesday,04:00 am,50,Divided Road,Straight road,Level,Dry,Not Raining,Night,Roll Over,No Control
2017-6995-15/08/2019,1,1,Driver,Male,024,Driver,Not Thrown Out,Treated at Hospital,Fitted - Unknown if Worn,Motor Cars - Sedan,Full,Right Turn,1.0,2 Metropolitan,2,2,Tuesday,08:40 am,60,Cross Road,Straight road,Level,Dry,Not Raining,Daylight,Right Turn,Traffic Signals
2017-6995-15/08/2019,2,1,Driver,Female,046,Driver,Not Thrown Out,Treated at Hospital,Fitted - Worn,Motor Cars - Sedan,Full,Straight Ahead,1.0,2 Metropolitan,2,2,Tuesday,08:40 am,60,Cross Road,Straight road,Level,Dry,Not Raining,Daylight,Right Turn,Traffic Signals
2017-6997-15/08/2019,1,1,Driver,Male,023,Driver,Not Thrown Out,Treated at Hospital,Fitted - Worn,RIGID TRUCK LGE GE 4.5T,Full,Entering Private Driveway,1.0,3 Country,2,2,Tuesday,09:50 am,80,Not Divided,Straight road,Level,Dry,Not Raining,Daylight,Rear End,No Control
2017-6997-15/08/2019,2,1,Driver,Male,021,Driver,Not Thrown Out,Treated at Hospital,Fitted - Worn,Motor Cars - Sedan,Provisional 2,Straight Ahead,1.0,3 Country,2,2,Tuesday,09:50 am,80,Not Divided,Straight road,Level,Dry,Not Raining,Daylight,Rear End,No Control
2017-6998-15/08/2019,1,1,Rider,Male,029,Rider of Motorcycle,Thrown Out,Treated at Hospital,,Motor Cycle,Full,Overtaking - on Right,1.0,2 Metropolitan,2,1,Tuesday,07:15 am,50,Not Divided,Straight road,Level,Dry,Not Raining,Night,Side Swipe,No Control
2017-7005-15/08/2019,1,1,Driver,Female,087,Driver,Not Thrown Out,Treated at Hospital,Fitted - Worn,Motor Cars - Sedan,Full,Straight Ahead,1.0,2 Metropolitan,2,1,Tuesday,04:20 pm,50,Not Divided,Straight road,Slope,Dry,Not Raining,Daylight,Hit Parked Vehicle,No Control
2017-7007-15/08/2019,2,1,Driver,Male,095,Driver,Not Thrown Out,Treated at Hospital,Fitted - Worn,Motor Cars - Sedan,Full,Straight Ahead,1.0,2 Metropolitan,2,1,Tuesday,04:22 pm,60,Not Divided,Straight road,Level,Dry,Not Raining,Daylight,Hit Parked Vehicle,No Control
2017-7011-15/08/2019,2,1,Passenger,Female,066,Rear Seat Left Passenger,Not Thrown Out,Treated at Hospital,Fitted - Worn,Motor Cars - Sedan,Full,Straight Ahead,4.0,2 Metropolitan,5,1,Tuesday,03:35 pm,80,Ramp On,"CURVED, VIEW OPEN",Level,Dry,Not Raining,Daylight,Rear End,No Control
2017-7012-15/08/2019,2,1,Rider,Female,075,,Thrown Out,Treated at Hospital,,Pedal Cycle,,Straight Ahead,1.0,2 Metropolitan,2,1,Tuesday,04:05 pm,60,Divided Road,Straight road,Level,Dry,Not Raining,Daylight,Right Angle,No Control
2017-7014-15/08/2019,1,1,Rider,Male,010,,Thrown Out,Treated at Hospital,,Pedal Cycle,,Straight Ahead,1.0,3 Country,1,1,Tuesday,04:45 pm,100,Not Divided,Straight road,Level,Dry,Not Raining,Daylight,Roll Over,No Control
2017-7024-15/08/2019,1,1,Driver,Male,034,Driver,Not Thrown Out,Admitted to Hospital,Fitted - Worn,Station Wagon,Full,Right Turn,1.0,3 Country,1,1,Sunday,12:30 am,100,Cross Road,Straight road,Level,Wet,Raining,Night,Roll Over,Give Way Sign
2017-7027-15/08/2019,2,1,Rider,Female,XXX,,Thrown Out,Treated at Hospital,,Pedal Cycle,,Stopped on Carriageway,1.0,2 Metropolitan,2,1,Wednesday,07:45 am,60,Cross Road,Straight road,Level,Dry,Not Raining,Daylight,Rear End,No Control
2017-7028-15/08/2019,1,1,Driver,Female,051,Driver,Not Thrown Out,Treated at Hospital,Fitted - Worn,Motor Cars - Sedan,Full,Stopped on Carriageway,1.0,2 Metropolitan,2,2,Wednesday,08:25 am,50,T-Junction,Straight road,Level,Dry,Not Raining,Daylight,Rear End,Give Way Sign
2017-7028-15/08/2019,2,1,Driver,Female,042,Driver,Not Thrown Out,By Private,Fitted - Worn,Motor Cars - Sedan,Full,Straight Ahead,1.0,2 Metropolitan,2,2,Wednesday,08:25 am,50,T-Junction,Straight road,Level,Dry,Not Raining,Daylight,Rear End,Give Way Sign
2017-7029-15/08/2019,2,1,Rider,Male,018,,Thrown Out,Treated at Hospital,,Pedal Cycle,,Straight Ahead,1.0,1 City,2,1,Wednesday,11:00 am,50,Not Divided,Straight road,Level,Dry,Not Raining,Daylight,Right Angle,No Control
2017-7036-15/08/2019,1,1,Driver,Female,056,Driver,Not Thrown Out,By Private,Fitted - Worn,Motor Cars - Sedan,Full,Stopped on Carriageway,1.0,2 Metropolitan,2,1,Tuesday,04:00 pm,60,Divided Road,Straight road,Level,Dry,Not Raining,Daylight,Rear End,No Control
2017-7039-15/08/2019,2,1,Driver,Female,018,Driver,Not Thrown Out,Treated at Hospital,Fitted - Not Worn,Motor Cars - Sedan,Provisional 2,Right Turn,2.0,2 Metropolitan,2,2,Wednesday,03:20 pm,60,T-Junction,Straight road,Level,Dry,Not Raining,Daylight,Right Turn,Traffic Signals
2017-7039-15/08/2019,2,2,Passenger,Female,019,Front Seat Left Passenger,Not Thrown Out,Treated at Hospital,Fitted - Worn,Motor Cars - Sedan,Provisional 2,Right Turn,2.0,2 Metropolitan,2,2,Wednesday,03:20 pm,60,T-Junction,Straight road,Level,Dry,Not Raining,Daylight,Right Turn,Traffic Signals
2017-7040-15/08/2019,1,1,Driver,Male,021,Driver,Not Thrown Out,Fatal,Fitted - Not Worn,Motor Cars - Sedan,Full,Straight Ahead,1.0,3 Country,2,2,Wednesday,01:45 pm,80,Freeway,Straight road,Level,Dry,Not Raining,Daylight,Head On,No Control
2017-7040-15/08/2019,2,1,Driver,Male,048,Driver,Not Thrown Out,Treated at Hospital,Fitted - Worn,SEMI TRAILER,Full,Straight Ahead,1.0,3 Country,2,2,Wednesday,01:45 pm,80,Freeway,Straight road,Level,Dry,Not Raining,Daylight,Head On,No Control
2017-7043-15/08/2019,2,1,Driver,Male,060,Driver,Not Thrown Out,Treated at Hospital,Fitted - Worn,Motor Cars - Sedan,Full,Stopped on Carriageway,1.0,2 Metropolitan,3,1,Wednesday,05:12 pm,60,T-Junction,Straight road,Level,Dry,Not Raining,Daylight,Rear End,Traffic Signals
2017-7044-15/08/2019,1,1,Driver,Female,028,Driver,Not Thrown Out,Treated at Hospital,Fitted - Not Worn,Motor Cars - Sedan,Probationary,Straight Ahead,1.0,2 Metropolitan,2,1,Wednesday,05:53 pm,60,Divided Road,Straight road,Bottom of Hill,Dry,Not Raining,Night,Hit Parked Vehicle,No Control
2017-7046-15/08/2019,1,1,Rider,Male,063,Rider of Motorcycle,Thrown Out,Treated at Hospital,,Motor Cycle,Full,Straight Ahead,1.0,2 Metropolitan,2,1,Wednesday,02:35 pm,80,Not Divided,"CURVED, VIEW OBSCURED",Slope,Dry,Not Raining,Daylight,Head On,No Control
2017-7048-15/08/2019,1,1,Rider,Male,XXX,Rider of Motorcycle,Thrown Out,Treated at Hospital,,Motor Cycle,Full,Straight Ahead,1.0,2 Metropolitan,1,1,Wednesday,05:45 pm,60,Divided Road,Straight road,Level,Dry,Not Raining,Night,Roll Over,No Control
2017-7051-15/08/2019,1,1,Driver,Female,031,Driver,Not Thrown Out,Treated at Hospital,Fitted - Worn,Motor Cars - Sedan,Full,Straight Ahead,1.0,2 Metropolitan,2,1,Wednesday,09:09 pm,50,Multiple,Straight road,Level,Dry,Not Raining,Night,Right Angle,Traffic Signals
2017-7052-15/08/2019,2,1,Driver,Male,025,Driver,Not Thrown Out,Treated at Hospital,Fitted - Worn,Motor Cars - Sedan,Full,Right Turn,2.0,2 Metropolitan,2,2,Wednesday,11:10 pm,60,Cross Road,Straight road,Slope,Wet,Raining,Night,Right Turn,Traffic Signals
2017-7052-15/08/2019,2,2,Passenger,Male,024,Front Seat Left Passenger,Not Thrown Out,Treated at Hospital,Fitted - Worn,Motor Cars - Sedan,Full,Right Turn,2.0,2 Metropolitan,2,2,Wednesday,11:10 pm,60,Cross Road,Straight road,Slope,Wet,Raining,Night,Right Turn,Traffic Signals
2017-7056-15/08/2019,3,1,Driver,Male,047,Driver,Not Thrown Out,By Private,Fitted - Worn,Station Wagon,Full,Entering Private Driveway,1.0,2 Metropolitan,3,1,Wednesday,12:55 pm,70,Not Divided,Straight road,Level,Dry,Not Raining,Daylight,Hit Fixed Object,No Control
2017-7057-15/08/2019,1,1,Rider,Female,050,Rider of Motorcycle,Thrown Out,Treated at Hospital,,Scooter,Full,Straight Ahead,1.0,1 City,1,1,Thursday,07:34 am,50,Cross Road,Straight road,Level,Wet,Raining,Daylight,Roll Over,Traffic Signals
2017-7062-15/08/2019,1,1,Driver,Male,035,Driver,Not Thrown Out,By Private,Fitted - Worn,Motor Cars - Sedan,Full,Stopped on Carriageway,1.0,2 Metropolitan,2,1,Tuesday,02:36 pm,60,Not Divided,Straight road,Level,Dry,Not Raining,Daylight,Rear End,No Control
2017-7067-15/08/2019,1,1,Driver,Male,038,Driver,Not Thrown Out,Treated at Hospital,Fitted - Worn,Station Wagon,Full,Straight Ahead,1.0,3 Country,2,1,Thursday,01:05 pm,110,Not Divided,Straight road,Crest of Hill,Dry,Not Raining,Daylight,Hit Fixed Object,No Control