REPORT_ID,UND_UNIT_NUMBER,CASUALTY_NUMBER,Casualty Type,Sex_x,AGE,Position In Veh,Thrown Out,Injury Extent,Seat Belt,Unit Type,Licence Type,Unit Movement,Number Occupants,Stats Area,Total Units,Total Cas,Day,Time,Area Speed,Position Type,Horizontal Align,Vertical Align,Moisture Cond,Weather Cond,DayNight,Crash Type,Traffic Ctrls
2017-7068-15/08/2019,1,1,Driver,Male,091,Driver,Not Thrown Out,Treated at Hospital,Fitted - Worn,Motor Cars - Sedan,Full,U Turn,1.0,2 Metropolitan,2,1,Thursday,03:00 pm,50,Not Divided,Straight road,Level,Dry,Not Raining,Daylight,Hit Fixed Object,No Control
2017-7069-15/08/2019,2,1,Driver,Female,023,Driver,Not Thrown Out,Treated at Hospital,Fitted - Worn,Motor Cars - Sedan,Provisional 1 ,Straight Ahead,1.0,2 Metropolitan,3,1,Thursday,02:00 pm,50,Cross Road,Straight road,Level,Dry,Not Raining,Daylight,Right Angle,Traffic Signals
2017-7073-15/08/2019,1,1,Driver,Male,076,Driver,Not Thrown Out,Treated at Hospital,Fitted - Worn,Motor Cars - Sedan,Full,Straight Ahead,1.0,3 Country,2,1,Thursday,12:04 pm,50,Not Divided,Straight road,Level,Dry,Not Raining,Daylight,Hit Fixed Object,No Control
2017-7076-15/08/2019,1,1,Driver,Female,017,Driver,Not Thrown Out,Treated at Hospital,Fitted - Worn,Motor Cars - Sedan,Provisional 1 ,Straight Ahead,1.0,2 Metropolitan,3,3,Thursday,01:45 pm,80,Cross Road,Straight road,Level,Dry,Not Raining,Daylight,Right Angle,Traffic Signals
2017-7076-15/08/2019,2,1,Driver,Female,067,Driver,Not Thrown Out,Treated at Hospital,Fitted - Worn,Motor Cars - Sedan,Full,Straight Ahead,1.0,2 Metropolitan,3,3,Thursday,01:45 pm,80,Cross Road,Straight road,Level,Dry,Not Raining,Daylight,Right Angle,Traffic Signals
2017-7076-15/08/2019,3,1,Driver,Male,061,Driver,Not Thrown Out,Treated at Hospital,Fitted - Worn,Station Wagon,Full,Straight Ahead,1.0,2 Metropolitan,3,3,Thursday,01:45 pm,80,Cross Road,Straight road,Level,Dry,Not Raining,Daylight,Right Angle,Traffic Signals
2017-7077-15/08/2019,1,1,Driver,Female,076,Driver,Not Thrown Out,Treated at Hospital,Fitted - Worn,Motor Cars - Sedan,Full,Straight Ahead,1.0,2 Metropolitan,3,1,Thursday,04:35 pm,60,Cross Road,Straight road,Level,Dry,Not Raining,Daylight,Hit Fixed Object,Traffic Signals
2017-7079-15/08/2019,2,1,Driver,Male,033,Driver,Not Thrown Out,By Private,Fitted - Worn,Station Wagon,Unknown,Stopped on Carriageway,1.0,2 Metropolitan,2,1,Thursday,02:40 pm,60,Not Divided,Straight road,Slope,Dry,Not Raining,Daylight,Rear End,No Control
2017-7083-15/08/2019,1,1,Driver,Female,035,Driver,Not Thrown Out,Treated at Hospital,Fitted - Worn,Station Wagon,Full,Straight Ahead,2.0,2 Metropolitan,2,4,Thursday,04:35 pm,60,T-Junction,Straight road,Level,Dry,Not Raining,Daylight,Right Angle,Stop Sign
2017-7083-15/08/2019,1,2,Passenger,Female,XXX,Rear Seat Left Passenger,Not Thrown Out,Treated at Hospital,Child Restraint - Worn,Station Wagon,Full,Straight Ahead,2.0,2 Metropolitan,2,4,Thursday,04:35 pm,60,T-Junction,Straight road,Level,Dry,Not Raining,Daylight,Right Angle,Stop Sign
2017-7083-15/08/2019,2,1,Driver,Female,073,Driver,Not Thrown Out,Treated at Hospital,Fitted - Worn,Station Wagon,Full,Right Turn,2.0,2 Metropolitan,2,4,Thursday,04:35 pm,60,T-Junction,Straight road,Level,Dry,Not Raining,Daylight,Right Angle,Stop Sign
2017-7083-15/08/2019,2,2,Passenger,Female,077,Front Seat Left Passenger,Not Thrown Out,Treated at Hospital,Fitted - Not Worn,Station Wagon,Full,Right Turn,2.0,2 Metropolitan,2,4,Thursday,04:35 pm,60,T-Junction,Straight road,Level,Dry,Not Raining,Daylight,Right Angle,Stop Sign
2017-7089-15/08/2019,1,1,Driver,Male,028,Driver,Not Thrown Out,Treated at Hospital,Fitted - Worn,Motor Cars - Sedan,Full,Straight Ahead,1.0,2 Metropolitan,2,1,Thursday,05:04 pm,60,Cross Road,Straight road,Level,Dry,Not Raining,Daylight,Right Angle,Stop Sign
2017-7094-15/08/2019,1,1,Driver,Male,057,Driver,Not Thrown Out,Treated at Hospital,Fitted - Unknown if Worn,Station Wagon,Disqualified,Straight Ahead,1.0,2 Metropolitan,2,4,Thursday,06:15 pm,80,Not Divided,"CURVED, VIEW OPEN",Level,Dry,Not Raining,Night,Head On,No Control
2017-7094-15/08/2019,2,1,Driver,Male,065,Driver,Not Thrown Out,Treated at Hospital,Fitted - Worn,Station Wagon,Full,Straight Ahead,3.0,2 Metropolitan,2,4,Thursday,06:15 pm,80,Not Divided,"CURVED, VIEW OPEN",Level,Dry,Not Raining,Night,Head On,No Control
2017-7094-15/08/2019,2,2,Passenger,Female,063,Rear Seat Right Passenger,Not Thrown Out,Treated at Hospital,Fitted - Worn,Station Wagon,Full,Straight Ahead,3.0,2 Metropolitan,2,4,Thursday,06:15 pm,80,Not Divided,"CURVED, VIEW OPEN",Level,Dry,Not Raining,Night,Head On,No Control
2017-7094-15/08/2019,2,3,Passenger,Male,025,Front Seat Left Passenger,Not Thrown Out,Treated at Hospital,Fitted - Worn,Station Wagon,Full,Straight Ahead,3.0,2 Metropolitan,2,4,Thursday,06:15 pm,80,Not Divided,"CURVED, VIEW OPEN",Level,Dry,Not Raining,Night,Head On,No Control
2017-7100-15/08/2019,1,1,Rider,Male,034,,Thrown Out,Treated at Hospital,,Pedal Cycle,,Straight Ahead,1.0,2 Metropolitan,2,1,Friday,07:34 am,60,T-Junction,Straight road,Level,Dry,Not Raining,Daylight,Right Turn,No Control
2017-7103-15/08/2019,1,1,Driver,Male,045,Driver,Not Thrown Out,By Private,Fitted - Worn,RIGID TRUCK LGE GE 4.5T,Full,Straight Ahead,1.0,2 Metropolitan,2,1,Friday,08:15 am,60,T-Junction,Straight road,Level,Wet,Not Raining,Daylight,Right Angle,No Control
2017-7112-15/08/2019,1,1,Rider,Male,036,,Thrown Out,By Private,,Pedal Cycle,,Straight Ahead,1.0,2 Metropolitan,2,1,Friday,02:30 pm,60,T-Junction,Straight road,Level,Dry,Not Raining,Daylight,Right Turn,No Control
2017-7117-15/08/2019,2,1,Driver,Female,017,Driver,Not Thrown Out,Treated at Hospital,Fitted - Worn,Motor Cars - Sedan,Provisional 1 ,Straight Ahead,1.0,2 Metropolitan,5,1,Friday,04:00 pm,60,Divided Road,Straight road,Level,Dry,Not Raining,Daylight,Rear End,No Control
2017-7118-15/08/2019,1,1,Passenger,Female,016,Front Seat Left Passenger,Not Thrown Out,Treated at Hospital,Fitted - Worn,Motor Cars - Sedan,Full,Straight Ahead,2.0,2 Metropolitan,2,1,Friday,12:30 pm,80,Not Divided,"CURVED, VIEW OPEN",Level,Wet,Not Raining,Daylight,Hit Fixed Object,No Control
2017-7119-15/08/2019,1,1,Driver,Female,XXX,Driver,Not Thrown Out,Treated at Hospital,Fitted - Worn,Motor Cars - Sedan,Full,Straight Ahead,1.0,2 Metropolitan,2,1,Friday,03:44 pm,50,Not Divided,Straight road,Level,Dry,Not Raining,Daylight,Right Angle,No Control
2017-7124-15/08/2019,1,1,Driver,Female,040,Driver,Not Thrown Out,Treated at Hospital,Fitted - Worn,Station Wagon,Full,Straight Ahead,1.0,2 Metropolitan,2,1,Friday,05:15 pm,60,Divided Road,Straight road,Level,Wet,Raining,Daylight,Rear End,No Control
2017-7127-15/08/2019,2,1,Passenger,Female,033,Front Seat Left Passenger,Not Thrown Out,Treated at Hospital,Fitted - Worn,Motor Cars - Sedan,Full,Right Turn,2.0,2 Metropolitan,2,1,Friday,07:21 pm,60,Cross Road,Straight road,Level,Dry,Not Raining,Night,Right Turn,Traffic Signals
2017-7133-15/08/2019,1,1,Driver,Male,018,Driver,Not Thrown Out,Treated at Hospital,Fitted - Worn,Motor Cars - Sedan,Provisional 1 ,Right Turn,1.0,2 Metropolitan,2,1,Friday,07:45 pm,70,Cross Road,Straight road,Level,Wet,Not Raining,Night,Right Angle,Roundabout
2017-7137-15/08/2019,1,1,Driver,Male,024,Driver,Not Thrown Out,By Private,Fitted - Worn,Motor Cars - Sedan,Full,Straight Ahead,1.0,2 Metropolitan,2,1,Saturday,06:16 am,50,Not Divided,"CURVED, VIEW OPEN",Slope,Wet,Not Raining,Night,Hit Fixed Object,No Control
2017-7138-15/08/2019,2,1,Driver,Female,030,Driver,Not Thrown Out,Treated at Hospital,Fitted - Worn,Station Wagon,Full,Right Turn,1.0,3 Country,2,1,Friday,03:00 pm,50,Cross Road,Straight road,Level,Dry,Not Raining,Daylight,Right Angle,Stop Sign
2017-7144-15/08/2019,1,1,Driver,Female,017,Driver,Not Thrown Out,Treated at Hospital,Fitted - Worn,Motor Cars - Sedan,Provisional 1 ,Straight Ahead,2.0,2 Metropolitan,2,1,Saturday,11:25 am,80,Not Divided,"CURVED, VIEW OBSCURED",Level,Dry,Not Raining,Daylight,Hit Fixed Object,No Control
2017-7145-15/08/2019,1,1,Passenger,Female,015,Front Seat Left Passenger,Not Thrown Out,Treated at Hospital,Fitted - Worn,Station Wagon,Full,Straight Ahead,2.0,2 Metropolitan,2,1,Saturday,11:08 am,80,Not Divided,"CURVED, VIEW OBSCURED",Slope,Dry,Not Raining,Daylight,Roll Over,No Control
2017-7146-15/08/2019,2,1,Driver,Female,062,Driver,Not Thrown Out,Treated at Hospital,Fitted - Worn,Motor Cars - Sedan,Full,Straight Ahead,1.0,2 Metropolitan,2,1,Saturday,12:40 pm,60,T-Junction,Straight road,Level,Dry,Not Raining,Daylight,Right Angle,No Control
2017-7149-15/08/2019,1,1,Driver,Female,020,Driver,Not Thrown Out,By Private,Fitted - Worn,Motor Cars - Sedan,Full,Straight Ahead,1.0,2 Metropolitan,2,1,Friday,03:15 pm,60,T-Junction,Straight road,Level,Dry,Not Raining,Daylight,Right Angle,Give Way Sign
2017-7151-15/08/2019,1,1,Driver,Male,068,Driver,Not Thrown Out,Treated at Hospital,Fitted - Worn,Utility,Full,Straight Ahead,1.0,2 Metropolitan,2,1,Saturday,02:05 pm,110,Divided Road,Straight road,Level,Dry,Not Raining,Daylight,Side Swipe,No Control
2017-7152-15/08/2019,2,1,Driver,Female,086,Driver,Not Thrown Out,Admitted to Hospital,Fitted - Worn,Motor Cars - Sedan,Full,Straight Ahead,1.0,3 Country,3,1,Saturday,02:40 pm,50,Cross Road,Straight road,Level,Dry,Not Raining,Daylight,Right Angle,Give Way Sign
2017-7156-15/08/2019,1,1,Driver,Male,XXX,Driver,Not Thrown Out,Treated at Hospital,Fitted - Worn,Station Wagon,Provisional 2,Straight Ahead,1.0,3 Country,1,1,Thursday,05:00 pm,110,Not Divided,"CURVED, VIEW OPEN",Level,Dry,Not Raining,Daylight,Roll Over,No Control
2017-7157-15/08/2019,1,1,Rider,Male,048,Rider of Motorcycle,Thrown Out,Treated at Hospital,,Motor Cycle,Full,Straight Ahead,1.0,3 Country,2,1,Saturday,04:00 pm,100,Not Divided,Straight road,Crest of Hill,Dry,Not Raining,Daylight,Right Turn,No Control
2017-7158-15/08/2019,1,1,Passenger,Female,012,Rear Seat Left Passenger,Not Thrown Out,By Private,Fitted - Worn,Station Wagon,Full,Stopped on Carriageway,2.0,2 Metropolitan,2,1,Friday,10:30 pm,60,Cross Road,Straight road,Level,Dry,Not Raining,Night,Rear End,Traffic Signals
2017-7162-15/08/2019,2,1,Passenger,Female,079,Front Seat Left Passenger,Not Thrown Out,Treated at Hospital,Fitted - Worn,Motor Cars - Sedan,Provisional 1 ,Straight Ahead,2.0,2 Metropolitan,3,1,Saturday,06:50 pm,60,Divided Road,Straight road,Level,Dry,Not Raining,Night,Rear End,No Control
2017-7163-15/08/2019,1,1,Driver,Female,029,Driver,Not Thrown Out,Treated at Hospital,Fitted - Worn,Motor Cars - Sedan,Full,Straight Ahead,1.0,2 Metropolitan,2,1,Saturday,02:24 pm,50,Cross Road,Straight road,Level,Dry,Not Raining,Daylight,Right Angle,Give Way Sign
2017-7164-15/08/2019,1,1,Driver,Male,045,Driver,Not Thrown Out,Treated at Hospital,Fitted - Worn,Taxi Cab,Full,Stopped on Carriageway,1.0,2 Metropolitan,2,1,Saturday,05:53 pm,80,T-Junction,Straight road,Level,Dry,Not Raining,Night,Rear End,Traffic Signals
2017-7166-15/08/2019,2,1,Driver,Female,035,Driver,Not Thrown Out,Treated at Hospital,Fitted - Worn,Motor Cars - Sedan,Full,Straight Ahead,1.0,2 Metropolitan,3,1,Saturday,11:20 am,60,T-Junction,Straight road,Level,Dry,Not Raining,Daylight,Rear End,No Control
2017-7169-15/08/2019,1,1,Driver,Female,017,Driver,Not Thrown Out,Treated at Hospital,Fitted - Worn,Station Wagon,Provisional 1 ,Straight Ahead,1.0,3 Country,2,1,Sunday,05:00 am,110,Not Divided,Straight road,Level,Dry,Not Raining,Night,Hit Fixed Object,No Control
2017-7170-15/08/2019,1,1,Driver,Male,071,Driver,Not Thrown Out,Treated at Hospital,Fitted - Worn,Utility,Full,Straight Ahead,1.0,2 Metropolitan,2,2,Sunday,10:49 am,60,T-Junction,Straight road,Level,Dry,Not Raining,Daylight,Right Angle,No Control
2017-7170-15/08/2019,2,1,Driver,Male,053,Driver,Not Thrown Out,Treated at Hospital,Fitted - Worn,Motor Cars - Sedan,Full,Stopped on Carriageway,2.0,2 Metropolitan,2,2,Sunday,10:49 am,60,T-Junction,Straight road,Level,Dry,Not Raining,Daylight,Right Angle,No Control
2017-7179-15/08/2019,1,1,Passenger,Female,035,Front Seat Left Passenger,Not Thrown Out,By Private,Fitted - Worn,Station Wagon,Full,Stopped on Carriageway,5.0,2 Metropolitan,2,1,Saturday,11:30 pm,60,T-Junction,Straight road,Level,Wet,Not Raining,Night,Rear End,Traffic Signals
2017-7181-15/08/2019,1,1,Passenger,Female,065,Front Seat Left Passenger,Not Thrown Out,Treated at Hospital,Fitted - Worn,Station Wagon,Full,Straight Ahead,3.0,2 Metropolitan,2,1,Sunday,05:10 pm,80,Not Divided,Straight road,Level,Dry,Not Raining,Daylight,Hit Fixed Object,No Control
2017-7184-15/08/2019,1,1,Driver,Female,033,Driver,Not Thrown Out,Treated at Hospital,Fitted - Worn,Station Wagon,Full,Stopped on Carriageway,1.0,2 Metropolitan,2,1,Sunday,01:02 pm,60,Divided Road,Straight road,Slope,Wet,Raining,Daylight,Rear End,No Control
2017-7188-15/08/2019,1,1,Driver,Female,025,Driver,Not Thrown Out,Treated at Hospital,Fitted - Worn,Motor Cars - Sedan,Full,Right Turn,1.0,2 Metropolitan,2,1,Sunday,09:15 pm,60,T-Junction,Straight road,Level,Wet,Raining,Night,Right Angle,Traffic Signals
2017-7193-15/08/2019,1,1,Driver,Female,035,Driver,Not Thrown Out,By Private,Fitted - Worn,Motor Cars - Sedan,Full,Stopped on Carriageway,1.0,2 Metropolitan,2,1,Sunday,11:30 am,60,Cross Road,Straight road,Level,Wet,Unknown,Daylight,Rear End,Traffic Signals
2017-7194-15/08/2019,1,1,Driver,Male,056,Driver,Not Thrown Out,Treated at Hospital,Fitted - Worn,Motor Cars - Sedan,Full,Straight Ahead,2.0,2 Metropolitan,2,1,Monday,09:00 am,100,T-Junction,Straight road,Level,Dry,Not Raining,Daylight,Right Angle,No Control
2017-7195-15/08/2019,1,1,Driver,Male,XXX,Driver,Not Thrown Out,Treated at Hospital,Fitted - Worn,Motor Cars - Sedan,Full,Straight Ahead,1.0,2 Metropolitan,3,1,Friday,11:40 am,80,Not Divided,Straight road,Level,Wet,Not Raining,Daylight,Hit Fixed Object,No Control
2017-7196-15/08/2019,1,1,Rider,Male,019,Rider of Motorcycle,Thrown Out,Treated at Hospital,,Motor Cycle,Provisional 2,Straight Ahead,1.0,2 Metropolitan,2,1,Monday,06:20 am,50,T-Junction,Straight road,Level,Wet,Raining,Night,Right Angle,No Control
2017-7198-15/08/2019,1,1,Pedestrian,Male,023,,,Admitted to Hospital,,Pedestrian on Road,,On Pedestrian Crossing,,2 Metropolitan,2,1,Friday,09:30 pm,60,Pedestrian Crossing,Straight road,Level,Dry,Not Raining,Night,Hit Pedestrian,Traffic Signals
2017-7201-15/08/2019,2,1,Driver,Male,048,Driver,Not Thrown Out,By Private,Fitted - Worn,Panel Van,Full,Right Turn,1.0,2 Metropolitan,2,1,Monday,11:08 am,60,T-Junction,Straight road,Level,Wet,Raining,Daylight,Right Turn,Traffic Signals
2017-7202-15/08/2019,1,1,Driver,Male,021,Driver,Not Thrown Out,Treated at Hospital,Fitted - Worn,Motor Cars - Sedan,Provisional 2,Straight Ahead,1.0,2 Metropolitan,2,1,Monday,07:00 am,60,Not Divided,Straight road,Level,Wet,Raining,Night,Rear End,No Control
2017-7212-15/08/2019,1,1,Rider,Male,022,Rider of Motorcycle,Thrown Out,Treated at Hospital,,Motor Cycle,Full,Straight Ahead,1.0,2 Metropolitan,1,1,Monday,04:40 pm,40,Not Divided,Straight road,Level,Wet,Raining,Daylight,Roll Over,No Control
2017-7216-15/08/2019,2,1,Driver,Female,068,Driver,Not Thrown Out,Treated at Hospital,Fitted - Worn,Motor Cars - Sedan,Full,Straight Ahead,2.0,2 Metropolitan,2,1,Friday,12:30 pm,70,Cross Road,Straight road,Level,Dry,Not Raining,Daylight,Rear End,Traffic Signals
2017-7218-15/08/2019,1,1,Driver,Female,XXX,Driver,Not Thrown Out,Treated at Hospital,Fitted - Worn,Motor Cars - Sedan,Provisional 1 ,Straight Ahead,1.0,3 Country,2,1,Monday,07:30 pm,100,Not Divided,"CURVED, VIEW OBSCURED",Slope,Wet,Raining,Night,Hit Fixed Object,No Control
2017-7219-15/08/2019,2,1,Driver,Male,057,Driver,Not Thrown Out,By Private,Fitted - Worn,Motor Cars - Sedan,Full,Stopped on Carriageway,1.0,2 Metropolitan,3,2,Monday,06:05 pm,50,T-Junction,Straight road,Level,Wet,Not Raining,Night,Rear End,Stop Sign
2017-7219-15/08/2019,3,1,Driver,Female,045,Driver,Not Thrown Out,By Private,Fitted - Worn,Station Wagon,Full,Stopped on Carriageway,1.0,2 Metropolitan,3,2,Monday,06:05 pm,50,T-Junction,Straight road,Level,Wet,Not Raining,Night,Rear End,Stop Sign
2017-7228-15/08/2019,2,1,Pedestrian,Female,013,,,Treated at Hospital,,Pedestrian on Road,,Crossing without Control,,2 Metropolitan,3,2,Tuesday,11:18 am,50,Not Divided,Straight road,Slope,Wet,Raining,Daylight,Hit Pedestrian,No Control
2017-7228-15/08/2019,3,1,Pedestrian,Female,005,,,Treated at Hospital,,Pedestrian on Road,,Crossing without Control,,2 Metropolitan,3,2,Tuesday,11:18 am,50,Not Divided,Straight road,Slope,Wet,Raining,Daylight,Hit Pedestrian,No Control
2017-7233-15/08/2019,1,1,Driver,Female,065,Driver,Not Thrown Out,Treated at Hospital,Fitted - Worn,Motor Cars - Sedan,Full,Stopped on Carriageway,1.0,2 Metropolitan,2,2,Tuesday,01:25 pm,110,Divided Road,Straight road,Level,Wet,Raining,Daylight,Rear End,No Control
2017-7233-15/08/2019,2,1,Passenger,Female,039,Rear Seat Right Passenger,Not Thrown Out,Treated at Hospital,Fitted - Worn,Station Wagon,Full,Straight Ahead,4.0,2 Metropolitan,2,2,Tuesday,01:25 pm,110,Divided Road,Straight road,Level,Wet,Raining,Daylight,Rear End,No Control
2017-7240-15/08/2019,1,1,Passenger,Female,072,Front Seat Left Passenger,Not Thrown Out,Treated at Hospital,Fitted - Worn,Motor Cars - Sedan,Full,Straight Ahead,2.0,2 Metropolitan,2,1,Tuesday,06:35 pm,60,T-Junction,Straight road,Level,Wet,Not Raining,Night,Right Turn,Traffic Signals
2017-7248-15/08/2019,1,1,Passenger,Female,019,Front Seat Left Passenger,Not Thrown Out,Treated at Hospital,Fitted - Worn,Motor Cars - Sedan,Unknown,Stopped on Carriageway,2.0,2 Metropolitan,2,1,Monday,11:00 am,60,Multiple,"CURVED, VIEW OPEN",Slope,Dry,Not Raining,Daylight,Rear End,Traffic Signals
2017-7251-15/08/2019,1,1,Driver,Male,023,Driver,Not Thrown Out,By Private,Fitted - Worn,Motor Cars - Sedan,Full,Stopped on Carriageway,1.0,2 Metropolitan,2,1,Tuesday,11:15 am,60,Cross Road,Straight road,Level,Wet,Raining,Daylight,Rear End,Roundabout
2017-7253-15/08/2019,1,1,Driver,Female,XXX,Driver,Not Thrown Out,By Private,Fitted - Worn,Motor Cars - Sedan,Full,Straight Ahead,1.0,2 Metropolitan,3,1,Wednesday,11:15 am,80,Divided Road,Straight road,Level,Dry,Not Raining,Daylight,Rear End,No Control
2017-7254-15/08/2019,1,1,Driver,Female,069,Driver,Not Thrown Out,Treated at Hospital,Fitted - Worn,Motor Cars - Sedan,Full,Straight Ahead,1.0,3 Country,2,1,Tuesday,10:53 am,60,Cross Road,Straight road,Level,Dry,Not Raining,Daylight,Right Angle,Give Way Sign
2017-7264-15/08/2019,1,1,Driver,Male,084,Driver,Not Thrown Out,Admitted to Hospital,Fitted - Worn,Motor Cars - Sedan,Full,Leaving Private Driveway,2.0,2 Metropolitan,2,2,Wednesday,04:15 pm,80,Divided Road,Straight road,Level,Dry,Not Raining,Daylight,Right Angle,No Control
2017-7264-15/08/2019,2,1,Driver,Female,020,Driver,Not Thrown Out,Treated at Hospital,Fitted - Worn,Station Wagon,Provisional 2,Straight Ahead,1.0,2 Metropolitan,2,2,Wednesday,04:15 pm,80,Divided Road,Straight road,Level,Dry,Not Raining,Daylight,Right Angle,No Control
2017-7267-15/08/2019,2,1,Driver,Female,033,Driver,Not Thrown Out,Treated at Hospital,Fitted - Worn,Motor Cars - Sedan,Full,Right Turn,1.0,2 Metropolitan,2,1,Wednesday,06:00 pm,60,Cross Road,Straight road,Level,Dry,Not Raining,Night,Right Turn,Traffic Signals
2017-7270-15/08/2019,2,1,Driver,Female,018,Driver,Not Thrown Out,Treated at Hospital,Fitted - Worn,Motor Cars - Sedan,Provisional 2,Straight Ahead,1.0,2 Metropolitan,2,1,Wednesday,06:10 pm,60,T-Junction,Straight road,Level,Dry,Not Raining,Night,Rear End,No Control
2017-7273-15/08/2019,1,1,Driver,Female,069,Driver,Not Thrown Out,Treated at Hospital,Fitted - Worn,Motor Cars - Sedan,Full,Straight Ahead,1.0,2 Metropolitan,2,1,Wednesday,04:25 pm,60,Cross Road,Straight road,Level,Dry,Not Raining,Daylight,Right Angle,Stop Sign
2017-7274-15/08/2019,1,1,Driver,Male,017,Driver,Not Thrown Out,Treated at Hospital,Fitted - Worn,Motor Cars - Sedan,Provisional 1 ,Straight Ahead,1.0,2 Metropolitan,3,1,Wednesday,08:22 pm,50,Not Divided,"CURVED, VIEW OPEN",Crest of Hill,Dry,Not Raining,Night,Hit Fixed Object,No Control
2017-7276-15/08/2019,1,1,Driver,Male,020,Driver,Not Thrown Out,Treated at Hospital,Fitted - Worn,Motor Cars - Sedan,Provisional 2,Straight Ahead,1.0,2 Metropolitan,2,1,Thursday,06:45 am,70,Cross Road,Straight road,Level,Dry,Not Raining,Night,Right Angle,Traffic Signals
2017-7278-15/08/2019,1,1,Driver,Male,023,Driver,Not Thrown Out,By Private,Fitted - Worn,Utility,Provisional 2,Straight Ahead,1.0,1 City,2,1,Thursday,07:05 am,50,Divided Road,Straight road,Level,Dry,Not Raining,Night,Rear End,No Control
2017-7279-15/08/2019,1,1,Driver,Male,081,Driver,Not Thrown Out,Treated at Hospital,Fitted - Worn,Motor Cars - Sedan,Full,Straight Ahead,2.0,2 Metropolitan,2,3,Thursday,09:50 am,60,Divided Road,Straight road,Slope,Dry,Not Raining,Daylight,Rear End,No Control
2017-7279-15/08/2019,1,2,Passenger,Female,042,Front Seat Left Passenger,Not Thrown Out,By Private,Fitted - Worn,Motor Cars - Sedan,Full,Straight Ahead,2.0,2 Metropolitan,2,3,Thursday,09:50 am,60,Divided Road,Straight road,Slope,Dry,Not Raining,Daylight,Rear End,No Control
2017-7279-15/08/2019,2,1,Driver,Male,066,Driver,Not Thrown Out,Treated at Hospital,Fitted - Worn,Station Wagon,Full,Stopped on Carriageway,2.0,2 Metropolitan,2,3,Thursday,09:50 am,60,Divided Road,Straight road,Slope,Dry,Not Raining,Daylight,Rear End,No Control
2017-7280-15/08/2019,2,1,Rider,Male,053,Rider of Motorcycle,Thrown Out,Admitted to Hospital,,Motor Cycle,Unknown,Straight Ahead,1.0,2 Metropolitan,2,1,Thursday,08:05 am,60,T-Junction,Straight road,Slope,Dry,Not Raining,Daylight,Rear End,No Control
2017-7285-15/08/2019,1,1,Passenger,Female,068,Front Seat Left Passenger,Not Thrown Out,Admitted to Hospital,Fitted - Worn,Motor Cars - Sedan,Full,Overtaking - on Right,2.0,3 Country,2,2,Thursday,10:50 am,110,Not Divided,Straight road,Level,Dry,Not Raining,Daylight,Side Swipe,No Control
2017-7285-15/08/2019,2,1,Driver,Male,044,Driver,Not Thrown Out,Treated at Hospital,Fitted - Worn,Utility,Full,Entering Private Driveway,1.0,3 Country,2,2,Thursday,10:50 am,110,Not Divided,Straight road,Level,Dry,Not Raining,Daylight,Side Swipe,No Control
2017-7289-15/08/2019,1,1,Driver,Female,017,Driver,Not Thrown Out,Treated at Hospital,Fitted - Worn,Motor Cars - Sedan,Provisional 1 ,Straight Ahead,1.0,2 Metropolitan,2,1,Thursday,02:18 pm,60,Cross Road,Straight road,Level,Dry,Not Raining,Daylight,Right Turn,Traffic Signals
2017-7293-15/08/2019,1,1,Passenger,Female,028,Front Seat Left Passenger,Not Thrown Out,Treated at Hospital,Fitted - Worn,Motor Cars - Sedan,Full,Straight Ahead,2.0,2 Metropolitan,2,1,Thursday,02:15 pm,60,Cross Road,Straight road,Level,Dry,Not Raining,Daylight,Right Turn,Stop Sign
2017-7295-15/08/2019,2,1,Rider,Male,061,Rider of Motorcycle,Thrown Out,Fatal,,Motor Cycle,Full,Straight Ahead,1.0,2 Metropolitan,2,1,Thursday,02:32 pm,80,Not Divided,Straight road,Slope,Dry,Not Raining,Daylight,Side Swipe,No Control
2017-7298-15/08/2019,2,1,Passenger,Female,027,Front Seat Left Passenger,Not Thrown Out,Treated at Hospital,Fitted - Worn,Motor Cars - Sedan,Provisional 2,Right Turn,2.0,2 Metropolitan,2,1,Thursday,06:10 pm,60,T-Junction,Straight road,Level,Dry,Not Raining,Night,Right Turn,No Control
2017-7300-15/08/2019,3,1,Driver,Male,027,Driver,Not Thrown Out,By Private,Fitted - Worn,Motor Cars - Sedan,Full,Stopped on Carriageway,1.0,2 Metropolitan,3,1,Thursday,05:30 pm,60,Divided Road,Straight road,Level,Dry,Not Raining,Night,Rear End,No Control
2017-7301-15/08/2019,2,1,Driver,Female,024,Driver,Not Thrown Out,Treated at Hospital,Fitted - Worn,Motor Cars - Sedan,Full,Straight Ahead,1.0,2 Metropolitan,2,1,Thursday,05:30 pm,60,Cross Road,Straight road,Bottom of Hill,Dry,Not Raining,Night,Rear End,Traffic Signals
2017-7311-15/08/2019,1,1,Driver,Male,032,Driver,Not Thrown Out,Treated at Hospital,Fitted - Worn,Taxi Cab,Full,Stopped on Carriageway,3.0,2 Metropolitan,2,1,Thursday,10:58 am,60,Divided Road,Straight road,Slope,Dry,Not Raining,Daylight,Rear End,No Control