REPORT_ID,UND_UNIT_NUMBER,CASUALTY_NUMBER,Casualty Type,Sex_x,AGE,Position In Veh,Thrown Out,Injury Extent,Seat Belt,Unit Type,Licence Type,Unit Movement,Number Occupants,Stats Area,Total Units,Total Cas,Day,Time,Area Speed,Position Type,Horizontal Align,Vertical Align,Moisture Cond,Weather Cond,DayNight,Crash Type,Traffic Ctrls
2017-7312-15/08/2019,2,1,Driver,Male,023,Driver,Not Thrown Out,Treated at Hospital,Fitted - Worn,Utility,Full,Stopped on Carriageway,1.0,2 Metropolitan,2,1,Friday,08:50 am,60,T-Junction,Straight road,Slope,Dry,Not Raining,Daylight,Rear End,No Control
2017-7314-15/08/2019,1,1,Pedestrian,Female,081,,,Admitted to Hospital,,Pedestrian on Road,,Crossing without Control,,3 Country,2,1,Tuesday,10:58 am,50,Not Divided,Straight road,Level,Wet,Not Raining,Daylight,Hit Pedestrian,No Control
2017-7316-15/08/2019,1,1,Driver,Male,032,Driver,Not Thrown Out,By Private,Fitted - Worn,Utility,Full,Stopped on Carriageway,1.0,2 Metropolitan,2,1,Thursday,08:50 pm,60,T-Junction,Straight road,Level,Dry,Not Raining,Night,Rear End,No Control
2017-7317-15/08/2019,1,1,Rider,Male,044,Rider of Motorcycle,Thrown Out,Admitted to Hospital,,Motor Cycle,Full,Straight Ahead,1.0,2 Metropolitan,2,1,Friday,07:35 am,60,Divided Road,Straight road,Level,Dry,Not Raining,Daylight,Rear End,No Control
2017-7322-15/08/2019,1,1,Rider,Male,072,Rider of Motorcycle,Thrown Out,Admitted to Hospital,,Motor Cycle,Full,Straight Ahead,1.0,3 Country,2,1,Friday,11:14 am,80,Not Divided,Straight road,Level,Dry,Not Raining,Daylight,Hit Fixed Object,No Control
2017-7323-15/08/2019,2,1,Driver,Female,073,Driver,Not Thrown Out,Treated at Hospital,Fitted - Worn,Station Wagon,Full,Right Turn,1.0,2 Metropolitan,2,1,Friday,12:28 pm,110,T-Junction,Straight road,Level,Dry,Not Raining,Daylight,Right Angle,Give Way Sign
2017-7324-15/08/2019,1,1,Passenger,Female,036,Front Seat Left Passenger,Not Thrown Out,Treated at Hospital,Fitted - Worn,Forward Control Passenger Van,Full,Straight Ahead,7.0,2 Metropolitan,2,2,Friday,02:00 pm,80,Divided Road,Straight road,Level,Dry,Not Raining,Daylight,Rear End,No Control
2017-7324-15/08/2019,2,1,Driver,Female,053,Driver,Not Thrown Out,Treated at Hospital,Fitted - Worn,Motor Cars - Sedan,Full,Straight Ahead,1.0,2 Metropolitan,2,2,Friday,02:00 pm,80,Divided Road,Straight road,Level,Dry,Not Raining,Daylight,Rear End,No Control
2017-7325-15/08/2019,1,1,Driver,Female,052,Driver,Not Thrown Out,Treated at Hospital,Fitted - Worn,Motor Cars - Sedan,Full,Right Turn,1.0,2 Metropolitan,2,1,Friday,12:30 pm,60,T-Junction,Straight road,Level,Dry,Not Raining,Daylight,Right Angle,No Control
2017-7327-15/08/2019,1,1,Driver,Male,021,Driver,Not Thrown Out,Treated at Hospital,Fitted - Worn,Station Wagon,Unknown,Straight Ahead,1.0,3 Country,2,1,Friday,05:30 am,110,Not Divided,"CURVED, VIEW OBSCURED",Level,Dry,Not Raining,Night,Roll Over,No Control
2017-7328-15/08/2019,1,1,Driver,Male,055,Driver,Not Thrown Out,Treated at Hospital,Fitted - Unknown if Worn,RIGID TRUCK LGE GE 4.5T,Full,Left Turn,1.0,2 Metropolitan,1,1,Friday,02:45 pm,100,Ramp Off,Straight road,Slope,Dry,Not Raining,Daylight,Roll Over,No Control
2017-7329-15/08/2019,2,1,Rider,Female,050,,Thrown Out,By Private,,Pedal Cycle,,Straight Ahead,1.0,2 Metropolitan,2,1,Thursday,01:30 pm,50,Cross Road,Straight road,Slope,Dry,Not Raining,Daylight,Right Angle,Give Way Sign
2017-7330-15/08/2019,1,1,Passenger,Female,XXX,Front Seat Left Passenger,Not Thrown Out,Treated at Hospital,Fitted - Worn,Motor Cars - Sedan,Full,Straight Ahead,2.0,2 Metropolitan,2,1,Friday,04:27 pm,60,T-Junction,Straight road,Level,Dry,Not Raining,Daylight,Rear End,No Control
2017-7331-15/08/2019,1,1,Driver,Male,060,Driver,Not Thrown Out,Treated at Hospital,Fitted - Worn,Motor Cars - Sedan,Full,Straight Ahead,1.0,2 Metropolitan,2,1,Friday,03:45 pm,80,Cross Road,Straight road,Level,Dry,Not Raining,Daylight,Right Angle,Give Way Sign
2017-7332-15/08/2019,1,1,Driver,Male,042,Driver,Not Thrown Out,Treated at Hospital,Fitted - Worn,Motor Cars - Sedan,Full,Stopped on Carriageway,1.0,2 Metropolitan,2,2,Friday,04:36 pm,90,Divided Road,Straight road,Level,Dry,Not Raining,Daylight,Rear End,No Control
2017-7332-15/08/2019,2,1,Driver,Female,XXX,Driver,Not Thrown Out,Treated at Hospital,Fitted - Worn,Motor Cars - Sedan,Full,Straight Ahead,1.0,2 Metropolitan,2,2,Friday,04:36 pm,90,Divided Road,Straight road,Level,Dry,Not Raining,Daylight,Rear End,No Control
2017-7333-15/08/2019,2,1,Pedestrian,Male,069,,,Treated at Hospital,,Pedestrian on Road,,Crossing with Traffic Signals,,2 Metropolitan,2,1,Friday,04:35 pm,60,Cross Road,Straight road,Level,Dry,Not Raining,Daylight,Hit Pedestrian,Traffic Signals
2017-7339-15/08/2019,2,1,Driver,Female,036,Driver,Not Thrown Out,Treated at Hospital,Fitted - Worn,Motor Cars - Sedan,Full,Stopped on Carriageway,2.0,2 Metropolitan,5,4,Friday,06:42 pm,80,Divided Road,Straight road,Level,Dry,Not Raining,Night,Rear End,No Control
2017-7339-15/08/2019,2,2,Passenger,Male,008,Front Seat Left Passenger,Not Thrown Out,Treated at Hospital,Child Restraint - Worn,Motor Cars - Sedan,Full,Stopped on Carriageway,2.0,2 Metropolitan,5,4,Friday,06:42 pm,80,Divided Road,Straight road,Level,Dry,Not Raining,Night,Rear End,No Control
2017-7339-15/08/2019,3,1,Driver,Male,079,Driver,Not Thrown Out,Treated at Hospital,Fitted - Worn,Motor Cars - Sedan,Full,Stopped on Carriageway,2.0,2 Metropolitan,5,4,Friday,06:42 pm,80,Divided Road,Straight road,Level,Dry,Not Raining,Night,Rear End,No Control
2017-7339-15/08/2019,3,2,Passenger,Female,076,Front Seat Left Passenger,Not Thrown Out,Treated at Hospital,Fitted - Worn,Motor Cars - Sedan,Full,Stopped on Carriageway,2.0,2 Metropolitan,5,4,Friday,06:42 pm,80,Divided Road,Straight road,Level,Dry,Not Raining,Night,Rear End,No Control
2017-7346-15/08/2019,1,1,Passenger,Male,027,Front Seat Left Passenger,Not Thrown Out,By Private,Fitted - Worn,Station Wagon,Full,U Turn,2.0,2 Metropolitan,2,2,Friday,05:50 pm,60,T-Junction,Straight road,Level,Dry,Not Raining,Night,Right Turn,Give Way Sign
2017-7346-15/08/2019,2,1,Rider,Male,031,Rider of Motorcycle,Thrown Out,Treated at Hospital,,Motor Cycle,Full,Straight Ahead,1.0,2 Metropolitan,2,2,Friday,05:50 pm,60,T-Junction,Straight road,Level,Dry,Not Raining,Night,Right Turn,Give Way Sign
2017-7347-15/08/2019,1,1,Driver,Male,086,Driver,Not Thrown Out,Treated at Hospital,Fitted - Worn,Motor Cars - Sedan,Full,Straight Ahead,1.0,2 Metropolitan,2,1,Friday,06:42 pm,50,Not Divided,Straight road,Level,Dry,Not Raining,Night,Hit Parked Vehicle,No Control
2017-7349-15/08/2019,1,1,Driver,Male,032,Driver,Not Thrown Out,Treated at Hospital,Fitted - Worn,Motor Cars - Sedan,Probationary,Stopped on Carriageway,3.0,1 City,2,1,Friday,06:40 pm,50,Cross Road,Straight road,Level,Dry,Not Raining,Night,Rear End,Give Way Sign
2017-7357-15/08/2019,1,1,Rider,Male,038,Rider of Motorcycle,Thrown Out,Treated at Hospital,,Motor Cycle,Full,Straight Ahead,1.0,3 Country,1,1,Friday,02:35 pm,100,Not Divided,"CURVED, VIEW OPEN",Level,Dry,Not Raining,Daylight,Roll Over,No Control
2017-7362-15/08/2019,1,1,Rider,Male,056,Rider of Motorcycle,Thrown Out,Treated at Hospital,,Motor Cycle,Full,Straight Ahead,1.0,2 Metropolitan,2,1,Saturday,01:55 pm,110,Ramp Off,"CURVED, VIEW OPEN",Slope,Dry,Not Raining,Daylight,Hit Fixed Object,No Control
2017-7363-15/08/2019,1,1,Rider,Male,015,,Thrown Out,By Private,,Pedal Cycle,,Straight Ahead,1.0,2 Metropolitan,2,1,Friday,05:00 pm,60,T-Junction,Straight road,Level,Dry,Not Raining,Daylight,Side Swipe,No Control
2017-7364-15/08/2019,2,1,Rider,Male,047,Rider of Motorcycle,Thrown Out,By Private,,Motor Cycle,Full,Straight Ahead,1.0,2 Metropolitan,2,1,Friday,06:34 pm,50,T-Junction,Straight road,Level,Dry,Not Raining,Night,Right Turn,No Control
2017-7371-15/08/2019,2,1,Passenger,Female,043,Front Seat Left Passenger,Not Thrown Out,By Private,Fitted - Worn,Motor Cars - Sedan,Learners,Straight Ahead,2.0,2 Metropolitan,3,2,Saturday,04:40 pm,60,Not Divided,Straight road,Level,Dry,Not Raining,Daylight,Rear End,No Control
2017-7371-15/08/2019,3,1,Passenger,Male,073,Rear Seat Left Passenger,Not Thrown Out,By Private,Fitted - Worn,Motor Cars - Sedan,Full,Straight Ahead,3.0,2 Metropolitan,3,2,Saturday,04:40 pm,60,Not Divided,Straight road,Level,Dry,Not Raining,Daylight,Rear End,No Control
2017-7373-15/08/2019,1,1,Driver,Male,047,Driver,Not Thrown Out,Treated at Hospital,Fitted - Worn,Station Wagon,Full,Straight Ahead,1.0,2 Metropolitan,2,1,Saturday,01:30 pm,90,Freeway,Straight road,Level,Dry,Not Raining,Daylight,Hit Fixed Object,No Control
2017-7374-15/08/2019,1,1,Driver,Male,025,Driver,Not Thrown Out,By Private,Fitted - Worn,Utility,Full,Straight Ahead,2.0,2 Metropolitan,2,1,Friday,09:30 pm,50,T-Junction,Straight road,Level,Dry,Not Raining,Night,Right Turn,No Control
2017-7375-15/08/2019,2,1,Driver,Female,020,Driver,Not Thrown Out,Treated at Hospital,Fitted - Worn,Motor Cars - Sedan,Full,Straight Ahead,1.0,2 Metropolitan,2,1,Saturday,06:35 pm,80,Divided Road,Straight road,Level,Dry,Not Raining,Night,Rear End,No Control
2017-7378-15/08/2019,1,1,Driver,Female,060,Driver,Not Thrown Out,Treated at Hospital,Fitted - Worn,Motor Cars - Sedan,Full,Stopped on Carriageway,1.0,2 Metropolitan,2,2,Saturday,07:04 pm,60,T-Junction,Straight road,Level,Dry,Not Raining,Night,Rear End,No Control
2017-7378-15/08/2019,2,1,Driver,Female,018,Driver,Not Thrown Out,Treated at Hospital,Fitted - Worn,Motor Cars - Sedan,Probationary,Straight Ahead,1.0,2 Metropolitan,2,2,Saturday,07:04 pm,60,T-Junction,Straight road,Level,Dry,Not Raining,Night,Rear End,No Control
2017-7379-15/08/2019,1,1,Driver,Female,054,Driver,Not Thrown Out,Treated at Hospital,Fitted - Worn,Motor Cars - Sedan,Full,Straight Ahead,1.0,2 Metropolitan,2,1,Friday,04:15 pm,100,Freeway,Straight road,Bottom of Hill,Dry,Not Raining,Daylight,Rear End,No Control
2017-7380-15/08/2019,1,1,Driver,Female,061,Driver,Not Thrown Out,By Private,Fitted - Worn,Motor Cars - Sedan,Full,Stopped on Carriageway,1.0,2 Metropolitan,2,1,Saturday,03:15 pm,60,Cross Road,Straight road,Level,Dry,Not Raining,Daylight,Rear End,Roundabout
2017-7382-15/08/2019,1,1,Driver,Male,022,Driver,Not Thrown Out,Treated at Hospital,Fitted - Worn,Motor Cars - Sedan,Full,Straight Ahead,1.0,2 Metropolitan,2,1,Saturday,11:40 pm,50,Not Divided,Straight road,Level,Dry,Not Raining,Night,Hit Parked Vehicle,No Control
2017-7387-15/08/2019,2,1,Rider,Male,047,,Thrown Out,Treated at Hospital,,Pedal Cycle,,Straight Ahead,1.0,2 Metropolitan,2,1,Sunday,09:30 am,50,Cross Road,Straight road,Level,Dry,Not Raining,Daylight,Right Angle,Stop Sign
2017-7389-15/08/2019,1,1,Passenger,Female,026,Front Seat Left Passenger,Not Thrown Out,Treated at Hospital,Fitted - Worn,Motor Cars - Sedan,Full,Other,2.0,2 Metropolitan,2,2,Saturday,12:35 pm,60,Cross Road,Straight road,Level,Dry,Not Raining,Daylight,Right Turn,Stop Sign
2017-7389-15/08/2019,2,1,Driver,Female,051,Driver,Not Thrown Out,Treated at Hospital,Fitted - Worn,Motor Cars - Sedan,Full,Right Turn,1.0,2 Metropolitan,2,2,Saturday,12:35 pm,60,Cross Road,Straight road,Level,Dry,Not Raining,Daylight,Right Turn,Stop Sign
2017-7391-15/08/2019,1,1,Driver,Female,085,Driver,Not Thrown Out,Treated at Hospital,Fitted - Worn,Station Wagon,Full,Straight Ahead,1.0,3 Country,2,1,Sunday,01:55 pm,50,Not Divided,Straight road,Level,Dry,Not Raining,Daylight,Hit Parked Vehicle,No Control
2017-7392-15/08/2019,1,1,Rider,Male,022,Rider of Motorcycle,Thrown Out,Treated at Hospital,,Motor Cycle,Unknown,Straight Ahead,1.0,2 Metropolitan,1,1,Saturday,07:40 pm,60,Divided Road,Straight road,Level,Dry,Not Raining,Night,Roll Over,No Control
2017-7394-15/08/2019,1,1,Passenger,Male,052,Front Seat Left Passenger,Not Thrown Out,Treated at Hospital,Fitted - Worn,Utility,Full,Straight Ahead,4.0,2 Metropolitan,2,4,Friday,08:00 pm,110,Freeway,Straight road,Crest of Hill,Dry,Not Raining,Night,Rear End,No Control
2017-7394-15/08/2019,1,2,Passenger,Female,010,Rear Seat Left Passenger,Not Thrown Out,Treated at Hospital,Fitted - Worn,Utility,Full,Straight Ahead,4.0,2 Metropolitan,2,4,Friday,08:00 pm,110,Freeway,Straight road,Crest of Hill,Dry,Not Raining,Night,Rear End,No Control
2017-7394-15/08/2019,1,3,Passenger,Male,012,Rear Seat Right Passenger,Not Thrown Out,Treated at Hospital,Fitted - Worn,Utility,Full,Straight Ahead,4.0,2 Metropolitan,2,4,Friday,08:00 pm,110,Freeway,Straight road,Crest of Hill,Dry,Not Raining,Night,Rear End,No Control
2017-7394-15/08/2019,2,1,Driver,Female,018,Driver,Not Thrown Out,Treated at Hospital,Fitted - Worn,Utility,Provisional 2,Straight Ahead,2.0,2 Metropolitan,2,4,Friday,08:00 pm,110,Freeway,Straight road,Crest of Hill,Dry,Not Raining,Night,Rear End,No Control
2017-7395-15/08/2019,1,1,Rider,Male,053,,Thrown Out,Treated at Hospital,,Pedal Cycle,,Straight Ahead,1.0,2 Metropolitan,2,1,Saturday,05:20 pm,60,T-Junction,Straight road,Level,Dry,Not Raining,Daylight,Right Turn,No Control
2017-7398-15/08/2019,1,1,Driver,Male,015,Driver,Not Thrown Out,Admitted to Hospital,Fitted - Unknown if Worn,Station Wagon,Unlicenced,Straight Ahead,1.0,2 Metropolitan,2,1,Sunday,06:20 pm,50,T-Junction,Straight road,Level,Dry,Not Raining,Night,Hit Fixed Object,No Control
2017-7405-15/08/2019,1,1,Driver,Male,024,Driver,Not Thrown Out,Treated at Hospital,Fitted - Worn,Motor Cars - Sedan,Full,Straight Ahead,1.0,2 Metropolitan,2,1,Monday,08:40 am,60,Divided Road,Straight road,Level,Dry,Not Raining,Daylight,Hit Fixed Object,No Control
2017-7407-15/08/2019,1,1,Rider,Male,020,Rider of Motorcycle,Thrown Out,Admitted to Hospital,,Motor Cycle,Unlicenced,Straight Ahead,1.0,3 Country,1,1,Sunday,03:25 pm,50,Not Divided,Straight road,Level,Dry,Not Raining,Daylight,Roll Over,No Control
2017-7410-15/08/2019,3,1,Driver,Male,050,Driver,Not Thrown Out,By Private,Fitted - Worn,Utility,Probationary,Stopped on Carriageway,2.0,2 Metropolitan,3,2,Sunday,01:30 pm,60,Cross Road,Straight road,Level,Wet,Raining,Daylight,Rear End,Traffic Signals
2017-7410-15/08/2019,3,2,Passenger,Female,025,Front Seat Left Passenger,Not Thrown Out,Admitted to Hospital,Fitted - Worn,Utility,Probationary,Stopped on Carriageway,2.0,2 Metropolitan,3,2,Sunday,01:30 pm,60,Cross Road,Straight road,Level,Wet,Raining,Daylight,Rear End,Traffic Signals
2017-7412-15/08/2019,2,1,Pedestrian,Female,062,,,Treated at Hospital,,Pedestrian on Footpath/Carpark,,Walking on Footpath,,1 City,2,1,Monday,08:35 am,50,Not Divided,Straight road,Level,Dry,Not Raining,Daylight,Hit Pedestrian,No Control
2017-7413-15/08/2019,1,1,Driver,Female,081,Driver,Not Thrown Out,Treated at Hospital,Fitted - Worn,Motor Cars - Sedan,Full,Left Turn,1.0,3 Country,2,1,Monday,09:15 am,60,T-Junction,Straight road,Level,Dry,Not Raining,Daylight,Right Angle,Give Way Sign
2017-7415-15/08/2019,1,1,Driver,Female,056,Driver,Not Thrown Out,By Private,Fitted - Worn,Motor Cars - Sedan,Unknown,Stopped on Carriageway,2.0,2 Metropolitan,2,1,Sunday,03:30 pm,60,Cross Road,Straight road,Level,Dry,Not Raining,Daylight,Rear End,Traffic Signals
2017-7416-15/08/2019,1,1,Passenger,Male,031,Front Seat Left Passenger,Not Thrown Out,Treated at Hospital,Fitted - Worn,Station Wagon,Full,Stopped on Carriageway,3.0,2 Metropolitan,2,1,Monday,11:55 am,60,Multiple,Straight road,Level,Dry,Not Raining,Daylight,Side Swipe,Traffic Signals
2017-7418-15/08/2019,1,1,Driver,Male,082,Driver,Not Thrown Out,Fatal,Fitted - Worn,Motor Cars - Sedan,Full,Straight Ahead,1.0,3 Country,2,6,Monday,12:08 pm,110,Cross Road,Straight road,Level,Dry,Not Raining,Daylight,Right Angle,Give Way Sign
2017-7418-15/08/2019,2,1,Driver,Female,039,Driver,Not Thrown Out,Treated at Hospital,Fitted - Worn,Forward Control Passenger Van,Full,Straight Ahead,6.0,3 Country,2,6,Monday,12:08 pm,110,Cross Road,Straight road,Level,Dry,Not Raining,Daylight,Right Angle,Give Way Sign
2017-7418-15/08/2019,2,2,Passenger,Female,006,Rear Seat Middle Passenger,Not Thrown Out,Admitted to Hospital,Fitted - Worn,Forward Control Passenger Van,Full,Straight Ahead,6.0,3 Country,2,6,Monday,12:08 pm,110,Cross Road,Straight road,Level,Dry,Not Raining,Daylight,Right Angle,Give Way Sign
2017-7418-15/08/2019,2,3,Passenger,Male,072,Front Seat Left Passenger,Not Thrown Out,Admitted to Hospital,Fitted - Worn,Forward Control Passenger Van,Full,Straight Ahead,6.0,3 Country,2,6,Monday,12:08 pm,110,Cross Road,Straight road,Level,Dry,Not Raining,Daylight,Right Angle,Give Way Sign
2017-7418-15/08/2019,2,4,Passenger,Female,009,Rear Seat Left Passenger,Not Thrown Out,Admitted to Hospital,Fitted - Worn,Forward Control Passenger Van,Full,Straight Ahead,6.0,3 Country,2,6,Monday,12:08 pm,110,Cross Road,Straight road,Level,Dry,Not Raining,Daylight,Right Angle,Give Way Sign
2017-7418-15/08/2019,2,5,Passenger,Female,064,Rear Seat Right Passenger,Not Thrown Out,Admitted to Hospital,Fitted - Worn,Forward Control Passenger Van,Full,Straight Ahead,6.0,3 Country,2,6,Monday,12:08 pm,110,Cross Road,Straight road,Level,Dry,Not Raining,Daylight,Right Angle,Give Way Sign
2017-7423-15/08/2019,1,1,Driver,Female,069,Driver,Not Thrown Out,Admitted to Hospital,Fitted - Worn,Motor Cars - Sedan,Unknown,Right Turn,1.0,2 Metropolitan,3,1,Monday,03:10 pm,60,Cross Road,Straight road,Level,Dry,Not Raining,Daylight,Hit Fixed Object,Roundabout
2017-7425-15/08/2019,1,1,Driver,Male,068,Driver,Not Thrown Out,Treated at Hospital,Fitted - Worn,Motor Cars - Sedan,Full,Left Turn,1.0,2 Metropolitan,2,1,Monday,05:05 pm,70,T-Junction,Straight road,Level,Dry,Not Raining,Daylight,Right Angle,Give Way Sign
2017-7428-15/08/2019,1,1,Driver,Male,050,Driver,Not Thrown Out,Treated at Hospital,Fitted - Worn,Motor Cars - Sedan,Full,Straight Ahead,1.0,2 Metropolitan,2,1,Monday,04:40 pm,60,Not Divided,Straight road,Level,Dry,Not Raining,Daylight,Rear End,No Control
2017-7431-15/08/2019,1,1,Driver,Male,021,Driver,Not Thrown Out,By Private,Fitted - Unknown if Worn,Utility,Full,Straight Ahead,1.0,2 Metropolitan,2,1,Monday,04:45 pm,60,T-Junction,Straight road,Slope,Dry,Not Raining,Daylight,Right Angle,Give Way Sign
2017-7434-15/08/2019,1,1,Driver,Female,029,Driver,Not Thrown Out,Treated at Hospital,Fitted - Worn,Motor Cars - Sedan,Full,Straight Ahead,1.0,2 Metropolitan,2,1,Monday,04:05 pm,50,Not Divided,Straight road,Crest of Hill,Dry,Not Raining,Daylight,Right Angle,No Control
2017-7447-15/08/2019,2,1,Rider,Male,012,,Thrown Out,Treated at Hospital,,Pedal Cycle,,Straight Ahead,1.0,2 Metropolitan,2,1,Tuesday,08:30 am,60,Divided Road,Straight road,Level,Dry,Not Raining,Daylight,Right Angle,No Control
2017-7451-15/08/2019,1,1,Passenger,Male,008,Rear Seat Left Passenger,Not Thrown Out,Treated at Hospital,Fitted - Worn,Station Wagon,Full,Straight Ahead,7.0,2 Metropolitan,4,4,Tuesday,08:45 am,60,Cross Road,Straight road,Level,Dry,Not Raining,Daylight,Rear End,Traffic Signals
2017-7451-15/08/2019,1,2,Passenger,Male,006,Rear Seat Middle Passenger,Not Thrown Out,Treated at Hospital,Fitted - Worn,Station Wagon,Full,Straight Ahead,7.0,2 Metropolitan,4,4,Tuesday,08:45 am,60,Cross Road,Straight road,Level,Dry,Not Raining,Daylight,Rear End,Traffic Signals
2017-7451-15/08/2019,1,3,Passenger,Female,011,Rear Seat Right Passenger,Not Thrown Out,Treated at Hospital,Fitted - Worn,Station Wagon,Full,Straight Ahead,7.0,2 Metropolitan,4,4,Tuesday,08:45 am,60,Cross Road,Straight road,Level,Dry,Not Raining,Daylight,Rear End,Traffic Signals
2017-7451-15/08/2019,2,1,Driver,Female,038,Driver,Not Thrown Out,Treated at Hospital,Fitted - Worn,Motor Cars - Sedan,Full,Stopped on Carriageway,1.0,2 Metropolitan,4,4,Tuesday,08:45 am,60,Cross Road,Straight road,Level,Dry,Not Raining,Daylight,Rear End,Traffic Signals
2017-7454-15/08/2019,1,1,Driver,Female,021,Driver,Not Thrown Out,Treated at Hospital,Fitted - Worn,Motor Cars - Sedan,Full,Right Turn,1.0,2 Metropolitan,2,2,Tuesday,08:30 am,60,Cross Road,Straight road,Level,Dry,Not Raining,Daylight,Right Turn,Traffic Signals
2017-7454-15/08/2019,2,1,Driver,Male,040,Driver,Not Thrown Out,Treated at Hospital,Fitted - Worn,Station Wagon,Full,Straight Ahead,1.0,2 Metropolitan,2,2,Tuesday,08:30 am,60,Cross Road,Straight road,Level,Dry,Not Raining,Daylight,Right Turn,Traffic Signals
2017-7456-15/08/2019,1,1,Rider,Male,021,,Thrown Out,By Private,,Pedal Cycle,,Straight Ahead,1.0,2 Metropolitan,2,1,Tuesday,07:50 am,50,Cross Road,Straight road,Level,Dry,Not Raining,Daylight,Right Angle,Roundabout
2017-7457-15/08/2019,1,1,Driver,Female,069,Driver,Not Thrown Out,Admitted to Hospital,Fitted - Worn,Motor Cars - Sedan,Full,Straight Ahead,1.0,3 Country,3,2,Tuesday,08:45 am,80,Cross Road,Straight road,Slope,Dry,Not Raining,Daylight,Right Angle,Give Way Sign
2017-7457-15/08/2019,2,1,Driver,Female,052,Driver,Not Thrown Out,Admitted to Hospital,Fitted - Worn,Station Wagon,Full,Straight Ahead,1.0,3 Country,3,2,Tuesday,08:45 am,80,Cross Road,Straight road,Slope,Dry,Not Raining,Daylight,Right Angle,Give Way Sign
2017-7458-15/08/2019,2,1,Driver,Female,048,Driver,Not Thrown Out,Treated at Hospital,Fitted - Worn,Motor Cars - Sedan,Unknown,Straight Ahead,1.0,2 Metropolitan,2,1,Friday,12:47 pm,60,Cross Road,Straight road,Slope,Dry,Not Raining,Daylight,Right Angle,Roundabout
2017-7467-15/08/2019,1,1,Driver,Female,042,Driver,Not Thrown Out,By Private,Fitted - Worn,Motor Cars - Sedan,Full,Stopped on Carriageway,1.0,2 Metropolitan,3,1,Wednesday,08:15 am,60,Divided Road,Straight road,Level,Dry,Not Raining,Daylight,Rear End,No Control
2017-7471-15/08/2019,1,1,Rider,Male,016,Rider of Motorcycle,Thrown Out,Treated at Hospital,,Motor Cycle,Learners,Straight Ahead,1.0,3 Country,1,1,Tuesday,05:05 pm,60,Cross Road,Straight road,Level,Dry,Not Raining,Daylight,Left Road - Out of Control,Roundabout
2017-7476-15/08/2019,1,1,Driver,Female,052,Driver,Not Thrown Out,By Private,Fitted - Worn,Station Wagon,Full,Stopped on Carriageway,1.0,2 Metropolitan,2,1,Tuesday,06:50 pm,60,Cross Road,Straight road,Level,Dry,Not Raining,Night,Rear End,Stop Sign
2017-7478-15/08/2019,2,1,Pedestrian,Male,065,,,Treated at Hospital,,Pedestrian on Road,,Crossing without Control,,1 City,2,1,Tuesday,08:15 pm,50,Cross Road,Straight road,Level,Wet,Raining,Night,Hit Pedestrian,Give Way Sign
2017-7481-15/08/2019,1,1,Driver,Male,028,Driver,Not Thrown Out,Treated at Hospital,Fitted - Worn,Motor Cars - Sedan,Full,Right Turn,1.0,2 Metropolitan,2,1,Wednesday,01:55 am,60,Cross Road,Straight road,Level,Wet,Not Raining,Night,Hit Fixed Object,Give Way Sign
2017-7482-15/08/2019,1,1,Driver,Male,028,Driver,Not Thrown Out,By Private,Fitted - Worn,Utility,Full,Straight Ahead,1.0,2 Metropolitan,2,1,Wednesday,07:25 am,60,T-Junction,Straight road,Level,Wet,Not Raining,Daylight,Rear End,No Control
2017-7486-15/08/2019,1,1,Rider,Male,035,Rider of Motorcycle,Thrown Out,Treated at Hospital,,Motor Cycle,Full,Straight Ahead,1.0,1 City,2,1,Tuesday,04:15 pm,50,Divided Road,Straight road,Level,Dry,Not Raining,Daylight,Side Swipe,No Control
2017-7489-15/08/2019,1,1,Rider,Male,061,Rider of Motorcycle,Thrown Out,By Private,,Motor Cycle,Full,Straight Ahead,1.0,2 Metropolitan,2,1,Monday,10:05 am,60,T-Junction,Straight road,Level,Dry,Not Raining,Daylight,Right Angle,No Control
2017-7490-15/08/2019,1,1,Driver,Female,044,Driver,Not Thrown Out,By Private,Fitted - Worn,Station Wagon,Full,Right Turn,3.0,2 Metropolitan,2,1,Tuesday,06:14 pm,60,Cross Road,Straight road,Level,Wet,Raining,Night,Rear End,Traffic Signals
2017-7491-15/08/2019,1,1,Driver,Female,052,Driver,Not Thrown Out,By Private,Fitted - Worn,Motor Cars - Sedan,Full,Stopped on Carriageway,1.0,2 Metropolitan,2,1,Monday,01:00 pm,60,Cross Road,Straight road,Level,Dry,Not Raining,Daylight,Rear End,No Control
2017-7492-15/08/2019,1,1,Passenger,Female,021,Front Seat Left Passenger,Not Thrown Out,Treated at Hospital,Fitted - Worn,Motor Cars - Sedan,Full,Straight Ahead,3.0,1 City,2,1,Tuesday,12:15 pm,60,Not Divided,Straight road,Level,Dry,Not Raining,Daylight,Right Angle,No Control
2017-7494-15/08/2019,2,1,Pedestrian,Male,055,,,Treated at Hospital,,Pedestrian on Road,,Crossing with Traffic Signals,,2 Metropolitan,2,1,Wednesday,10:55 am,50,Cross Road,Straight road,Level,Dry,Not Raining,Daylight,Hit Pedestrian,Traffic Signals