REPORT_ID,UND_UNIT_NUMBER,CASUALTY_NUMBER,Casualty Type,Sex_x,AGE,Position In Veh,Thrown Out,Injury Extent,Seat Belt,Unit Type,Licence Type,Unit Movement,Number Occupants,Stats Area,Total Units,Total Cas,Day,Time,Area Speed,Position Type,Horizontal Align,Vertical Align,Moisture Cond,Weather Cond,DayNight,Crash Type,Traffic Ctrls
2017-7957-15/08/2019,1,1,Driver,Female,053,Driver,Not Thrown Out,By Private,Fitted - Worn,Motor Cars - Sedan,Full,Straight Ahead,1.0,2 Metropolitan,3,3,Tuesday,08:50 am,60,Cross Road,Straight road,Level,Wet,Raining,Daylight,Right Angle,Traffic Signals
2017-7957-15/08/2019,2,1,Driver,Male,041,Driver,Not Thrown Out,Treated at Hospital,Fitted - Worn,Station Wagon,Full,Straight Ahead,2.0,2 Metropolitan,3,3,Tuesday,08:50 am,60,Cross Road,Straight road,Level,Wet,Raining,Daylight,Right Angle,Traffic Signals
2017-7957-15/08/2019,2,2,Passenger,Female,045,Front Seat Left Passenger,Not Thrown Out,Treated at Hospital,Fitted - Worn,Station Wagon,Full,Straight Ahead,2.0,2 Metropolitan,3,3,Tuesday,08:50 am,60,Cross Road,Straight road,Level,Wet,Raining,Daylight,Right Angle,Traffic Signals
2017-7959-15/08/2019,2,1,Pedestrian,Male,080,,,Treated at Hospital,,Pedestrian on Road,,Crossing without Control,,2 Metropolitan,2,1,Tuesday,11:15 am,60,Not Divided,Straight road,Level,Dry,Not Raining,Daylight,Hit Pedestrian,No Control
2017-7960-15/08/2019,2,1,Driver,Female,059,Driver,Not Thrown Out,By Private,Fitted - Worn,Station Wagon,Full,Stopped on Carriageway,1.0,2 Metropolitan,2,1,Tuesday,09:45 am,60,Divided Road,Straight road,Level,Dry,Not Raining,Daylight,Side Swipe,No Control
2017-7961-15/08/2019,1,1,Driver,Female,070,Driver,Not Thrown Out,Treated at Hospital,Fitted - Worn,Motor Cars - Sedan,Full,Straight Ahead,1.0,3 Country,2,1,Monday,03:00 pm,100,Not Divided,"CURVED, VIEW OBSCURED",Slope,Dry,Not Raining,Daylight,Hit Fixed Object,No Control
2017-7967-15/08/2019,1,1,Driver,Male,053,Driver,Not Thrown Out,By Private,Fitted - Worn,Panel Van,Full,Parked,1.0,2 Metropolitan,2,1,Tuesday,01:00 pm,50,Not Divided,Straight road,Level,Dry,Not Raining,Daylight,Hit Parked Vehicle,No Control
2017-7969-15/08/2019,2,1,Passenger,Female,064,Front Seat Left Passenger,Not Thrown Out,By Private,Fitted - Worn,Station Wagon,Full,Straight Ahead,2.0,2 Metropolitan,2,1,Tuesday,03:30 pm,100,Interchange,Straight road,Slope,Dry,Not Raining,Daylight,Rear End,No Control
2017-7970-15/08/2019,1,1,Driver,Female,032,Driver,Not Thrown Out,Admitted to Hospital,Fitted - Worn,Station Wagon,Full,Straight Ahead,3.0,2 Metropolitan,3,4,Tuesday,11:15 am,60,Cross Road,Straight road,Level,Dry,Not Raining,Daylight,Right Angle,Stop Sign
2017-7970-15/08/2019,1,2,Passenger,Male,001,Rear Seat Right Passenger,Not Thrown Out,Treated at Hospital,Child Restraint - Worn,Station Wagon,Full,Straight Ahead,3.0,2 Metropolitan,3,4,Tuesday,11:15 am,60,Cross Road,Straight road,Level,Dry,Not Raining,Daylight,Right Angle,Stop Sign
2017-7970-15/08/2019,1,3,Passenger,Female,056,Front Seat Left Passenger,Not Thrown Out,Admitted to Hospital,Fitted - Worn,Station Wagon,Full,Straight Ahead,3.0,2 Metropolitan,3,4,Tuesday,11:15 am,60,Cross Road,Straight road,Level,Dry,Not Raining,Daylight,Right Angle,Stop Sign
2017-7970-15/08/2019,2,1,Driver,Female,057,Driver,Not Thrown Out,Treated at Hospital,Fitted - Worn,Motor Cars - Sedan,Full,Straight Ahead,1.0,2 Metropolitan,3,4,Tuesday,11:15 am,60,Cross Road,Straight road,Level,Dry,Not Raining,Daylight,Right Angle,Stop Sign
2017-7972-15/08/2019,1,1,Driver,Male,038,Driver,Not Thrown Out,By Private,Fitted - Worn,Motor Cars - Sedan,Full,Stopped on Carriageway,1.0,2 Metropolitan,2,1,Tuesday,03:30 pm,60,Divided Road,Straight road,Level,Dry,Not Raining,Daylight,Rear End,No Control
2017-7973-15/08/2019,1,1,Rider,Male,037,,Thrown Out,By Private,,Pedal Cycle,,Straight Ahead,1.0,2 Metropolitan,2,1,Thursday,06:20 am,50,Cross Road,Straight road,Level,Dry,Not Raining,Night,Right Angle,Stop Sign
2017-7979-15/08/2019,1,1,Driver,Female,021,Driver,Not Thrown Out,Treated at Hospital,Fitted - Worn,Motor Cars - Sedan,Provisional 1 ,Straight Ahead,1.0,3 Country,1,1,Friday,10:15 am,100,Not Divided,"CURVED, VIEW OPEN",Level,Wet,Raining,Daylight,Left Road - Out of Control,No Control
2017-7984-15/08/2019,1,1,Driver,Male,022,Driver,Not Thrown Out,Treated at Hospital,Fitted - Worn,Motor Cars - Sedan,Provisional 1 ,Stopped on Carriageway,1.0,2 Metropolitan,2,1,Tuesday,02:50 pm,70,Not Divided,"CURVED, VIEW OPEN",Level,Dry,Not Raining,Daylight,Rear End,No Control
2017-7985-15/08/2019,2,1,Driver,Female,056,Driver,Not Thrown Out,Treated at Hospital,Fitted - Worn,Motor Cars - Sedan,Full,Straight Ahead,1.0,2 Metropolitan,2,1,Wednesday,05:30 am,80,Divided Road,Straight road,Level,Dry,Not Raining,Night,Side Swipe,No Control
2017-7986-15/08/2019,1,1,Driver,Male,038,Driver,Not Thrown Out,Treated at Hospital,Fitted - Worn,Motor Cars - Sedan,Full,Straight Ahead,1.0,2 Metropolitan,2,1,Wednesday,06:20 am,80,Divided Road,Straight road,Level,Dry,Not Raining,Night,Right Turn,No Control
2017-7987-15/08/2019,1,1,Rider,Male,060,,Thrown Out,Treated at Hospital,,Pedal Cycle,,Straight Ahead,1.0,2 Metropolitan,1,1,Wednesday,06:57 am,60,Divided Road,Straight road,Level,Dry,Not Raining,Night,Roll Over,No Control
2017-7991-15/08/2019,1,1,Rider,Male,054,Rider of Motorcycle,Thrown Out,Admitted to Hospital,,Motor Cycle,Full,Straight Ahead,1.0,3 Country,2,1,Tuesday,11:00 am,100,Not Divided,"CURVED, VIEW OBSCURED",Slope,Dry,Not Raining,Daylight,Hit Animal,No Control
2017-7998-15/08/2019,2,1,Driver,Male,091,Driver,Not Thrown Out,By Private,Fitted - Worn,Motor Cars - Sedan,Full,Straight Ahead,1.0,2 Metropolitan,2,1,Wednesday,10:30 am,50,Not Divided,Straight road,Level,Dry,Not Raining,Daylight,Hit Parked Vehicle,No Control
2017-8004-15/08/2019,1,1,Pedestrian,Male,029,,,By Private,,Pedestrian on Road,,Walking on Road,,2 Metropolitan,2,1,Wednesday,10:30 am,60,Not Divided,Straight road,Level,Dry,Not Raining,Daylight,Hit Pedestrian,No Control
2017-8005-15/08/2019,2,1,Rider,Female,058,,Thrown Out,Treated at Hospital,,Pedal Cycle,,Straight Ahead,1.0,2 Metropolitan,2,1,Wednesday,01:20 am,60,Divided Road,Straight road,Level,Dry,Not Raining,Night,Hit Parked Vehicle,No Control
2017-8006-15/08/2019,1,1,Passenger,Female,060,Front Seat Left Passenger,Not Thrown Out,By Private,Fitted - Worn,Taxi Cab,Full,Straight Ahead,2.0,3 Country,2,1,Thursday,11:30 am,50,Not Divided,"CURVED, VIEW OPEN",Level,Dry,Not Raining,Daylight,Hit Animal,No Control
2017-8007-15/08/2019,1,1,Driver,Male,022,Driver,Not Thrown Out,By Private,Fitted - Worn,Utility,Full,Straight Ahead,1.0,2 Metropolitan,2,1,Wednesday,03:02 pm,60,Multiple,Straight road,Level,Dry,Not Raining,Daylight,Right Turn,No Control
2017-8008-15/08/2019,1,1,Driver,Female,029,Driver,Not Thrown Out,By Private,Fitted - Worn,Motor Cars - Sedan,Full,Right Turn,1.0,3 Country,2,2,Wednesday,02:05 pm,50,T-Junction,"CURVED, VIEW OPEN",Slope,Dry,Not Raining,Daylight,Right Angle,Give Way Sign
2017-8008-15/08/2019,2,1,Driver,Male,082,Driver,Not Thrown Out,By Private,Fitted - Worn,Motor Cars - Sedan,Full,Right Turn,1.0,3 Country,2,2,Wednesday,02:05 pm,50,T-Junction,"CURVED, VIEW OPEN",Slope,Dry,Not Raining,Daylight,Right Angle,Give Way Sign
2017-8011-15/08/2019,1,1,Driver,Female,081,Driver,Not Thrown Out,Admitted to Hospital,Fitted - Worn,Motor Cars - Sedan,Full,Straight Ahead,1.0,2 Metropolitan,2,1,Wednesday,03:25 pm,60,Divided Road,Straight road,Level,Dry,Not Raining,Daylight,Hit Parked Vehicle,No Control
2017-8013-15/08/2019,1,1,Rider,Male,017,Rider of Motorcycle,Not Thrown Out,Treated at Hospital,,Motor Cycle,Learners,Straight Ahead,1.0,2 Metropolitan,2,1,Wednesday,02:55 pm,80,Not Divided,"CURVED, VIEW OPEN",Slope,Dry,Not Raining,Daylight,Hit Fixed Object,No Control
2017-8018-15/08/2019,1,1,Passenger,Female,XXX,Rear Seat Left Passenger,Not Thrown Out,Treated at Hospital,Child Restraint - Worn,Station Wagon,Full,Right Turn,2.0,2 Metropolitan,2,1,Wednesday,05:53 pm,60,T-Junction,Straight road,Level,Dry,Not Raining,Night,Right Turn,No Control
2017-8020-15/08/2019,1,1,Passenger,Female,005,Rear Seat Left Passenger,Not Thrown Out,Treated at Hospital,Fitted - Worn,Station Wagon,Full,Right Turn,3.0,2 Metropolitan,2,2,Wednesday,03:35 pm,60,T-Junction,Straight road,Level,Dry,Not Raining,Daylight,Right Angle,Give Way Sign
2017-8020-15/08/2019,2,1,Passenger,Female,045,Front Seat Left Passenger,Not Thrown Out,By Private,Fitted - Worn,Motor Cars - Sedan,Learners,Straight Ahead,3.0,2 Metropolitan,2,2,Wednesday,03:35 pm,60,T-Junction,Straight road,Level,Dry,Not Raining,Daylight,Right Angle,Give Way Sign
2017-8023-15/08/2019,1,1,Driver,Female,033,Driver,Not Thrown Out,Treated at Hospital,Fitted - Worn,Motor Cars - Sedan,Full,Right Turn,1.0,2 Metropolitan,2,1,Wednesday,09:30 pm,60,T-Junction,Straight road,Level,Dry,Not Raining,Night,Right Turn,Traffic Signals
2017-8028-15/08/2019,2,1,Driver,Female,063,Driver,Not Thrown Out,By Private,Fitted - Worn,Motor Cars - Sedan,Full,Stopped on Carriageway,1.0,2 Metropolitan,2,1,Wednesday,11:45 am,60,T-Junction,Straight road,Level,Dry,Not Raining,Daylight,Rear End,Traffic Signals
2017-8030-15/08/2019,2,1,Pedestrian,Female,015,,,Treated at Hospital,,Pedestrian on Road,,Crossing without Control,,2 Metropolitan,2,1,Thursday,08:35 am,50,Not Divided,Straight road,Level,Dry,Not Raining,Daylight,Hit Pedestrian,No Control
2017-8031-15/08/2019,1,1,Rider,Female,027,,Thrown Out,By Private,,Pedal Cycle,,Straight Ahead,1.0,2 Metropolitan,2,1,Wednesday,06:42 pm,50,Divided Road,Straight road,Level,Dry,Not Raining,Night,Side Swipe,No Control
2017-8033-15/08/2019,1,1,Driver,Female,074,Driver,Not Thrown Out,Treated at Hospital,Fitted - Worn,Motor Cars - Sedan,Full,Straight Ahead,1.0,3 Country,2,1,Thursday,10:30 am,50,Not Divided,Straight road,Level,Dry,Not Raining,Daylight,Hit Parked Vehicle,No Control
2017-8038-15/08/2019,2,1,Rider,Male,012,,Thrown Out,Treated at Hospital,,Pedal Cycle,,Straight Ahead,1.0,2 Metropolitan,2,1,Wednesday,06:00 pm,60,Pedestrian Crossing,Straight road,Level,Dry,Not Raining,Night,Right Angle,Traffic Signals
2017-8039-15/08/2019,1,1,Driver,Male,051,Driver,Not Thrown Out,Treated at Hospital,Fitted - Worn,Station Wagon,Full,Straight Ahead,1.0,2 Metropolitan,2,2,Thursday,12:35 pm,60,Cross Road,Straight road,Level,Dry,Not Raining,Daylight,Right Angle,Give Way Sign
2017-8039-15/08/2019,2,1,Driver,Male,050,Driver,Not Thrown Out,Treated at Hospital,Fitted - Worn,Utility,Full,Straight Ahead,1.0,2 Metropolitan,2,2,Thursday,12:35 pm,60,Cross Road,Straight road,Level,Dry,Not Raining,Daylight,Right Angle,Give Way Sign
2017-8042-15/08/2019,1,1,Driver,Female,062,Driver,Not Thrown Out,By Private,Fitted - Worn,Motor Cars - Sedan,Full,Stopped on Carriageway,1.0,2 Metropolitan,2,1,Monday,06:00 pm,60,Cross Road,Straight road,Level,Dry,Not Raining,Night,Rear End,Traffic Signals
2017-8049-15/08/2019,1,1,Passenger,Female,059,Front Seat Left Passenger,Not Thrown Out,Treated at Hospital,Fitted - Worn,Motor Cars - Sedan,Full,Straight Ahead,2.0,3 Country,2,1,Thursday,01:04 pm,50,Cross Road,Straight road,Level,Dry,Not Raining,Daylight,Right Angle,Give Way Sign
2017-8055-15/08/2019,1,1,Passenger,Female,016,Front Seat Left Passenger,Not Thrown Out,Treated at Hospital,Fitted - Worn,Motor Cars - Sedan,Full,Right Turn,2.0,2 Metropolitan,2,2,Wednesday,06:00 pm,60,Cross Road,"CURVED, VIEW OPEN",Level,Dry,Not Raining,Night,Right Angle,Traffic Signals
2017-8055-15/08/2019,2,1,Driver,Female,058,Driver,Not Thrown Out,Treated at Hospital,Fitted - Worn,Motor Cars - Sedan,Full,Straight Ahead,1.0,2 Metropolitan,2,2,Wednesday,06:00 pm,60,Cross Road,"CURVED, VIEW OPEN",Level,Dry,Not Raining,Night,Right Angle,Traffic Signals
2017-8056-15/08/2019,2,1,Driver,Female,025,Driver,Not Thrown Out,Treated at Hospital,Fitted - Worn,Motor Cars - Sedan,Full,Straight Ahead,2.0,2 Metropolitan,3,1,Wednesday,07:00 pm,60,Divided Road,Straight road,Level,Dry,Not Raining,Night,Rear End,No Control
2017-8058-15/08/2019,2,1,Passenger,Female,086,Front Seat Left Passenger,Not Thrown Out,Treated at Hospital,Fitted - Worn,Motor Cars - Sedan,Full,Straight Ahead,2.0,2 Metropolitan,2,1,Thursday,04:30 pm,60,Cross Road,Straight road,Level,Dry,Not Raining,Daylight,Right Turn,Traffic Signals
2017-8061-15/08/2019,1,1,Driver,Male,047,Driver,Not Thrown Out,Treated at Hospital,Fitted - Worn,Taxi Cab,Full,U Turn,1.0,2 Metropolitan,2,1,Thursday,03:50 pm,60,Not Divided,Straight road,Level,Dry,Not Raining,Daylight,Side Swipe,No Control
2017-8063-15/08/2019,1,1,Driver,Male,035,Driver,Not Thrown Out,Treated at Hospital,Fitted - Worn,Motor Cars - Sedan,Probationary,Straight Ahead,1.0,2 Metropolitan,2,1,Thursday,08:35 pm,50,Cross Road,Straight road,Level,Dry,Not Raining,Night,Right Angle,Give Way Sign
2017-8069-15/08/2019,1,1,Driver,Male,024,Driver,Not Thrown Out,Admitted to Hospital,Fitted - Worn,Utility,Unlicenced,Straight Ahead,1.0,2 Metropolitan,2,1,Friday,07:00 am,60,Not Divided,Straight road,Bottom of Hill,Dry,Not Raining,Night,Head On,No Control
2017-8072-15/08/2019,1,1,Driver,Male,093,Driver,Not Thrown Out,Treated at Hospital,Fitted - Worn,Station Wagon,Full,Straight Ahead,1.0,3 Country,1,1,Thursday,12:00 pm,100,Not Divided,"CURVED, VIEW OPEN",Level,Unknown,Unknown,Daylight,Roll Over,No Control
2017-8076-15/08/2019,2,1,Driver,Female,030,Driver,Not Thrown Out,Treated at Hospital,Fitted - Worn,Motor Cars - Sedan,Provisional 2,Right Turn,2.0,2 Metropolitan,2,2,Friday,09:40 am,60,T-Junction,Straight road,Level,Dry,Not Raining,Daylight,Right Angle,No Control
2017-8076-15/08/2019,2,2,Passenger,Female,007,Rear Seat Left Passenger,Not Thrown Out,Treated at Hospital,Child Restraint - Worn,Motor Cars - Sedan,Provisional 2,Right Turn,2.0,2 Metropolitan,2,2,Friday,09:40 am,60,T-Junction,Straight road,Level,Dry,Not Raining,Daylight,Right Angle,No Control
2017-8077-15/08/2019,2,1,Pedestrian,Female,053,,,By Private,,Pedestrian on Road,,On Pedestrian Crossing,,2 Metropolitan,2,1,Friday,09:05 am,60,Cross Road,Straight road,Level,Dry,Not Raining,Daylight,Hit Pedestrian,Traffic Signals
2017-8080-15/08/2019,1,1,Driver,Female,027,Driver,Not Thrown Out,Treated at Hospital,Fitted - Worn,Motor Cars - Sedan,Full,Straight Ahead,2.0,2 Metropolitan,2,2,Thursday,09:00 pm,50,Cross Road,Straight road,Level,Dry,Not Raining,Night,Right Angle,Roundabout
2017-8080-15/08/2019,2,1,Rider,Male,029,,Thrown Out,Treated at Hospital,,Pedal Cycle,,Straight Ahead,1.0,2 Metropolitan,2,2,Thursday,09:00 pm,50,Cross Road,Straight road,Level,Dry,Not Raining,Night,Right Angle,Roundabout
2017-8082-15/08/2019,1,1,Driver,Female,066,Driver,Not Thrown Out,By Private,Fitted - Worn,Motor Cars - Sedan,Full,Stopped on Carriageway,1.0,2 Metropolitan,3,1,Wednesday,06:55 pm,50,Multiple,Straight road,Level,Dry,Not Raining,Night,Head On,Traffic Signals
2017-8085-15/08/2019,1,1,Driver,Female,023,Driver,Not Thrown Out,By Private,Fitted - Worn,Motor Cars - Sedan,Full,Right Turn,2.0,2 Metropolitan,2,1,Friday,10:25 am,60,T-Junction,Straight road,Unknown,Dry,Not Raining,Daylight,Rear End,No Control
2017-8088-15/08/2019,1,1,Rider,Male,025,Rider of Motorcycle,Thrown Out,Treated at Hospital,,Scooter,Learners,Straight Ahead,1.0,2 Metropolitan,1,1,Monday,06:45 am,60,Divided Road,Straight road,Bottom of Hill,Dry,Not Raining,Night,Roll Over,No Control
2017-8092-15/08/2019,1,1,Driver,Male,XXX,Driver,Not Thrown Out,By Private,Fitted - Worn,Station Wagon,Full,Straight Ahead,1.0,2 Metropolitan,2,1,Friday,11:15 am,50,T-Junction,Straight road,Level,Dry,Not Raining,Daylight,Right Angle,No Control
2017-8093-15/08/2019,1,1,Driver,Male,089,Driver,Not Thrown Out,By Private,Fitted - Worn,Motor Cars - Sedan,Full,Straight Ahead,1.0,2 Metropolitan,2,1,Friday,11:00 am,60,Divided Road,Straight road,Level,Dry,Unknown,Daylight,Rear End,No Control
2017-8095-15/08/2019,1,1,Driver,Male,017,Driver,Not Thrown Out,Treated at Hospital,Fitted - Worn,Station Wagon,Provisional 1 ,Straight Ahead,2.0,3 Country,2,2,Friday,03:10 pm,80,Not Divided,"CURVED, VIEW OBSCURED",Slope,Dry,Not Raining,Daylight,Hit Fixed Object,No Control
2017-8095-15/08/2019,1,2,Passenger,Male,017,Front Seat Left Passenger,Not Thrown Out,Admitted to Hospital,Fitted - Worn,Station Wagon,Provisional 1 ,Straight Ahead,2.0,3 Country,2,2,Friday,03:10 pm,80,Not Divided,"CURVED, VIEW OBSCURED",Slope,Dry,Not Raining,Daylight,Hit Fixed Object,No Control
2017-8097-15/08/2019,1,1,Driver,Male,058,Driver,Not Thrown Out,By Private,Fitted - Worn,Station Wagon,Full,Straight Ahead,1.0,2 Metropolitan,2,1,Thursday,03:00 pm,50,Cross Road,Straight road,Level,Dry,Not Raining,Daylight,Right Angle,Give Way Sign
2017-8098-15/08/2019,1,1,Rider,Male,XXX,Rider of Motorcycle,Thrown Out,Treated at Hospital,,Scooter,Probationary,Straight Ahead,1.0,2 Metropolitan,2,1,Friday,05:00 pm,50,Cross Road,Straight road,Level,Dry,Not Raining,Daylight,Right Angle,Give Way Sign
2017-8099-15/08/2019,2,1,Passenger,Female,010,Rear Seat Left Passenger,Not Thrown Out,Treated at Hospital,Fitted - Worn,Station Wagon,Full,Stopped on Carriageway,4.0,2 Metropolitan,3,1,Friday,05:20 pm,60,Divided Road,Straight road,Level,Dry,Not Raining,Daylight,Rear End,No Control
2017-8101-15/08/2019,1,1,Driver,Male,028,Driver,Not Thrown Out,Treated at Hospital,Fitted - Worn,Motor Cars - Sedan,Full,Straight Ahead,1.0,2 Metropolitan,2,1,Friday,06:20 pm,90,T-Junction,Straight road,Level,Dry,Not Raining,Night,Right Angle,No Control
2017-8105-15/08/2019,1,1,Driver,Male,029,Driver,Not Thrown Out,By Private,Fitted - Worn,Utility,Full,Straight Ahead,2.0,2 Metropolitan,3,3,Friday,08:24 pm,25,Cross Road,Straight road,Level,Dry,Not Raining,Night,Right Turn,Traffic Signals
2017-8105-15/08/2019,1,2,Passenger,Male,029,Front Seat Left Passenger,Not Thrown Out,Treated at Hospital,Fitted - Worn,Utility,Full,Straight Ahead,2.0,2 Metropolitan,3,3,Friday,08:24 pm,25,Cross Road,Straight road,Level,Dry,Not Raining,Night,Right Turn,Traffic Signals
2017-8105-15/08/2019,2,1,Driver,Female,023,Driver,Not Thrown Out,Treated at Hospital,Fitted - Worn,Motor Cars - Sedan,Unknown,Right Turn,1.0,2 Metropolitan,3,3,Friday,08:24 pm,25,Cross Road,Straight road,Level,Dry,Not Raining,Night,Right Turn,Traffic Signals
2017-8109-15/08/2019,5,1,Rider,Male,031,,Thrown Out,Treated at Hospital,,Pedal Cycle,,Straight Ahead,1.0,2 Metropolitan,7,1,Saturday,08:40 am,60,Divided Road,Straight road,Level,Dry,Not Raining,Daylight,Side Swipe,No Control
2017-8111-15/08/2019,1,1,Driver,Male,049,Driver,Not Thrown Out,Treated at Hospital,Fitted - Worn,Panel Van,Full,Stopped on Carriageway,1.0,2 Metropolitan,2,1,Friday,03:50 pm,60,Cross Road,"CURVED, VIEW OPEN",Level,Dry,Not Raining,Daylight,Rear End,Traffic Signals
2017-8114-15/08/2019,2,1,Driver,Male,039,Driver,Not Thrown Out,Treated at Hospital,Fitted - Unknown if Worn,Station Wagon,Full,Stopped on Carriageway,2.0,2 Metropolitan,4,1,Saturday,08:00 am,60,Cross Road,Straight road,Slope,Dry,Not Raining,Daylight,Rear End,Traffic Signals
2017-8116-15/08/2019,2,1,Passenger,Female,005,Rear Seat Left Passenger,Not Thrown Out,Treated at Hospital,Fitted - Worn,Motor Cars - Sedan,Full,Stopped on Carriageway,2.0,2 Metropolitan,3,1,Saturday,11:55 am,60,Divided Road,Straight road,Level,Dry,Not Raining,Daylight,Rear End,No Control
2017-8117-15/08/2019,1,1,Driver,Female,057,Driver,Not Thrown Out,By Private,Fitted - Worn,Station Wagon,Full,Stopped on Carriageway,1.0,3 Country,2,1,Thursday,12:49 pm,50,Not Divided,Straight road,Level,Dry,Not Raining,Daylight,Rear End,No Control
2017-8118-15/08/2019,2,1,Driver,Male,055,Driver,Not Thrown Out,Treated at Hospital,Fitted - Worn,Station Wagon,Unknown,Straight Ahead,2.0,2 Metropolitan,2,2,Saturday,01:43 am,70,Divided Road,Straight road,Level,Dry,Not Raining,Night,Rear End,No Control
2017-8118-15/08/2019,2,2,Passenger,Male,XXX,Front Seat Left Passenger,Not Thrown Out,Treated at Hospital,Fitted - Worn,Station Wagon,Unknown,Straight Ahead,2.0,2 Metropolitan,2,2,Saturday,01:43 am,70,Divided Road,Straight road,Level,Dry,Not Raining,Night,Rear End,No Control
2017-8121-15/08/2019,2,1,Driver,Male,048,Driver,Not Thrown Out,Treated at Hospital,Fitted - Worn,Station Wagon,Full,Straight Ahead,2.0,3 Country,2,2,Saturday,07:15 am,100,Not Divided,Straight road,Slope,Dry,Not Raining,Daylight,Head On,No Control
2017-8121-15/08/2019,2,2,Passenger,Male,041,Front Seat Left Passenger,Not Thrown Out,Treated at Hospital,Fitted - Worn,Station Wagon,Full,Straight Ahead,2.0,3 Country,2,2,Saturday,07:15 am,100,Not Divided,Straight road,Slope,Dry,Not Raining,Daylight,Head On,No Control
2017-8126-15/08/2019,1,1,Driver,Male,026,Driver,Not Thrown Out,Fatal,Fitted - Not Worn,Motor Cars - Sedan,Learners,Straight Ahead,2.0,3 Country,2,2,Saturday,04:10 am,100,Not Divided,"CURVED, VIEW OPEN",Level,Dry,Not Raining,Night,Hit Fixed Object,No Control
2017-8126-15/08/2019,1,2,Passenger,Female,021,Front Seat Left Passenger,Not Thrown Out,Fatal,Fitted - Worn,Motor Cars - Sedan,Learners,Straight Ahead,2.0,3 Country,2,2,Saturday,04:10 am,100,Not Divided,"CURVED, VIEW OPEN",Level,Dry,Not Raining,Night,Hit Fixed Object,No Control
2017-8129-15/08/2019,1,1,Rider,Male,059,Rider of Motorcycle,Thrown Out,Treated at Hospital,,Motor Cycle,Full,Straight Ahead,1.0,2 Metropolitan,1,1,Saturday,04:25 pm,60,Cross Road,Straight road,Level,Dry,Not Raining,Daylight,Roll Over,Traffic Signals
2017-8130-15/08/2019,1,1,Driver,Male,040,Driver,Not Thrown Out,By Private,Fitted - Worn,Motor Cars - Sedan,Full,Straight Ahead,3.0,2 Metropolitan,2,4,Saturday,04:00 pm,60,Divided Road,Straight road,Level,Dry,Not Raining,Daylight,Side Swipe,No Control
2017-8130-15/08/2019,1,2,Passenger,Male,009,Rear Seat Right Passenger,Not Thrown Out,By Private,Fitted - Worn,Motor Cars - Sedan,Full,Straight Ahead,3.0,2 Metropolitan,2,4,Saturday,04:00 pm,60,Divided Road,Straight road,Level,Dry,Not Raining,Daylight,Side Swipe,No Control
2017-8130-15/08/2019,1,3,Passenger,Female,040,Front Seat Left Passenger,Not Thrown Out,By Private,Fitted - Worn,Motor Cars - Sedan,Full,Straight Ahead,3.0,2 Metropolitan,2,4,Saturday,04:00 pm,60,Divided Road,Straight road,Level,Dry,Not Raining,Daylight,Side Swipe,No Control
2017-8130-15/08/2019,2,1,Passenger,Female,046,Front Seat Left Passenger,Not Thrown Out,Treated at Hospital,Fitted - Worn,Station Wagon,Provisional 2,Swerving,2.0,2 Metropolitan,2,4,Saturday,04:00 pm,60,Divided Road,Straight road,Level,Dry,Not Raining,Daylight,Side Swipe,No Control
2017-8137-15/08/2019,1,1,Passenger,Female,017,Front Seat Left Passenger,Not Thrown Out,Treated at Hospital,Fitted - Worn,Motor Cars - Sedan,Provisional 1 ,Straight Ahead,2.0,2 Metropolitan,2,1,Saturday,11:30 pm,80,Not Divided,"CURVED, VIEW OPEN",Level,Dry,Not Raining,Night,Hit Fixed Object,No Control
2017-8153-15/08/2019,1,1,Rider,Male,037,Rider of Motorcycle,Thrown Out,Fatal,,Motor Cycle,Full,Straight Ahead,1.0,2 Metropolitan,3,1,Sunday,01:05 pm,80,Not Divided,"CURVED, VIEW OBSCURED",Slope,Dry,Not Raining,Daylight,Hit Fixed Object,No Control
2017-8156-15/08/2019,1,1,Driver,Male,083,Driver,Not Thrown Out,Treated at Hospital,Fitted - Unknown if Worn,Motor Cars - Sedan,Full,Leaving Private Driveway,1.0,2 Metropolitan,3,1,Saturday,08:25 pm,50,Not Divided,Straight road,Level,Dry,Not Raining,Night,Hit Fixed Object,No Control
2017-8157-15/08/2019,1,1,Driver,Female,021,Driver,Not Thrown Out,Treated at Hospital,Fitted - Worn,Motor Cars - Sedan,Provisional 2,Stopped on Carriageway,2.0,2 Metropolitan,2,2,Sunday,05:05 pm,80,Cross Road,Straight road,Level,Dry,Not Raining,Daylight,Rear End,Traffic Signals
2017-8157-15/08/2019,1,2,Passenger,Male,021,Front Seat Left Passenger,Not Thrown Out,Treated at Hospital,Fitted - Worn,Motor Cars - Sedan,Provisional 2,Stopped on Carriageway,2.0,2 Metropolitan,2,2,Sunday,05:05 pm,80,Cross Road,Straight road,Level,Dry,Not Raining,Daylight,Rear End,Traffic Signals
2017-8158-15/08/2019,2,1,Rider,Male,XXX,Rider of Motorcycle,Thrown Out,Admitted to Hospital,,Motor Cycle,Full,Straight Ahead,1.0,1 City,2,1,Sunday,05:15 pm,50,Cross Road,Straight road,Level,Dry,Not Raining,Daylight,Right Turn,Traffic Signals