REPORT_ID,UND_UNIT_NUMBER,CASUALTY_NUMBER,Casualty Type,Sex_x,AGE,Position In Veh,Thrown Out,Injury Extent,Seat Belt,Unit Type,Licence Type,Unit Movement,Number Occupants,Stats Area,Total Units,Total Cas,Day,Time,Area Speed,Position Type,Horizontal Align,Vertical Align,Moisture Cond,Weather Cond,DayNight,Crash Type,Traffic Ctrls
2017-8762-15/08/2019,2,1,Driver,Female,031,Driver,Not Thrown Out,Treated at Hospital,Fitted - Worn,Station Wagon,Full,Right Turn,2.0,2 Metropolitan,2,2,Wednesday,11:24 am,60,Cross Road,Straight road,Level,Dry,Not Raining,Daylight,Right Angle,Traffic Signals
2017-8762-15/08/2019,2,2,Passenger,Female,002,Rear Seat Left Passenger,Not Thrown Out,Treated at Hospital,Child Restraint - Worn,Station Wagon,Full,Right Turn,2.0,2 Metropolitan,2,2,Wednesday,11:24 am,60,Cross Road,Straight road,Level,Dry,Not Raining,Daylight,Right Angle,Traffic Signals
2017-8764-15/08/2019,1,1,Driver,Female,028,Driver,Not Thrown Out,By Private,Fitted - Worn,Motor Cars - Sedan,Full,Stopped on Carriageway,1.0,2 Metropolitan,2,1,Tuesday,08:30 am,60,Divided Road,Straight road,Slope,Dry,Not Raining,Daylight,Rear End,No Control
2017-8765-15/08/2019,1,1,Driver,Female,059,Driver,Not Thrown Out,By Private,Fitted - Worn,Motor Cars - Sedan,Full,Stopped on Carriageway,1.0,2 Metropolitan,2,1,Wednesday,10:15 am,50,Divided Road,Straight road,Level,Dry,Not Raining,Daylight,Rear End,No Control
2017-8773-15/08/2019,2,1,Rider,Male,052,,Thrown Out,Treated at Hospital,,Pedal Cycle,,Straight Ahead,1.0,2 Metropolitan,2,1,Friday,08:20 am,60,Divided Road,Straight road,Level,Dry,Not Raining,Daylight,Right Angle,No Control
2017-8775-15/08/2019,1,1,Driver,Male,060,Driver,Not Thrown Out,By Private,Fitted - Worn,Motor Cars - Sedan,Full,Stopped on Carriageway,2.0,2 Metropolitan,2,2,Wednesday,11:09 am,70,T-Junction,Straight road,Level,Dry,Not Raining,Daylight,Rear End,Traffic Signals
2017-8775-15/08/2019,1,2,Passenger,Female,055,Front Seat Left Passenger,Not Thrown Out,By Private,Fitted - Worn,Motor Cars - Sedan,Full,Stopped on Carriageway,2.0,2 Metropolitan,2,2,Wednesday,11:09 am,70,T-Junction,Straight road,Level,Dry,Not Raining,Daylight,Rear End,Traffic Signals
2017-8778-15/08/2019,1,1,Driver,Female,032,Driver,Not Thrown Out,By Private,Fitted - Worn,Motor Cars - Sedan,Full,Parked,1.0,2 Metropolitan,2,1,Tuesday,07:15 pm,60,Divided Road,Straight road,Level,Dry,Not Raining,Night,Hit Parked Vehicle,No Control
2017-8779-15/08/2019,1,1,Rider,Male,065,Rider of Motorcycle,Thrown Out,Treated at Hospital,,Motor Cycle,Full,Left Turn,1.0,2 Metropolitan,1,1,Wednesday,12:30 pm,60,Cross Road,Straight road,Level,Dry,Not Raining,Daylight,Roll Over,Give Way Sign
2017-8785-15/08/2019,1,1,Driver,Male,020,Driver,Not Thrown Out,Treated at Hospital,Fitted - Worn,Motor Cars - Sedan,Unknown,Right Turn,1.0,2 Metropolitan,3,1,Wednesday,05:20 pm,60,Cross Road,Straight road,Level,Dry,Not Raining,Daylight,Right Turn,Traffic Signals
2017-8790-15/08/2019,2,1,Pedestrian,Female,022,,,Treated at Hospital,,Pedestrian on Road,,Crossing with Traffic Signals,,2 Metropolitan,2,1,Wednesday,06:15 pm,60,T-Junction,Straight road,Level,Dry,Not Raining,Night,Hit Pedestrian,Traffic Signals
2017-8797-15/08/2019,2,1,Pedestrian,Female,006,,,Treated at Hospital,,Pedestrian on Road,,On Pedestrian Crossing,,2 Metropolitan,2,1,Thursday,08:50 am,50,Pedestrian Crossing,Straight road,Level,Dry,Not Raining,Daylight,Hit Pedestrian,Traffic Signals
2017-8800-15/08/2019,1,1,Driver,Female,034,Driver,Not Thrown Out,By Private,Fitted - Worn,Station Wagon,Full,Straight Ahead,2.0,2 Metropolitan,2,1,Wednesday,03:15 pm,50,T-Junction,"CURVED, VIEW OPEN",Level,Dry,Not Raining,Daylight,Right Angle,Give Way Sign
2017-8803-15/08/2019,1,1,Driver,Female,029,Driver,Not Thrown Out,By Private,Fitted - Worn,Motor Cars - Sedan,Full,Stopped on Carriageway,1.0,2 Metropolitan,2,1,Wednesday,04:40 pm,60,Cross Road,Straight road,Level,Dry,Not Raining,Daylight,Rear End,Traffic Signals
2017-8804-15/08/2019,1,1,Driver,Female,067,Driver,Not Thrown Out,By Private,Fitted - Worn,Motor Cars - Sedan,Full,Stopped on Carriageway,2.0,2 Metropolitan,2,1,Thursday,10:00 am,60,Cross Road,Straight road,Level,Dry,Not Raining,Daylight,Rear End,Traffic Signals
2017-8809-15/08/2019,1,1,Rider,Male,086,,Thrown Out,Treated at Hospital,,Pedal Cycle,,Straight Ahead,1.0,2 Metropolitan,1,1,Thursday,12:10 pm,50,Not Divided,Straight road,Level,Dry,Not Raining,Daylight,Roll Over,No Control
2017-8815-15/08/2019,2,1,Driver,Female,053,Driver,Not Thrown Out,By Private,Fitted - Worn,Motor Cars - Sedan,Full,Right Turn,1.0,2 Metropolitan,2,1,Wednesday,07:30 pm,60,Cross Road,Straight road,Level,Dry,Not Raining,Night,Right Angle,Stop Sign
2017-8818-15/08/2019,1,1,Rider,Female,051,,Thrown Out,By Private,,Pedal Cycle,,Straight Ahead,1.0,2 Metropolitan,2,1,Thursday,06:40 am,60,T-Junction,"CURVED, VIEW OPEN",Level,Dry,Not Raining,Night,Right Angle,No Control
2017-8820-15/08/2019,2,1,Rider,Male,016,,Thrown Out,Treated at Hospital,,Pedal Cycle,,Straight Ahead,1.0,2 Metropolitan,2,1,Wednesday,04:03 pm,50,T-Junction,Straight road,Level,Dry,Not Raining,Daylight,Right Angle,No Control
2017-8824-15/08/2019,1,1,Driver,Female,057,Driver,Not Thrown Out,Treated at Hospital,Fitted - Worn,Motor Cars - Sedan,Probationary,Stopped on Carriageway,1.0,2 Metropolitan,2,1,Thursday,05:05 pm,60,T-Junction,Straight road,Level,Dry,Not Raining,Daylight,Rear End,Traffic Signals
2017-8825-15/08/2019,1,1,Driver,Female,050,Driver,Not Thrown Out,Treated at Hospital,Fitted - Worn,Station Wagon,Full,Right Turn,1.0,2 Metropolitan,2,2,Thursday,01:55 pm,60,Cross Road,Straight road,Bottom of Hill,Dry,Not Raining,Daylight,Right Turn,Traffic Signals
2017-8825-15/08/2019,2,1,Driver,Female,081,Driver,Not Thrown Out,Admitted to Hospital,Fitted - Worn,Motor Cars - Sedan,Full,Straight Ahead,1.0,2 Metropolitan,2,2,Thursday,01:55 pm,60,Cross Road,Straight road,Bottom of Hill,Dry,Not Raining,Daylight,Right Turn,Traffic Signals
2017-8828-15/08/2019,1,1,Driver,Male,056,Driver,Not Thrown Out,Treated at Hospital,Fitted - Worn,Motor Cars - Sedan,Full,Straight Ahead,1.0,1 City,2,1,Thursday,04:15 pm,60,T-Junction,Straight road,Level,Dry,Not Raining,Daylight,Rear End,Traffic Signals
2017-8832-15/08/2019,1,1,Driver,Male,031,Driver,Not Thrown Out,Treated at Hospital,Fitted - Worn,Motor Cars - Sedan,Full,Straight Ahead,4.0,2 Metropolitan,2,2,Wednesday,08:30 pm,90,Freeway,"CURVED, VIEW OPEN",Crest of Hill,Dry,Not Raining,Night,Rear End,No Control
2017-8832-15/08/2019,1,2,Passenger,Female,031,Front Seat Left Passenger,Not Thrown Out,Treated at Hospital,Fitted - Worn,Motor Cars - Sedan,Full,Straight Ahead,4.0,2 Metropolitan,2,2,Wednesday,08:30 pm,90,Freeway,"CURVED, VIEW OPEN",Crest of Hill,Dry,Not Raining,Night,Rear End,No Control
2017-8833-15/08/2019,1,1,Driver,Male,043,Driver,Not Thrown Out,By Private,Fitted - Worn,Station Wagon,Full,Stopped on Carriageway,3.0,2 Metropolitan,2,1,Thursday,04:55 pm,60,Divided Road,Straight road,Level,Dry,Not Raining,Daylight,Rear End,No Control
2017-8838-15/08/2019,1,1,Driver,Male,021,Driver,Not Thrown Out,Treated at Hospital,Fitted - Unknown if Worn,Motor Cars - Sedan,Provisional 1 ,Straight Ahead,1.0,3 Country,2,1,Thursday,06:15 pm,100,Not Divided,"CURVED, VIEW OPEN",Level,Dry,Not Raining,Night,Hit Fixed Object,No Control
2017-8840-15/08/2019,1,1,Driver,Female,081,Driver,Not Thrown Out,Fatal,Fitted - Not Worn,Motor Cars - Sedan,Full,Unparking -Angle,1.0,2 Metropolitan,3,1,Thursday,06:55 pm,10,Other,Straight road,Level,Dry,Not Raining,Night,Hit Fixed Object,No Control
2017-8843-15/08/2019,1,1,Driver,Female,021,Driver,Not Thrown Out,Treated at Hospital,Fitted - Unknown if Worn,Motor Cars - Sedan,Unknown,Straight Ahead,2.0,2 Metropolitan,2,2,Friday,02:30 am,50,Not Divided,Straight road,Level,Dry,Not Raining,Night,Hit Fixed Object,No Control
2017-8843-15/08/2019,1,2,Passenger,Female,018,Front Seat Left Passenger,Not Thrown Out,Treated at Hospital,Fitted - Unknown if Worn,Motor Cars - Sedan,Unknown,Straight Ahead,2.0,2 Metropolitan,2,2,Friday,02:30 am,50,Not Divided,Straight road,Level,Dry,Not Raining,Night,Hit Fixed Object,No Control
2017-8846-15/08/2019,2,1,Rider,Male,050,,Thrown Out,Treated at Hospital,,Pedal Cycle,,Straight Ahead,1.0,2 Metropolitan,2,1,Thursday,01:45 pm,60,T-Junction,Straight road,Level,Dry,Not Raining,Daylight,Right Angle,No Control
2017-8848-15/08/2019,1,1,Driver,Female,044,Driver,Not Thrown Out,By Private,Fitted - Worn,Motor Cars - Sedan,Full,Stopped on Carriageway,1.0,2 Metropolitan,2,1,Friday,08:16 am,60,Not Divided,Straight road,Slope,Dry,Not Raining,Daylight,Rear End,No Control
2017-8849-15/08/2019,3,1,Driver,Male,064,Driver,Not Thrown Out,By Private,Fitted - Worn,Station Wagon,Full,Stopped on Carriageway,1.0,2 Metropolitan,3,1,Thursday,02:45 pm,60,Divided Road,Straight road,Level,Dry,Not Raining,Daylight,Rear End,No Control
2017-8853-15/08/2019,1,1,Driver,Male,XXX,Driver,Not Thrown Out,Treated at Hospital,Fitted - Unknown if Worn,Motor Cars - Sedan,Full,Straight Ahead,1.0,2 Metropolitan,3,1,Friday,10:15 am,60,Not Divided,Straight road,Level,Dry,Not Raining,Daylight,Hit Fixed Object,No Control
2017-8860-15/08/2019,1,1,Driver,Female,083,Driver,Not Thrown Out,Treated at Hospital,Fitted - Worn,Motor Cars - Sedan,Full,Straight Ahead,1.0,2 Metropolitan,2,1,Friday,11:50 am,50,Not Divided,Straight road,Level,Dry,Not Raining,Daylight,Hit Parked Vehicle,No Control
2017-8861-15/08/2019,1,1,Driver,Female,045,Driver,Not Thrown Out,Treated at Hospital,Fitted - Worn,Motor Cars - Sedan,Full,Straight Ahead,1.0,2 Metropolitan,2,1,Friday,11:20 am,50,Cross Road,Straight road,Level,Dry,Not Raining,Daylight,Right Angle,Stop Sign
2017-8862-15/08/2019,1,1,Passenger,Male,070,Front Seat Left Passenger,Not Thrown Out,Treated at Hospital,Fitted - Unknown if Worn,Motor Cars - Sedan,Full,Straight Ahead,2.0,2 Metropolitan,2,1,Friday,11:55 am,80,Divided Road,Straight road,Level,Dry,Not Raining,Daylight,Rear End,No Control
2017-8865-15/08/2019,2,1,Rider,Male,022,Rider of Motorcycle,Thrown Out,Treated at Hospital,,Motor Cycle,Provisional 1 ,Straight Ahead,2.0,2 Metropolitan,2,1,Friday,12:30 pm,60,Not Divided,Straight road,Level,Dry,Not Raining,Daylight,Side Swipe,No Control
2017-8866-15/08/2019,1,1,Driver,Female,039,Driver,Not Thrown Out,By Private,Fitted - Worn,Motor Cars - Sedan,Full,Straight Ahead,2.0,2 Metropolitan,2,1,Friday,01:50 pm,60,Cross Road,Straight road,Level,Dry,Not Raining,Daylight,Rear End,Roundabout
2017-8867-15/08/2019,2,1,Driver,Male,079,Driver,Not Thrown Out,Admitted to Hospital,Fitted - Worn,Station Wagon,Unlicenced,Straight Ahead,2.0,2 Metropolitan,2,1,Friday,12:15 pm,50,Not Divided,Straight road,Level,Dry,Not Raining,Daylight,Hit Parked Vehicle,No Control
2017-8869-15/08/2019,1,1,Driver,Female,047,Driver,Not Thrown Out,By Private,Fitted - Worn,Motor Cars - Sedan,Full,Stopped on Carriageway,1.0,2 Metropolitan,2,1,Friday,01:55 pm,70,Divided Road,Straight road,Level,Dry,Not Raining,Daylight,Rear End,No Control
2017-8873-15/08/2019,1,1,Driver,Male,025,Driver,Not Thrown Out,Admitted to Hospital,Fitted - Worn,Utility,Unlicenced,Straight Ahead,1.0,2 Metropolitan,2,2,Friday,02:10 pm,100,Not Divided,Straight road,Level,Dry,Not Raining,Daylight,Head On,No Control
2017-8873-15/08/2019,2,1,Driver,Female,061,Driver,Not Thrown Out,Admitted to Hospital,Fitted - Worn,Motor Cars - Sedan,Full,Straight Ahead,1.0,2 Metropolitan,2,2,Friday,02:10 pm,100,Not Divided,Straight road,Level,Dry,Not Raining,Daylight,Head On,No Control
2017-8875-15/08/2019,2,1,Driver,Female,066,Driver,Not Thrown Out,By Private,Fitted - Worn,Motor Cars - Sedan,Full,Stopped on Carriageway,1.0,2 Metropolitan,2,1,Friday,10:30 am,50,Not Divided,Straight road,Level,Dry,Not Raining,Daylight,Rear End,No Control
2017-8876-15/08/2019,2,1,Rider,Male,031,Rider of Motorcycle,Thrown Out,Treated at Hospital,,Motor Cycle,Provisional 1 ,Straight Ahead,1.0,2 Metropolitan,2,1,Friday,06:14 pm,60,Cross Road,Straight road,Level,Dry,Not Raining,Night,Right Angle,Give Way Sign
2017-8881-15/08/2019,2,1,Pedestrian,Female,068,,,Treated at Hospital,,Pedestrian on Road,,Crossing with Traffic Signals,,1 City,2,1,Friday,07:20 pm,50,Cross Road,Straight road,Level,Dry,Not Raining,Night,Hit Pedestrian,Traffic Signals
2017-8882-15/08/2019,3,1,Driver,Male,034,Driver,Not Thrown Out,By Private,Fitted - Worn,Motor Cars - Sedan,Full,Straight Ahead,1.0,2 Metropolitan,4,2,Thursday,05:40 pm,60,Divided Road,Straight road,Level,Dry,Not Raining,Daylight,Rear End,No Control
2017-8882-15/08/2019,4,1,Driver,Female,031,Driver,Not Thrown Out,By Private,Fitted - Worn,Motor Cars - Sedan,Full,Stopped on Carriageway,1.0,2 Metropolitan,4,2,Thursday,05:40 pm,60,Divided Road,Straight road,Level,Dry,Not Raining,Daylight,Rear End,No Control
2017-8886-15/08/2019,2,1,Pedestrian,Female,050,,,Treated at Hospital,,Pedestrian on Road,,Crossing without Control,,3 Country,2,1,Friday,07:40 pm,50,T-Junction,Straight road,Level,Dry,Not Raining,Night,Hit Pedestrian,No Control
2017-8888-15/08/2019,1,1,Driver,Male,024,Driver,Not Thrown Out,Treated at Hospital,Fitted - Worn,Station Wagon,Full,Straight Ahead,2.0,2 Metropolitan,2,2,Saturday,03:05 am,70,Cross Road,Straight road,Level,Wet,Raining,Night,Hit Fixed Object,Traffic Signals
2017-8888-15/08/2019,1,2,Passenger,Male,026,Front Seat Left Passenger,Not Thrown Out,Treated at Hospital,Fitted - Worn,Station Wagon,Full,Straight Ahead,2.0,2 Metropolitan,2,2,Saturday,03:05 am,70,Cross Road,Straight road,Level,Wet,Raining,Night,Hit Fixed Object,Traffic Signals
2017-8890-15/08/2019,2,1,Driver,Female,065,Driver,Not Thrown Out,By Private,Fitted - Worn,Motor Cars - Sedan,Full,Straight Ahead,1.0,2 Metropolitan,6,1,Saturday,09:50 am,50,Cross Road,Straight road,Level,Dry,Not Raining,Daylight,Right Angle,Stop Sign
2017-8893-15/08/2019,2,1,Rider,Male,016,,Thrown Out,Treated at Hospital,,Pedal Cycle,,Straight Ahead,1.0,2 Metropolitan,2,1,Saturday,09:45 am,50,Not Divided,Straight road,Level,Wet,Not Raining,Daylight,Hit Parked Vehicle,No Control
2017-8895-15/08/2019,1,1,Driver,Female,030,Driver,Not Thrown Out,Treated at Hospital,Fitted - Worn,Station Wagon,Full,Stopped on Carriageway,1.0,2 Metropolitan,2,1,Friday,11:30 am,60,T-Junction,Straight road,Level,Dry,Not Raining,Daylight,Rear End,Give Way Sign
2017-8903-15/08/2019,1,1,Passenger,Female,024,Front Seat Left Passenger,Not Thrown Out,Treated at Hospital,Fitted - Worn,Motor Cars - Sedan,Full,Straight Ahead,5.0,2 Metropolitan,3,1,Saturday,11:55 am,60,Divided Road,Straight road,Level,Dry,Not Raining,Daylight,Rear End,No Control
2017-8906-15/08/2019,2,1,Driver,Male,023,Driver,Not Thrown Out,Treated at Hospital,Fitted - Not Worn,Taxi Cab,Full,Right Turn,4.0,2 Metropolitan,4,1,Friday,07:25 pm,60,Cross Road,Straight road,Level,Dry,Not Raining,Night,Side Swipe,Traffic Signals
2017-8913-15/08/2019,1,1,Rider,Male,039,Rider of Motorcycle,Thrown Out,Admitted to Hospital,,Motor Cycle,Unknown,Straight Ahead,1.0,3 Country,2,1,Saturday,11:30 am,100,Not Divided,Straight road,Level,Dry,Not Raining,Daylight,Hit Fixed Object,No Control
2017-8916-15/08/2019,1,1,Rider,Male,020,Rider of Motorcycle,Thrown Out,Treated at Hospital,,Motor Cycle,Learners,U Turn,1.0,1 City,3,1,Saturday,03:40 pm,50,Not Divided,Straight road,Level,Dry,Not Raining,Daylight,Side Swipe,No Control
2017-8918-15/08/2019,1,1,Driver,Male,022,Driver,Not Thrown Out,Fatal,Fitted - Worn,Station Wagon,Full,Straight Ahead,1.0,2 Metropolitan,2,1,Saturday,05:30 pm,80,Cross Road,Straight road,Level,Dry,Not Raining,Daylight,Right Angle,Stop Sign
2017-8919-15/08/2019,2,1,Pedestrian,Female,020,,,Treated at Hospital,,Pedestrian on Road,,Crossing without Control,,1 City,2,1,Saturday,11:00 pm,60,Divided Road,Straight road,Slope,Wet,Raining,Night,Hit Pedestrian,No Control
2017-8922-15/08/2019,1,1,Pedestrian,Male,026,,,Admitted to Hospital,,Pedestrian on Road,,Walking on Road,,2 Metropolitan,2,1,Sunday,12:40 am,60,Divided Road,Straight road,Level,Wet,Raining,Night,Hit Pedestrian,No Control
2017-8923-15/08/2019,2,1,Driver,Male,031,Driver,Not Thrown Out,Treated at Hospital,Fitted - Worn,Motor Cars - Sedan,Full,Straight Ahead,2.0,1 City,2,2,Saturday,11:00 pm,50,Cross Road,Straight road,Level,Wet,Raining,Night,Right Turn,Traffic Signals
2017-8923-15/08/2019,2,2,Passenger,Female,024,Front Seat Left Passenger,Not Thrown Out,Treated at Hospital,Fitted - Worn,Motor Cars - Sedan,Full,Straight Ahead,2.0,1 City,2,2,Saturday,11:00 pm,50,Cross Road,Straight road,Level,Wet,Raining,Night,Right Turn,Traffic Signals
2017-8924-15/08/2019,1,1,Driver,Male,019,Driver,Not Thrown Out,Treated at Hospital,Fitted - Worn,Utility,Provisional 2,Straight Ahead,1.0,3 Country,1,1,Sunday,06:00 am,100,Not Divided,"CURVED, VIEW OPEN",Level,Dry,Not Raining,Night,Roll Over,No Control
2017-8931-15/08/2019,1,1,Driver,Male,026,Driver,Not Thrown Out,Treated at Hospital,Fitted - Worn,Motor Cars - Sedan,Unknown,Straight Ahead,1.0,3 Country,2,1,Sunday,11:08 am,110,Not Divided,Straight road,Level,Wet,Raining,Daylight,Hit Fixed Object,No Control
2017-8932-15/08/2019,1,1,Driver,Male,025,Driver,Not Thrown Out,By Private,Fitted - Worn,Motor Cars - Sedan,Full,Straight Ahead,1.0,3 Country,2,1,Sunday,07:30 am,80,Not Divided,Straight road,Level,Wet,Raining,Daylight,Hit Fixed Object,No Control
2017-8937-15/08/2019,1,1,Passenger,Female,020,Front Seat Left Passenger,Not Thrown Out,Treated at Hospital,Fitted - Worn,Motor Cars - Sedan,Full,Straight Ahead,2.0,2 Metropolitan,2,3,Saturday,07:25 pm,60,T-Junction,Straight road,Level,Dry,Not Raining,Night,Right Turn,Traffic Signals
2017-8937-15/08/2019,2,1,Driver,Female,017,Driver,Not Thrown Out,Treated at Hospital,Fitted - Worn,Motor Cars - Sedan,Provisional 1 ,Right Turn,2.0,2 Metropolitan,2,3,Saturday,07:25 pm,60,T-Junction,Straight road,Level,Dry,Not Raining,Night,Right Turn,Traffic Signals
2017-8937-15/08/2019,2,2,Passenger,Male,017,Front Seat Left Passenger,Not Thrown Out,Treated at Hospital,Fitted - Worn,Motor Cars - Sedan,Provisional 1 ,Right Turn,2.0,2 Metropolitan,2,3,Saturday,07:25 pm,60,T-Junction,Straight road,Level,Dry,Not Raining,Night,Right Turn,Traffic Signals
2017-8940-15/08/2019,1,1,Passenger,Male,036,Front Seat Left Passenger,Not Thrown Out,By Private,Fitted - Worn,Station Wagon,Full,Stopped on Carriageway,5.0,2 Metropolitan,2,1,Sunday,04:45 pm,60,Cross Road,Straight road,Level,Dry,Not Raining,Daylight,Rear End,Roundabout
2017-8942-15/08/2019,2,1,Driver,Female,049,Driver,Not Thrown Out,By Private,Fitted - Worn,Motor Cars - Sedan,Full,Straight Ahead,1.0,2 Metropolitan,2,1,Sunday,08:10 pm,60,T-Junction,Straight road,Level,Wet,Raining,Night,Right Turn,Traffic Signals
2017-8943-15/08/2019,2,1,Driver,Female,024,Driver,Not Thrown Out,Treated at Hospital,Fitted - Worn,Motor Cars - Sedan,Full,Stopped on Carriageway,1.0,2 Metropolitan,3,1,Sunday,09:00 pm,50,T-Junction,Straight road,Level,Wet,Raining,Night,Rear End,No Control
2017-8948-15/08/2019,1,1,Driver,Male,059,Driver,Not Thrown Out,By Private,Fitted - Worn,Station Wagon,Full,Straight Ahead,2.0,2 Metropolitan,2,1,Sunday,07:30 pm,60,Not Divided,Straight road,Level,Dry,Not Raining,Night,Head On,No Control
2017-8950-15/08/2019,2,1,Driver,Male,047,Driver,Not Thrown Out,Treated at Hospital,Fitted - Worn,Motor Cars - Sedan,Full,Straight Ahead,1.0,2 Metropolitan,3,1,Monday,07:50 am,60,Divided Road,Straight road,Level,Wet,Raining,Daylight,Rear End,No Control
2017-8954-15/08/2019,3,1,Driver,Female,037,Driver,Not Thrown Out,Treated at Hospital,Fitted - Worn,Motor Cars - Sedan,Full,Stopped on Carriageway,1.0,2 Metropolitan,4,1,Monday,09:00 am,60,Cross Road,Straight road,Level,Wet,Raining,Daylight,Side Swipe,Stop Sign
2017-8957-15/08/2019,1,1,Driver,Female,044,Driver,Not Thrown Out,By Private,Fitted - Unknown if Worn,Station Wagon,Full,Stopped on Carriageway,1.0,2 Metropolitan,2,1,Sunday,03:30 pm,60,Not Divided,Straight road,Slope,Unknown,Not Raining,Daylight,Rear End,No Control
2017-8962-15/08/2019,1,1,Driver,Male,051,Driver,Not Thrown Out,Treated at Hospital,Fitted - Worn,Station Wagon,Full,Straight Ahead,2.0,2 Metropolitan,3,2,Monday,12:00 pm,60,Cross Road,Straight road,Level,Wet,Raining,Daylight,Right Turn,Stop Sign
2017-8962-15/08/2019,2,1,Driver,Female,088,Driver,Not Thrown Out,Treated at Hospital,Fitted - Worn,Motor Cars - Sedan,Full,Right Turn,1.0,2 Metropolitan,3,2,Monday,12:00 pm,60,Cross Road,Straight road,Level,Wet,Raining,Daylight,Right Turn,Stop Sign
2017-8964-15/08/2019,1,1,Driver,Female,035,Driver,Not Thrown Out,By Private,Fitted - Worn,Motor Cars - Sedan,Unknown,Right Turn,1.0,2 Metropolitan,3,2,Monday,11:30 am,60,T-Junction,Straight road,Level,Dry,Not Raining,Daylight,Right Angle,No Control
2017-8964-15/08/2019,3,1,Driver,Male,048,Driver,Not Thrown Out,Treated at Hospital,Fitted - Unknown if Worn,Motor Cars - Sedan,Unknown,Straight Ahead,1.0,2 Metropolitan,3,2,Monday,11:30 am,60,T-Junction,Straight road,Level,Dry,Not Raining,Daylight,Right Angle,No Control
2017-8967-15/08/2019,1,1,Driver,Male,045,Driver,Not Thrown Out,Treated at Hospital,Fitted - Worn,SEMI TRAILER,Full,Straight Ahead,1.0,3 Country,1,1,Monday,09:00 am,80,T-Junction,"CURVED, VIEW OBSCURED",Slope,Wet,Raining,Daylight,Roll Over,No Control
2017-8969-15/08/2019,1,1,Driver,Female,022,Driver,Not Thrown Out,Treated at Hospital,Fitted - Worn,Motor Cars - Sedan,Full,Straight Ahead,1.0,2 Metropolitan,2,1,Monday,02:24 pm,80,Not Divided,"CURVED, VIEW OPEN",Slope,Wet,Raining,Daylight,Hit Fixed Object,No Control
2017-8971-15/08/2019,1,1,Rider,Female,XXX,Rider of Motorcycle,Thrown Out,By Private,,Motor Cycle,Learners,Straight Ahead,1.0,2 Metropolitan,2,1,Sunday,02:00 pm,60,Cross Road,"CURVED, VIEW OPEN",Level,Dry,Not Raining,Daylight,Right Angle,Roundabout
2017-8972-15/08/2019,1,1,Driver,Male,051,Driver,Not Thrown Out,By Private,Fitted - Worn,Station Wagon,Full,Stopped on Carriageway,4.0,2 Metropolitan,2,1,Sunday,05:10 pm,60,T-Junction,Straight road,Level,Dry,Not Raining,Daylight,Rear End,No Control
2017-8978-15/08/2019,2,1,Pedestrian,Female,XXX,,,Treated at Hospital,,Pedestrian on Road,,Crossing with Traffic Signals,,1 City,2,1,Monday,06:51 pm,50,T-Junction,Straight road,Level,Wet,Raining,Night,Hit Pedestrian,Traffic Signals
2017-8981-15/08/2019,1,1,Driver,Female,053,Driver,Not Thrown Out,Treated at Hospital,Fitted - Worn,Motor Cars - Sedan,Full,Straight Ahead,1.0,3 Country,2,1,Monday,04:30 pm,50,Cross Road,Straight road,Level,Dry,Not Raining,Daylight,Head On,Traffic Signals
2017-8982-15/08/2019,2,1,Driver,Female,069,Driver,Not Thrown Out,Treated at Hospital,Fitted - Worn,Motor Cars - Sedan,Full,Right Turn,2.0,2 Metropolitan,2,2,Monday,03:09 pm,60,Cross Road,Straight road,Level,Dry,Not Raining,Daylight,Right Turn,Traffic Signals
2017-8982-15/08/2019,2,2,Passenger,Female,040,Front Seat Left Passenger,Not Thrown Out,Treated at Hospital,Fitted - Worn,Motor Cars - Sedan,Full,Right Turn,2.0,2 Metropolitan,2,2,Monday,03:09 pm,60,Cross Road,Straight road,Level,Dry,Not Raining,Daylight,Right Turn,Traffic Signals
2017-8983-15/08/2019,1,1,Driver,Male,026,Driver,Not Thrown Out,Treated at Hospital,Fitted - Worn,Motor Cars - Sedan,Provisional 2,Straight Ahead,1.0,2 Metropolitan,2,1,Monday,03:15 pm,60,Not Divided,Straight road,Level,Wet,Unknown,Daylight,Rear End,No Control
2017-8984-15/08/2019,1,1,Rider,Male,057,Rider of Motorcycle,Thrown Out,Treated at Hospital,,Motor Cycle,Unknown,Stopped on Carriageway,1.0,1 City,2,1,Monday,06:05 pm,50,Divided Road,Straight road,Level,Wet,Raining,Night,Side Swipe,No Control
2017-8985-15/08/2019,2,1,Rider,Male,061,,Thrown Out,Treated at Hospital,,Pedal Cycle,,Straight Ahead,1.0,2 Metropolitan,3,1,Monday,05:00 pm,60,Cross Road,Straight road,Level,Wet,Raining,Daylight,Right Turn,Traffic Signals
2017-9001-15/08/2019,2,1,Driver,Female,031,Driver,Not Thrown Out,Treated at Hospital,Fitted - Worn,Station Wagon,Unlicenced,Straight Ahead,1.0,3 Country,2,1,Tuesday,08:54 am,60,Cross Road,Straight road,Level,Wet,Raining,Daylight,Right Angle,Give Way Sign
2017-9002-15/08/2019,1,1,Driver,Male,023,Driver,Not Thrown Out,Treated at Hospital,Fitted - Worn,Station Wagon,Full,Straight Ahead,1.0,2 Metropolitan,2,2,Tuesday,11:28 am,60,T-Junction,Straight road,Level,Dry,Not Raining,Daylight,Right Turn,Traffic Signals