REPORT_ID,UND_UNIT_NUMBER,CASUALTY_NUMBER,Casualty Type,Sex_x,AGE,Position In Veh,Thrown Out,Injury Extent,Seat Belt,Unit Type,Licence Type,Unit Movement,Number Occupants,Stats Area,Total Units,Total Cas,Day,Time,Area Speed,Position Type,Horizontal Align,Vertical Align,Moisture Cond,Weather Cond,DayNight,Crash Type,Traffic Ctrls
2017-9002-15/08/2019,2,1,Driver,Male,082,Driver,Not Thrown Out,Treated at Hospital,Fitted - Worn,Motor Cars - Sedan,Full,Right Turn,1.0,2 Metropolitan,2,2,Tuesday,11:28 am,60,T-Junction,Straight road,Level,Dry,Not Raining,Daylight,Right Turn,Traffic Signals
2017-9005-15/08/2019,1,1,Rider,Male,080,Rider of Motorcycle,Thrown Out,Admitted to Hospital,,Motor Cycle,Full,Right Turn,1.0,3 Country,2,1,Tuesday,12:07 pm,100,T-Junction,"CURVED, VIEW OBSCURED",Bottom of Hill,Wet,Raining,Daylight,Hit Fixed Object,No Control
2017-9008-15/08/2019,1,1,Rider,Male,033,,Thrown Out,By Private,,Pedal Cycle,,Straight Ahead,1.0,2 Metropolitan,2,1,Saturday,05:00 pm,50,Cross Road,Straight road,Level,Dry,Not Raining,Daylight,Side Swipe,Stop Sign
2017-9011-15/08/2019,2,1,Driver,Male,053,Driver,Not Thrown Out,Admitted to Hospital,Fitted - Not Worn,SEMI TRAILER,Full,Straight Ahead,1.0,3 Country,2,1,Tuesday,04:45 am,110,Not Divided,Straight road,Level,Dry,Not Raining,Night,Head On,No Control
2017-9017-15/08/2019,1,1,Driver,Male,033,Driver,Not Thrown Out,Treated at Hospital,Fitted - Worn,Motor Cars - Sedan,Full,Straight Ahead,1.0,2 Metropolitan,4,1,Tuesday,02:41 pm,60,Not Divided,Straight road,Level,Dry,Not Raining,Daylight,Hit Parked Vehicle,No Control
2017-9020-15/08/2019,1,1,Driver,Male,022,Driver,Not Thrown Out,Treated at Hospital,Fitted - Worn,Motor Cars - Sedan,Full,Straight Ahead,3.0,2 Metropolitan,2,1,Monday,09:48 pm,80,Not Divided,"CURVED, VIEW OBSCURED",Slope,Wet,Raining,Night,Hit Fixed Object,No Control
2017-9021-15/08/2019,1,1,Driver,Male,018,Driver,Not Thrown Out,Treated at Hospital,Fitted - Worn,Motor Cars - Sedan,Provisional 2,Straight Ahead,1.0,3 Country,2,2,Tuesday,04:44 pm,80,Not Divided,Straight road,Level,Dry,Not Raining,Daylight,Head On,No Control
2017-9021-15/08/2019,2,1,Driver,Male,032,Driver,Thrown Out,Treated at Hospital,Fitted - Worn,Utility,Full,Straight Ahead,1.0,3 Country,2,2,Tuesday,04:44 pm,80,Not Divided,Straight road,Level,Dry,Not Raining,Daylight,Head On,No Control
2017-9028-15/08/2019,1,1,Driver,Male,018,Driver,Not Thrown Out,Treated at Hospital,Fitted - Worn,Motor Cars - Sedan,Provisional 1 ,Straight Ahead,1.0,2 Metropolitan,2,1,Tuesday,05:31 am,80,Not Divided,"CURVED, VIEW OBSCURED",Level,Wet,Raining,Night,Roll Over,No Control
2017-9039-15/08/2019,1,1,Driver,Male,067,Driver,Not Thrown Out,Admitted to Hospital,Fitted - Worn,Station Wagon,Full,Stopped on Carriageway,1.0,2 Metropolitan,2,1,Wednesday,10:50 am,70,T-Junction,Straight road,Slope,Wet,Raining,Daylight,Right Angle,Traffic Signals
2017-9040-15/08/2019,1,1,Driver,Female,020,Driver,Not Thrown Out,Treated at Hospital,Fitted - Worn,Motor Cars - Sedan,Provisional 1 ,Stopped on Carriageway,1.0,2 Metropolitan,2,1,Wednesday,10:50 am,40,Freeway,Straight road,Level,Wet,Raining,Daylight,Rear End,No Control
2017-9041-15/08/2019,1,1,Driver,Female,XXX,Driver,Not Thrown Out,Admitted to Hospital,Fitted - Worn,Motor Cars - Sedan,Full,Swerving,1.0,2 Metropolitan,4,1,Wednesday,08:50 am,60,Divided Road,Straight road,Level,Wet,Raining,Daylight,Rear End,No Control
2017-9043-15/08/2019,1,1,Rider,Male,039,,Thrown Out,By Private,,Pedal Cycle,,Straight Ahead,1.0,2 Metropolitan,2,1,Wednesday,11:20 am,50,T-Junction,Straight road,Level,Dry,Not Raining,Daylight,Side Swipe,Roundabout
2017-9045-15/08/2019,1,1,Driver,Female,058,Driver,Not Thrown Out,By Private,Fitted - Worn,Motor Cars - Sedan,Full,Stopped on Carriageway,1.0,2 Metropolitan,2,1,Thursday,04:15 pm,60,T-Junction,Straight road,Slope,Dry,Not Raining,Daylight,Rear End,Traffic Signals
2017-9046-15/08/2019,2,1,Passenger,Female,060,Front Seat Left Passenger,Not Thrown Out,Treated at Hospital,Fitted - Worn,Utility,Full,Straight Ahead,2.0,2 Metropolitan,2,1,Wednesday,10:20 am,70,T-Junction,Straight road,Level,Dry,Not Raining,Daylight,Right Angle,No Control
2017-9048-15/08/2019,2,1,Pedestrian,Male,046,,,Treated at Hospital,,Pedestrian on Road,,Crossing with Traffic Signals,,2 Metropolitan,2,1,Wednesday,08:50 am,60,T-Junction,Straight road,Level,Dry,Not Raining,Daylight,Hit Pedestrian,Traffic Signals
2017-9051-15/08/2019,1,1,Driver,Female,025,Driver,Not Thrown Out,By Private,Fitted - Worn,Motor Cars - Sedan,Full,Stopped on Carriageway,1.0,2 Metropolitan,2,1,Wednesday,08:40 am,60,Cross Road,Straight road,Level,Dry,Not Raining,Daylight,Rear End,Traffic Signals
2017-9052-15/08/2019,1,1,Driver,Male,XXX,Driver,Not Thrown Out,By Private,Fitted - Worn,Station Wagon,Full,Straight Ahead,1.0,2 Metropolitan,2,1,Wednesday,10:45 am,60,Cross Road,Straight road,Level,Wet,Unknown,Daylight,Right Angle,Roundabout
2017-9053-15/08/2019,1,1,Passenger,Male,001,Rear Seat Middle Passenger,Not Thrown Out,Admitted to Hospital,Fitted - Worn,Station Wagon,Full,Straight Ahead,3.0,2 Metropolitan,2,2,Wednesday,10:30 am,60,Divided Road,Straight road,Level,Dry,Not Raining,Daylight,Side Swipe,No Control
2017-9053-15/08/2019,1,2,Passenger,Male,006,Rear Seat Left Passenger,Not Thrown Out,Admitted to Hospital,Fitted - Not Worn,Station Wagon,Full,Straight Ahead,3.0,2 Metropolitan,2,2,Wednesday,10:30 am,60,Divided Road,Straight road,Level,Dry,Not Raining,Daylight,Side Swipe,No Control
2017-9054-15/08/2019,1,1,Driver,Male,057,Driver,Not Thrown Out,By Private,Fitted - Worn,Motor Cars - Sedan,Full,Straight Ahead,2.0,2 Metropolitan,2,2,Tuesday,09:41 pm,60,Not Divided,"CURVED, VIEW OBSCURED",Slope,Wet,Not Raining,Night,Head On,No Control
2017-9054-15/08/2019,1,2,Passenger,Female,052,Front Seat Left Passenger,Not Thrown Out,Treated at Hospital,Fitted - Worn,Motor Cars - Sedan,Full,Straight Ahead,2.0,2 Metropolitan,2,2,Tuesday,09:41 pm,60,Not Divided,"CURVED, VIEW OBSCURED",Slope,Wet,Not Raining,Night,Head On,No Control
2017-9058-15/08/2019,1,1,Rider,Male,017,Rider of Motorcycle,Thrown Out,Treated at Hospital,,Scooter,Unknown,Straight Ahead,1.0,2 Metropolitan,2,1,Wednesday,04:20 pm,50,Cross Road,Straight road,Level,Dry,Not Raining,Daylight,Right Angle,Roundabout
2017-9059-15/08/2019,1,1,Driver,Female,029,Driver,Not Thrown Out,Treated at Hospital,Fitted - Worn,Motor Cars - Sedan,Full,Stopped on Carriageway,2.0,2 Metropolitan,2,2,Wednesday,04:40 pm,50,T-Junction,Straight road,Level,Wet,Not Raining,Daylight,Rear End,No Control
2017-9059-15/08/2019,1,2,Passenger,Male,007,Rear Seat Left Passenger,Not Thrown Out,Admitted to Hospital,Fitted - Worn,Motor Cars - Sedan,Full,Stopped on Carriageway,2.0,2 Metropolitan,2,2,Wednesday,04:40 pm,50,T-Junction,Straight road,Level,Wet,Not Raining,Daylight,Rear End,No Control
2017-9061-15/08/2019,2,1,Driver,Female,043,Driver,Not Thrown Out,Treated at Hospital,Fitted - Worn,Motor Cars - Sedan,Full,UnParking - Parallel,2.0,2 Metropolitan,2,1,Wednesday,06:22 pm,60,Not Divided,Straight road,Level,Wet,Not Raining,Night,Side Swipe,No Control
2017-9062-15/08/2019,1,1,Rider,Male,016,Rider of Motorcycle,Thrown Out,Treated at Hospital,,Motor Cycle,Learners,Straight Ahead,1.0,2 Metropolitan,2,1,Wednesday,03:00 pm,50,Not Divided,Straight road,Slope,Dry,Not Raining,Daylight,Hit Fixed Object,No Control
2017-9064-15/08/2019,1,1,Driver,Female,055,Driver,Not Thrown Out,Admitted to Hospital,Fitted - Worn,Motor Cars - Sedan,Full,Right Turn,1.0,2 Metropolitan,3,1,Wednesday,03:29 pm,60,Rail Xing,Straight road,Level,Dry,Not Raining,Daylight,Other,Traffic Signals
2017-9066-15/08/2019,1,1,Passenger,Female,031,Rear Seat Right Passenger,Not Thrown Out,Treated at Hospital,Fitted - Worn,Motor Cars - Sedan,Full,Straight Ahead,3.0,2 Metropolitan,2,2,Wednesday,03:45 pm,60,Pedestrian Crossing,Straight road,Level,Dry,Not Raining,Daylight,Hit Fixed Object,Traffic Signals
2017-9066-15/08/2019,1,2,Passenger,Female,059,Rear Seat Left Passenger,Not Thrown Out,Treated at Hospital,Fitted - Unknown if Worn,Motor Cars - Sedan,Full,Straight Ahead,3.0,2 Metropolitan,2,2,Wednesday,03:45 pm,60,Pedestrian Crossing,Straight road,Level,Dry,Not Raining,Daylight,Hit Fixed Object,Traffic Signals
2017-9069-15/08/2019,1,1,Driver,Female,050,Driver,Not Thrown Out,Admitted to Hospital,Fitted - Worn,Motor Cars - Sedan,Full,Straight Ahead,1.0,3 Country,2,1,Wednesday,11:15 pm,50,Not Divided,Straight road,Crest of Hill,Wet,Not Raining,Night,Hit Fixed Object,No Control
2017-9072-15/08/2019,2,1,Rider,Male,042,,Thrown Out,Treated at Hospital,,Pedal Cycle,,Straight Ahead,1.0,2 Metropolitan,2,1,Thursday,07:00 am,80,Cross Road,"CURVED, VIEW OPEN",Level,Dry,Not Raining,Daylight,Right Angle,Roundabout
2017-9075-15/08/2019,1,1,Rider,Male,045,Rider of Motorcycle,Not Thrown Out,By Private,,Scooter,Full,Straight Ahead,1.0,2 Metropolitan,2,1,Wednesday,08:30 am,60,Cross Road,Straight road,Level,Wet,Not Raining,Daylight,Right Angle,Roundabout
2017-9077-15/08/2019,1,1,Driver,Female,025,Driver,Not Thrown Out,Treated at Hospital,Fitted - Not Worn,Motor Cars - Sedan,Full,Parked,1.0,2 Metropolitan,2,1,Monday,01:30 am,60,Not Divided,Straight road,Level,Wet,Raining,Night,Hit Parked Vehicle,No Control
2017-9081-15/08/2019,2,1,Driver,Female,033,Driver,Not Thrown Out,Treated at Hospital,Fitted - Worn,Motor Cars - Sedan,Full,Straight Ahead,1.0,2 Metropolitan,2,1,Thursday,12:35 pm,60,T-Junction,Straight road,Level,Dry,Not Raining,Daylight,Rear End,No Control
2017-9084-15/08/2019,1,1,Rider,Male,025,Rider of Motorcycle,Thrown Out,Treated at Hospital,,Motor Cycle,Learners,Straight Ahead,1.0,2 Metropolitan,2,1,Thursday,09:38 am,60,T-Junction,Straight road,Level,Dry,Not Raining,Daylight,Right Turn,No Control
2017-9085-15/08/2019,3,1,Driver,Female,033,Driver,Not Thrown Out,Treated at Hospital,Fitted - Worn,Station Wagon,Unknown,Straight Ahead,2.0,2 Metropolitan,3,1,Thursday,11:50 am,60,T-Junction,Straight road,Level,Dry,Not Raining,Daylight,Rear End,No Control
2017-9086-15/08/2019,1,1,Driver,Female,018,Driver,Not Thrown Out,Admitted to Hospital,Fitted - Worn,Motor Cars - Sedan,Provisional 2,Right Turn,1.0,2 Metropolitan,2,3,Thursday,10:40 am,80,Cross Road,Straight road,Level,Dry,Not Raining,Daylight,Right Turn,Traffic Signals
2017-9086-15/08/2019,2,1,Driver,Female,078,Driver,Not Thrown Out,Treated at Hospital,Fitted - Worn,Motor Cars - Sedan,Full,Straight Ahead,2.0,2 Metropolitan,2,3,Thursday,10:40 am,80,Cross Road,Straight road,Level,Dry,Not Raining,Daylight,Right Turn,Traffic Signals
2017-9086-15/08/2019,2,2,Passenger,Female,070,Front Seat Left Passenger,Not Thrown Out,Treated at Hospital,Fitted - Worn,Motor Cars - Sedan,Full,Straight Ahead,2.0,2 Metropolitan,2,3,Thursday,10:40 am,80,Cross Road,Straight road,Level,Dry,Not Raining,Daylight,Right Turn,Traffic Signals
2017-9088-15/08/2019,2,1,Driver,Male,031,Driver,Not Thrown Out,By Private,Fitted - Worn,Motor Cars - Sedan,Provisional 2,Straight Ahead,1.0,2 Metropolitan,2,1,Thursday,03:40 pm,60,Cross Road,Straight road,Level,Dry,Not Raining,Daylight,Right Angle,Roundabout
2017-9089-15/08/2019,1,1,Passenger,Female,031,Front Seat Left Passenger,Not Thrown Out,Treated at Hospital,Fitted - Worn,Motor Cars - Sedan,Full,Straight Ahead,3.0,2 Metropolitan,1,2,Tuesday,08:36 pm,60,Not Divided,"CURVED, VIEW OBSCURED",Slope,Wet,Raining,Night,Left Road - Out of Control,No Control
2017-9089-15/08/2019,1,2,Passenger,Female,019,Rear Seat Right Passenger,Not Thrown Out,Treated at Hospital,Fitted - Worn,Motor Cars - Sedan,Full,Straight Ahead,3.0,2 Metropolitan,1,2,Tuesday,08:36 pm,60,Not Divided,"CURVED, VIEW OBSCURED",Slope,Wet,Raining,Night,Left Road - Out of Control,No Control
2017-9090-15/08/2019,1,1,Driver,Male,025,Driver,Not Thrown Out,Treated at Hospital,Fitted - Worn,Motor Cars - Sedan,Full,Right Turn,1.0,2 Metropolitan,2,1,Thursday,04:00 pm,60,T-Junction,Straight road,Level,Dry,Not Raining,Daylight,Right Angle,No Control
2017-9094-15/08/2019,1,1,Driver,Male,040,Driver,Not Thrown Out,Treated at Hospital,Fitted - Worn,Utility,Full,Straight Ahead,1.0,2 Metropolitan,3,1,Thursday,03:55 pm,60,Divided Road,Straight road,Level,Dry,Not Raining,Daylight,Hit Parked Vehicle,No Control
2017-9095-15/08/2019,1,1,Driver,Female,036,Driver,Not Thrown Out,Treated at Hospital,Fitted - Unknown if Worn,Motor Cars - Sedan,Full,Straight Ahead,1.0,2 Metropolitan,2,2,Thursday,04:50 pm,60,T-Junction,Straight road,Slope,Wet,Not Raining,Daylight,Rear End,No Control
2017-9095-15/08/2019,2,1,Driver,Female,035,Driver,Not Thrown Out,Treated at Hospital,Fitted - Unknown if Worn,Motor Cars - Sedan,Full,Stopped on Carriageway,1.0,2 Metropolitan,2,2,Thursday,04:50 pm,60,T-Junction,Straight road,Slope,Wet,Not Raining,Daylight,Rear End,No Control
2017-9097-15/08/2019,2,1,Rider,Male,004,,Thrown Out,Treated at Hospital,,Pedal Cycle,,Straight Ahead,1.0,1 City,2,1,Thursday,05:40 pm,50,T-Junction,Straight road,Level,Dry,Not Raining,Daylight,Right Angle,No Control
2017-9098-15/08/2019,1,1,Driver,Male,073,Driver,Not Thrown Out,Treated at Hospital,Fitted - Worn,Motor Cars - Sedan,Full,Straight Ahead,1.0,2 Metropolitan,2,1,Thursday,06:21 pm,80,Not Divided,"CURVED, VIEW OPEN",Bottom of Hill,Wet,Raining,Night,Hit Fixed Object,No Control
2017-9100-15/08/2019,2,1,Pedestrian,Female,042,,,Treated at Hospital,,Pedestrian on Footpath/Carpark,,Alighted from Parked Vehicle,,2 Metropolitan,2,1,Thursday,07:22 pm,50,Not Divided,Straight road,Level,Dry,Not Raining,Night,Hit Pedestrian,No Control
2017-9102-15/08/2019,1,1,Driver,Female,020,Driver,Not Thrown Out,Treated at Hospital,Fitted - Worn,Station Wagon,Provisional 2,Straight Ahead,2.0,2 Metropolitan,2,2,Thursday,05:25 pm,60,Cross Road,"CURVED, VIEW OPEN",Level,Wet,Raining,Daylight,Hit Fixed Object,Traffic Signals
2017-9102-15/08/2019,1,2,Passenger,Male,019,Front Seat Left Passenger,Not Thrown Out,Treated at Hospital,Fitted - Worn,Station Wagon,Provisional 2,Straight Ahead,2.0,2 Metropolitan,2,2,Thursday,05:25 pm,60,Cross Road,"CURVED, VIEW OPEN",Level,Wet,Raining,Daylight,Hit Fixed Object,Traffic Signals
2017-9103-15/08/2019,1,1,Driver,Male,017,Driver,Not Thrown Out,Treated at Hospital,Fitted - Worn,Station Wagon,Provisional 1 ,Right Turn,1.0,3 Country,3,3,Thursday,06:35 pm,110,T-Junction,Straight road,Level,Dry,Not Raining,Night,Right Angle,No Control
2017-9103-15/08/2019,2,1,Driver,Female,XXX,Driver,Not Thrown Out,Treated at Hospital,Fitted - Worn,Motor Cars - Sedan,Learners,Straight Ahead,2.0,3 Country,3,3,Thursday,06:35 pm,110,T-Junction,Straight road,Level,Dry,Not Raining,Night,Right Angle,No Control
2017-9103-15/08/2019,2,2,Passenger,Female,052,Front Seat Left Passenger,Not Thrown Out,Treated at Hospital,Fitted - Worn,Motor Cars - Sedan,Learners,Straight Ahead,2.0,3 Country,3,3,Thursday,06:35 pm,110,T-Junction,Straight road,Level,Dry,Not Raining,Night,Right Angle,No Control
2017-9105-15/08/2019,1,1,Rider,Male,016,Rider of Motorcycle,Thrown Out,Treated at Hospital,,Motor Cycle,Learners,Swerving,1.0,3 Country,2,1,Tuesday,09:00 pm,50,Not Divided,"CURVED, VIEW OPEN",Level,Dry,Not Raining,Night,Hit Fixed Object,No Control
2017-9110-15/08/2019,2,1,Driver,Male,071,Driver,Not Thrown Out,Treated at Hospital,Fitted - Worn,Motor Cars - Sedan,Full,Straight Ahead,1.0,2 Metropolitan,2,1,Thursday,08:00 am,50,T-Junction,Straight road,Level,Dry,Not Raining,Daylight,Right Turn,No Control
2017-9111-15/08/2019,1,1,Driver,Female,018,Driver,Not Thrown Out,Treated at Hospital,Fitted - Worn,Motor Cars - Sedan,Provisional 2,Straight Ahead,1.0,2 Metropolitan,2,1,Friday,07:45 am,80,Not Divided,"CURVED, VIEW OPEN",Level,Wet,Raining,Daylight,Hit Fixed Object,No Control
2017-9114-15/08/2019,1,1,Driver,Female,028,Driver,Not Thrown Out,By Private,Fitted - Worn,Motor Cars - Sedan,Full,Stopped on Carriageway,1.0,2 Metropolitan,3,1,Friday,08:10 am,60,Not Divided,Straight road,Level,Dry,Not Raining,Daylight,Rear End,No Control
2017-9116-15/08/2019,1,1,Driver,Male,032,Driver,Not Thrown Out,By Private,Fitted - Worn,Utility,Full,Stopped on Carriageway,1.0,2 Metropolitan,2,1,Thursday,12:15 pm,50,Not Divided,Straight road,Level,Dry,Not Raining,Daylight,Rear End,No Control
2017-9117-15/08/2019,1,1,Driver,Male,055,Driver,Not Thrown Out,By Private,Fitted - Worn,Motor Cars - Sedan,Full,Stopped on Carriageway,1.0,2 Metropolitan,3,2,Thursday,05:30 pm,60,Not Divided,Straight road,Level,Dry,Not Raining,Daylight,Rear End,No Control
2017-9117-15/08/2019,2,1,Driver,Female,028,Driver,Not Thrown Out,By Private,Fitted - Worn,Motor Cars - Sedan,Full,Straight Ahead,1.0,2 Metropolitan,3,2,Thursday,05:30 pm,60,Not Divided,Straight road,Level,Dry,Not Raining,Daylight,Rear End,No Control
2017-9118-15/08/2019,1,1,Driver,Female,039,Driver,Not Thrown Out,Admitted to Hospital,Fitted - Worn,Motor Cars - Sedan,Unlicenced,Straight Ahead,2.0,2 Metropolitan,2,2,Friday,10:00 am,50,Not Divided,Straight road,Level,Dry,Not Raining,Daylight,Hit Parked Vehicle,No Control
2017-9118-15/08/2019,1,2,Passenger,Male,015,Front Seat Left Passenger,Not Thrown Out,Treated at Hospital,Fitted - Worn,Motor Cars - Sedan,Unlicenced,Straight Ahead,2.0,2 Metropolitan,2,2,Friday,10:00 am,50,Not Divided,Straight road,Level,Dry,Not Raining,Daylight,Hit Parked Vehicle,No Control
2017-9122-15/08/2019,2,1,Pedestrian,Male,070,,,Admitted to Hospital,,Pedestrian on Road,,Crossing without Control,,2 Metropolitan,2,1,Friday,12:15 pm,60,T-Junction,Straight road,Level,Dry,Not Raining,Daylight,Hit Pedestrian,No Control
2017-9123-15/08/2019,1,1,Driver,Male,066,Driver,Not Thrown Out,Treated at Hospital,Fitted - Worn,SEMI TRAILER,Unlicenced,Straight Ahead,1.0,3 Country,1,1,Friday,12:35 pm,100,Not Divided,"CURVED, VIEW OBSCURED",Slope,Dry,Not Raining,Daylight,Roll Over,No Control
2017-9124-15/08/2019,2,1,Driver,Female,046,Driver,Not Thrown Out,Treated at Hospital,Fitted - Worn,Motor Cars - Sedan,Full,Right Turn,1.0,2 Metropolitan,2,1,Thursday,09:10 pm,60,T-Junction,Straight road,Level,Dry,Not Raining,Night,Right Angle,Traffic Signals
2017-9130-15/08/2019,2,1,Driver,Female,044,Driver,Not Thrown Out,By Private,Fitted - Worn,Motor Cars - Sedan,Full,Stopped on Carriageway,1.0,1 City,2,1,Thursday,05:30 pm,50,Not Divided,Straight road,Level,Dry,Not Raining,Daylight,Rear End,No Control
2017-9131-15/08/2019,1,1,Driver,Female,031,Driver,Not Thrown Out,By Private,Fitted - Worn,Motor Cars - Sedan,Full,Stopped on Carriageway,1.0,2 Metropolitan,2,1,Friday,07:30 am,70,T-Junction,Straight road,Level,Dry,Not Raining,Daylight,Rear End,Traffic Signals
2017-9133-15/08/2019,1,1,Driver,Male,025,Driver,Not Thrown Out,Treated at Hospital,Fitted - Worn,Motor Cars - Sedan,Full,Straight Ahead,1.0,2 Metropolitan,2,1,Thursday,08:00 pm,60,Cross Road,Straight road,Level,Dry,Not Raining,Night,Rear End,Traffic Signals
2017-9138-15/08/2019,1,1,Driver,Male,083,Driver,Not Thrown Out,Fatal,Fitted - Worn,Motor Cars - Sedan,Full,Straight Ahead,1.0,2 Metropolitan,5,1,Friday,05:30 pm,60,Divided Road,Straight road,Level,Dry,Not Raining,Daylight,Hit Fixed Object,No Control
2017-9142-15/08/2019,2,1,Driver,Female,071,Driver,Not Thrown Out,Treated at Hospital,Fitted - Worn,Motor Cars - Sedan,Full,Straight Ahead,1.0,2 Metropolitan,2,1,Friday,07:25 pm,50,T-Junction,Straight road,Level,Dry,Not Raining,Night,Right Turn,No Control
2017-9144-15/08/2019,1,1,Driver,Male,046,Driver,Not Thrown Out,By Private,Fitted - Worn,Motor Cars - Sedan,Unknown,Swerving,1.0,3 Country,1,1,Friday,08:00 pm,110,Not Divided,Straight road,Level,Dry,Not Raining,Night,Roll Over,No Control
2017-9146-15/08/2019,1,1,Driver,Male,019,Driver,Not Thrown Out,Treated at Hospital,Fitted - Worn,Motor Cars - Sedan,Provisional 2,Right Turn,2.0,2 Metropolitan,2,2,Saturday,01:27 am,60,Cross Road,Straight road,Level,Dry,Not Raining,Night,Right Angle,Traffic Signals
2017-9146-15/08/2019,1,2,Passenger,Male,045,Front Seat Left Passenger,Not Thrown Out,Treated at Hospital,Fitted - Worn,Motor Cars - Sedan,Provisional 2,Right Turn,2.0,2 Metropolitan,2,2,Saturday,01:27 am,60,Cross Road,Straight road,Level,Dry,Not Raining,Night,Right Angle,Traffic Signals
2017-9150-15/08/2019,1,1,Driver,Female,019,Driver,Not Thrown Out,Treated at Hospital,Fitted - Worn,Motor Cars - Sedan,Provisional 2,Straight Ahead,1.0,2 Metropolitan,2,2,Saturday,10:40 am,60,Cross Road,Straight road,Level,Dry,Not Raining,Daylight,Right Turn,Stop Sign
2017-9150-15/08/2019,2,1,Driver,Female,036,Driver,Not Thrown Out,Treated at Hospital,Fitted - Worn,Motor Cars - Sedan,Full,Right Turn,1.0,2 Metropolitan,2,2,Saturday,10:40 am,60,Cross Road,Straight road,Level,Dry,Not Raining,Daylight,Right Turn,Stop Sign
2017-9155-15/08/2019,2,1,Rider,Male,022,Rider of Motorcycle,Thrown Out,Treated at Hospital,,Motor Cycle,Learners,Straight Ahead,1.0,2 Metropolitan,2,1,Saturday,10:30 am,80,Not Divided,"CURVED, VIEW OPEN",Slope,Dry,Not Raining,Daylight,Head On,No Control
2017-9162-15/08/2019,1,1,Rider,Male,XXX,,Thrown Out,Treated at Hospital,,Pedal Cycle,,Straight Ahead,1.0,2 Metropolitan,1,1,Saturday,01:45 pm,60,Not Divided,"CURVED, VIEW OPEN",Slope,Dry,Not Raining,Daylight,Other,No Control
2017-9163-15/08/2019,2,1,Rider,Male,057,Rider of Motorcycle,Thrown Out,Treated at Hospital,,Motor Cycle,Full,Straight Ahead,1.0,2 Metropolitan,2,1,Saturday,03:05 pm,80,Cross Road,Straight road,Slope,Dry,Not Raining,Daylight,Right Angle,Give Way Sign
2017-9164-15/08/2019,1,1,Driver,Male,033,Driver,Not Thrown Out,Treated at Hospital,Fitted - Worn,Motor Cars - Sedan,Full,Straight Ahead,2.0,2 Metropolitan,3,1,Saturday,03:45 pm,60,Multiple,Straight road,Level,Dry,Not Raining,Daylight,Right Angle,Traffic Signals
2017-9165-15/08/2019,1,1,Driver,Male,021,Driver,Not Thrown Out,By Private,Fitted - Worn,Motor Cars - Sedan,Unlicenced,Straight Ahead,1.0,2 Metropolitan,2,1,Saturday,04:05 pm,60,T-Junction,Straight road,Level,Dry,Not Raining,Daylight,Hit Fixed Object,No Control
2017-9166-15/08/2019,2,1,Driver,Female,079,Driver,Not Thrown Out,Treated at Hospital,Fitted - Worn,Motor Cars - Sedan,Full,Right Turn,1.0,2 Metropolitan,2,1,Saturday,05:55 pm,60,T-Junction,Straight road,Level,Dry,Not Raining,Daylight,Right Angle,No Control
2017-9167-15/08/2019,1,1,Driver,Female,XXX,Driver,Not Thrown Out,By Private,Fitted - Worn,Motor Cars - Sedan,Full,Stopped on Carriageway,1.0,2 Metropolitan,2,1,Thursday,09:15 am,60,Cross Road,Straight road,Level,Dry,Not Raining,Daylight,Rear End,Traffic Signals
2017-9168-15/08/2019,2,1,Driver,Female,055,Driver,Not Thrown Out,By Private,Fitted - Worn,Motor Cars - Sedan,Full,Straight Ahead,1.0,2 Metropolitan,2,1,Friday,08:50 pm,60,T-Junction,Straight road,Slope,Dry,Not Raining,Night,Right Turn,Traffic Signals
2017-9173-15/08/2019,1,1,Driver,Male,037,Driver,Not Thrown Out,Treated at Hospital,Fitted - Worn,Motor Cars - Sedan,Unknown,Straight Ahead,1.0,3 Country,2,1,Sunday,12:35 am,50,Cross Road,Straight road,Level,Dry,Not Raining,Night,Hit Fixed Object,Give Way Sign
2017-9178-15/08/2019,2,1,Pedestrian,Male,014,,,Treated at Hospital,,Pedestrian on Road,,Crossing without Control,,2 Metropolitan,2,1,Sunday,09:30 am,60,Cross Road,Straight road,Level,Dry,Not Raining,Daylight,Hit Pedestrian,Give Way Sign
2017-9182-15/08/2019,1,1,Driver,Male,045,Driver,Not Thrown Out,Treated at Hospital,Fitted - Worn,Station Wagon,Full,Straight Ahead,1.0,2 Metropolitan,3,1,Sunday,10:15 am,60,Divided Road,Straight road,Level,Dry,Not Raining,Daylight,Rear End,No Control
2017-9184-15/08/2019,1,1,Rider,Male,066,,Thrown Out,By Private,,Pedal Cycle,,Straight Ahead,1.0,2 Metropolitan,2,1,Sunday,10:30 am,50,Not Divided,Straight road,Level,Dry,Not Raining,Daylight,Rear End,No Control
2017-9185-15/08/2019,2,1,Pedestrian,Female,XXX,,,Treated at Hospital,,Pedestrian on Road,,Crossing without Control,,2 Metropolitan,2,1,Sunday,12:50 pm,60,Cross Road,Straight road,Level,Dry,Not Raining,Daylight,Hit Pedestrian,No Control
2017-9186-15/08/2019,1,1,Driver,Male,041,Driver,Not Thrown Out,Treated at Hospital,Fitted - Worn,Motor Cars - Sedan,Full,Straight Ahead,1.0,2 Metropolitan,2,1,Friday,07:00 pm,60,T-Junction,Straight road,Level,Dry,Not Raining,Night,Right Turn,Stop Sign