REPORT_ID,UND_UNIT_NUMBER,CASUALTY_NUMBER,Casualty Type,Sex_x,AGE,Position In Veh,Thrown Out,Injury Extent,Seat Belt,Unit Type,Licence Type,Unit Movement,Number Occupants,Stats Area,Total Units,Total Cas,Day,Time,Area Speed,Position Type,Horizontal Align,Vertical Align,Moisture Cond,Weather Cond,DayNight,Crash Type,Traffic Ctrls
2017-9189-15/08/2019,2,1,Passenger,Female,011,Rear Seat Middle Passenger,Not Thrown Out,Treated at Hospital,Fitted - Worn,Motor Cars - Sedan,Full,Straight Ahead,5.0,2 Metropolitan,3,2,Sunday,02:30 pm,60,Cross Road,Straight road,Level,Dry,Not Raining,Daylight,Rear End,Give Way Sign
2017-9189-15/08/2019,2,2,Passenger,Female,011,Rear Seat Right Passenger,Not Thrown Out,Treated at Hospital,Fitted - Worn,Motor Cars - Sedan,Full,Straight Ahead,5.0,2 Metropolitan,3,2,Sunday,02:30 pm,60,Cross Road,Straight road,Level,Dry,Not Raining,Daylight,Rear End,Give Way Sign
2017-9190-15/08/2019,2,1,Driver,Male,035,Driver,Not Thrown Out,Treated at Hospital,Fitted - Worn,Motor Cars - Sedan,Unknown,Straight Ahead,2.0,3 Country,2,1,Sunday,02:45 pm,80,Not Divided,"CURVED, VIEW OBSCURED",Level,Dry,Not Raining,Daylight,Head On,No Control
2017-9191-15/08/2019,1,1,Driver,Female,039,Driver,Not Thrown Out,Treated at Hospital,Fitted - Worn,Motor Cars - Sedan,Full,Straight Ahead,1.0,1 City,2,1,Saturday,08:39 pm,50,Cross Road,Straight road,Level,Dry,Not Raining,Night,Right Turn,Traffic Signals
2017-9194-15/08/2019,2,1,Driver,Male,086,Driver,Not Thrown Out,Treated at Hospital,Fitted - Unknown if Worn,Motor Cars - Sedan,Full,Entering Private Driveway,1.0,2 Metropolitan,2,1,Sunday,03:25 pm,60,T-Junction,Straight road,Level,Dry,Not Raining,Daylight,Right Turn,Traffic Signals
2017-9195-15/08/2019,1,1,Driver,Female,053,Driver,Not Thrown Out,Treated at Hospital,Fitted - Worn,Motor Cars - Sedan,Full,Straight Ahead,2.0,2 Metropolitan,2,1,Sunday,05:00 pm,60,Cross Road,Straight road,Level,Dry,Not Raining,Daylight,Rear End,Traffic Signals
2017-9198-15/08/2019,1,1,Driver,Male,027,Driver,Not Thrown Out,Admitted to Hospital,Fitted - Unknown if Worn,Station Wagon,Unlicenced,Straight Ahead,2.0,3 Country,1,2,Sunday,06:34 pm,110,Not Divided,Straight road,Level,Dry,Not Raining,Night,Roll Over,No Control
2017-9198-15/08/2019,1,2,Passenger,Female,021,Front Seat Left Passenger,Not Thrown Out,Admitted to Hospital,Fitted - Worn,Station Wagon,Unlicenced,Straight Ahead,2.0,3 Country,1,2,Sunday,06:34 pm,110,Not Divided,Straight road,Level,Dry,Not Raining,Night,Roll Over,No Control
2017-9201-15/08/2019,2,1,Rider,Male,047,Rider of Motorcycle,Thrown Out,Admitted to Hospital,,Motor Cycle,Full,Straight Ahead,1.0,2 Metropolitan,3,1,Sunday,11:50 am,50,T-Junction,Straight road,Level,Dry,Not Raining,Daylight,Right Turn,No Control
2017-9208-15/08/2019,1,1,Driver,Female,049,Driver,Not Thrown Out,Treated at Hospital,Fitted - Worn,Motor Cars - Sedan,Full,Straight Ahead,1.0,2 Metropolitan,2,1,Monday,09:35 am,60,Divided Road,Straight road,Level,Dry,Not Raining,Daylight,Hit Parked Vehicle,No Control
2017-9212-15/08/2019,1,1,Driver,Female,051,Driver,Not Thrown Out,Admitted to Hospital,Fitted - Worn,Motor Cars - Sedan,Full,Straight Ahead,1.0,3 Country,1,1,Monday,10:55 am,100,Not Divided,Straight road,Level,Dry,Not Raining,Daylight,Roll Over,No Control
2017-9214-15/08/2019,1,1,Passenger,Female,066,Front Seat Left Passenger,Not Thrown Out,Treated at Hospital,Fitted - Worn,Station Wagon,Full,Straight Ahead,2.0,2 Metropolitan,3,2,Monday,11:35 am,60,Divided Road,Straight road,Level,Dry,Not Raining,Daylight,Rear End,No Control
2017-9214-15/08/2019,2,1,Driver,Male,040,Driver,Not Thrown Out,Treated at Hospital,Fitted - Worn,Motor Cars - Sedan,Full,Stopped on Carriageway,1.0,2 Metropolitan,3,2,Monday,11:35 am,60,Divided Road,Straight road,Level,Dry,Not Raining,Daylight,Rear End,No Control
2017-9220-15/08/2019,1,1,Driver,Female,029,Driver,Not Thrown Out,By Private,Fitted - Worn,Motor Cars - Sedan,Unknown,Straight Ahead,1.0,2 Metropolitan,2,1,Monday,03:51 pm,60,Divided Road,Straight road,Slope,Dry,Not Raining,Daylight,Side Swipe,No Control
2017-9225-15/08/2019,1,1,Driver,Female,054,Driver,Not Thrown Out,Treated at Hospital,Fitted - Worn,Station Wagon,Full,Straight Ahead,1.0,3 Country,2,2,Monday,03:25 pm,60,Cross Road,Straight road,Slope,Dry,Not Raining,Daylight,Right Angle,Stop Sign
2017-9225-15/08/2019,2,1,Driver,Male,018,Driver,Not Thrown Out,Treated at Hospital,Fitted - Worn,Motor Cars - Sedan,Provisional 2,Straight Ahead,1.0,3 Country,2,2,Monday,03:25 pm,60,Cross Road,Straight road,Slope,Dry,Not Raining,Daylight,Right Angle,Stop Sign
2017-9228-15/08/2019,1,1,Driver,Female,039,Driver,Not Thrown Out,By Private,Fitted - Worn,Motor Cars - Sedan,Full,Stopped on Carriageway,1.0,2 Metropolitan,2,1,Monday,08:32 am,50,T-Junction,Straight road,Level,Dry,Not Raining,Daylight,Rear End,No Control
2017-9230-15/08/2019,1,1,Rider,Male,048,,Thrown Out,Treated at Hospital,,Pedal Cycle,,Straight Ahead,1.0,2 Metropolitan,2,1,Monday,05:10 pm,50,Not Divided,Straight road,Level,Dry,Not Raining,Daylight,Hit Fixed Object,No Control
2017-9231-15/08/2019,1,1,Rider,Male,045,Rider of Motorcycle,Thrown Out,Treated at Hospital,,Motor Cycle,Full,Swerving,1.0,3 Country,1,1,Sunday,11:00 am,80,Not Divided,Straight road,Slope,Dry,Not Raining,Daylight,Roll Over,No Control
2017-9235-15/08/2019,1,1,Driver,Female,041,Driver,Not Thrown Out,Treated at Hospital,Fitted - Worn,Motor Cars - Sedan,Unknown,Straight Ahead,1.0,2 Metropolitan,2,1,Monday,07:10 pm,60,T-Junction,Straight road,Slope,Dry,Not Raining,Night,Hit Parked Vehicle,No Control
2017-9238-15/08/2019,1,1,Driver,Female,020,Driver,Not Thrown Out,Treated at Hospital,Fitted - Worn,Motor Cars - Sedan,Provisional 2,Straight Ahead,1.0,2 Metropolitan,3,1,Monday,04:49 pm,60,T-Junction,"CURVED, VIEW OPEN",Level,Dry,Not Raining,Daylight,Right Turn,No Control
2017-9241-15/08/2019,1,1,Driver,Male,019,Driver,Not Thrown Out,Treated at Hospital,Fitted - Worn,Utility,Provisional 2,Swerving,1.0,3 Country,2,1,Sunday,09:30 pm,100,Not Divided,Straight road,Crest of Hill,Dry,Not Raining,Night,Hit Fixed Object,No Control
2017-9242-15/08/2019,1,1,Driver,Female,025,Driver,Not Thrown Out,Treated at Hospital,Fitted - Worn,Motor Cars - Sedan,Full,Left Turn,1.0,2 Metropolitan,2,1,Monday,10:00 pm,60,T-Junction,"CURVED, VIEW OPEN",Level,Wet,Raining,Night,Hit Fixed Object,No Control
2017-9243-15/08/2019,1,1,Driver,Female,051,Driver,Not Thrown Out,Treated at Hospital,Fitted - Worn,Motor Cars - Sedan,Full,Straight Ahead,1.0,2 Metropolitan,2,1,Monday,10:38 pm,60,T-Junction,Straight road,Level,Wet,Raining,Night,Right Angle,No Control
2017-9246-15/08/2019,1,1,Driver,Male,071,Driver,Not Thrown Out,Treated at Hospital,Fitted - Worn,Utility,Full,Straight Ahead,1.0,3 Country,1,1,Monday,01:00 pm,110,Not Divided,"CURVED, VIEW OPEN",Level,Dry,Not Raining,Daylight,Roll Over,No Control
2017-9247-15/08/2019,2,1,Pedestrian,Male,013,,,Treated at Hospital,,Pedestrian on Road,,Crossing without Control,,2 Metropolitan,2,1,Tuesday,08:30 am,50,T-Junction,Straight road,Slope,Dry,Not Raining,Daylight,Hit Pedestrian,No Control
2017-9252-15/08/2019,1,1,Driver,Male,070,Driver,Not Thrown Out,Treated at Hospital,Fitted - Worn,Station Wagon,Full,Straight Ahead,1.0,2 Metropolitan,2,1,Tuesday,08:40 am,50,Cross Road,Straight road,Level,Dry,Not Raining,Daylight,Right Angle,Give Way Sign
2017-9253-15/08/2019,1,1,Driver,Female,051,Driver,Not Thrown Out,Treated at Hospital,Fitted - Worn,Motor Cars - Sedan,Full,Stopped on Carriageway,1.0,2 Metropolitan,2,1,Tuesday,10:12 am,60,Cross Road,Straight road,Level,Dry,Not Raining,Daylight,Rear End,Traffic Signals
2017-9254-15/08/2019,2,1,Driver,Male,040,Driver,Not Thrown Out,Treated at Hospital,Fitted - Worn,Motor Cars - Sedan,Full,Straight Ahead,1.0,2 Metropolitan,2,1,Tuesday,07:50 am,60,Not Divided,"CURVED, VIEW OBSCURED",Level,Dry,Not Raining,Daylight,Head On,No Control
2017-9256-15/08/2019,1,1,Rider,Male,017,Rider of Motorcycle,Thrown Out,Treated at Hospital,,Motor Cycle,Learners,Right Turn,1.0,3 Country,2,1,Tuesday,08:30 am,100,T-Junction,"CURVED, VIEW OBSCURED",Level,Dry,Not Raining,Daylight,Side Swipe,No Control
2017-9262-15/08/2019,1,1,Driver,Male,XXX,Driver,Not Thrown Out,By Private,Fitted - Unknown if Worn,Motor Cars - Sedan,Full,Stopped on Carriageway,2.0,2 Metropolitan,2,2,Monday,05:10 pm,60,T-Junction,Straight road,Level,Dry,Not Raining,Daylight,Rear End,Traffic Signals
2017-9262-15/08/2019,1,2,Passenger,Female,020,Front Seat Left Passenger,Not Thrown Out,By Private,Fitted - Worn,Motor Cars - Sedan,Full,Stopped on Carriageway,2.0,2 Metropolitan,2,2,Monday,05:10 pm,60,T-Junction,Straight road,Level,Dry,Not Raining,Daylight,Rear End,Traffic Signals
2017-9265-15/08/2019,1,1,Driver,Male,034,Driver,Not Thrown Out,Treated at Hospital,Fitted - Worn,Station Wagon,Full,Stopped on Carriageway,1.0,2 Metropolitan,2,1,Tuesday,04:45 pm,60,Not Divided,Straight road,Level,Wet,Raining,Daylight,Rear End,No Control
2017-9266-15/08/2019,1,1,Driver,Female,056,Driver,Not Thrown Out,Treated at Hospital,Fitted - Worn,Station Wagon,Full,Stopped on Carriageway,1.0,2 Metropolitan,2,1,Tuesday,12:40 pm,80,Divided Road,Straight road,Level,Dry,Not Raining,Daylight,Rear End,No Control
2017-9268-15/08/2019,1,1,Rider,Male,046,,Thrown Out,By Private,,Pedal Cycle,,Straight Ahead,1.0,2 Metropolitan,2,1,Monday,07:30 pm,60,T-Junction,Straight road,Level,Dry,Not Raining,Night,Right Angle,No Control
2017-9269-15/08/2019,1,1,Rider,Male,047,Rider of Motorcycle,Thrown Out,Admitted to Hospital,,Motor Cycle,Unknown,Straight Ahead,1.0,3 Country,2,1,Tuesday,10:00 am,100,Not Divided,Straight road,Unknown,Dry,Not Raining,Daylight,Hit Animal,No Control
2017-9270-15/08/2019,2,1,Driver,Female,077,Driver,Not Thrown Out,Treated at Hospital,Fitted - Worn,Motor Cars - Sedan,Full,Right Turn,1.0,2 Metropolitan,2,1,Monday,09:00 pm,60,Multiple,Straight road,Level,Dry,Not Raining,Night,Right Turn,No Control
2017-9271-15/08/2019,2,1,Pedestrian,Female,057,,,By Private,,Pedestrian on Road,,Crossing without Control,,2 Metropolitan,2,1,Wednesday,05:30 pm,60,Cross Road,Straight road,Level,Dry,Not Raining,Daylight,Hit Pedestrian,Traffic Signals
2017-9277-15/08/2019,2,1,Rider,Male,019,Rider of Motorcycle,Thrown Out,Treated at Hospital,,Motor Cycle,Learners,Straight Ahead,1.0,2 Metropolitan,2,1,Tuesday,04:50 pm,60,Divided Road,Straight road,Level,Dry,Not Raining,Daylight,Rear End,No Control
2017-9278-15/08/2019,1,1,Rider,Male,069,,Thrown Out,Treated at Hospital,,Pedal Cycle,,Straight Ahead,1.0,2 Metropolitan,1,1,Tuesday,03:55 pm,50,T-Junction,Straight road,Slope,Dry,Not Raining,Daylight,Roll Over,No Control
2017-9284-15/08/2019,1,1,Driver,Male,042,Driver,Not Thrown Out,Treated at Hospital,Fitted - Worn,Motor Cars - Sedan,Full,Straight Ahead,1.0,2 Metropolitan,2,1,Tuesday,05:35 pm,60,T-Junction,Straight road,Level,Dry,Not Raining,Daylight,Right Angle,No Control
2017-9286-15/08/2019,1,1,Driver,Female,039,Driver,Not Thrown Out,Treated at Hospital,Fitted - Worn,Station Wagon,Full,Straight Ahead,1.0,2 Metropolitan,2,1,Tuesday,05:27 pm,80,Divided Road,Straight road,Level,Dry,Not Raining,Daylight,Rear End,No Control
2017-9287-15/08/2019,1,1,Driver,Female,034,Driver,Not Thrown Out,By Private,Fitted - Worn,Station Wagon,Full,Left Turn,3.0,2 Metropolitan,2,1,Monday,05:00 pm,70,Cross Road,Straight road,Level,Dry,Not Raining,Daylight,Rear End,Traffic Signals
2017-9290-15/08/2019,1,1,Driver,Male,022,Driver,Not Thrown Out,Treated at Hospital,Fitted - Unknown if Worn,Station Wagon,Full,Right Turn,1.0,2 Metropolitan,3,1,Tuesday,04:05 pm,50,T-Junction,Straight road,Level,Dry,Not Raining,Daylight,Hit Fixed Object,No Control
2017-9293-15/08/2019,2,1,Pedestrian,Male,064,,,Treated at Hospital,,Pedestrian on Footpath/Carpark,,Walking on Footpath,,1 City,2,1,Tuesday,06:30 am,50,Not Divided,Straight road,Level,Dry,Not Raining,Daylight,Hit Pedestrian,No Control
2017-9298-15/08/2019,1,1,Driver,Female,029,Driver,Not Thrown Out,Treated at Hospital,Fitted - Worn,Motor Cars - Sedan,Unlicenced,Straight Ahead,3.0,2 Metropolitan,2,1,Tuesday,12:30 pm,50,Not Divided,Straight road,Level,Dry,Not Raining,Daylight,Hit Parked Vehicle,No Control
2017-9299-15/08/2019,2,1,Driver,Female,055,Driver,Not Thrown Out,Treated at Hospital,Fitted - Worn,Motor Cars - Sedan,Full,Right Turn,1.0,2 Metropolitan,2,1,Wednesday,07:58 am,60,T-Junction,Straight road,Level,Dry,Not Raining,Daylight,Right Angle,No Control
2017-9303-15/08/2019,1,1,Passenger,Female,XXX,Rear Seat Right Passenger,Not Thrown Out,Treated at Hospital,Fitted - Worn,Motor Cars - Sedan,Provisional 2,Straight Ahead,3.0,2 Metropolitan,3,1,Wednesday,08:50 am,60,Divided Road,Straight road,Level,Dry,Not Raining,Daylight,Hit Fixed Object,No Control
2017-9305-15/08/2019,1,1,Driver,Male,055,Driver,Not Thrown Out,Fatal,Fitted - Worn,Station Wagon,Full,Straight Ahead,1.0,3 Country,2,1,Wednesday,07:40 am,100,Not Divided,"CURVED, VIEW OPEN",Level,Dry,Not Raining,Daylight,Hit Fixed Object,No Control
2017-9308-15/08/2019,1,1,Driver,Female,072,Driver,Not Thrown Out,Admitted to Hospital,Fitted - Worn,Motor Cars - Sedan,Full,Straight Ahead,1.0,2 Metropolitan,3,1,Wednesday,08:00 am,50,Rail Crossing,Straight road,Level,Wet,Raining,Daylight,Rear End,Rail Xing - Boom
2017-9309-15/08/2019,2,1,Driver,Male,043,Driver,Not Thrown Out,Treated at Hospital,Fitted - Worn,Motor Cars - Sedan,Full,Straight Ahead,1.0,2 Metropolitan,2,1,Wednesday,09:09 am,60,Divided Road,Straight road,Level,Wet,Raining,Daylight,Rear End,No Control
2017-9316-15/08/2019,2,1,Rider,Male,040,,Thrown Out,By Private,,Pedal Cycle,,Straight Ahead,1.0,2 Metropolitan,2,1,Wednesday,07:50 am,60,Not Divided,Straight road,Level,Wet,Raining,Daylight,Right Angle,No Control
2017-9318-15/08/2019,1,1,Driver,Male,041,Driver,Not Thrown Out,By Private,Fitted - Worn,Motor Cars - Sedan,Full,Stopped on Carriageway,1.0,2 Metropolitan,2,1,Tuesday,04:45 pm,60,T-Junction,Straight road,Level,Dry,Not Raining,Daylight,Rear End,Stop Sign
2017-9319-15/08/2019,1,1,Driver,Male,045,Driver,Not Thrown Out,By Private,Fitted - Worn,Motor Cars - Sedan,Full,Stopped on Carriageway,2.0,2 Metropolitan,2,1,Wednesday,09:40 am,60,T-Junction,Straight road,Level,Dry,Not Raining,Daylight,Rear End,Traffic Signals
2017-9320-15/08/2019,1,1,Driver,Male,046,Driver,Not Thrown Out,By Private,Fitted - Worn,Motor Cars - Sedan,Full,Stopped on Carriageway,1.0,2 Metropolitan,2,1,Wednesday,09:15 am,60,Divided Road,Straight road,Slope,Wet,Not Raining,Daylight,Rear End,No Control
2017-9322-15/08/2019,1,1,Passenger,Male,XXX,Rear Seat Right Passenger,Not Thrown Out,Treated at Hospital,Fitted - Worn,Motor Cars - Sedan,Full,Straight Ahead,3.0,2 Metropolitan,2,1,Tuesday,08:25 pm,50,Not Divided,"CURVED, VIEW OPEN",Level,Dry,Not Raining,Night,Head On,No Control
2017-9326-15/08/2019,1,1,Driver,Male,018,Driver,Not Thrown Out,By Private,Fitted - Worn,Motor Cars - Sedan,Provisional 2,Straight Ahead,2.0,2 Metropolitan,2,1,Wednesday,04:00 pm,60,Cross Road,Straight road,Level,Wet,Not Raining,Daylight,Right Turn,Traffic Signals
2017-9327-15/08/2019,1,1,Driver,Female,042,Driver,Not Thrown Out,By Private,Fitted - Worn,Motor Cars - Sedan,Full,Straight Ahead,1.0,2 Metropolitan,3,1,Wednesday,03:00 pm,80,Not Divided,"CURVED, VIEW OPEN",Slope,Wet,Raining,Daylight,Hit Fixed Object,No Control
2017-9329-15/08/2019,2,1,Pedestrian,Female,012,,,Treated at Hospital,,Pedestrian on Road,,Crossing without Control,,2 Metropolitan,2,1,Wednesday,05:25 pm,60,Divided Road,Straight road,Level,Wet,Raining,Daylight,Hit Pedestrian,No Control
2017-9330-15/08/2019,1,1,Driver,Female,045,Driver,Not Thrown Out,Treated at Hospital,Fitted - Worn,Motor Cars - Sedan,Full,Straight Ahead,2.0,2 Metropolitan,2,2,Wednesday,05:30 pm,80,Cross Road,Straight road,Level,Dry,Not Raining,Daylight,Right Angle,Traffic Signals
2017-9330-15/08/2019,1,2,Passenger,Male,014,Front Seat Left Passenger,Not Thrown Out,Treated at Hospital,Fitted - Worn,Motor Cars - Sedan,Full,Straight Ahead,2.0,2 Metropolitan,2,2,Wednesday,05:30 pm,80,Cross Road,Straight road,Level,Dry,Not Raining,Daylight,Right Angle,Traffic Signals
2017-9333-15/08/2019,1,1,Driver,Female,028,Driver,Not Thrown Out,Treated at Hospital,Fitted - Worn,Motor Cars - Sedan,Full,Straight Ahead,1.0,3 Country,3,2,Wednesday,05:40 pm,80,Not Divided,Straight road,Level,Dry,Not Raining,Daylight,Rear End,No Control
2017-9333-15/08/2019,3,1,Driver,Female,027,Driver,Not Thrown Out,By Private,Fitted - Worn,Motor Cars - Sedan,Full,Straight Ahead,1.0,3 Country,3,2,Wednesday,05:40 pm,80,Not Divided,Straight road,Level,Dry,Not Raining,Daylight,Rear End,No Control
2017-9336-15/08/2019,1,1,Rider,Male,036,Rider of Motorcycle,Thrown Out,Admitted to Hospital,,Motor Cycle,Unlicenced,Left Turn,1.0,2 Metropolitan,1,1,Wednesday,01:00 pm,60,T-Junction,Straight road,Level,Unknown,Unknown,Daylight,Roll Over,No Control
2017-9344-15/08/2019,1,1,Driver,Female,054,Driver,Not Thrown Out,By Private,Fitted - Worn,Motor Cars - Sedan,Full,Stopped on Carriageway,1.0,2 Metropolitan,2,1,Wednesday,05:35 pm,50,Cross Road,Straight road,Level,Wet,Raining,Daylight,Rear End,Traffic Signals
2017-9345-15/08/2019,2,1,Driver,Male,054,Driver,Not Thrown Out,Treated at Hospital,Fitted - Worn,Motor Cars - Sedan,Full,Straight Ahead,1.0,2 Metropolitan,2,1,Wednesday,07:55 am,60,Cross Road,Straight road,Level,Wet,Raining,Daylight,Right Turn,Traffic Signals
2017-9350-15/08/2019,1,1,Driver,Female,064,Driver,Not Thrown Out,By Private,Fitted - Worn,Station Wagon,Full,Straight Ahead,1.0,2 Metropolitan,2,1,Wednesday,04:10 pm,50,Not Divided,Straight road,Level,Dry,Not Raining,Daylight,Right Angle,No Control
2017-9351-15/08/2019,2,1,Rider,Female,051,,Thrown Out,Treated at Hospital,,Pedal Cycle,,Right Turn,1.0,2 Metropolitan,2,1,Wednesday,10:40 am,60,T-Junction,Straight road,Level,Dry,Not Raining,Daylight,Right Angle,No Control
2017-9355-15/08/2019,2,1,Driver,Female,025,Driver,Not Thrown Out,Treated at Hospital,Fitted - Worn,Motor Cars - Sedan,Full,Straight Ahead,1.0,2 Metropolitan,2,1,Thursday,06:40 am,60,Cross Road,Straight road,Level,Wet,Raining,Daylight,Rear End,Traffic Signals
2017-9356-15/08/2019,1,1,Driver,Male,027,Driver,Not Thrown Out,By Private,Fitted - Worn,Utility,Full,Parked,1.0,2 Metropolitan,2,1,Thursday,09:10 am,50,Not Divided,Straight road,Level,Wet,Raining,Daylight,Hit Parked Vehicle,No Control
2017-9361-15/08/2019,1,1,Driver,Female,028,Driver,Not Thrown Out,By Private,Fitted - Worn,Motor Cars - Sedan,Full,Stopped on Carriageway,4.0,3 Country,2,2,Wednesday,03:40 pm,50,Cross Road,Straight road,Level,Wet,Raining,Daylight,Rear End,Give Way Sign
2017-9361-15/08/2019,1,2,Passenger,Female,015,Front Seat Left Passenger,Not Thrown Out,By Private,Fitted - Worn,Motor Cars - Sedan,Full,Stopped on Carriageway,4.0,3 Country,2,2,Wednesday,03:40 pm,50,Cross Road,Straight road,Level,Wet,Raining,Daylight,Rear End,Give Way Sign
2017-9363-15/08/2019,1,1,Driver,Male,039,Driver,Not Thrown Out,Admitted to Hospital,Fitted - Worn,Motor Cars - Sedan,Full,Straight Ahead,1.0,3 Country,2,1,Thursday,03:50 pm,50,Cross Road,"CURVED, VIEW OPEN",Slope,Dry,Not Raining,Daylight,Right Angle,Stop Sign
2017-9366-15/08/2019,1,1,Driver,Male,065,Driver,Not Thrown Out,Treated at Hospital,Fitted - Worn,Motor Cars - Sedan,Full,Straight Ahead,1.0,2 Metropolitan,2,1,Thursday,02:15 pm,60,Not Divided,"CURVED, VIEW OPEN",Crest of Hill,Dry,Not Raining,Daylight,Hit Fixed Object,No Control
2017-9367-15/08/2019,1,1,Driver,Female,038,Driver,Not Thrown Out,By Private,Fitted - Worn,Station Wagon,Full,Stopped on Carriageway,1.0,2 Metropolitan,2,1,Thursday,05:00 pm,60,Cross Road,Straight road,Level,Dry,Not Raining,Daylight,Rear End,Traffic Signals
2017-9368-15/08/2019,1,1,Driver,Male,051,Driver,Not Thrown Out,Treated at Hospital,Fitted - Worn,Motor Cars - Sedan,Full,Straight Ahead,1.0,2 Metropolitan,2,1,Thursday,05:27 pm,60,Divided Road,Straight road,Level,Dry,Not Raining,Daylight,Rear End,No Control
2017-9374-15/08/2019,1,1,Driver,Male,090,Driver,Not Thrown Out,Treated at Hospital,Fitted - Worn,Station Wagon,Full,Straight Ahead,1.0,2 Metropolitan,2,1,Thursday,08:00 pm,50,Not Divided,Straight road,Level,Dry,Not Raining,Night,Hit Parked Vehicle,No Control
2017-9375-15/08/2019,2,1,Driver,Male,065,Driver,Not Thrown Out,Treated at Hospital,Fitted - Worn,Motor Cars - Sedan,Full,Stopped on Carriageway,2.0,2 Metropolitan,2,2,Thursday,04:40 pm,60,Divided Road,Straight road,Level,Dry,Not Raining,Daylight,Rear End,No Control
2017-9375-15/08/2019,2,2,Passenger,Female,064,Front Seat Left Passenger,Not Thrown Out,Treated at Hospital,Fitted - Worn,Motor Cars - Sedan,Full,Stopped on Carriageway,2.0,2 Metropolitan,2,2,Thursday,04:40 pm,60,Divided Road,Straight road,Level,Dry,Not Raining,Daylight,Rear End,No Control
2017-9376-15/08/2019,2,1,Driver,Male,032,Driver,Not Thrown Out,By Private,Fitted - Worn,Utility,Full,Stopped on Carriageway,1.0,2 Metropolitan,2,1,Thursday,03:50 pm,60,Divided Road,Straight road,Level,Wet,Raining,Daylight,Rear End,No Control
2017-9386-15/08/2019,1,1,Driver,Male,027,Driver,Not Thrown Out,Treated at Hospital,Fitted - Unknown if Worn,Motor Cars - Sedan,Full,Straight Ahead,1.0,2 Metropolitan,2,1,Wednesday,02:00 pm,80,Not Divided,"CURVED, VIEW OBSCURED",Slope,Wet,Raining,Daylight,Hit Fixed Object,No Control
2017-9393-15/08/2019,1,1,Driver,Female,025,Driver,Not Thrown Out,Treated at Hospital,Fitted - Worn,Station Wagon,Full,Straight Ahead,3.0,3 Country,2,5,Friday,12:08 pm,100,Not Divided,Straight road,Level,Dry,Not Raining,Daylight,Rear End,No Control
2017-9393-15/08/2019,1,2,Passenger,Male,021,Front Seat Left Passenger,Not Thrown Out,Treated at Hospital,Fitted - Worn,Station Wagon,Full,Straight Ahead,3.0,3 Country,2,5,Friday,12:08 pm,100,Not Divided,Straight road,Level,Dry,Not Raining,Daylight,Rear End,No Control
2017-9393-15/08/2019,1,3,Passenger,Female,005,Rear Seat Left Passenger,Not Thrown Out,Treated at Hospital,Child Restraint - Worn,Station Wagon,Full,Straight Ahead,3.0,3 Country,2,5,Friday,12:08 pm,100,Not Divided,Straight road,Level,Dry,Not Raining,Daylight,Rear End,No Control
2017-9393-15/08/2019,2,1,Driver,Male,047,Driver,Not Thrown Out,Treated at Hospital,Fitted - Worn,Station Wagon,Full,Straight Ahead,2.0,3 Country,2,5,Friday,12:08 pm,100,Not Divided,Straight road,Level,Dry,Not Raining,Daylight,Rear End,No Control
2017-9393-15/08/2019,2,2,Passenger,Female,047,Front Seat Left Passenger,Not Thrown Out,Treated at Hospital,Fitted - Worn,Station Wagon,Full,Straight Ahead,2.0,3 Country,2,5,Friday,12:08 pm,100,Not Divided,Straight road,Level,Dry,Not Raining,Daylight,Rear End,No Control
2017-9394-15/08/2019,2,1,Driver,Male,029,Driver,Not Thrown Out,Treated at Hospital,Fitted - Worn,Utility,Full,Straight Ahead,2.0,2 Metropolitan,3,2,Friday,11:30 am,80,Cross Road,Straight road,Slope,Dry,Not Raining,Daylight,Right Angle,Stop Sign
2017-9394-15/08/2019,2,2,Passenger,Male,022,Front Seat Left Passenger,Not Thrown Out,Treated at Hospital,Fitted - Worn,Utility,Full,Straight Ahead,2.0,2 Metropolitan,3,2,Friday,11:30 am,80,Cross Road,Straight road,Slope,Dry,Not Raining,Daylight,Right Angle,Stop Sign
2017-9396-15/08/2019,1,1,Driver,Male,XXX,Driver,Not Thrown Out,Treated at Hospital,Fitted - Worn,Motor Cars - Sedan,Full,Straight Ahead,1.0,2 Metropolitan,3,1,Friday,11:45 am,80,T-Junction,Straight road,Level,Dry,Not Raining,Daylight,Rear End,Traffic Signals
2017-9397-15/08/2019,1,1,Driver,Male,045,Driver,Not Thrown Out,By Private,Fitted - Worn,Utility,Full,Stopped on Carriageway,1.0,2 Metropolitan,2,1,Tuesday,12:15 pm,60,Cross Road,Straight road,Level,Dry,Not Raining,Daylight,Rear End,Traffic Signals
2017-9398-15/08/2019,1,1,Driver,Female,044,Driver,Not Thrown Out,By Private,Fitted - Worn,Motor Cars - Sedan,Full,Stopped on Carriageway,3.0,2 Metropolitan,2,3,Thursday,08:45 am,60,Cross Road,Straight road,Level,Dry,Not Raining,Daylight,Rear End,Give Way Sign
2017-9398-15/08/2019,1,2,Passenger,Male,011,Rear Seat Right Passenger,Not Thrown Out,By Private,Fitted - Worn,Motor Cars - Sedan,Full,Stopped on Carriageway,3.0,2 Metropolitan,2,3,Thursday,08:45 am,60,Cross Road,Straight road,Level,Dry,Not Raining,Daylight,Rear End,Give Way Sign