REPORT_ID,UND_UNIT_NUMBER,CASUALTY_NUMBER,Casualty Type,Sex_x,AGE,Position In Veh,Thrown Out,Injury Extent,Seat Belt,Unit Type,Licence Type,Unit Movement,Number Occupants,Stats Area,Total Units,Total Cas,Day,Time,Area Speed,Position Type,Horizontal Align,Vertical Align,Moisture Cond,Weather Cond,DayNight,Crash Type,Traffic Ctrls
2017-9398-15/08/2019,1,3,Passenger,Male,008,Rear Seat Left Passenger,Not Thrown Out,By Private,Child Restraint - Worn,Motor Cars - Sedan,Full,Stopped on Carriageway,3.0,2 Metropolitan,2,3,Thursday,08:45 am,60,Cross Road,Straight road,Level,Dry,Not Raining,Daylight,Rear End,Give Way Sign
2017-9399-15/08/2019,1,1,Passenger,Male,084,Front Seat Left Passenger,Not Thrown Out,Admitted to Hospital,Fitted - Worn,Motor Cars - Sedan,Full,Leaving Private Driveway,2.0,2 Metropolitan,2,1,Monday,01:10 pm,50,Not Divided,Straight road,Level,Dry,Not Raining,Daylight,Right Angle,No Control
2017-9401-15/08/2019,1,1,Driver,Male,045,Driver,Not Thrown Out,Treated at Hospital,Fitted - Unknown if Worn,Motor Cars - Sedan,Unlicenced,Straight Ahead,1.0,2 Metropolitan,2,1,Friday,09:00 am,110,Divided Road,Straight road,Level,Dry,Not Raining,Daylight,Hit Fixed Object,No Control
2017-9408-15/08/2019,1,1,Driver,Female,025,Driver,Not Thrown Out,Treated at Hospital,Fitted - Worn,Motor Cars - Sedan,Unlicenced,Straight Ahead,1.0,2 Metropolitan,3,1,Friday,05:48 pm,60,Pedestrian Crossing,Straight road,Level,Dry,Not Raining,Daylight,Hit Fixed Object,Traffic Signals
2017-9409-15/08/2019,2,1,Rider,Male,021,,Thrown Out,Admitted to Hospital,,Pedal Cycle,,Straight Ahead,1.0,2 Metropolitan,2,1,Wednesday,09:00 pm,60,Cross Road,Straight road,Level,Wet,Raining,Night,Right Angle,Traffic Signals
2017-9418-15/08/2019,1,1,Driver,Male,025,Driver,Not Thrown Out,Treated at Hospital,Fitted - Worn,Motor Cars - Sedan,Full,Straight Ahead,1.0,2 Metropolitan,2,1,Saturday,04:20 am,60,Divided Road,Straight road,Level,Dry,Not Raining,Night,Hit Fixed Object,No Control
2017-9436-15/08/2019,1,1,Passenger,Male,020,Rear Seat Right Passenger,Not Thrown Out,Treated at Hospital,Fitted - Worn,Utility,Full,Swerving,5.0,3 Country,1,1,Friday,11:00 pm,60,Not Divided,Straight road,Level,Dry,Not Raining,Night,Roll Over,No Control
2017-9441-15/08/2019,1,1,Driver,Female,025,Driver,Not Thrown Out,Treated at Hospital,Fitted - Unknown if Worn,Utility,Learners,Straight Ahead,2.0,3 Country,1,2,Saturday,05:00 pm,110,Not Divided,"CURVED, VIEW OPEN",Level,Dry,Not Raining,Daylight,Left Road - Out of Control,No Control
2017-9441-15/08/2019,1,2,Passenger,Male,030,Front Seat Left Passenger,Not Thrown Out,Treated at Hospital,Fitted - Unknown if Worn,Utility,Learners,Straight Ahead,2.0,3 Country,1,2,Saturday,05:00 pm,110,Not Divided,"CURVED, VIEW OPEN",Level,Dry,Not Raining,Daylight,Left Road - Out of Control,No Control
2017-9444-15/08/2019,1,1,Rider,Male,052,Rider of Motorcycle,Thrown Out,Treated at Hospital,,Motor Cycle,Full,Straight Ahead,2.0,2 Metropolitan,1,1,Saturday,04:45 pm,80,Not Divided,"CURVED, VIEW OBSCURED",Slope,Dry,Not Raining,Daylight,Roll Over,No Control
2017-9446-15/08/2019,1,1,Driver,Male,032,Driver,Not Thrown Out,Treated at Hospital,Fitted - Worn,Motor Cars - Sedan,Full,Straight Ahead,1.0,2 Metropolitan,2,1,Saturday,10:00 pm,60,Not Divided,Straight road,Level,Dry,Not Raining,Night,Hit Fixed Object,No Control
2017-9449-15/08/2019,1,1,Passenger,Female,002,Rear Seat Middle Passenger,Not Thrown Out,Treated at Hospital,Child Restraint - Worn,Motor Cars - Sedan,Full,Straight Ahead,3.0,3 Country,2,2,Saturday,03:55 pm,60,Cross Road,Straight road,Level,Dry,Not Raining,Daylight,Right Angle,Give Way Sign
2017-9449-15/08/2019,1,2,Passenger,Female,021,Front Seat Left Passenger,Not Thrown Out,Treated at Hospital,Fitted - Worn,Motor Cars - Sedan,Full,Straight Ahead,3.0,3 Country,2,2,Saturday,03:55 pm,60,Cross Road,Straight road,Level,Dry,Not Raining,Daylight,Right Angle,Give Way Sign
2017-9456-15/08/2019,1,1,Passenger,Female,029,Front Seat Left Passenger,Not Thrown Out,Treated at Hospital,Fitted - Worn,Motor Cars - Sedan,Full,Straight Ahead,3.0,2 Metropolitan,2,2,Sunday,11:48 am,80,T-Junction,Straight road,Level,Dry,Not Raining,Daylight,Right Angle,No Control
2017-9456-15/08/2019,1,2,Passenger,Male,001,Rear Seat Middle Passenger,Not Thrown Out,Treated at Hospital,Fitted - Worn,Motor Cars - Sedan,Full,Straight Ahead,3.0,2 Metropolitan,2,2,Sunday,11:48 am,80,T-Junction,Straight road,Level,Dry,Not Raining,Daylight,Right Angle,No Control
2017-9458-15/08/2019,2,1,Driver,Male,020,Driver,Not Thrown Out,Treated at Hospital,Fitted - Worn,Utility,Full,Straight Ahead,2.0,2 Metropolitan,3,1,Sunday,01:50 pm,80,Cross Road,Straight road,Level,Dry,Not Raining,Daylight,Rear End,Traffic Signals
2017-9461-15/08/2019,1,1,Rider,Male,048,Rider of Motorcycle,Thrown Out,Treated at Hospital,,Motor Cycle,Full,Straight Ahead,1.0,3 Country,1,1,Sunday,12:20 pm,100,Not Divided,"CURVED, VIEW OPEN",Slope,Dry,Not Raining,Daylight,Roll Over,No Control
2017-9464-15/08/2019,1,1,Driver,Male,065,Driver,Not Thrown Out,Treated at Hospital,Fitted - Worn,Motor Cars - Sedan,Full,Straight Ahead,1.0,2 Metropolitan,2,1,Saturday,08:30 pm,80,T-Junction,"CURVED, VIEW OPEN",Slope,Dry,Not Raining,Night,Hit Fixed Object,Give Way Sign
2017-9466-15/08/2019,1,1,Rider,Male,041,Rider of Motorcycle,Thrown Out,Treated at Hospital,,Motor Cycle,Full,Straight Ahead,1.0,2 Metropolitan,1,1,Sunday,02:10 pm,60,Divided Road,"CURVED, VIEW OPEN",Slope,Dry,Not Raining,Daylight,Roll Over,No Control
2017-9467-15/08/2019,1,1,Driver,Male,072,Driver,Not Thrown Out,Treated at Hospital,Fitted - Worn,Station Wagon,Full,Straight Ahead,3.0,2 Metropolitan,2,5,Sunday,02:45 pm,50,Not Divided,"CURVED, VIEW OPEN",Level,Dry,Not Raining,Daylight,Head On,No Control
2017-9467-15/08/2019,1,2,Passenger,Female,067,Rear Seat Right Passenger,Not Thrown Out,Treated at Hospital,Fitted - Worn,Station Wagon,Full,Straight Ahead,3.0,2 Metropolitan,2,5,Sunday,02:45 pm,50,Not Divided,"CURVED, VIEW OPEN",Level,Dry,Not Raining,Daylight,Head On,No Control
2017-9467-15/08/2019,1,3,Passenger,Female,066,Front Seat Left Passenger,Not Thrown Out,Treated at Hospital,Fitted - Worn,Station Wagon,Full,Straight Ahead,3.0,2 Metropolitan,2,5,Sunday,02:45 pm,50,Not Divided,"CURVED, VIEW OPEN",Level,Dry,Not Raining,Daylight,Head On,No Control
2017-9467-15/08/2019,2,1,Driver,Male,051,Driver,Not Thrown Out,Treated at Hospital,Fitted - Worn,Utility,Full,Straight Ahead,2.0,2 Metropolitan,2,5,Sunday,02:45 pm,50,Not Divided,"CURVED, VIEW OPEN",Level,Dry,Not Raining,Daylight,Head On,No Control
2017-9467-15/08/2019,2,2,Passenger,Female,029,Front Seat Left Passenger,Not Thrown Out,Treated at Hospital,Fitted - Worn,Utility,Full,Straight Ahead,2.0,2 Metropolitan,2,5,Sunday,02:45 pm,50,Not Divided,"CURVED, VIEW OPEN",Level,Dry,Not Raining,Daylight,Head On,No Control
2017-9471-15/08/2019,2,1,Driver,Male,050,Driver,Not Thrown Out,By Private,Fitted - Worn,Motor Cars - Sedan,Full,Straight Ahead,2.0,1 City,2,1,Sunday,06:45 pm,50,T-Junction,Straight road,Level,Dry,Not Raining,Night,Right Turn,Traffic Signals
2017-9472-15/08/2019,1,1,Rider,Male,035,Rider of Motorcycle,Thrown Out,Treated at Hospital,,Motor Cycle,Unlicenced,Leaving Private Driveway,1.0,3 Country,1,1,Sunday,05:10 pm,110,Not Divided,"CURVED, VIEW OPEN",Level,Dry,Not Raining,Daylight,Roll Over,No Control
2017-9474-15/08/2019,1,1,Driver,Female,033,Driver,Not Thrown Out,Admitted to Hospital,Fitted - Worn,Motor Cars - Sedan,Full,Straight Ahead,1.0,2 Metropolitan,2,1,Sunday,07:00 pm,60,Cross Road,Straight road,Level,Dry,Not Raining,Night,Right Turn,Stop Sign
2017-9476-15/08/2019,1,1,Passenger,Male,020,Rear Seat Left Passenger,Not Thrown Out,Treated at Hospital,Fitted - Worn,Utility,Full,Swerving,3.0,2 Metropolitan,2,1,Monday,05:55 am,80,Not Divided,Straight road,Bottom of Hill,Dry,Not Raining,Night,Hit Fixed Object,No Control
2017-9481-15/08/2019,1,1,Driver,Male,047,Driver,Not Thrown Out,By Private,Fitted - Worn,Station Wagon,Unknown,Stopped on Carriageway,1.0,2 Metropolitan,2,1,Monday,08:50 am,60,Divided Road,Straight road,Level,Dry,Not Raining,Daylight,Rear End,No Control
2017-9482-15/08/2019,1,1,Driver,Female,070,Driver,Not Thrown Out,Admitted to Hospital,Fitted - Worn,Station Wagon,Full,Straight Ahead,1.0,3 Country,2,1,Sunday,10:19 am,100,Not Divided,Straight road,Level,Dry,Not Raining,Daylight,Hit Fixed Object,No Control
2017-9483-15/08/2019,2,1,Rider,Male,011,,Thrown Out,Treated at Hospital,,Pedal Cycle,,Straight Ahead,1.0,2 Metropolitan,2,1,Monday,08:29 am,60,T-Junction,Straight road,Bottom of Hill,Dry,Not Raining,Daylight,Right Angle,No Control
2017-9484-15/08/2019,1,1,Driver,Male,089,Driver,Not Thrown Out,Treated at Hospital,Fitted - Worn,Utility,Full,Right Turn,1.0,3 Country,2,2,Monday,11:50 am,50,T-Junction,Straight road,Level,Dry,Not Raining,Daylight,Right Angle,No Control
2017-9484-15/08/2019,2,1,Passenger,Male,XXX,Front Seat Left Passenger,Not Thrown Out,Treated at Hospital,Fitted - Worn,Station Wagon,Learners,Straight Ahead,2.0,3 Country,2,2,Monday,11:50 am,50,T-Junction,Straight road,Level,Dry,Not Raining,Daylight,Right Angle,No Control
2017-9489-15/08/2019,2,1,Rider,Male,044,Rider of Motorcycle,Thrown Out,Treated at Hospital,,Scooter,Unlicenced,Straight Ahead,1.0,2 Metropolitan,2,1,Monday,11:15 am,60,Divided Road,Straight road,Level,Wet,Raining,Daylight,Right Angle,No Control
2017-9491-15/08/2019,1,1,Rider,Male,051,Rider of Motorcycle,Thrown Out,Admitted to Hospital,,Motor Cycle,Full,Straight Ahead,2.0,2 Metropolitan,2,1,Sunday,05:30 pm,80,Not Divided,Straight road,Level,Dry,Not Raining,Daylight,Hit Animal,No Control
2017-9492-15/08/2019,1,1,Passenger,Female,032,Front Seat Left Passenger,Not Thrown Out,By Private,Fitted - Worn,Motor Cars - Sedan,Full,Straight Ahead,2.0,1 City,2,1,Monday,08:45 am,50,T-Junction,Straight road,Level,Dry,Not Raining,Daylight,Right Turn,No Control
2017-9493-15/08/2019,1,1,Driver,Female,024,Driver,Not Thrown Out,Admitted to Hospital,Fitted - Worn,Motor Cars - Sedan,Full,Straight Ahead,1.0,3 Country,2,1,Monday,01:15 pm,110,Not Divided,Straight road,Level,Wet,Raining,Daylight,Hit Fixed Object,No Control
2017-9498-15/08/2019,1,1,Driver,Male,026,Driver,Not Thrown Out,By Private,Fitted - Worn,Motor Cars - Sedan,Full,Straight Ahead,2.0,2 Metropolitan,2,2,Saturday,06:18 am,60,Cross Road,Straight road,Level,Dry,Not Raining,Daylight,Right Angle,Roundabout
2017-9498-15/08/2019,1,2,Passenger,Female,022,Front Seat Left Passenger,Not Thrown Out,By Private,Fitted - Worn,Motor Cars - Sedan,Full,Straight Ahead,2.0,2 Metropolitan,2,2,Saturday,06:18 am,60,Cross Road,Straight road,Level,Dry,Not Raining,Daylight,Right Angle,Roundabout
2017-9500-15/08/2019,1,1,Driver,Male,046,Driver,Not Thrown Out,Treated at Hospital,Fitted - Worn,OMNIBUS,Full,Straight Ahead,1.0,2 Metropolitan,2,1,Monday,05:00 pm,100,Cross Road,Straight road,Level,Dry,Not Raining,Daylight,Right Angle,Give Way Sign
2017-9502-15/08/2019,2,1,Driver,Male,080,Driver,Not Thrown Out,Admitted to Hospital,Fitted - Worn,Motor Cars - Sedan,Full,Stopped on Carriageway,1.0,2 Metropolitan,3,1,Monday,05:30 pm,60,Divided Road,Straight road,Level,Dry,Not Raining,Daylight,Rear End,No Control
2017-9503-15/08/2019,1,1,Driver,Female,020,Driver,Not Thrown Out,Treated at Hospital,Fitted - Worn,Motor Cars - Sedan,Probationary,Right Turn,1.0,2 Metropolitan,2,1,Monday,05:26 pm,60,T-Junction,Straight road,Level,Dry,Not Raining,Daylight,Right Angle,No Control
2017-9507-15/08/2019,1,1,Driver,Female,021,Driver,Not Thrown Out,Treated at Hospital,Fitted - Worn,Motor Cars - Sedan,Full,Straight Ahead,1.0,3 Country,2,1,Monday,05:48 pm,100,Not Divided,"CURVED, VIEW OPEN",Level,Dry,Not Raining,Daylight,Hit Fixed Object,No Control
2017-9508-15/08/2019,1,1,Driver,Male,061,Driver,Not Thrown Out,Treated at Hospital,Fitted - Worn,Motor Vehicle - Type Unknown,Unknown,Straight Ahead,1.0,3 Country,3,1,Monday,08:50 pm,50,Cross Road,"CURVED, VIEW OPEN",Level,Dry,Not Raining,Night,Right Angle,Roundabout
2017-9513-15/08/2019,1,1,Driver,Female,018,Driver,Not Thrown Out,Admitted to Hospital,Fitted - Unknown if Worn,Motor Cars - Sedan,Provisional 1 ,Straight Ahead,2.0,3 Country,1,2,Tuesday,08:10 am,100,Not Divided,Straight road,Level,Dry,Not Raining,Daylight,Roll Over,No Control
2017-9513-15/08/2019,1,2,Passenger,Male,015,Front Seat Left Passenger,Not Thrown Out,Treated at Hospital,Fitted - Unknown if Worn,Motor Cars - Sedan,Provisional 1 ,Straight Ahead,2.0,3 Country,1,2,Tuesday,08:10 am,100,Not Divided,Straight road,Level,Dry,Not Raining,Daylight,Roll Over,No Control
2017-9514-15/08/2019,1,1,Driver,Female,017,Driver,Not Thrown Out,Treated at Hospital,Fitted - Worn,Motor Cars - Sedan,Provisional 1 ,Left Turn,1.0,2 Metropolitan,2,1,Monday,09:20 am,60,T-Junction,Straight road,Level,Dry,Not Raining,Daylight,Side Swipe,Traffic Signals
2017-9515-15/08/2019,1,1,Driver,Male,030,Driver,Not Thrown Out,Treated at Hospital,Fitted - Worn,Motor Cars - Sedan,Full,Straight Ahead,2.0,3 Country,1,2,Friday,05:00 pm,110,Not Divided,Straight road,Level,Dry,Not Raining,Daylight,Left Road - Out of Control,No Control
2017-9515-15/08/2019,1,2,Passenger,Female,004,Rear Seat Left Passenger,Not Thrown Out,Treated at Hospital,Fitted - Worn,Motor Cars - Sedan,Full,Straight Ahead,2.0,3 Country,1,2,Friday,05:00 pm,110,Not Divided,Straight road,Level,Dry,Not Raining,Daylight,Left Road - Out of Control,No Control
2017-9516-15/08/2019,2,1,Rider,Male,064,,Thrown Out,Treated at Hospital,,Pedal Cycle,,Straight Ahead,1.0,2 Metropolitan,2,1,Tuesday,10:20 am,60,T-Junction,"CURVED, VIEW OPEN",Slope,Dry,Not Raining,Daylight,Right Angle,Roundabout
2017-9518-15/08/2019,1,1,Driver,Female,025,Driver,Not Thrown Out,By Private,Fitted - Worn,Motor Cars - Sedan,Unknown,Stopped on Carriageway,2.0,2 Metropolitan,2,2,Tuesday,09:15 am,60,Cross Road,Straight road,Level,Dry,Not Raining,Daylight,Rear End,Traffic Signals
2017-9518-15/08/2019,1,2,Passenger,Female,026,Front Seat Left Passenger,Not Thrown Out,Treated at Hospital,Fitted - Worn,Motor Cars - Sedan,Unknown,Stopped on Carriageway,2.0,2 Metropolitan,2,2,Tuesday,09:15 am,60,Cross Road,Straight road,Level,Dry,Not Raining,Daylight,Rear End,Traffic Signals
2017-9519-15/08/2019,1,1,Passenger,Female,092,Front Seat Left Passenger,Not Thrown Out,Treated at Hospital,Fitted - Worn,Motor Cars - Sedan,Full,Right Turn,2.0,2 Metropolitan,2,1,Tuesday,11:20 am,60,Cross Road,Straight road,Level,Dry,Not Raining,Daylight,Right Turn,Traffic Signals
2017-9522-15/08/2019,2,1,Passenger,Female,038,Front Seat Left Passenger,Not Thrown Out,Treated at Hospital,Fitted - Worn,Station Wagon,Full,Stopped on Carriageway,2.0,2 Metropolitan,3,1,Tuesday,12:13 pm,60,Divided Road,Straight road,Level,Dry,Not Raining,Daylight,Rear End,No Control
2017-9523-15/08/2019,2,1,Driver,Female,XXX,Driver,Not Thrown Out,Treated at Hospital,Fitted - Worn,Station Wagon,Full,Right Turn,1.0,2 Metropolitan,2,1,Tuesday,11:50 am,60,Cross Road,Straight road,Level,Dry,Not Raining,Daylight,Right Angle,Stop Sign
2017-9524-15/08/2019,1,1,Driver,Male,049,Driver,Not Thrown Out,By Private,Fitted - Worn,Station Wagon,Full,Stopped on Carriageway,1.0,2 Metropolitan,2,1,Tuesday,12:30 pm,60,Cross Road,Straight road,Level,Dry,Not Raining,Daylight,Rear End,Traffic Signals
2017-9526-15/08/2019,1,1,Driver,Female,058,Driver,Not Thrown Out,Treated at Hospital,Fitted - Worn,Motor Cars - Sedan,Unknown,Straight Ahead,1.0,2 Metropolitan,2,1,Monday,08:25 am,60,Cross Road,Straight road,Level,Dry,Not Raining,Daylight,Rear End,Traffic Signals
2017-9528-15/08/2019,1,1,Rider,Male,040,Rider of Motorcycle,Thrown Out,Treated at Hospital,,Motor Cycle,Learners,Straight Ahead,1.0,2 Metropolitan,2,1,Tuesday,02:30 pm,80,Not Divided,"CURVED, VIEW OBSCURED",Level,Dry,Not Raining,Daylight,Hit Fixed Object,No Control
2017-9531-15/08/2019,1,1,Driver,Female,024,Driver,Not Thrown Out,Treated at Hospital,Fitted - Worn,Motor Cars - Sedan,Full,Straight Ahead,1.0,2 Metropolitan,2,1,Tuesday,04:25 pm,60,Not Divided,Straight road,Level,Dry,Not Raining,Daylight,Hit Fixed Object,No Control
2017-9533-15/08/2019,1,1,Driver,Female,037,Driver,Not Thrown Out,Treated at Hospital,Fitted - Worn,Motor Cars - Sedan,Full,Straight Ahead,1.0,2 Metropolitan,2,1,Tuesday,08:20 am,100,Not Divided,Straight road,Level,Dry,Not Raining,Daylight,Hit Animal,No Control
2017-9534-15/08/2019,1,1,Driver,Female,062,Driver,Not Thrown Out,Treated at Hospital,Fitted - Worn,Motor Cars - Sedan,Full,Straight Ahead,1.0,2 Metropolitan,3,1,Tuesday,05:09 pm,90,Divided Road,Straight road,Crest of Hill,Dry,Not Raining,Daylight,Rear End,No Control
2017-9538-15/08/2019,2,1,Driver,Male,048,Driver,Not Thrown Out,Treated at Hospital,Fitted - Worn,Motor Vehicle - Type Unknown,Unknown,Straight Ahead,1.0,3 Country,2,1,Tuesday,05:15 pm,110,Not Divided,Straight road,Level,Dry,Not Raining,Daylight,Rear End,No Control
2017-9539-15/08/2019,1,1,Driver,Male,019,Driver,Not Thrown Out,Treated at Hospital,Fitted - Worn,Motor Cars - Sedan,Provisional 2,Straight Ahead,1.0,3 Country,2,1,Tuesday,05:00 pm,110,Not Divided,Straight road,Level,Dry,Not Raining,Daylight,Hit Fixed Object,No Control
2017-9541-15/08/2019,1,1,Pedestrian,Female,051,,,Treated at Hospital,,Pedestrian on Road,,Walking on Road,,2 Metropolitan,2,1,Tuesday,03:15 pm,50,Not Divided,Straight road,Level,Dry,Not Raining,Daylight,Hit Pedestrian,No Control
2017-9542-15/08/2019,1,1,Rider,Male,058,Rider of Motorcycle,Thrown Out,Fatal,,Motor Cycle,Full,Right Turn,1.0,3 Country,2,1,Tuesday,01:27 pm,110,T-Junction,Straight road,Level,Dry,Not Raining,Daylight,Right Angle,Give Way Sign
2017-9544-15/08/2019,2,1,Driver,Female,023,Driver,Not Thrown Out,Treated at Hospital,Fitted - Worn,Motor Cars - Sedan,Full,Overtaking - on Right,1.0,2 Metropolitan,4,1,Tuesday,06:35 am,100,Not Divided,Straight road,Crest of Hill,Dry,Not Raining,Daylight,Side Swipe,No Control
2017-9545-15/08/2019,1,1,Driver,Male,082,Driver,Not Thrown Out,Admitted to Hospital,Fitted - Worn,Motor Cars - Sedan,Full,Straight Ahead,1.0,2 Metropolitan,2,1,Tuesday,11:30 am,80,Not Divided,Straight road,Slope,Dry,Not Raining,Daylight,Hit Fixed Object,No Control
2017-9546-15/08/2019,2,1,Driver,Male,045,Driver,Not Thrown Out,Treated at Hospital,Fitted - Worn,Station Wagon,Full,Straight Ahead,1.0,2 Metropolitan,2,1,Wednesday,07:40 am,80,Divided Road,Straight road,Level,Dry,Not Raining,Daylight,Rear End,No Control
2017-9548-15/08/2019,1,1,Rider,Male,029,Rider of Motorcycle,Thrown Out,By Private,,Motor Cycle,Full,Left Turn,1.0,2 Metropolitan,1,1,Wednesday,06:30 am,50,T-Junction,Straight road,Level,Dry,Not Raining,Daylight,Left Road - Out of Control,No Control
2017-9555-15/08/2019,1,1,Driver,Male,053,Driver,Not Thrown Out,By Private,Fitted - Worn,Station Wagon,Full,Left Turn,1.0,2 Metropolitan,2,1,Tuesday,02:20 pm,60,Cross Road,Straight road,Level,Dry,Not Raining,Daylight,Rear End,Traffic Signals
2017-9559-15/08/2019,1,1,Driver,Female,018,Driver,Not Thrown Out,Treated at Hospital,Fitted - Worn,Motor Cars - Sedan,Provisional 2,Stopped on Carriageway,1.0,2 Metropolitan,2,1,Tuesday,12:05 pm,60,Cross Road,Straight road,Level,Dry,Not Raining,Daylight,Rear End,Traffic Signals
2017-9561-15/08/2019,1,1,Driver,Male,030,Driver,Not Thrown Out,By Private,Fitted - Worn,Motor Cars - Sedan,Full,Stopped on Carriageway,1.0,2 Metropolitan,2,1,Wednesday,05:45 am,80,T-Junction,Straight road,Level,Wet,Raining,Night,Rear End,Roundabout
2017-9562-15/08/2019,1,1,Driver,Female,056,Driver,Not Thrown Out,Treated at Hospital,Fitted - Worn,Station Wagon,Full,Straight Ahead,1.0,3 Country,3,3,Wednesday,12:25 pm,50,Cross Road,Straight road,Level,Dry,Not Raining,Daylight,Right Angle,Give Way Sign
2017-9562-15/08/2019,2,1,Passenger,Female,011,Rear Seat Left Passenger,Not Thrown Out,Treated at Hospital,Fitted - Worn,Motor Cars - Sedan,Full,Straight Ahead,3.0,3 Country,3,3,Wednesday,12:25 pm,50,Cross Road,Straight road,Level,Dry,Not Raining,Daylight,Right Angle,Give Way Sign
2017-9562-15/08/2019,2,2,Passenger,Male,011,Rear Seat Right Passenger,Not Thrown Out,Treated at Hospital,Fitted - Worn,Motor Cars - Sedan,Full,Straight Ahead,3.0,3 Country,3,3,Wednesday,12:25 pm,50,Cross Road,Straight road,Level,Dry,Not Raining,Daylight,Right Angle,Give Way Sign
2017-9571-15/08/2019,2,1,Rider,Male,063,,Thrown Out,Treated at Hospital,,Pedal Cycle,,Left Turn,1.0,2 Metropolitan,2,1,Wednesday,05:40 pm,70,Cross Road,Straight road,Level,Dry,Not Raining,Daylight,Rear End,Roundabout
2017-9572-15/08/2019,1,1,Rider,Male,019,Rider of Motorcycle,Thrown Out,Treated at Hospital,,Motor Cycle,Learners,Overtaking - on Left,1.0,2 Metropolitan,2,1,Wednesday,02:45 pm,60,Not Divided,Straight road,Level,Dry,Not Raining,Daylight,Hit Parked Vehicle,No Control
2017-9573-15/08/2019,1,1,Driver,Male,038,Driver,Not Thrown Out,By Private,Fitted - Worn,Station Wagon,Full,Stopped on Carriageway,1.0,2 Metropolitan,2,1,Tuesday,03:00 pm,50,Not Divided,Straight road,Level,Dry,Not Raining,Daylight,Rear End,No Control
2017-9574-15/08/2019,1,1,Driver,Male,070,Driver,Not Thrown Out,Admitted to Hospital,Fitted - Worn,Station Wagon,Full,Straight Ahead,1.0,2 Metropolitan,3,2,Wednesday,05:40 pm,50,Cross Road,"CURVED, VIEW OPEN",Level,Dry,Not Raining,Daylight,Right Angle,Roundabout
2017-9574-15/08/2019,2,1,Driver,Female,050,Driver,Not Thrown Out,By Private,Fitted - Worn,Motor Cars - Sedan,Full,Straight Ahead,1.0,2 Metropolitan,3,2,Wednesday,05:40 pm,50,Cross Road,"CURVED, VIEW OPEN",Level,Dry,Not Raining,Daylight,Right Angle,Roundabout
2017-9576-15/08/2019,1,1,Driver,Male,XXX,Driver,Not Thrown Out,By Private,Fitted - Worn,Utility,Full,Straight Ahead,1.0,2 Metropolitan,2,1,Wednesday,10:18 pm,80,Cross Road,Straight road,Level,Dry,Not Raining,Night,Rear End,Traffic Signals
2017-9579-15/08/2019,1,1,Driver,Male,065,Driver,Not Thrown Out,Treated at Hospital,Fitted - Unknown if Worn,Motor Cars - Sedan,Full,Straight Ahead,1.0,3 Country,2,1,Thursday,02:30 am,110,Not Divided,"CURVED, VIEW OPEN",Level,Dry,Not Raining,Night,Head On,No Control
2017-9583-15/08/2019,1,1,Driver,Female,021,Driver,Not Thrown Out,Treated at Hospital,Unknown,Other Defined Special Vehicle,Full,Straight Ahead,1.0,3 Country,1,1,Wednesday,02:00 pm,110,Not Divided,Straight road,Level,Dry,Not Raining,Daylight,Roll Over,No Control
2017-9585-15/08/2019,3,1,Driver,Female,057,Driver,Not Thrown Out,By Private,Fitted - Worn,Motor Cars - Sedan,Full,Stopped on Carriageway,1.0,2 Metropolitan,3,1,Thursday,09:10 am,60,Divided Road,Straight road,Level,Dry,Not Raining,Daylight,Rear End,No Control
2017-9588-15/08/2019,1,1,Driver,Male,090,Driver,Not Thrown Out,Treated at Hospital,Fitted - Worn,Motor Cars - Sedan,Full,Straight Ahead,1.0,3 Country,2,1,Thursday,09:12 am,100,Not Divided,Straight road,Level,Dry,Not Raining,Daylight,Hit Fixed Object,No Control
2017-9589-15/08/2019,2,1,Rider,Male,054,,Thrown Out,Treated at Hospital,,Pedal Cycle,,Straight Ahead,1.0,2 Metropolitan,2,1,Thursday,11:00 am,50,Not Divided,Straight road,Level,Dry,Not Raining,Daylight,Hit Parked Vehicle,No Control
2017-9590-15/08/2019,1,1,Driver,Male,036,Driver,Not Thrown Out,By Private,Fitted - Worn,Motor Cars - Sedan,Full,Stopped on Carriageway,1.0,2 Metropolitan,3,2,Thursday,11:30 am,60,Cross Road,Straight road,Level,Dry,Not Raining,Daylight,Rear End,Traffic Signals
2017-9590-15/08/2019,2,1,Driver,Female,037,Driver,Not Thrown Out,By Private,Fitted - Worn,Motor Cars - Sedan,Full,Straight Ahead,1.0,2 Metropolitan,3,2,Thursday,11:30 am,60,Cross Road,Straight road,Level,Dry,Not Raining,Daylight,Rear End,Traffic Signals
2017-9593-15/08/2019,1,1,Driver,Female,043,Driver,Not Thrown Out,Treated at Hospital,Fitted - Worn,Motor Cars - Sedan,Full,Straight Ahead,2.0,2 Metropolitan,2,2,Thursday,03:23 pm,50,T-Junction,Straight road,Level,Dry,Not Raining,Daylight,Right Angle,No Control
2017-9593-15/08/2019,1,2,Passenger,Female,064,Front Seat Left Passenger,Not Thrown Out,Treated at Hospital,Fitted - Not Worn,Motor Cars - Sedan,Full,Straight Ahead,2.0,2 Metropolitan,2,2,Thursday,03:23 pm,50,T-Junction,Straight road,Level,Dry,Not Raining,Daylight,Right Angle,No Control