REPORT_ID,UND_UNIT_NUMBER,CASUALTY_NUMBER,Casualty Type,Sex_x,AGE,Position In Veh,Thrown Out,Injury Extent,Seat Belt,Unit Type,Licence Type,Unit Movement,Number Occupants,Stats Area,Total Units,Total Cas,Day,Time,Area Speed,Position Type,Horizontal Align,Vertical Align,Moisture Cond,Weather Cond,DayNight,Crash Type,Traffic Ctrls
2017-9759-15/08/2019,2,1,Rider,Male,046,Rider of Motorcycle,Thrown Out,Treated at Hospital,,Motor Cycle,Full,Straight Ahead,1.0,2 Metropolitan,2,1,Tuesday,06:37 am,70,Cross Road,Straight road,Level,Dry,Not Raining,Daylight,Rear End,Traffic Signals
2017-9766-15/08/2019,1,1,Driver,Female,021,Driver,Not Thrown Out,By Private,Fitted - Worn,Motor Cars - Sedan,Full,Stopped on Carriageway,1.0,2 Metropolitan,2,1,Tuesday,05:45 pm,60,T-Junction,Straight road,Level,Wet,Raining,Night,Rear End,Traffic Signals
2017-9768-15/08/2019,1,1,Driver,Female,051,Driver,Not Thrown Out,By Private,Fitted - Worn,Station Wagon,Full,Parked,1.0,2 Metropolitan,2,1,Monday,01:55 pm,50,Divided Road,Straight road,Level,Dry,Not Raining,Daylight,Hit Parked Vehicle,No Control
2017-9769-15/08/2019,1,1,Driver,Male,XXX,Driver,Not Thrown Out,Treated at Hospital,Fitted - Unknown if Worn,Utility,Full,Straight Ahead,1.0,3 Country,2,1,Monday,12:20 pm,100,Not Divided,"CURVED, VIEW OPEN",Level,Dry,Not Raining,Daylight,Hit Fixed Object,No Control
2017-9771-15/08/2019,2,1,Driver,Male,022,Driver,Not Thrown Out,By Private,Fitted - Worn,Motor Cars - Sedan,Full,Stopped on Carriageway,2.0,2 Metropolitan,2,1,Monday,05:30 pm,110,Interchange,"CURVED, VIEW OPEN",Level,Dry,Not Raining,Daylight,Rear End,No Control
2017-9778-15/08/2019,2,1,Passenger,Male,019,Front Seat Left Passenger,Not Thrown Out,Treated at Hospital,Fitted - Worn,Motor Cars - Sedan,Full,Straight Ahead,2.0,2 Metropolitan,2,1,Monday,07:00 pm,60,T-Junction,Straight road,Level,Dry,Not Raining,Night,Right Angle,No Control
2017-9780-15/08/2019,2,1,Passenger,Female,091,Front Seat Left Passenger,Not Thrown Out,Treated at Hospital,Fitted - Worn,Motor Cars - Sedan,Full,Right Turn,2.0,2 Metropolitan,2,1,Tuesday,02:50 pm,50,T-Junction,Straight road,Level,Dry,Not Raining,Daylight,Right Turn,No Control
2017-9782-15/08/2019,1,1,Driver,Female,022,Driver,Not Thrown Out,Treated at Hospital,Fitted - Worn,Motor Cars - Sedan,Full,Stopped on Carriageway,1.0,2 Metropolitan,3,1,Tuesday,11:50 am,60,T-Junction,Straight road,Level,Dry,Not Raining,Daylight,Rear End,No Control
2017-9785-15/08/2019,1,1,Driver,Male,XXX,Driver,Not Thrown Out,Treated at Hospital,Fitted - Worn,Motor Cars - Sedan,Full,Straight Ahead,1.0,2 Metropolitan,2,1,Tuesday,02:51 pm,100,Not Divided,Straight road,Level,Dry,Not Raining,Daylight,Rear End,No Control
2017-9789-15/08/2019,1,1,Driver,Male,021,Driver,Not Thrown Out,Treated at Hospital,Fitted - Worn,Motor Cars - Sedan,Provisional 2,Right Turn,1.0,2 Metropolitan,3,3,Tuesday,07:40 pm,60,Cross Road,Straight road,Level,Dry,Not Raining,Night,Right Turn,Traffic Signals
2017-9789-15/08/2019,2,1,Driver,Female,026,Driver,Not Thrown Out,Treated at Hospital,Fitted - Worn,Motor Cars - Sedan,Full,Straight Ahead,2.0,2 Metropolitan,3,3,Tuesday,07:40 pm,60,Cross Road,Straight road,Level,Dry,Not Raining,Night,Right Turn,Traffic Signals
2017-9789-15/08/2019,2,2,Passenger,Female,026,Front Seat Left Passenger,Not Thrown Out,Treated at Hospital,Fitted - Worn,Motor Cars - Sedan,Full,Straight Ahead,2.0,2 Metropolitan,3,3,Tuesday,07:40 pm,60,Cross Road,Straight road,Level,Dry,Not Raining,Night,Right Turn,Traffic Signals
2017-9791-15/08/2019,1,1,Driver,Female,070,Driver,Not Thrown Out,Admitted to Hospital,Fitted - Worn,Motor Cars - Sedan,Full,Straight Ahead,1.0,3 Country,1,1,Tuesday,03:35 pm,110,Not Divided,Straight road,Level,Dry,Not Raining,Daylight,Left Road - Out of Control,No Control
2017-9792-15/08/2019,1,1,Driver,Male,055,Driver,Not Thrown Out,Admitted to Hospital,Fitted - Worn,Motor Cars - Sedan,Full,Straight Ahead,1.0,3 Country,2,1,Tuesday,07:20 pm,100,Not Divided,"CURVED, VIEW OBSCURED",Slope,Dry,Not Raining,Night,Hit Fixed Object,No Control
2017-9793-15/08/2019,1,1,Driver,Male,XXX,Driver,Not Thrown Out,Treated at Hospital,Fitted - Worn,Motor Cars - Sedan,Full,Stopped on Carriageway,1.0,3 Country,2,1,Tuesday,05:25 pm,50,T-Junction,Straight road,Slope,Dry,Not Raining,Daylight,Rear End,No Control
2017-9806-15/08/2019,1,1,Driver,Female,056,Driver,Not Thrown Out,By Private,Fitted - Worn,Station Wagon,Full,Stopped on Carriageway,1.0,1 City,2,1,Wednesday,11:50 am,50,Cross Road,Straight road,Level,Dry,Not Raining,Daylight,Rear End,Traffic Signals
2017-9808-15/08/2019,1,1,Passenger,Male,074,Front Seat Left Passenger,Not Thrown Out,By Private,Fitted - Worn,Motor Cars - Sedan,Full,Straight Ahead,2.0,2 Metropolitan,2,1,Wednesday,01:21 pm,50,Not Divided,Straight road,Level,Dry,Not Raining,Daylight,Right Angle,No Control
2017-9810-15/08/2019,1,1,Driver,Male,051,Driver,Not Thrown Out,Treated at Hospital,Fitted - Worn,Motor Cars - Sedan,Unknown,Stopped on Carriageway,1.0,2 Metropolitan,2,1,Tuesday,02:50 pm,60,Cross Road,Straight road,Level,Dry,Not Raining,Daylight,Rear End,Traffic Signals
2017-9814-15/08/2019,1,1,Driver,Male,017,Driver,Not Thrown Out,Treated at Hospital,Fitted - Worn,Motor Cars - Sedan,Provisional 1 ,Straight Ahead,2.0,2 Metropolitan,1,1,Tuesday,10:00 am,80,Not Divided,"CURVED, VIEW OPEN",Slope,Dry,Not Raining,Daylight,Roll Over,No Control
2017-9815-15/08/2019,1,1,Driver,Male,066,Driver,Not Thrown Out,By Private,Fitted - Worn,Motor Cars - Sedan,Full,Stopped on Carriageway,1.0,2 Metropolitan,2,1,Wednesday,01:35 pm,60,T-Junction,Straight road,Level,Dry,Not Raining,Daylight,Rear End,Traffic Signals
2017-9817-15/08/2019,3,1,Driver,Male,045,Driver,Not Thrown Out,By Private,Fitted - Worn,Utility,Full,Stopped on Carriageway,1.0,2 Metropolitan,3,1,Wednesday,10:00 am,60,T-Junction,Straight road,Level,Dry,Not Raining,Daylight,Rear End,Traffic Signals
2017-9818-15/08/2019,1,1,Driver,Female,XXX,Driver,Not Thrown Out,Treated at Hospital,Fitted - Unknown if Worn,Motor Cars - Sedan,Unlicenced,Swerving,1.0,3 Country,3,3,Wednesday,03:28 pm,110,Freeway,Straight road,Level,Dry,Not Raining,Daylight,Side Swipe,No Control
2017-9818-15/08/2019,2,1,Driver,Female,051,Driver,Not Thrown Out,Treated at Hospital,Fitted - Worn,Motor Cars - Sedan,Full,Straight Ahead,2.0,3 Country,3,3,Wednesday,03:28 pm,110,Freeway,Straight road,Level,Dry,Not Raining,Daylight,Side Swipe,No Control
2017-9818-15/08/2019,2,2,Passenger,Female,010,Front Seat Left Passenger,Not Thrown Out,Treated at Hospital,Fitted - Worn,Motor Cars - Sedan,Full,Straight Ahead,2.0,3 Country,3,3,Wednesday,03:28 pm,110,Freeway,Straight road,Level,Dry,Not Raining,Daylight,Side Swipe,No Control
2017-9819-15/08/2019,1,1,Driver,Male,082,Driver,Not Thrown Out,Admitted to Hospital,Fitted - Worn,Utility,Full,Parking - Parallel,1.0,3 Country,6,1,Wednesday,02:43 pm,50,Not Divided,Straight road,Level,Dry,Not Raining,Daylight,Hit Parked Vehicle,No Control
2017-9820-15/08/2019,2,1,Driver,Male,037,Driver,Not Thrown Out,By Private,Fitted - Worn,Utility,Full,Straight Ahead,1.0,2 Metropolitan,2,1,Wednesday,04:05 pm,60,Divided Road,Straight road,Level,Dry,Not Raining,Daylight,Rear End,No Control
2017-9821-15/08/2019,1,1,Rider,Male,062,,Thrown Out,Treated at Hospital,,Pedal Cycle,,Straight Ahead,1.0,1 City,1,1,Wednesday,05:00 pm,60,Not Divided,Straight road,Level,Dry,Not Raining,Daylight,Roll Over,No Control
2017-9823-15/08/2019,1,1,Rider,Female,053,Rider of Motorcycle,Thrown Out,By Private,,Motor Cycle,Unknown,Straight Ahead,1.0,1 City,2,1,Wednesday,01:30 pm,50,Divided Road,Straight road,Level,Dry,Not Raining,Daylight,Side Swipe,No Control
2017-9825-15/08/2019,2,1,Driver,Male,081,Driver,Not Thrown Out,Treated at Hospital,Fitted - Worn,Motor Cars - Sedan,Full,Right Turn,1.0,2 Metropolitan,2,1,Wednesday,06:15 pm,60,T-Junction,Straight road,Level,Dry,Not Raining,Daylight,Right Angle,No Control
2017-9826-15/08/2019,1,1,Driver,Male,028,Driver,Not Thrown Out,Treated at Hospital,Fitted - Worn,Motor Cars - Sedan,Full,Straight Ahead,1.0,2 Metropolitan,2,3,Wednesday,06:30 pm,70,Cross Road,Straight road,Level,Dry,Not Raining,Night,Right Angle,Traffic Signals
2017-9826-15/08/2019,2,1,Driver,Female,020,Driver,Not Thrown Out,Treated at Hospital,Fitted - Worn,Motor Cars - Sedan,Full,Straight Ahead,2.0,2 Metropolitan,2,3,Wednesday,06:30 pm,70,Cross Road,Straight road,Level,Dry,Not Raining,Night,Right Angle,Traffic Signals
2017-9826-15/08/2019,2,2,Passenger,Male,024,Front Seat Left Passenger,Not Thrown Out,Treated at Hospital,Fitted - Worn,Motor Cars - Sedan,Full,Straight Ahead,2.0,2 Metropolitan,2,3,Wednesday,06:30 pm,70,Cross Road,Straight road,Level,Dry,Not Raining,Night,Right Angle,Traffic Signals
2017-9830-15/08/2019,1,1,Driver,Male,031,Driver,Not Thrown Out,Treated at Hospital,Fitted - Worn,Motor Cars - Sedan,Full,Straight Ahead,1.0,2 Metropolitan,1,1,Thursday,12:45 am,80,Not Divided,"CURVED, VIEW OPEN",Slope,Wet,Raining,Night,Roll Over,No Control
2017-9843-15/08/2019,1,1,Rider,Male,024,Rider of Motorcycle,Thrown Out,Treated at Hospital,,Motor Cycle,Probationary,Straight Ahead,1.0,3 Country,1,1,Saturday,12:00 pm,50,Not Divided,"CURVED, VIEW OPEN",Level,Dry,Not Raining,Daylight,Roll Over,No Control
2017-9844-15/08/2019,1,1,Driver,Female,060,Driver,Not Thrown Out,By Private,Fitted - Worn,Motor Cars - Sedan,Full,Right Turn,1.0,2 Metropolitan,2,1,Wednesday,05:45 pm,60,Cross Road,Straight road,Slope,Dry,Not Raining,Daylight,Right Angle,Give Way Sign
2017-9846-15/08/2019,2,1,Passenger,Female,018,Front Seat Left Passenger,Not Thrown Out,Treated at Hospital,Fitted - Worn,Station Wagon,Full,Straight Ahead,2.0,2 Metropolitan,2,1,Thursday,03:00 pm,60,Cross Road,Straight road,Level,Dry,Not Raining,Daylight,Right Angle,Give Way Sign
2017-9850-15/08/2019,1,1,Rider,Female,049,,Thrown Out,By Private,,Pedal Cycle,,Straight Ahead,1.0,2 Metropolitan,2,1,Thursday,08:30 am,60,Not Divided,Straight road,Level,Dry,Not Raining,Daylight,Roll Over,No Control
2017-9854-15/08/2019,1,1,Passenger,Female,056,Rear Seat Left Passenger,Not Thrown Out,By Private,Fitted - Worn,Station Wagon,Full,Straight Ahead,3.0,2 Metropolitan,2,1,Thursday,06:10 pm,60,T-Junction,Straight road,Level,Dry,Not Raining,Daylight,Rear End,No Control
2017-9857-15/08/2019,1,1,Driver,Female,019,Driver,Not Thrown Out,Treated at Hospital,Fitted - Worn,Motor Cars - Sedan,Provisional 2,Right Turn,1.0,2 Metropolitan,2,1,Thursday,11:55 pm,60,Cross Road,Straight road,Level,Dry,Not Raining,Night,Right Turn,Traffic Signals
2017-9858-15/08/2019,2,1,Driver,Female,032,Driver,Not Thrown Out,Treated at Hospital,Fitted - Worn,Station Wagon,Full,Stopped on Carriageway,1.0,2 Metropolitan,7,1,Thursday,11:55 am,60,T-Junction,Straight road,Level,Dry,Not Raining,Daylight,Rear End,Traffic Signals
2017-9859-15/08/2019,1,1,Passenger,Male,XXX,Rear Seat Middle Passenger,Not Thrown Out,Treated at Hospital,Child Restraint - Worn,Utility,Full,Straight Ahead,5.0,2 Metropolitan,2,1,Thursday,01:40 pm,80,Not Divided,Straight road,Level,Dry,Not Raining,Daylight,Other,No Control
2017-9863-15/08/2019,1,1,Driver,Male,048,Driver,Not Thrown Out,By Private,Fitted - Worn,Motor Cars - Sedan,Full,Straight Ahead,2.0,2 Metropolitan,2,1,Thursday,04:00 pm,50,Not Divided,Straight road,Level,Dry,Not Raining,Daylight,Right Angle,No Control
2017-9868-15/08/2019,2,1,Driver,Female,046,Driver,Not Thrown Out,By Private,Fitted - Worn,Station Wagon,Full,Stopped on Carriageway,1.0,2 Metropolitan,2,1,Thursday,05:45 pm,60,Divided Road,Straight road,Level,Dry,Not Raining,Daylight,Rear End,No Control
2017-9870-15/08/2019,1,1,Driver,Female,069,Driver,Not Thrown Out,Treated at Hospital,Fitted - Not Worn,Motor Cars - Sedan,Full,Leaving Private Driveway,1.0,2 Metropolitan,2,1,Thursday,05:00 pm,60,Divided Road,Straight road,Level,Dry,Not Raining,Daylight,Hit Fixed Object,No Control
2017-9871-15/08/2019,1,1,Driver,Female,034,Driver,Not Thrown Out,By Private,Fitted - Worn,Station Wagon,Full,Straight Ahead,2.0,2 Metropolitan,2,2,Friday,10:00 am,60,Not Divided,Straight road,Level,Dry,Not Raining,Daylight,Right Angle,No Control
2017-9871-15/08/2019,1,2,Passenger,Female,014,Front Seat Left Passenger,Not Thrown Out,By Private,Fitted - Worn,Station Wagon,Full,Straight Ahead,2.0,2 Metropolitan,2,2,Friday,10:00 am,60,Not Divided,Straight road,Level,Dry,Not Raining,Daylight,Right Angle,No Control
2017-9872-15/08/2019,2,1,Pedestrian,Female,026,,,Treated at Hospital,,Pedestrian on Road,,Crossing without Control,,1 City,2,1,Friday,11:55 am,50,Not Divided,Straight road,Level,Dry,Not Raining,Daylight,Hit Pedestrian,No Control
2017-9873-15/08/2019,1,1,Driver,Female,034,Driver,Not Thrown Out,By Private,Fitted - Worn,Motor Cars - Sedan,Full,Straight Ahead,1.0,2 Metropolitan,2,1,Friday,10:45 am,60,Divided Road,Straight road,Level,Dry,Not Raining,Daylight,Rear End,No Control
2017-9876-15/08/2019,1,1,Driver,Female,052,Driver,Not Thrown Out,By Private,Fitted - Worn,Motor Cars - Sedan,Full,Straight Ahead,2.0,2 Metropolitan,2,2,Friday,02:15 pm,60,Cross Road,Straight road,Level,Dry,Not Raining,Daylight,Rear End,Roundabout
2017-9876-15/08/2019,1,2,Passenger,Male,022,Front Seat Left Passenger,Not Thrown Out,By Private,Fitted - Worn,Motor Cars - Sedan,Full,Straight Ahead,2.0,2 Metropolitan,2,2,Friday,02:15 pm,60,Cross Road,Straight road,Level,Dry,Not Raining,Daylight,Rear End,Roundabout
2017-9877-15/08/2019,1,1,Driver,Male,040,Driver,Not Thrown Out,By Private,Fitted - Worn,Station Wagon,Full,Straight Ahead,1.0,2 Metropolitan,2,2,Friday,01:39 pm,60,Cross Road,Straight road,Level,Dry,Not Raining,Daylight,Rear End,Traffic Signals
2017-9877-15/08/2019,2,1,Driver,Male,040,Driver,Not Thrown Out,By Private,Fitted - Worn,Panel Van,Full,Stopped on Carriageway,1.0,2 Metropolitan,2,2,Friday,01:39 pm,60,Cross Road,Straight road,Level,Dry,Not Raining,Daylight,Rear End,Traffic Signals
2017-9879-15/08/2019,1,1,Driver,Female,059,Driver,Not Thrown Out,Treated at Hospital,Fitted - Worn,Motor Cars - Sedan,Full,Straight Ahead,2.0,2 Metropolitan,2,3,Friday,01:15 pm,60,Not Divided,Straight road,Level,Dry,Not Raining,Daylight,Right Angle,No Control
2017-9879-15/08/2019,1,2,Passenger,Female,084,Front Seat Left Passenger,Not Thrown Out,Treated at Hospital,Fitted - Worn,Motor Cars - Sedan,Full,Straight Ahead,2.0,2 Metropolitan,2,3,Friday,01:15 pm,60,Not Divided,Straight road,Level,Dry,Not Raining,Daylight,Right Angle,No Control
2017-9879-15/08/2019,2,1,Driver,Male,046,Driver,Not Thrown Out,Treated at Hospital,Fitted - Worn,Motor Cars - Sedan,Full,Leaving Private Driveway,1.0,2 Metropolitan,2,3,Friday,01:15 pm,60,Not Divided,Straight road,Level,Dry,Not Raining,Daylight,Right Angle,No Control
2017-9881-15/08/2019,1,1,Driver,Male,044,Driver,Not Thrown Out,By Private,Fitted - Worn,Motor Cars - Sedan,Full,Stopped on Carriageway,1.0,2 Metropolitan,2,1,Thursday,05:00 pm,80,Cross Road,"CURVED, VIEW OPEN",Level,Wet,Raining,Daylight,Rear End,Traffic Signals
2017-9891-15/08/2019,1,1,Driver,Male,050,Driver,Not Thrown Out,Treated at Hospital,Fitted - Unknown if Worn,Motor Cars - Sedan,Full,Straight Ahead,1.0,2 Metropolitan,2,1,Friday,08:16 pm,80,Not Divided,"CURVED, VIEW OPEN",Slope,Dry,Not Raining,Night,Hit Fixed Object,No Control
2017-9895-15/08/2019,2,1,Driver,Female,062,Driver,Not Thrown Out,Treated at Hospital,Fitted - Worn,Motor Cars - Sedan,Full,Straight Ahead,2.0,2 Metropolitan,2,2,Friday,08:30 pm,60,T-Junction,Straight road,Level,Dry,Not Raining,Night,Right Angle,Give Way Sign
2017-9895-15/08/2019,2,2,Passenger,Male,095,Front Seat Left Passenger,Not Thrown Out,Treated at Hospital,Fitted - Worn,Motor Cars - Sedan,Full,Straight Ahead,2.0,2 Metropolitan,2,2,Friday,08:30 pm,60,T-Junction,Straight road,Level,Dry,Not Raining,Night,Right Angle,Give Way Sign
2017-9897-15/08/2019,1,1,Driver,Female,028,Driver,Not Thrown Out,By Private,Fitted - Worn,Station Wagon,Full,Stopped on Carriageway,1.0,2 Metropolitan,2,1,Friday,08:00 am,60,T-Junction,Straight road,Level,Dry,Not Raining,Daylight,Rear End,Traffic Signals
2017-9898-15/08/2019,1,1,Driver,Female,024,Driver,Not Thrown Out,By Private,Fitted - Worn,Station Wagon,Full,Stopped on Carriageway,1.0,2 Metropolitan,2,1,Friday,07:30 am,60,Divided Road,Straight road,Level,Dry,Not Raining,Daylight,Right Turn,No Control
2017-9900-15/08/2019,1,1,Driver,Female,034,Driver,Not Thrown Out,By Private,Fitted - Worn,Station Wagon,Full,Stopped on Carriageway,1.0,2 Metropolitan,2,1,Saturday,10:20 am,60,Divided Road,Straight road,Level,Dry,Not Raining,Daylight,Rear End,No Control
2017-9901-15/08/2019,1,1,Driver,Female,064,Driver,Not Thrown Out,Treated at Hospital,Fitted - Worn,Motor Cars - Sedan,Full,Straight Ahead,1.0,2 Metropolitan,2,1,Friday,07:20 pm,60,Not Divided,"CURVED, VIEW OPEN",Level,Dry,Not Raining,Night,Hit Parked Vehicle,No Control
2017-9904-15/08/2019,1,1,Rider,Male,049,Rider of Motorcycle,Thrown Out,Admitted to Hospital,,Motor Cycle,Full,Straight Ahead,1.0,3 Country,1,1,Saturday,03:30 pm,60,Not Divided,Straight road,Level,Dry,Not Raining,Daylight,Roll Over,No Control
2017-9908-15/08/2019,1,1,Driver,Male,047,Driver,Not Thrown Out,Treated at Hospital,Fitted - Unknown if Worn,Motor Cars - Sedan,Full,Straight Ahead,1.0,1 City,2,1,Sunday,12:05 am,60,Not Divided,"CURVED, VIEW OPEN",Level,Dry,Not Raining,Night,Hit Fixed Object,No Control
2017-9914-15/08/2019,2,1,Rider,Male,078,Rider of Motorcycle,Thrown Out,Treated at Hospital,,Scooter,Full,Straight Ahead,1.0,3 Country,2,1,Sunday,12:25 pm,50,Cross Road,Straight road,Level,Dry,Not Raining,Daylight,Right Angle,Give Way Sign
2017-9916-15/08/2019,1,1,Rider,Male,043,,Thrown Out,By Private,,Pedal Cycle,,Straight Ahead,1.0,2 Metropolitan,2,1,Friday,04:45 pm,50,Cross Road,Straight road,Level,Dry,Not Raining,Daylight,Right Angle,Roundabout
2017-9918-15/08/2019,2,1,Driver,Male,058,Driver,Not Thrown Out,Treated at Hospital,Fitted - Worn,Motor Cars - Sedan,Full,Stopped on Carriageway,4.0,2 Metropolitan,2,1,Sunday,01:45 pm,60,T-Junction,Straight road,Level,Dry,Not Raining,Daylight,Rear End,No Control
2017-9919-15/08/2019,1,1,Passenger,Female,004,Rear Seat Right Passenger,Not Thrown Out,Treated at Hospital,Child Restraint - Worn,Station Wagon,Full,Straight Ahead,4.0,2 Metropolitan,2,1,Sunday,03:10 pm,60,Divided Road,Straight road,Level,Dry,Not Raining,Daylight,Rear End,No Control
2017-9921-15/08/2019,1,1,Rider,Male,026,Rider of Motorcycle,Thrown Out,Treated at Hospital,,Motor Cycle,Full,Straight Ahead,1.0,2 Metropolitan,1,1,Sunday,03:50 pm,80,Not Divided,"CURVED, VIEW OBSCURED",Slope,Dry,Not Raining,Daylight,Roll Over,No Control
2017-9924-15/08/2019,1,1,Driver,Female,091,Driver,Not Thrown Out,Admitted to Hospital,Fitted - Unknown if Worn,Motor Cars - Sedan,Full,Straight Ahead,1.0,2 Metropolitan,3,1,Sunday,05:43 pm,50,Not Divided,Straight road,Level,Dry,Not Raining,Daylight,Hit Fixed Object,No Control
2017-9925-15/08/2019,1,1,Driver,Male,023,Driver,Not Thrown Out,Treated at Hospital,Fitted - Unknown if Worn,Motor Cars - Sedan,Provisional 1 ,Straight Ahead,1.0,3 Country,2,1,Sunday,06:48 pm,100,Not Divided,"CURVED, VIEW OBSCURED",Slope,Dry,Not Raining,Daylight,Hit Fixed Object,No Control
2017-9929-15/08/2019,1,1,Driver,Male,044,Driver,Not Thrown Out,Treated at Hospital,Fitted - Worn,Motor Cars - Sedan,Unlicenced,Straight Ahead,1.0,2 Metropolitan,2,1,Sunday,07:32 pm,60,Not Divided,"CURVED, VIEW OPEN",Level,Dry,Not Raining,Night,Hit Fixed Object,No Control
2017-9933-15/08/2019,1,1,Driver,Male,025,Driver,Not Thrown Out,Treated at Hospital,Fitted - Unknown if Worn,Motor Cars - Sedan,Full,Straight Ahead,2.0,2 Metropolitan,2,1,Saturday,04:45 pm,50,Not Divided,Straight road,Slope,Dry,Not Raining,Daylight,Hit Fixed Object,No Control
2017-9934-15/08/2019,1,1,Rider,Male,023,Rider of Motorcycle,Thrown Out,Treated at Hospital,,Motor Cycle,Learners,Straight Ahead,1.0,2 Metropolitan,2,1,Sunday,03:45 pm,50,Not Divided,Straight road,Level,Dry,Not Raining,Daylight,Hit Fixed Object,No Control
2017-9936-15/08/2019,1,1,Rider,Male,035,Rider of Motorcycle,Thrown Out,Treated at Hospital,,Motor Cycle,Unlicenced,Straight Ahead,1.0,2 Metropolitan,2,1,Sunday,10:15 pm,50,Cross Road,Straight road,Level,Dry,Not Raining,Night,Hit Fixed Object,Roundabout
2017-9938-15/08/2019,2,1,Pedestrian,Male,047,,,Fatal,,Pedestrian on Road,,Crossing without Control,,2 Metropolitan,2,1,Sunday,09:20 pm,60,Not Divided,Straight road,Level,Dry,Not Raining,Night,Hit Pedestrian,No Control
2017-9939-15/08/2019,2,1,Driver,Male,031,Driver,Not Thrown Out,Treated at Hospital,Fitted - Worn,Motor Cars - Sedan,Full,Straight Ahead,1.0,2 Metropolitan,2,1,Monday,12:10 am,80,Cross Road,Straight road,Level,Dry,Not Raining,Night,Right Angle,Traffic Signals
2017-9944-15/08/2019,1,1,Rider,Male,058,Rider of Motorcycle,Thrown Out,Admitted to Hospital,,Motor Cycle,Full,Straight Ahead,1.0,2 Metropolitan,2,1,Sunday,01:00 pm,80,Not Divided,"CURVED, VIEW OBSCURED",Level,Dry,Not Raining,Daylight,Hit Fixed Object,No Control
2017-9948-15/08/2019,1,1,Driver,Female,067,Driver,Not Thrown Out,Treated at Hospital,Fitted - Worn,Station Wagon,Full,Straight Ahead,2.0,2 Metropolitan,2,2,Monday,09:20 am,60,T-Junction,"CURVED, VIEW OPEN",Slope,Dry,Not Raining,Daylight,Right Angle,No Control
2017-9948-15/08/2019,2,1,Driver,Male,054,Driver,Not Thrown Out,Treated at Hospital,Fitted - Worn,Motor Cars - Sedan,Full,Right Turn,1.0,2 Metropolitan,2,2,Monday,09:20 am,60,T-Junction,"CURVED, VIEW OPEN",Slope,Dry,Not Raining,Daylight,Right Angle,No Control
2017-9949-15/08/2019,1,1,Driver,Female,065,Driver,Not Thrown Out,By Private,Fitted - Worn,Motor Cars - Sedan,Full,Stopped on Carriageway,1.0,1 City,2,1,Friday,05:00 pm,60,Cross Road,Straight road,Level,Dry,Not Raining,Daylight,Rear End,Traffic Signals
2017-9953-15/08/2019,2,1,Driver,Female,057,Driver,Not Thrown Out,By Private,Fitted - Worn,Motor Cars - Sedan,Full,Straight Ahead,1.0,2 Metropolitan,2,1,Monday,02:35 pm,50,Cross Road,Straight road,Level,Dry,Not Raining,Daylight,Right Angle,Roundabout
2017-9959-15/08/2019,1,1,Driver,Male,020,Driver,Not Thrown Out,Treated at Hospital,Fitted - Worn,Motor Cars - Sedan,Full,Straight Ahead,1.0,2 Metropolitan,2,1,Monday,08:53 pm,80,Divided Road,Straight road,Slope,Dry,Not Raining,Night,Hit Fixed Object,No Control
2017-9961-15/08/2019,2,1,Driver,Male,050,Driver,Not Thrown Out,Treated at Hospital,Fitted - Worn,Utility,Full,Stopped on Carriageway,2.0,2 Metropolitan,5,2,Monday,07:50 pm,90,Cross Road,Straight road,Level,Dry,Not Raining,Night,Rear End,Give Way Sign
2017-9961-15/08/2019,4,1,Passenger,Male,028,Rear Seat Right Passenger,Not Thrown Out,Treated at Hospital,Fitted - Worn,Motor Cars - Sedan,Unknown,Stopped on Carriageway,3.0,2 Metropolitan,5,2,Monday,07:50 pm,90,Cross Road,Straight road,Level,Dry,Not Raining,Night,Rear End,Give Way Sign
2017-9964-15/08/2019,2,1,Driver,Female,043,Driver,Not Thrown Out,By Private,Fitted - Worn,Station Wagon,Unknown,Straight Ahead,1.0,2 Metropolitan,3,1,Monday,01:10 pm,60,Cross Road,Straight road,Level,Dry,Not Raining,Daylight,Rear End,Traffic Signals
2017-9967-15/08/2019,1,1,Driver,Male,030,Driver,Not Thrown Out,Admitted to Hospital,Fitted - Unknown if Worn,Motor Cars - Sedan,Full,Straight Ahead,1.0,3 Country,2,1,Monday,05:10 pm,110,Not Divided,Straight road,Slope,Dry,Not Raining,Daylight,Hit Fixed Object,No Control
2017-9969-15/08/2019,1,1,Passenger,Female,013,Front Seat Left Passenger,Not Thrown Out,Treated at Hospital,Fitted - Worn,Utility,Full,Straight Ahead,3.0,3 Country,2,1,Saturday,01:50 pm,110,Not Divided,Straight road,Crest of Hill,Dry,Not Raining,Daylight,Hit Fixed Object,No Control
2017-9970-15/08/2019,1,1,Driver,Female,025,Driver,Not Thrown Out,Treated at Hospital,Fitted - Worn,Motor Cars - Sedan,Full,Straight Ahead,1.0,2 Metropolitan,2,1,Sunday,12:00 pm,50,Not Divided,Straight road,Level,Dry,Not Raining,Daylight,Hit Parked Vehicle,No Control
2017-9972-15/08/2019,1,1,Driver,Male,XXX,Driver,Not Thrown Out,By Private,Fitted - Worn,Utility,Full,Straight Ahead,1.0,2 Metropolitan,2,1,Tuesday,09:30 am,60,Cross Road,Straight road,Level,Dry,Not Raining,Daylight,Rear End,Traffic Signals
2017-9974-15/08/2019,2,1,Driver,Female,056,Driver,Not Thrown Out,Treated at Hospital,Fitted - Worn,Station Wagon,Full,Straight Ahead,1.0,2 Metropolitan,2,1,Tuesday,08:30 am,60,Not Divided,"CURVED, VIEW OBSCURED",Slope,Dry,Not Raining,Daylight,Head On,No Control