REPORT_ID,UND_UNIT_NUMBER,CASUALTY_NUMBER,Casualty Type,Sex_x,AGE,Position In Veh,Thrown Out,Injury Extent,Seat Belt,Unit Type,Licence Type,Unit Movement,Number Occupants,Stats Area,Total Units,Total Cas,Day,Time,Area Speed,Position Type,Horizontal Align,Vertical Align,Moisture Cond,Weather Cond,DayNight,Crash Type,Traffic Ctrls
2017-10185-15/08/2019,2,1,Driver,Male,079,Driver,Not Thrown Out,Treated at Hospital,Fitted - Worn,Motor Cars - Sedan,Full,Straight Ahead,4.0,2 Metropolitan,4,4,Monday,01:00 pm,60,Cross Road,Straight road,Level,Dry,Not Raining,Daylight,Right Angle,No Control
2017-10185-15/08/2019,2,2,Passenger,Male,078,Rear Seat Left Passenger,Not Thrown Out,Treated at Hospital,Fitted - Unknown if Worn,Motor Cars - Sedan,Full,Straight Ahead,4.0,2 Metropolitan,4,4,Monday,01:00 pm,60,Cross Road,Straight road,Level,Dry,Not Raining,Daylight,Right Angle,No Control
2017-10185-15/08/2019,2,3,Passenger,Male,081,Rear Seat Right Passenger,Not Thrown Out,Treated at Hospital,Fitted - Unknown if Worn,Motor Cars - Sedan,Full,Straight Ahead,4.0,2 Metropolitan,4,4,Monday,01:00 pm,60,Cross Road,Straight road,Level,Dry,Not Raining,Daylight,Right Angle,No Control
2017-10185-15/08/2019,3,1,Driver,Female,062,Driver,Not Thrown Out,Treated at Hospital,Fitted - Worn,Motor Cars - Sedan,Full,Straight Ahead,1.0,2 Metropolitan,4,4,Monday,01:00 pm,60,Cross Road,Straight road,Level,Dry,Not Raining,Daylight,Right Angle,No Control
2017-10186-15/08/2019,1,1,Rider,Male,013,,Thrown Out,By Private,,Pedal Cycle,,Straight Ahead,1.0,2 Metropolitan,2,1,Monday,03:05 pm,60,Divided Road,"CURVED, VIEW OPEN",Slope,Dry,Not Raining,Daylight,Side Swipe,No Control
2017-10187-15/08/2019,1,1,Driver,Male,066,Driver,Not Thrown Out,Admitted to Hospital,Fitted - Worn,Motor Cars - Sedan,Full,Straight Ahead,4.0,3 Country,2,5,Monday,09:40 am,100,Not Divided,Straight road,Crest of Hill,Dry,Not Raining,Daylight,Head On,No Control
2017-10187-15/08/2019,1,2,Passenger,Female,079,Front Seat Left Passenger,Not Thrown Out,Admitted to Hospital,Fitted - Worn,Motor Cars - Sedan,Full,Straight Ahead,4.0,3 Country,2,5,Monday,09:40 am,100,Not Divided,Straight road,Crest of Hill,Dry,Not Raining,Daylight,Head On,No Control
2017-10187-15/08/2019,1,3,Passenger,Male,076,Rear Seat Right Passenger,Not Thrown Out,Admitted to Hospital,Fitted - Worn,Motor Cars - Sedan,Full,Straight Ahead,4.0,3 Country,2,5,Monday,09:40 am,100,Not Divided,Straight road,Crest of Hill,Dry,Not Raining,Daylight,Head On,No Control
2017-10187-15/08/2019,1,4,Passenger,Male,XXX,Rear Seat Left Passenger,Not Thrown Out,Admitted to Hospital,Fitted - Worn,Motor Cars - Sedan,Full,Straight Ahead,4.0,3 Country,2,5,Monday,09:40 am,100,Not Divided,Straight road,Crest of Hill,Dry,Not Raining,Daylight,Head On,No Control
2017-10187-15/08/2019,2,1,Driver,Male,030,Driver,Not Thrown Out,Treated at Hospital,Fitted - Worn,Station Wagon,Full,Straight Ahead,1.0,3 Country,2,5,Monday,09:40 am,100,Not Divided,Straight road,Crest of Hill,Dry,Not Raining,Daylight,Head On,No Control
2017-10190-15/08/2019,1,1,Driver,Male,082,Driver,Not Thrown Out,Treated at Hospital,Fitted - Worn,Station Wagon,Full,Straight Ahead,2.0,2 Metropolitan,2,2,Monday,05:24 pm,60,Not Divided,Straight road,Slope,Dry,Not Raining,Daylight,Hit Fixed Object,No Control
2017-10190-15/08/2019,1,2,Passenger,Female,084,Front Seat Left Passenger,Not Thrown Out,Treated at Hospital,Fitted - Worn,Station Wagon,Full,Straight Ahead,2.0,2 Metropolitan,2,2,Monday,05:24 pm,60,Not Divided,Straight road,Slope,Dry,Not Raining,Daylight,Hit Fixed Object,No Control
2017-10195-15/08/2019,1,1,Driver,Female,025,Driver,Not Thrown Out,By Private,Fitted - Worn,Station Wagon,Full,Stopped on Carriageway,1.0,2 Metropolitan,2,1,Monday,05:50 pm,60,Cross Road,Straight road,Level,Dry,Not Raining,Daylight,Rear End,Traffic Signals
2017-10197-15/08/2019,2,1,Pedestrian,Female,064,,,Admitted to Hospital,,Pedestrian on Road,,Crossing with Traffic Signals,,1 City,3,2,Monday,06:12 pm,50,Cross Road,Straight road,Level,Dry,Not Raining,Daylight,Hit Pedestrian,Traffic Signals
2017-10197-15/08/2019,3,1,Pedestrian,Female,070,,,Treated at Hospital,,Pedestrian on Road,,Crossing with Traffic Signals,,1 City,3,2,Monday,06:12 pm,50,Cross Road,Straight road,Level,Dry,Not Raining,Daylight,Hit Pedestrian,Traffic Signals
2017-10198-15/08/2019,1,1,Driver,Female,073,Driver,Not Thrown Out,Treated at Hospital,Fitted - Worn,Motor Cars - Sedan,Full,Straight Ahead,1.0,2 Metropolitan,2,1,Monday,04:40 pm,50,Not Divided,Straight road,Level,Dry,Not Raining,Daylight,Hit Parked Vehicle,No Control
2017-10201-15/08/2019,1,1,Driver,Female,070,Driver,Not Thrown Out,By Private,Fitted - Worn,Motor Cars - Sedan,Full,U Turn,1.0,2 Metropolitan,2,1,Monday,06:10 pm,60,Not Divided,Straight road,Level,Dry,Not Raining,Daylight,Right Angle,No Control
2017-10202-15/08/2019,2,1,Rider,Male,053,Rider of Motorcycle,Thrown Out,Treated at Hospital,,Motor Cycle,Full,Straight Ahead,1.0,2 Metropolitan,2,1,Monday,05:45 am,60,Not Divided,Straight road,Level,Dry,Not Raining,Night,Right Turn,No Control
2017-10203-15/08/2019,1,1,Driver,Female,025,Driver,Not Thrown Out,Treated at Hospital,Fitted - Worn,Motor Cars - Sedan,Full,Straight Ahead,1.0,2 Metropolitan,2,1,Monday,09:37 pm,60,Cross Road,Straight road,Level,Dry,Not Raining,Night,Right Turn,Traffic Signals
2017-10205-15/08/2019,1,1,Driver,Male,036,Driver,Thrown Out,Treated at Hospital,Fitted - Not Worn,Motor Cars - Sedan,Full,Straight Ahead,1.0,2 Metropolitan,2,1,Tuesday,01:30 am,60,Cross Road,Straight road,Level,Dry,Not Raining,Night,Hit Fixed Object,Traffic Signals
2017-10210-15/08/2019,1,1,Driver,Female,017,Driver,Not Thrown Out,Treated at Hospital,Fitted - Worn,Motor Cars - Sedan,Provisional 1 ,Straight Ahead,1.0,3 Country,2,1,Tuesday,07:10 am,100,Not Divided,Straight road,Slope,Dry,Not Raining,Daylight,Hit Fixed Object,No Control
2017-10213-15/08/2019,1,1,Driver,Male,077,Driver,Not Thrown Out,Admitted to Hospital,Fitted - Worn,Panel Van,Full,Stopped on Carriageway,1.0,2 Metropolitan,2,1,Monday,10:00 am,80,Cross Road,Straight road,Level,Dry,Not Raining,Daylight,Rear End,Traffic Signals
2017-10216-15/08/2019,1,1,Passenger,Female,058,Front Seat Left Passenger,Not Thrown Out,By Private,Fitted - Worn,Motor Cars - Sedan,Full,Stopped on Carriageway,2.0,2 Metropolitan,2,1,Tuesday,08:20 am,60,Cross Road,Straight road,Level,Dry,Not Raining,Daylight,Rear End,Traffic Signals
2017-10221-15/08/2019,2,1,Pedestrian,Male,009,,,Treated at Hospital,,Pedestrian on Road,,Crossing without Control,,2 Metropolitan,3,2,Tuesday,09:00 am,50,Cross Road,Straight road,Slope,Dry,Not Raining,Daylight,Hit Pedestrian,Stop Sign
2017-10221-15/08/2019,3,1,Pedestrian,Female,006,,,Treated at Hospital,,Pedestrian on Road,,Crossing without Control,,2 Metropolitan,3,2,Tuesday,09:00 am,50,Cross Road,Straight road,Slope,Dry,Not Raining,Daylight,Hit Pedestrian,Stop Sign
2017-10223-15/08/2019,1,1,Driver,Male,050,Driver,Not Thrown Out,Treated at Hospital,Fitted - Worn,Utility,Full,Straight Ahead,1.0,2 Metropolitan,2,1,Monday,01:40 pm,50,Divided Road,Straight road,Level,Dry,Not Raining,Daylight,Hit Parked Vehicle,No Control
2017-10228-15/08/2019,1,1,Passenger,Male,059,Front Seat Left Passenger,Not Thrown Out,Treated at Hospital,Fitted - Worn,Station Wagon,Full,U Turn,2.0,2 Metropolitan,2,1,Tuesday,01:50 pm,60,Not Divided,Straight road,Level,Dry,Not Raining,Daylight,Side Swipe,No Control
2017-10235-15/08/2019,1,1,Passenger,Female,046,Rear Seat Right Passenger,Not Thrown Out,Treated at Hospital,Fitted - Worn,Motor Cars - Sedan,Provisional 2,Straight Ahead,5.0,2 Metropolitan,2,1,Monday,08:15 pm,50,T-Junction,Straight road,Level,Dry,Not Raining,Night,Hit Fixed Object,Roundabout
2017-10237-15/08/2019,1,1,Driver,Female,022,Driver,Not Thrown Out,Treated at Hospital,Fitted - Worn,Motor Cars - Sedan,Full,Stopped on Carriageway,1.0,2 Metropolitan,3,1,Monday,07:35 am,60,Divided Road,Straight road,Level,Dry,Not Raining,Daylight,Rear End,No Control
2017-10239-15/08/2019,2,1,Passenger,Female,019,Front Seat Left Passenger,Not Thrown Out,Treated at Hospital,Fitted - Worn,Motor Cars - Sedan,Full,Straight Ahead,3.0,2 Metropolitan,3,1,Tuesday,05:01 pm,60,Cross Road,Straight road,Level,Dry,Not Raining,Daylight,Right Angle,Traffic Signals
2017-10244-15/08/2019,1,1,Passenger,Female,017,Front Seat Left Passenger,Not Thrown Out,Treated at Hospital,Fitted - Worn,Station Wagon,Provisional 1 ,Straight Ahead,2.0,3 Country,2,1,Tuesday,05:30 pm,50,Not Divided,Straight road,Level,Dry,Not Raining,Daylight,Hit Fixed Object,No Control
2017-10249-15/08/2019,1,1,Driver,Female,017,Driver,Not Thrown Out,Treated at Hospital,Fitted - Worn,Motor Cars - Sedan,Provisional 1 ,Straight Ahead,1.0,2 Metropolitan,2,1,Tuesday,10:45 pm,60,Divided Road,Straight road,Level,Dry,Not Raining,Night,Hit Fixed Object,No Control
2017-10255-15/08/2019,1,1,Rider,Male,056,,Thrown Out,By Private,,Pedal Cycle,,Straight Ahead,1.0,2 Metropolitan,2,1,Tuesday,04:10 pm,60,Divided Road,Straight road,Level,Dry,Not Raining,Daylight,Side Swipe,No Control
2017-10265-15/08/2019,1,1,Passenger,Female,073,Front Seat Left Passenger,Not Thrown Out,Treated at Hospital,Fitted - Worn,Motor Cars - Sedan,Full,Straight Ahead,2.0,3 Country,2,1,Wednesday,12:20 pm,50,Cross Road,Straight road,Slope,Dry,Not Raining,Daylight,Right Angle,Give Way Sign
2017-10266-15/08/2019,1,1,Driver,Female,080,Driver,Not Thrown Out,By Private,Fitted - Worn,Motor Cars - Sedan,Full,Stopped on Carriageway,3.0,2 Metropolitan,2,3,Wednesday,12:30 pm,60,Multiple,Straight road,Level,Dry,Not Raining,Daylight,Rear End,Traffic Signals
2017-10266-15/08/2019,1,2,Passenger,Female,083,Front Seat Left Passenger,Not Thrown Out,By Private,Fitted - Worn,Motor Cars - Sedan,Full,Stopped on Carriageway,3.0,2 Metropolitan,2,3,Wednesday,12:30 pm,60,Multiple,Straight road,Level,Dry,Not Raining,Daylight,Rear End,Traffic Signals
2017-10266-15/08/2019,1,3,Passenger,Female,013,Rear Seat Right Passenger,Not Thrown Out,By Private,Fitted - Worn,Motor Cars - Sedan,Full,Stopped on Carriageway,3.0,2 Metropolitan,2,3,Wednesday,12:30 pm,60,Multiple,Straight road,Level,Dry,Not Raining,Daylight,Rear End,Traffic Signals
2017-10274-15/08/2019,2,1,Passenger,Female,035,Front Seat Left Passenger,Not Thrown Out,Treated at Hospital,Fitted - Worn,Motor Cars - Sedan,Full,Right Turn,2.0,2 Metropolitan,2,1,Wednesday,04:57 pm,60,Cross Road,Straight road,Level,Dry,Not Raining,Daylight,Right Turn,Traffic Signals
2017-10279-15/08/2019,1,1,Driver,Male,019,Driver,Not Thrown Out,Treated at Hospital,Fitted - Worn,Motor Cars - Sedan,Provisional 2,Straight Ahead,1.0,2 Metropolitan,2,1,Wednesday,06:25 pm,60,T-Junction,Straight road,Level,Dry,Not Raining,Daylight,Rear End,No Control
2017-10280-15/08/2019,1,1,Driver,Male,069,Driver,Not Thrown Out,Admitted to Hospital,Fitted - Worn,Utility,Full,Straight Ahead,1.0,3 Country,2,1,Wednesday,06:10 pm,100,Not Divided,"CURVED, VIEW OPEN",Level,Dry,Not Raining,Daylight,Hit Fixed Object,No Control
2017-10285-15/08/2019,2,1,Pedestrian,Male,062,,,Admitted to Hospital,,Pedestrian on Road,,Crossing with Traffic Signals,,2 Metropolitan,2,1,Thursday,06:15 am,60,Pedestrian Crossing,Straight road,Level,Dry,Not Raining,Night,Hit Pedestrian,Traffic Signals
2017-10293-15/08/2019,1,1,Driver,Male,042,Driver,Not Thrown Out,By Private,Fitted - Worn,Utility,Full,Stopped on Carriageway,1.0,1 City,2,1,Monday,07:20 am,25,Cross Road,Straight road,Level,Wet,Not Raining,Daylight,Rear End,Traffic Signals
2017-10294-15/08/2019,1,1,Driver,Male,077,Driver,Not Thrown Out,By Private,Fitted - Worn,Utility,Full,Straight Ahead,2.0,2 Metropolitan,2,2,Thursday,09:15 am,90,Divided Road,Straight road,Level,Dry,Not Raining,Daylight,Rear End,No Control
2017-10294-15/08/2019,1,2,Passenger,Female,071,Front Seat Left Passenger,Not Thrown Out,Treated at Hospital,Fitted - Worn,Utility,Full,Straight Ahead,2.0,2 Metropolitan,2,2,Thursday,09:15 am,90,Divided Road,Straight road,Level,Dry,Not Raining,Daylight,Rear End,No Control
2017-10298-15/08/2019,2,1,Passenger,Male,011,Front Seat Left Passenger,Not Thrown Out,Treated at Hospital,Fitted - Worn,Motor Cars - Sedan,Full,Straight Ahead,4.0,1 City,2,2,Thursday,01:30 pm,50,Cross Road,Straight road,Level,Dry,Not Raining,Daylight,Right Angle,Traffic Signals
2017-10298-15/08/2019,2,2,Passenger,Male,005,Rear Seat Middle Passenger,Not Thrown Out,Treated at Hospital,Fitted - Worn,Motor Cars - Sedan,Full,Straight Ahead,4.0,1 City,2,2,Thursday,01:30 pm,50,Cross Road,Straight road,Level,Dry,Not Raining,Daylight,Right Angle,Traffic Signals
2017-10301-15/08/2019,1,1,Pedestrian,Female,019,,,Treated at Hospital,,Pedestrian on Road,,Crossing without Control,,1 City,2,1,Sunday,01:30 am,50,Not Divided,Straight road,Level,Dry,Not Raining,Night,Hit Pedestrian,No Control
2017-10303-15/08/2019,2,1,Driver,Male,039,Driver,Not Thrown Out,By Private,Fitted - Worn,Motor Cars - Sedan,Full,Stopped on Carriageway,1.0,2 Metropolitan,3,2,Thursday,03:53 pm,70,Divided Road,Straight road,Level,Dry,Not Raining,Daylight,Rear End,No Control
2017-10303-15/08/2019,3,1,Driver,Male,056,Driver,Not Thrown Out,By Private,Fitted - Worn,Station Wagon,Full,Stopped on Carriageway,1.0,2 Metropolitan,3,2,Thursday,03:53 pm,70,Divided Road,Straight road,Level,Dry,Not Raining,Daylight,Rear End,No Control
2017-10304-15/08/2019,2,1,Passenger,Male,008,Rear Seat Left Passenger,Not Thrown Out,Treated at Hospital,Fitted - Worn,Panel Van,Full,Right Turn,1.0,2 Metropolitan,2,1,Thursday,05:35 pm,60,Cross Road,Straight road,Level,Dry,Not Raining,Daylight,Right Angle,Roundabout
2017-10307-15/08/2019,2,1,Pedestrian,Male,027,,,Treated at Hospital,,Pedestrian on Road,,Walking on Road,,2 Metropolitan,2,1,Thursday,05:33 pm,50,T-Junction,Straight road,Level,Dry,Not Raining,Daylight,Hit Pedestrian,Stop Sign
2017-10310-15/08/2019,1,1,Driver,Male,064,Driver,Not Thrown Out,Admitted to Hospital,Fitted - Worn,Motor Cars - Sedan,Unlicenced,Straight Ahead,1.0,3 Country,1,1,Thursday,07:57 pm,100,Not Divided,"CURVED, VIEW OPEN",Level,Dry,Not Raining,Night,Roll Over,No Control
2017-10313-15/08/2019,1,1,Passenger,Female,015,Rear Seat Left Passenger,Not Thrown Out,Treated at Hospital,Fitted - Worn,Motor Cars - Sedan,Learners,Left Turn,3.0,3 Country,2,1,Thursday,07:35 pm,60,T-Junction,Straight road,Level,Dry,Not Raining,Night,Hit Fixed Object,No Control
2017-10315-15/08/2019,2,1,Driver,Female,022,Driver,Not Thrown Out,Treated at Hospital,Fitted - Worn,Motor Cars - Sedan,Full,Straight Ahead,1.0,3 Country,2,1,Thursday,10:20 am,60,T-Junction,Straight road,Level,Dry,Not Raining,Daylight,Right Angle,Give Way Sign
2017-10319-15/08/2019,1,1,Driver,Female,030,Driver,Not Thrown Out,Treated at Hospital,Fitted - Worn,Motor Cars - Sedan,Full,Straight Ahead,1.0,2 Metropolitan,2,1,Friday,09:15 am,50,Cross Road,Straight road,Level,Dry,Not Raining,Daylight,Right Angle,Give Way Sign
2017-10320-15/08/2019,2,1,Driver,Female,040,Driver,Not Thrown Out,Treated at Hospital,Fitted - Worn,Motor Cars - Sedan,Full,Straight Ahead,1.0,2 Metropolitan,2,1,Thursday,01:40 pm,60,T-Junction,"CURVED, VIEW OPEN",Slope,Dry,Not Raining,Daylight,Right Turn,Give Way Sign
2017-10326-15/08/2019,1,1,Driver,Male,055,Driver,Not Thrown Out,By Private,Fitted - Worn,Motor Cars - Sedan,Full,Stopped on Carriageway,2.0,1 City,3,2,Friday,08:32 am,60,Cross Road,Straight road,Level,Dry,Not Raining,Daylight,Rear End,Traffic Signals
2017-10326-15/08/2019,1,2,Passenger,Female,053,Front Seat Left Passenger,Not Thrown Out,By Private,Fitted - Worn,Motor Cars - Sedan,Full,Stopped on Carriageway,2.0,1 City,3,2,Friday,08:32 am,60,Cross Road,Straight road,Level,Dry,Not Raining,Daylight,Rear End,Traffic Signals
2017-10328-15/08/2019,2,1,Pedestrian,Female,060,,,Treated at Hospital,,Pedestrian on Road,,Walking on Road,,3 Country,3,1,Thursday,04:15 pm,10,Not Divided,Straight road,Level,Dry,Not Raining,Daylight,Hit Pedestrian,No Control
2017-10330-15/08/2019,1,1,Rider,Male,019,Rider of Motorcycle,Thrown Out,Admitted to Hospital,,Motor Cycle,Provisional 2,Straight Ahead,1.0,1 City,2,1,Friday,10:38 am,50,Cross Road,Straight road,Crest of Hill,Dry,Not Raining,Daylight,Right Turn,Traffic Signals
2017-10331-15/08/2019,1,1,Driver,Female,054,Driver,Not Thrown Out,Treated at Hospital,Fitted - Worn,Motor Cars - Sedan,Full,Right Turn,1.0,3 Country,2,1,Friday,11:10 am,50,Cross Road,"CURVED, VIEW OPEN",Level,Dry,Not Raining,Daylight,Right Angle,Roundabout
2017-10332-15/08/2019,2,1,Driver,Female,058,Driver,Not Thrown Out,Treated at Hospital,Fitted - Worn,Panel Van,Full,Straight Ahead,1.0,2 Metropolitan,2,1,Friday,12:10 pm,80,Not Divided,"CURVED, VIEW OBSCURED",Slope,Dry,Not Raining,Daylight,Right Angle,No Control
2017-10333-15/08/2019,1,1,Driver,Female,053,Driver,Not Thrown Out,By Private,Fitted - Worn,Motor Cars - Sedan,Full,Straight Ahead,1.0,2 Metropolitan,2,1,Friday,01:30 pm,90,T-Junction,Straight road,Level,Dry,Not Raining,Daylight,Rear End,No Control
2017-10334-15/08/2019,1,1,Driver,Male,047,Driver,Not Thrown Out,By Private,Fitted - Worn,Utility,Full,Stopped on Carriageway,1.0,2 Metropolitan,2,1,Friday,06:50 am,60,Cross Road,Straight road,Level,Dry,Not Raining,Daylight,Rear End,Traffic Signals
2017-10340-15/08/2019,1,1,Driver,Male,057,Driver,Not Thrown Out,Treated at Hospital,Fitted - Worn,Utility,Full,Straight Ahead,1.0,2 Metropolitan,4,2,Friday,04:54 pm,60,Divided Road,Straight road,Level,Dry,Not Raining,Daylight,Rear End,No Control
2017-10340-15/08/2019,2,1,Driver,Male,034,Driver,Not Thrown Out,Treated at Hospital,Fitted - Worn,Station Wagon,Full,Stopped on Carriageway,1.0,2 Metropolitan,4,2,Friday,04:54 pm,60,Divided Road,Straight road,Level,Dry,Not Raining,Daylight,Rear End,No Control
2017-10345-15/08/2019,2,1,Passenger,Female,072,Front Seat Left Passenger,Not Thrown Out,Treated at Hospital,Fitted - Worn,Station Wagon,Full,Right Turn,2.0,2 Metropolitan,2,1,Friday,04:15 pm,60,Cross Road,Straight road,Level,Dry,Not Raining,Daylight,Right Turn,Traffic Signals
2017-10346-15/08/2019,1,1,Driver,Female,026,Driver,Not Thrown Out,Treated at Hospital,Fitted - Worn,Motor Cars - Sedan,Provisional 2,Straight Ahead,1.0,2 Metropolitan,2,1,Friday,08:00 pm,80,Not Divided,Straight road,Level,Dry,Not Raining,Night,Hit Fixed Object,No Control
2017-10353-15/08/2019,1,1,Driver,Female,043,Driver,Not Thrown Out,Treated at Hospital,Fitted - Worn,Motor Cars - Sedan,Full,Stopped on Carriageway,1.0,2 Metropolitan,2,1,Friday,02:00 pm,50,T-Junction,Straight road,Level,Dry,Not Raining,Daylight,Rear End,Traffic Signals
2017-10355-15/08/2019,1,1,Driver,Female,032,Driver,Not Thrown Out,Treated at Hospital,Fitted - Worn,Motor Cars - Sedan,Full,Straight Ahead,3.0,2 Metropolitan,2,4,Saturday,09:21 am,80,Cross Road,Straight road,Level,Dry,Not Raining,Daylight,Right Angle,Give Way Sign
2017-10355-15/08/2019,1,2,Passenger,Male,XXX,Rear Seat Right Passenger,Not Thrown Out,Treated at Hospital,Fitted - Worn,Motor Cars - Sedan,Full,Straight Ahead,3.0,2 Metropolitan,2,4,Saturday,09:21 am,80,Cross Road,Straight road,Level,Dry,Not Raining,Daylight,Right Angle,Give Way Sign
2017-10355-15/08/2019,1,3,Passenger,Male,XXX,Rear Seat Left Passenger,Not Thrown Out,Treated at Hospital,Fitted - Worn,Motor Cars - Sedan,Full,Straight Ahead,3.0,2 Metropolitan,2,4,Saturday,09:21 am,80,Cross Road,Straight road,Level,Dry,Not Raining,Daylight,Right Angle,Give Way Sign
2017-10355-15/08/2019,2,1,Driver,Female,055,Driver,Not Thrown Out,Treated at Hospital,Fitted - Worn,Motor Cars - Sedan,Full,Straight Ahead,1.0,2 Metropolitan,2,4,Saturday,09:21 am,80,Cross Road,Straight road,Level,Dry,Not Raining,Daylight,Right Angle,Give Way Sign
2017-10364-15/08/2019,1,1,Rider,Male,060,,Thrown Out,Treated at Hospital,,Pedal Cycle,,Straight Ahead,1.0,2 Metropolitan,1,1,Friday,09:25 pm,60,Cross Road,Straight road,Level,Dry,Not Raining,Night,Roll Over,Roundabout
2017-10366-15/08/2019,1,1,Rider,Male,056,Rider of Motorcycle,Thrown Out,Treated at Hospital,,Motor Cycle,Full,Straight Ahead,1.0,3 Country,2,1,Saturday,03:00 pm,100,Not Divided,"CURVED, VIEW OBSCURED",Crest of Hill,Dry,Not Raining,Daylight,Hit Fixed Object,No Control
2017-10367-15/08/2019,2,1,Driver,Male,042,Driver,Not Thrown Out,Treated at Hospital,Fitted - Worn,Station Wagon,Full,Straight Ahead,1.0,2 Metropolitan,3,2,Saturday,04:09 pm,70,Divided Road,Straight road,Level,Dry,Not Raining,Daylight,Rear End,No Control
2017-10367-15/08/2019,3,1,Passenger,Female,042,Front Seat Left Passenger,Not Thrown Out,Treated at Hospital,Fitted - Worn,Panel Van,Full,Straight Ahead,2.0,2 Metropolitan,3,2,Saturday,04:09 pm,70,Divided Road,Straight road,Level,Dry,Not Raining,Daylight,Rear End,No Control
2017-10372-15/08/2019,1,1,Driver,Female,026,Driver,Not Thrown Out,Treated at Hospital,Fitted - Worn,Motor Cars - Sedan,Provisional 2,Straight Ahead,1.0,2 Metropolitan,2,1,Saturday,07:10 pm,50,Not Divided,"CURVED, VIEW OPEN",Level,Dry,Not Raining,Daylight,Hit Fixed Object,No Control
2017-10373-15/08/2019,2,1,Passenger,Female,022,Front Seat Left Passenger,Not Thrown Out,Treated at Hospital,Fitted - Worn,Motor Cars - Sedan,Full,Stopped on Carriageway,2.0,2 Metropolitan,2,1,Saturday,05:00 pm,60,T-Junction,Straight road,Level,Dry,Not Raining,Daylight,Rear End,No Control
2017-10374-15/08/2019,2,1,Driver,Female,075,Driver,Not Thrown Out,Treated at Hospital,Fitted - Worn,Station Wagon,Full,Straight Ahead,1.0,2 Metropolitan,3,1,Saturday,05:19 pm,60,Divided Road,Straight road,Level,Dry,Not Raining,Daylight,Rear End,No Control
2017-10376-15/08/2019,1,1,Driver,Female,041,Driver,Not Thrown Out,Treated at Hospital,Fitted - Worn,Motor Cars - Sedan,Full,Straight Ahead,2.0,2 Metropolitan,2,2,Saturday,06:55 pm,60,T-Junction,Straight road,Slope,Dry,Not Raining,Daylight,Right Angle,Give Way Sign
2017-10376-15/08/2019,1,2,Passenger,Male,015,Front Seat Left Passenger,Not Thrown Out,Treated at Hospital,Fitted - Worn,Motor Cars - Sedan,Full,Straight Ahead,2.0,2 Metropolitan,2,2,Saturday,06:55 pm,60,T-Junction,Straight road,Slope,Dry,Not Raining,Daylight,Right Angle,Give Way Sign
2017-10378-15/08/2019,1,1,Driver,Male,028,Driver,Not Thrown Out,Admitted to Hospital,Fitted - Unknown if Worn,Motor Cars - Sedan,Full,Straight Ahead,2.0,3 Country,1,1,Sunday,03:20 am,90,Not Divided,"CURVED, VIEW OPEN",Slope,Dry,Not Raining,Night,Roll Over,No Control
2017-10379-15/08/2019,1,1,Rider,Male,052,,Thrown Out,Admitted to Hospital,,Pedal Cycle,,Straight Ahead,1.0,2 Metropolitan,2,1,Saturday,09:50 am,60,Not Divided,"CURVED, VIEW OPEN",Slope,Dry,Not Raining,Daylight,Hit Fixed Object,No Control
2017-10381-15/08/2019,1,1,Driver,Male,033,Driver,Not Thrown Out,Treated at Hospital,Fitted - Unknown if Worn,Motor Cars - Sedan,Full,Straight Ahead,1.0,3 Country,2,1,Saturday,07:00 am,50,Not Divided,Straight road,Level,Dry,Not Raining,Daylight,Hit Fixed Object,No Control
2017-10387-15/08/2019,2,1,Pedestrian,Male,035,,,Treated at Hospital,,Pedestrian on Road,,Walking on Road,,2 Metropolitan,2,1,Sunday,10:20 am,40,Not Divided,Straight road,Level,Dry,Not Raining,Daylight,Hit Pedestrian,No Control
2017-10388-15/08/2019,2,1,Driver,Male,047,Driver,Not Thrown Out,Treated at Hospital,Fitted - Worn,Motor Cars - Sedan,Full,Straight Ahead,2.0,2 Metropolitan,2,2,Sunday,09:23 am,80,T-Junction,"CURVED, VIEW OPEN",Level,Dry,Not Raining,Daylight,Right Angle,No Control
2017-10388-15/08/2019,2,2,Passenger,Female,046,Front Seat Left Passenger,Not Thrown Out,Treated at Hospital,Fitted - Worn,Motor Cars - Sedan,Full,Straight Ahead,2.0,2 Metropolitan,2,2,Sunday,09:23 am,80,T-Junction,"CURVED, VIEW OPEN",Level,Dry,Not Raining,Daylight,Right Angle,No Control
2017-10389-15/08/2019,1,1,Driver,Female,050,Driver,Not Thrown Out,Treated at Hospital,Fitted - Worn,Motor Cars - Sedan,Full,Straight Ahead,1.0,2 Metropolitan,2,1,Sunday,12:50 pm,50,Not Divided,Straight road,Level,Dry,Not Raining,Daylight,Head On,No Control
2017-10390-15/08/2019,2,1,Driver,Male,054,Driver,Not Thrown Out,Treated at Hospital,Fitted - Worn,Utility,Unlicenced,Straight Ahead,1.0,2 Metropolitan,2,1,Sunday,01:52 pm,60,Divided Road,Straight road,Level,Dry,Not Raining,Daylight,Hit Parked Vehicle,No Control