REPORT_ID,UND_UNIT_NUMBER,CASUALTY_NUMBER,Casualty Type,Sex_x,AGE,Position In Veh,Thrown Out,Injury Extent,Seat Belt,Unit Type,Licence Type,Unit Movement,Number Occupants,Stats Area,Total Units,Total Cas,Day,Time,Area Speed,Position Type,Horizontal Align,Vertical Align,Moisture Cond,Weather Cond,DayNight,Crash Type,Traffic Ctrls
2017-11028-15/08/2019,2,1,Driver,Female,034,Driver,Not Thrown Out,Treated at Hospital,Fitted - Worn,Station Wagon,Full,Right Turn,1.0,2 Metropolitan,2,1,Wednesday,01:00 pm,60,T-Junction,Straight road,Level,Dry,Not Raining,Daylight,Right Angle,Give Way Sign
2017-11030-15/08/2019,1,1,Driver,Female,059,Driver,Not Thrown Out,By Private,Fitted - Worn,Motor Cars - Sedan,Full,Straight Ahead,1.0,2 Metropolitan,2,1,Wednesday,12:30 pm,60,Cross Road,Straight road,Level,Dry,Not Raining,Daylight,Right Turn,Give Way Sign
2017-11033-15/08/2019,2,1,Driver,Female,063,Driver,Not Thrown Out,Treated at Hospital,Fitted - Worn,Motor Cars - Sedan,Full,Straight Ahead,1.0,2 Metropolitan,2,1,Wednesday,02:00 pm,60,Divided Road,Straight road,Level,Dry,Not Raining,Daylight,Right Angle,No Control
2017-11040-15/08/2019,1,1,Passenger,Male,002,Rear Seat Left Passenger,Not Thrown Out,Treated at Hospital,Fitted - Worn,Motor Cars - Sedan,Full,Straight Ahead,2.0,2 Metropolitan,4,1,Wednesday,04:20 pm,40,Not Divided,Straight road,Level,Dry,Not Raining,Daylight,Hit Parked Vehicle,No Control
2017-11041-15/08/2019,1,1,Driver,Female,029,Driver,Not Thrown Out,Treated at Hospital,Fitted - Worn,Motor Cars - Sedan,Full,Stopped on Carriageway,1.0,2 Metropolitan,2,1,Wednesday,05:15 pm,60,Divided Road,Straight road,Level,Dry,Not Raining,Daylight,Rear End,No Control
2017-11042-15/08/2019,1,1,Driver,Female,057,Driver,Not Thrown Out,By Private,Fitted - Worn,Station Wagon,Full,Straight Ahead,1.0,2 Metropolitan,2,1,Tuesday,04:30 pm,60,Cross Road,Straight road,Level,Dry,Not Raining,Daylight,Side Swipe,Traffic Signals
2017-11043-15/08/2019,1,1,Driver,Female,068,Driver,Not Thrown Out,By Private,Fitted - Worn,Motor Cars - Sedan,Full,Stopped on Carriageway,2.0,2 Metropolitan,2,1,Wednesday,02:30 pm,60,T-Junction,Straight road,Level,Dry,Not Raining,Daylight,Rear End,Traffic Signals
2017-11044-15/08/2019,2,1,Rider,Male,035,,Not Thrown Out,By Private,,Pedal Cycle,,Straight Ahead,1.0,2 Metropolitan,2,1,Tuesday,06:55 pm,60,Cross Road,"CURVED, VIEW OPEN",Level,Dry,Not Raining,Daylight,Side Swipe,Traffic Signals
2017-11049-15/08/2019,1,1,Driver,Male,025,Driver,Not Thrown Out,Treated at Hospital,Fitted - Worn,Motor Cars - Sedan,Full,Straight Ahead,1.0,3 Country,3,2,Wednesday,10:40 pm,60,Cross Road,Straight road,Level,Dry,Not Raining,Night,Rear End,Give Way Sign
2017-11049-15/08/2019,2,1,Driver,Male,025,Driver,Not Thrown Out,Treated at Hospital,Fitted - Worn,Utility,Full,Straight Ahead,1.0,3 Country,3,2,Wednesday,10:40 pm,60,Cross Road,Straight road,Level,Dry,Not Raining,Night,Rear End,Give Way Sign
2017-11052-15/08/2019,1,1,Driver,Male,042,Driver,Not Thrown Out,Treated at Hospital,Fitted - Worn,Other Defined Special Vehicle,Full,Leaving Private Driveway,1.0,3 Country,1,1,Wednesday,09:26 am,80,Not Divided,Straight road,Level,Dry,Not Raining,Daylight,Roll Over,No Control
2017-11055-15/08/2019,2,1,Pedestrian,Male,005,,,Treated at Hospital,,Pedestrian on Road,,On Pedestrian Crossing,,3 Country,2,1,Thursday,08:45 am,25,Not Divided,Straight road,Level,Dry,Not Raining,Daylight,Hit Pedestrian,No Control
2017-11059-15/08/2019,2,1,Driver,Male,018,Driver,Not Thrown Out,Treated at Hospital,Fitted - Worn,Motor Cars - Sedan,Provisional 1 ,Straight Ahead,1.0,2 Metropolitan,3,1,Thursday,08:40 am,60,Divided Road,Straight road,Level,Dry,Not Raining,Daylight,Rear End,No Control
2017-11063-15/08/2019,1,1,Rider,Male,044,,Thrown Out,By Private,,Pedal Cycle,,Straight Ahead,1.0,2 Metropolitan,2,1,Tuesday,11:20 am,60,Not Divided,Straight road,Level,Dry,Not Raining,Daylight,Side Swipe,No Control
2017-11067-15/08/2019,1,1,Driver,Female,056,Driver,Not Thrown Out,By Private,Fitted - Unknown if Worn,Motor Cars - Sedan,Full,Straight Ahead,1.0,2 Metropolitan,2,1,Tuesday,04:00 pm,80,Divided Road,Straight road,Level,Dry,Not Raining,Daylight,Rear End,No Control
2017-11069-15/08/2019,2,1,Driver,Female,040,Driver,Not Thrown Out,By Private,Fitted - Worn,Motor Cars - Sedan,Full,Leaving Private Driveway,1.0,2 Metropolitan,2,1,Wednesday,04:10 pm,60,Not Divided,Straight road,Level,Dry,Not Raining,Daylight,Right Angle,No Control
2017-11072-15/08/2019,1,1,Driver,Female,037,Driver,Not Thrown Out,By Private,Fitted - Worn,Station Wagon,Full,Stopped on Carriageway,4.0,2 Metropolitan,2,1,Saturday,11:00 am,60,Cross Road,Straight road,Level,Dry,Not Raining,Daylight,Rear End,Traffic Signals
2017-11073-15/08/2019,1,1,Driver,Female,053,Driver,Not Thrown Out,By Private,Fitted - Worn,Motor Cars - Sedan,Full,Stopped on Carriageway,1.0,2 Metropolitan,2,1,Thursday,02:55 pm,60,Divided Road,Straight road,Level,Dry,Not Raining,Daylight,Rear End,No Control
2017-11075-15/08/2019,1,1,Driver,Male,061,Driver,Not Thrown Out,Treated at Hospital,Fitted - Worn,Motor Cars - Sedan,Full,Left Turn,1.0,2 Metropolitan,2,1,Thursday,03:07 pm,60,T-Junction,Straight road,Level,Dry,Not Raining,Daylight,Side Swipe,No Control
2017-11077-15/08/2019,1,1,Driver,Female,026,Driver,Not Thrown Out,Treated at Hospital,Fitted - Worn,Motor Cars - Sedan,Full,Straight Ahead,1.0,2 Metropolitan,2,1,Wednesday,09:35 pm,80,T-Junction,Straight road,Level,Dry,Not Raining,Night,Right Turn,No Control
2017-11083-15/08/2019,1,1,Rider,Male,016,Rider of Motorcycle,Thrown Out,Treated at Hospital,,Motor Cycle,Learners,Straight Ahead,1.0,2 Metropolitan,2,1,Thursday,04:50 pm,50,Not Divided,Straight road,Level,Dry,Not Raining,Daylight,Right Turn,No Control
2017-11086-15/08/2019,1,1,Driver,Male,045,Driver,Not Thrown Out,Treated at Hospital,Fitted - Worn,Motor Cars - Sedan,Full,Straight Ahead,2.0,2 Metropolitan,2,2,Thursday,05:45 pm,50,Cross Road,"CURVED, VIEW OPEN",Slope,Dry,Not Raining,Daylight,Right Angle,Give Way Sign
2017-11086-15/08/2019,1,2,Passenger,Female,017,Front Seat Left Passenger,Not Thrown Out,Treated at Hospital,Fitted - Worn,Motor Cars - Sedan,Full,Straight Ahead,2.0,2 Metropolitan,2,2,Thursday,05:45 pm,50,Cross Road,"CURVED, VIEW OPEN",Slope,Dry,Not Raining,Daylight,Right Angle,Give Way Sign
2017-11088-15/08/2019,2,1,Driver,Male,045,Driver,Not Thrown Out,Treated at Hospital,Fitted - Worn,Panel Van,Full,Right Turn,1.0,2 Metropolitan,2,1,Thursday,02:45 pm,60,Cross Road,Straight road,Level,Dry,Not Raining,Daylight,Right Angle,Traffic Signals
2017-11090-15/08/2019,3,1,Driver,Female,036,Driver,Not Thrown Out,Treated at Hospital,Fitted - Worn,Station Wagon,Full,Stopped on Carriageway,3.0,2 Metropolitan,3,2,Thursday,09:18 pm,40,Not Divided,Straight road,Level,Dry,Not Raining,Night,Rear End,No Control
2017-11090-15/08/2019,3,2,Passenger,Female,006,Rear Seat Left Passenger,Not Thrown Out,Treated at Hospital,Fitted - Worn,Station Wagon,Full,Stopped on Carriageway,3.0,2 Metropolitan,3,2,Thursday,09:18 pm,40,Not Divided,Straight road,Level,Dry,Not Raining,Night,Rear End,No Control
2017-11095-15/08/2019,1,1,Driver,Male,022,Driver,Not Thrown Out,Admitted to Hospital,Fitted - Worn,Motor Cars - Sedan,Unknown,Straight Ahead,1.0,2 Metropolitan,2,1,Friday,06:25 am,80,Not Divided,Straight road,Slope,Dry,Not Raining,Daylight,Hit Fixed Object,No Control
2017-11096-15/08/2019,1,1,Passenger,Male,009,Front Seat Left Passenger,Not Thrown Out,By Private,Fitted - Worn,Motor Cars - Sedan,Full,Straight Ahead,3.0,2 Metropolitan,2,1,Friday,08:43 am,60,T-Junction,Straight road,Level,Dry,Not Raining,Daylight,Right Angle,No Control
2017-11097-15/08/2019,1,1,Driver,Female,035,Driver,Not Thrown Out,By Private,Fitted - Worn,Station Wagon,Full,Stopped on Carriageway,2.0,2 Metropolitan,2,1,Thursday,08:30 am,60,T-Junction,Straight road,Level,Dry,Not Raining,Daylight,Rear End,No Control
2017-11098-15/08/2019,1,1,Driver,Female,059,Driver,Not Thrown Out,Treated at Hospital,Fitted - Worn,Motor Cars - Sedan,Full,Right Turn,1.0,2 Metropolitan,2,1,Friday,09:50 am,60,Cross Road,Straight road,Level,Dry,Not Raining,Daylight,Rear End,Traffic Signals
2017-11099-15/08/2019,1,1,Driver,Male,020,Driver,Not Thrown Out,Treated at Hospital,Fitted - Worn,Motor Cars - Sedan,Provisional 1 ,Straight Ahead,1.0,2 Metropolitan,3,3,Friday,09:30 am,80,Divided Road,Straight road,Level,Dry,Not Raining,Daylight,Rear End,No Control
2017-11099-15/08/2019,2,1,Driver,Female,XXX,Driver,Not Thrown Out,Treated at Hospital,Fitted - Worn,Motor Cars - Sedan,Full,Stopped on Carriageway,1.0,2 Metropolitan,3,3,Friday,09:30 am,80,Divided Road,Straight road,Level,Dry,Not Raining,Daylight,Rear End,No Control
2017-11099-15/08/2019,3,1,Passenger,Female,025,Front Seat Left Passenger,Not Thrown Out,Treated at Hospital,Fitted - Worn,Motor Cars - Sedan,Full,Stopped on Carriageway,4.0,2 Metropolitan,3,3,Friday,09:30 am,80,Divided Road,Straight road,Level,Dry,Not Raining,Daylight,Rear End,No Control
2017-11102-15/08/2019,3,1,Rider,Male,067,,Thrown Out,Treated at Hospital,,Pedal Cycle,,Straight Ahead,1.0,2 Metropolitan,4,2,Friday,09:56 am,60,Not Divided,Straight road,Level,Dry,Not Raining,Daylight,Hit Parked Vehicle,No Control
2017-11102-15/08/2019,4,1,Rider,Male,034,,Thrown Out,Treated at Hospital,,Pedal Cycle,,Straight Ahead,1.0,2 Metropolitan,4,2,Friday,09:56 am,60,Not Divided,Straight road,Level,Dry,Not Raining,Daylight,Hit Parked Vehicle,No Control
2017-11103-15/08/2019,1,1,Driver,Female,058,Driver,Not Thrown Out,By Private,Fitted - Worn,Motor Cars - Sedan,Full,Parked,2.0,3 Country,2,1,Friday,09:30 am,50,Not Divided,Straight road,Level,Dry,Not Raining,Daylight,Hit Parked Vehicle,No Control
2017-11105-15/08/2019,1,1,Driver,Male,019,Driver,Not Thrown Out,Treated at Hospital,Fitted - Worn,Motor Cars - Sedan,Provisional 2,Straight Ahead,1.0,2 Metropolitan,2,1,Friday,10:20 am,80,Not Divided,"CURVED, VIEW OPEN",Level,Dry,Not Raining,Daylight,Hit Fixed Object,No Control
2017-11106-15/08/2019,1,1,Passenger,Female,002,Front Seat Left Passenger,Not Thrown Out,Admitted to Hospital,Child Restraint - Worn,Motor Cars - Sedan,Full,Straight Ahead,2.0,1 City,3,1,Friday,10:12 am,50,Cross Road,Straight road,Level,Dry,Not Raining,Daylight,Right Angle,Traffic Signals
2017-11107-15/08/2019,2,1,Driver,Female,076,Driver,Not Thrown Out,Treated at Hospital,Fitted - Worn,Station Wagon,Full,Right Turn,1.0,2 Metropolitan,3,1,Friday,12:05 pm,60,T-Junction,Straight road,Slope,Dry,Not Raining,Daylight,Right Angle,No Control
2017-11109-15/08/2019,1,1,Driver,Male,084,Driver,Not Thrown Out,Treated at Hospital,Fitted - Worn,Motor Cars - Sedan,Full,Straight Ahead,2.0,2 Metropolitan,2,2,Friday,11:00 am,60,Divided Road,Straight road,Level,Dry,Not Raining,Daylight,Hit Fixed Object,No Control
2017-11109-15/08/2019,1,2,Passenger,Female,083,Front Seat Left Passenger,Not Thrown Out,Treated at Hospital,Fitted - Worn,Motor Cars - Sedan,Full,Straight Ahead,2.0,2 Metropolitan,2,2,Friday,11:00 am,60,Divided Road,Straight road,Level,Dry,Not Raining,Daylight,Hit Fixed Object,No Control
2017-11112-15/08/2019,2,1,Driver,Female,047,Driver,Not Thrown Out,Treated at Hospital,Fitted - Worn,Motor Cars - Sedan,Full,Straight Ahead,2.0,2 Metropolitan,2,2,Friday,01:35 pm,80,Cross Road,Straight road,Level,Dry,Not Raining,Daylight,Right Angle,Stop Sign
2017-11112-15/08/2019,2,2,Passenger,Female,021,Front Seat Left Passenger,Not Thrown Out,Treated at Hospital,Fitted - Worn,Motor Cars - Sedan,Full,Straight Ahead,2.0,2 Metropolitan,2,2,Friday,01:35 pm,80,Cross Road,Straight road,Level,Dry,Not Raining,Daylight,Right Angle,Stop Sign
2017-11118-15/08/2019,2,1,Driver,Female,021,Driver,Not Thrown Out,By Private,Fitted - Worn,Motor Cars - Sedan,Full,Straight Ahead,1.0,2 Metropolitan,2,1,Friday,03:55 pm,50,Not Divided,Straight road,Level,Dry,Not Raining,Daylight,Rear End,No Control
2017-11120-15/08/2019,1,1,Rider,Male,018,Rider of Motorcycle,Thrown Out,Treated at Hospital,,Motor Cycle,Learners,Straight Ahead,1.0,3 Country,1,1,Friday,05:28 pm,100,Not Divided,Straight road,Level,Dry,Not Raining,Daylight,Roll Over,No Control
2017-11124-15/08/2019,1,1,Rider,Male,022,Rider of Motorcycle,Thrown Out,Treated at Hospital,,Motor Cycle,Learners,Straight Ahead,1.0,2 Metropolitan,2,1,Friday,02:11 pm,60,Cross Road,Straight road,Level,Dry,Not Raining,Daylight,Rear End,Traffic Signals
2017-11125-15/08/2019,1,1,Driver,Female,044,Driver,Not Thrown Out,Treated at Hospital,Fitted - Worn,Station Wagon,Full,Straight Ahead,1.0,3 Country,2,1,Wednesday,05:15 pm,50,Not Divided,Straight road,Level,Dry,Not Raining,Daylight,Hit Fixed Object,No Control
2017-11130-15/08/2019,1,1,Driver,Male,020,Driver,Not Thrown Out,Admitted to Hospital,Fitted - Unknown if Worn,Utility,Full,Straight Ahead,1.0,3 Country,2,1,Friday,10:30 pm,100,Not Divided,"CURVED, VIEW OBSCURED",Slope,Dry,Not Raining,Night,Roll Over,No Control
2017-11131-15/08/2019,1,1,Driver,Male,020,Driver,Not Thrown Out,Treated at Hospital,Fitted - Not Worn,Motor Cars - Sedan,Provisional 2,Straight Ahead,1.0,3 Country,2,1,Saturday,03:30 am,60,Not Divided,Straight road,Level,Dry,Not Raining,Night,Hit Parked Vehicle,No Control
2017-11137-15/08/2019,1,1,Driver,Male,XXX,Driver,Not Thrown Out,Admitted to Hospital,Fitted - Not Worn,Utility,Full,Swerving,1.0,3 Country,1,1,Saturday,12:30 am,80,Not Divided,"CURVED, VIEW OPEN",Level,Dry,Not Raining,Night,Roll Over,No Control
2017-11142-15/08/2019,2,1,Rider,Male,013,,Thrown Out,Treated at Hospital,,Pedal Cycle,,Straight Ahead,1.0,2 Metropolitan,2,1,Saturday,12:38 pm,60,Not Divided,Straight road,Level,Dry,Not Raining,Daylight,Right Angle,No Control
2017-11144-15/08/2019,1,1,Driver,Male,056,Driver,Not Thrown Out,Admitted to Hospital,Fitted - Worn,Motor Cars - Sedan,Full,Straight Ahead,1.0,2 Metropolitan,2,1,Saturday,03:45 pm,60,Divided Road,Straight road,Level,Dry,Not Raining,Daylight,Hit Fixed Object,No Control
2017-11146-15/08/2019,1,1,Rider,Male,050,,Thrown Out,By Private,,Pedal Cycle,,Straight Ahead,1.0,2 Metropolitan,2,1,Wednesday,03:30 pm,60,Divided Road,Straight road,Slope,Dry,Not Raining,Daylight,Right Angle,No Control
2017-11148-15/08/2019,1,1,Rider,Male,014,Rider of Motorcycle,Thrown Out,Admitted to Hospital,,Motor Cycle,Unlicenced,Straight Ahead,1.0,3 Country,1,1,Saturday,06:00 pm,40,Not Divided,"CURVED, VIEW OPEN",Level,Dry,Not Raining,Daylight,Left Road - Out of Control,No Control
2017-11150-15/08/2019,1,1,Driver,Female,047,Driver,Not Thrown Out,By Private,Fitted - Worn,Motor Cars - Sedan,Full,Stopped on Carriageway,2.0,2 Metropolitan,2,1,Thursday,05:00 pm,60,T-Junction,Straight road,Level,Dry,Not Raining,Daylight,Rear End,No Control
2017-11151-15/08/2019,1,1,Passenger,Female,004,Rear Seat Right Passenger,Not Thrown Out,Treated at Hospital,Fitted - Worn,Station Wagon,Full,Straight Ahead,4.0,2 Metropolitan,2,1,Saturday,08:15 pm,60,Not Divided,Straight road,Level,Dry,Not Raining,Night,Rear End,No Control
2017-11153-15/08/2019,1,1,Driver,Female,043,Driver,Not Thrown Out,Treated at Hospital,Fitted - Worn,Motor Cars - Sedan,Full,Straight Ahead,1.0,2 Metropolitan,2,1,Saturday,12:45 pm,60,Divided Road,Straight road,Level,Dry,Not Raining,Daylight,Rear End,No Control
2017-11154-15/08/2019,1,1,Pedestrian,Male,003,,,Treated at Hospital,,Pedestrian on Road,,Crossing without Control,,2 Metropolitan,2,1,Saturday,10:20 pm,50,Not Divided,Straight road,Level,Dry,Not Raining,Night,Hit Pedestrian,No Control
2017-11155-15/08/2019,1,1,Rider,Male,021,,Thrown Out,Treated at Hospital,,Pedal Cycle,,Straight Ahead,1.0,3 Country,1,1,Sunday,02:00 am,50,Not Divided,Straight road,Level,Dry,Not Raining,Night,Roll Over,No Control
2017-11156-15/08/2019,1,1,Driver,Female,025,Driver,Thrown Out,Admitted to Hospital,Fitted - Worn,Utility,Full,Straight Ahead,2.0,2 Metropolitan,2,2,Sunday,12:30 am,60,Not Divided,Straight road,Level,Dry,Not Raining,Night,Hit Fixed Object,No Control
2017-11156-15/08/2019,1,2,Passenger,Male,025,Front Seat Left Passenger,Not Thrown Out,Admitted to Hospital,Fitted - Worn,Utility,Full,Straight Ahead,2.0,2 Metropolitan,2,2,Sunday,12:30 am,60,Not Divided,Straight road,Level,Dry,Not Raining,Night,Hit Fixed Object,No Control
2017-11165-15/08/2019,2,1,Passenger,Male,060,Front Seat Left Passenger,Not Thrown Out,By Private,Fitted - Worn,Station Wagon,Unknown,Straight Ahead,3.0,2 Metropolitan,2,1,Saturday,11:15 am,50,Not Divided,Straight road,Level,Dry,Not Raining,Daylight,Hit Parked Vehicle,No Control
2017-11167-15/08/2019,2,1,Rider,Male,XXX,,Thrown Out,By Private,,Pedal Cycle,,Straight Ahead,1.0,1 City,2,1,Friday,05:00 pm,50,Not Divided,Straight road,Level,Dry,Not Raining,Daylight,Side Swipe,No Control
2017-11169-15/08/2019,2,1,Driver,Female,049,Driver,Not Thrown Out,Treated at Hospital,Fitted - Worn,Station Wagon,Full,Straight Ahead,2.0,2 Metropolitan,2,1,Sunday,11:43 am,60,T-Junction,Straight road,Level,Dry,Not Raining,Daylight,Right Angle,Traffic Signals
2017-11171-15/08/2019,2,1,Driver,Male,061,Driver,Not Thrown Out,Treated at Hospital,Fitted - Worn,Utility,Full,Straight Ahead,2.0,2 Metropolitan,2,2,Sunday,01:35 pm,60,T-Junction,Straight road,Slope,Dry,Not Raining,Daylight,Right Angle,No Control
2017-11171-15/08/2019,2,2,Passenger,Female,060,Front Seat Left Passenger,Not Thrown Out,Treated at Hospital,Fitted - Worn,Utility,Full,Straight Ahead,2.0,2 Metropolitan,2,2,Sunday,01:35 pm,60,T-Junction,Straight road,Slope,Dry,Not Raining,Daylight,Right Angle,No Control
2017-11172-15/08/2019,2,1,Driver,Male,062,Driver,Not Thrown Out,Treated at Hospital,Fitted - Worn,Motor Cars - Sedan,Full,Straight Ahead,1.0,3 Country,2,1,Sunday,02:25 pm,50,Cross Road,Straight road,Level,Dry,Not Raining,Daylight,Right Angle,Give Way Sign
2017-11173-15/08/2019,1,1,Driver,Male,XXX,Driver,Not Thrown Out,Treated at Hospital,Fitted - Worn,Utility,Full,Straight Ahead,2.0,3 Country,2,1,Sunday,03:02 pm,100,Not Divided,Straight road,Level,Dry,Not Raining,Daylight,Hit Fixed Object,No Control
2017-11182-15/08/2019,1,1,Driver,Male,XXX,Driver,Not Thrown Out,Treated at Hospital,Fitted - Worn,Motor Cars - Sedan,Learners,Straight Ahead,1.0,3 Country,2,1,Sunday,06:05 pm,110,T-Junction,Straight road,Level,Dry,Not Raining,Daylight,Hit Fixed Object,No Control
2017-11188-15/08/2019,2,1,Driver,Female,042,Driver,Not Thrown Out,Treated at Hospital,Fitted - Unknown if Worn,Motor Cars - Sedan,Full,Straight Ahead,2.0,2 Metropolitan,2,2,Monday,08:50 am,50,Cross Road,Straight road,Level,Dry,Not Raining,Daylight,Right Angle,Give Way Sign
2017-11188-15/08/2019,2,2,Passenger,Male,010,Front Seat Left Passenger,Not Thrown Out,Treated at Hospital,Fitted - Unknown if Worn,Motor Cars - Sedan,Full,Straight Ahead,2.0,2 Metropolitan,2,2,Monday,08:50 am,50,Cross Road,Straight road,Level,Dry,Not Raining,Daylight,Right Angle,Give Way Sign
2017-11191-15/08/2019,2,1,Driver,Female,051,Driver,Not Thrown Out,By Private,Fitted - Worn,Station Wagon,Full,Stopped on Carriageway,1.0,2 Metropolitan,2,1,Monday,09:25 am,60,T-Junction,Straight road,Level,Dry,Not Raining,Daylight,Rear End,No Control
2017-11193-15/08/2019,1,1,Pedestrian,Male,016,,,By Private,,Small Wheel Vehicle User,,Walking on Road,,2 Metropolitan,2,1,Monday,11:45 am,50,Cross Road,Straight road,Level,Dry,Not Raining,Daylight,Hit Pedestrian,Give Way Sign
2017-11194-15/08/2019,1,1,Driver,Male,065,Driver,Not Thrown Out,Treated at Hospital,Fitted - Worn,Panel Van,Full,Straight Ahead,1.0,2 Metropolitan,4,1,Monday,11:00 am,60,Cross Road,Straight road,Slope,Dry,Not Raining,Daylight,Rear End,Traffic Signals
2017-11196-15/08/2019,1,1,Passenger,Female,007,Front Seat Left Passenger,Not Thrown Out,By Private,Fitted - Worn,Station Wagon,Full,Stopped on Carriageway,3.0,2 Metropolitan,2,1,Monday,08:20 am,80,Cross Road,Straight road,Slope,Dry,Not Raining,Daylight,Rear End,Traffic Signals
2017-11197-15/08/2019,1,1,Rider,Male,026,,Thrown Out,Treated at Hospital,,Pedal Cycle,,Straight Ahead,1.0,1 City,2,1,Friday,11:00 pm,50,Not Divided,Straight road,Slope,Dry,Not Raining,Night,Roll Over,No Control
2017-11200-15/08/2019,1,1,Driver,Male,064,Driver,Not Thrown Out,By Private,Fitted - Worn,Motor Cars - Sedan,Full,Straight Ahead,1.0,2 Metropolitan,2,1,Monday,06:50 am,80,T-Junction,Straight road,Level,Dry,Not Raining,Daylight,Rear End,Traffic Signals
2017-11203-15/08/2019,1,1,Rider,Male,041,Rider of Motorcycle,Thrown Out,Treated at Hospital,,Motor Cycle,Full,Straight Ahead,1.0,3 Country,2,1,Sunday,01:30 pm,40,Not Divided,"CURVED, VIEW OPEN",Level,Dry,Not Raining,Daylight,Hit Fixed Object,No Control
2017-11205-15/08/2019,1,1,Passenger,Female,089,Front Seat Left Passenger,Not Thrown Out,Treated at Hospital,Fitted - Worn,Motor Cars - Sedan,Full,Straight Ahead,2.0,2 Metropolitan,2,1,Monday,05:03 pm,50,Cross Road,Straight road,Level,Dry,Not Raining,Daylight,Right Angle,Stop Sign
2017-11210-15/08/2019,1,1,Driver,Male,024,Driver,Not Thrown Out,Treated at Hospital,Fitted - Worn,Utility,Provisional 2,Straight Ahead,1.0,2 Metropolitan,2,1,Monday,06:18 pm,50,Not Divided,Straight road,Level,Dry,Not Raining,Daylight,Hit Fixed Object,No Control
2017-11212-15/08/2019,2,1,Driver,Female,058,Driver,Not Thrown Out,By Private,Fitted - Worn,Motor Cars - Sedan,Full,Straight Ahead,1.0,2 Metropolitan,2,1,Monday,06:35 pm,60,Cross Road,Straight road,Level,Dry,Not Raining,Daylight,Right Turn,Traffic Signals
2017-11214-15/08/2019,1,1,Driver,Male,046,Driver,Not Thrown Out,Treated at Hospital,Fitted - Worn,Other Defined Special Vehicle,Unlicenced,Straight Ahead,1.0,2 Metropolitan,2,1,Monday,06:53 pm,80,Not Divided,"CURVED, VIEW OBSCURED",Level,Dry,Not Raining,Daylight,Head On,No Control
2017-11225-15/08/2019,1,1,Driver,Female,XXX,Driver,Not Thrown Out,By Private,Fitted - Worn,Motor Cars - Sedan,Full,Stopped on Carriageway,1.0,2 Metropolitan,2,1,Monday,04:25 pm,50,T-Junction,Straight road,Level,Dry,Not Raining,Daylight,Rear End,No Control
2017-11226-15/08/2019,1,1,Driver,Female,022,Driver,Not Thrown Out,Treated at Hospital,Fitted - Unknown if Worn,Motor Cars - Tourer,Provisional 2,Straight Ahead,1.0,2 Metropolitan,3,1,Tuesday,09:50 am,60,T-Junction,Straight road,Slope,Dry,Not Raining,Daylight,Rear End,No Control
2017-11227-15/08/2019,1,1,Driver,Female,025,Driver,Not Thrown Out,By Private,Fitted - Worn,Station Wagon,Full,Stopped on Carriageway,1.0,2 Metropolitan,2,1,Tuesday,08:30 am,60,Divided Road,Straight road,Level,Dry,Not Raining,Daylight,Rear End,No Control
2017-11228-15/08/2019,1,1,Driver,Male,022,Driver,Not Thrown Out,By Private,Fitted - Worn,Station Wagon,Provisional 1 ,Stopped on Carriageway,1.0,2 Metropolitan,2,1,Tuesday,12:00 pm,60,T-Junction,Straight road,Level,Dry,Not Raining,Daylight,Rear End,Traffic Signals
2017-11229-15/08/2019,2,1,Pedestrian,Female,024,,,By Private,,Pedestrian on Road,,Walked from between Parked Vehicles,,1 City,2,1,Tuesday,12:18 pm,50,Divided Road,Straight road,Level,Dry,Not Raining,Daylight,Hit Pedestrian,No Control
2017-11232-15/08/2019,1,1,Driver,Female,019,Driver,Not Thrown Out,Treated at Hospital,Fitted - Worn,Motor Cars - Sedan,Provisional 2,Straight Ahead,1.0,3 Country,2,2,Monday,06:35 pm,100,Not Divided,"CURVED, VIEW OBSCURED",Slope,Dry,Not Raining,Daylight,Head On,No Control
2017-11232-15/08/2019,2,1,Driver,Male,021,Driver,Not Thrown Out,Treated at Hospital,Fitted - Worn,Utility,Provisional 2,Straight Ahead,1.0,3 Country,2,2,Monday,06:35 pm,100,Not Divided,"CURVED, VIEW OBSCURED",Slope,Dry,Not Raining,Daylight,Head On,No Control
2017-11235-15/08/2019,1,1,Driver,Female,030,Driver,Not Thrown Out,By Private,Fitted - Worn,Motor Cars - Sedan,Full,Stopped on Carriageway,1.0,2 Metropolitan,3,1,Monday,02:50 pm,70,Divided Road,Straight road,Level,Dry,Not Raining,Daylight,Rear End,No Control
2017-11237-15/08/2019,1,1,Driver,Male,055,Driver,Not Thrown Out,By Private,Fitted - Worn,Motor Cars - Sedan,Full,Stopped on Carriageway,2.0,2 Metropolitan,2,2,Tuesday,10:00 am,60,Not Divided,Straight road,Level,Dry,Not Raining,Daylight,Rear End,No Control