REPORT_ID,UND_UNIT_NUMBER,CASUALTY_NUMBER,Casualty Type,Sex_x,AGE,Position In Veh,Thrown Out,Injury Extent,Seat Belt,Unit Type,Licence Type,Unit Movement,Number Occupants,Stats Area,Total Units,Total Cas,Day,Time,Area Speed,Position Type,Horizontal Align,Vertical Align,Moisture Cond,Weather Cond,DayNight,Crash Type,Traffic Ctrls
2017-11548-15/08/2019,2,3,Passenger,Female,XXX,Rear Seat Right Passenger,Not Thrown Out,Treated at Hospital,Child Restraint - Worn,Station Wagon,Full,Straight Ahead,5.0,2 Metropolitan,4,6,Thursday,09:40 am,50,Cross Road,Straight road,Level,Dry,Not Raining,Daylight,Right Angle,Traffic Signals
2017-11548-15/08/2019,2,4,Passenger,Male,XXX,Rear Seat Left Passenger,Not Thrown Out,Treated at Hospital,Child Restraint - Worn,Station Wagon,Full,Straight Ahead,5.0,2 Metropolitan,4,6,Thursday,09:40 am,50,Cross Road,Straight road,Level,Dry,Not Raining,Daylight,Right Angle,Traffic Signals
2017-11548-15/08/2019,2,5,Passenger,Female,XXX,Rear Seat Middle Passenger,Not Thrown Out,Treated at Hospital,Child Restraint - Worn,Station Wagon,Full,Straight Ahead,5.0,2 Metropolitan,4,6,Thursday,09:40 am,50,Cross Road,Straight road,Level,Dry,Not Raining,Daylight,Right Angle,Traffic Signals
2017-11550-15/08/2019,2,1,Passenger,Female,070,Front Seat Left Passenger,Not Thrown Out,Treated at Hospital,Fitted - Worn,Motor Cars - Sedan,Unknown,Swerving,1.0,2 Metropolitan,3,1,Thursday,11:20 am,90,Freeway,"CURVED, VIEW OPEN",Slope,Wet,Raining,Daylight,Side Swipe,No Control
2017-11554-15/08/2019,1,1,Driver,Female,026,Driver,Not Thrown Out,By Private,Fitted - Worn,Station Wagon,Full,Stopped on Carriageway,1.0,2 Metropolitan,3,1,Thursday,08:00 am,50,Pedestrian Crossing,Straight road,Level,Dry,Not Raining,Daylight,Rear End,Traffic Signals
2017-11555-15/08/2019,1,1,Driver,Female,034,Driver,Not Thrown Out,Treated at Hospital,Fitted - Worn,Station Wagon,Full,Stopped on Carriageway,2.0,3 Country,2,1,Wednesday,01:15 pm,50,Cross Road,Straight road,Level,Dry,Not Raining,Daylight,Rear End,No Control
2017-11557-15/08/2019,1,1,Driver,Female,018,Driver,Not Thrown Out,Treated at Hospital,Fitted - Worn,Motor Cars - Sedan,Provisional 2,Straight Ahead,1.0,3 Country,2,1,Thursday,10:50 am,100,Not Divided,"CURVED, VIEW OPEN",Slope,Wet,Raining,Daylight,Hit Fixed Object,No Control
2017-11559-15/08/2019,2,1,Driver,Male,049,Driver,Not Thrown Out,Treated at Hospital,Fitted - Worn,Station Wagon,Full,Straight Ahead,1.0,3 Country,2,1,Thursday,01:50 pm,100,T-Junction,"CURVED, VIEW OPEN",Level,Dry,Not Raining,Daylight,Right Angle,No Control
2017-11561-15/08/2019,1,1,Driver,Male,062,Driver,Not Thrown Out,Admitted to Hospital,Fitted - Worn,RIGID TRUCK LGE GE 4.5T,Full,Straight Ahead,2.0,3 Country,1,2,Thursday,06:40 am,110,Not Divided,"CURVED, VIEW OPEN",Level,Dry,Not Raining,Daylight,Roll Over,No Control
2017-11561-15/08/2019,1,2,Passenger,Male,054,Front Seat Left Passenger,Not Thrown Out,Treated at Hospital,Fitted - Worn,RIGID TRUCK LGE GE 4.5T,Full,Straight Ahead,2.0,3 Country,1,2,Thursday,06:40 am,110,Not Divided,"CURVED, VIEW OPEN",Level,Dry,Not Raining,Daylight,Roll Over,No Control
2017-11565-15/08/2019,1,1,Driver,Female,055,Driver,Not Thrown Out,Treated at Hospital,Fitted - Worn,Motor Cars - Sedan,Full,Right Turn,1.0,2 Metropolitan,4,2,Thursday,04:07 pm,80,T-Junction,Straight road,Level,Dry,Not Raining,Daylight,Right Turn,Stop Sign
2017-11565-15/08/2019,2,1,Driver,Male,027,Driver,Not Thrown Out,Treated at Hospital,Fitted - Worn,Motor Cars - Sedan,Full,Straight Ahead,1.0,2 Metropolitan,4,2,Thursday,04:07 pm,80,T-Junction,Straight road,Level,Dry,Not Raining,Daylight,Right Turn,Stop Sign
2017-11566-15/08/2019,1,1,Driver,Male,018,Driver,Not Thrown Out,By Private,Fitted - Worn,Motor Cars - Sedan,Unknown,Right Turn,1.0,2 Metropolitan,2,1,Thursday,12:00 pm,60,T-Junction,Straight road,Level,Dry,Not Raining,Daylight,Right Angle,Traffic Signals
2017-11568-15/08/2019,1,1,Driver,Male,042,Driver,Not Thrown Out,Admitted to Hospital,Fitted - Unknown if Worn,Utility,Full,Straight Ahead,1.0,2 Metropolitan,4,3,Thursday,03:20 pm,60,T-Junction,Straight road,Level,Dry,Not Raining,Daylight,Head On,Traffic Signals
2017-11568-15/08/2019,2,1,Passenger,Female,022,Front Seat Left Passenger,Not Thrown Out,Treated at Hospital,Fitted - Worn,Station Wagon,Full,Stopped on Carriageway,2.0,2 Metropolitan,4,3,Thursday,03:20 pm,60,T-Junction,Straight road,Level,Dry,Not Raining,Daylight,Head On,Traffic Signals
2017-11568-15/08/2019,3,1,Driver,Male,075,Driver,Not Thrown Out,Treated at Hospital,Fitted - Worn,Motor Cars - Sedan,Full,Stopped on Carriageway,1.0,2 Metropolitan,4,3,Thursday,03:20 pm,60,T-Junction,Straight road,Level,Dry,Not Raining,Daylight,Head On,Traffic Signals
2017-11569-15/08/2019,1,1,Rider,Female,051,,Thrown Out,By Private,,Pedal Cycle,,Straight Ahead,1.0,1 City,2,1,Thursday,04:15 pm,50,Cross Road,"CURVED, VIEW OBSCURED",Level,Dry,Not Raining,Daylight,Right Angle,Traffic Signals
2017-11571-15/08/2019,1,1,Pedestrian,Female,017,,,Treated at Hospital,,Pedestrian on Road,,Crossing with Traffic Signals,,2 Metropolitan,2,1,Wednesday,09:00 pm,60,Pedestrian Crossing,Straight road,Level,Wet,Not Raining,Night,Hit Pedestrian,Traffic Signals
2017-11572-15/08/2019,2,1,Driver,Female,054,Driver,Not Thrown Out,By Private,Fitted - Worn,Motor Cars - Sedan,Unknown,Straight Ahead,1.0,2 Metropolitan,2,1,Thursday,06:20 pm,60,Not Divided,Straight road,Level,Dry,Not Raining,Daylight,Right Angle,No Control
2017-11574-15/08/2019,1,1,Driver,Male,058,Driver,Not Thrown Out,Treated at Hospital,Fitted - Worn,Motor Cars - Sedan,Full,Straight Ahead,1.0,3 Country,2,1,Thursday,04:45 pm,60,T-Junction,Straight road,Level,Dry,Not Raining,Daylight,Right Angle,Give Way Sign
2017-11581-15/08/2019,1,1,Driver,Male,086,Driver,Not Thrown Out,Treated at Hospital,Fitted - Worn,Motor Cars - Sedan,Full,Straight Ahead,2.0,2 Metropolitan,2,2,Thursday,12:40 pm,60,T-Junction,Straight road,Slope,Wet,Not Raining,Daylight,Right Angle,No Control
2017-11581-15/08/2019,1,2,Passenger,Female,086,Front Seat Left Passenger,Not Thrown Out,Treated at Hospital,Fitted - Worn,Motor Cars - Sedan,Full,Straight Ahead,2.0,2 Metropolitan,2,2,Thursday,12:40 pm,60,T-Junction,Straight road,Slope,Wet,Not Raining,Daylight,Right Angle,No Control
2017-11582-15/08/2019,1,1,Passenger,Female,027,Front Seat Left Passenger,Not Thrown Out,Treated at Hospital,Fitted - Worn,Utility,Full,Straight Ahead,2.0,3 Country,2,1,Friday,12:01 am,100,Not Divided,"CURVED, VIEW OBSCURED",Level,Wet,Raining,Night,Hit Fixed Object,No Control
2017-11583-15/08/2019,1,1,Driver,Male,068,Driver,Not Thrown Out,Treated at Hospital,Fitted - Worn,Motor Cars - Sedan,Full,Straight Ahead,1.0,2 Metropolitan,2,2,Thursday,09:29 am,60,Cross Road,Straight road,Level,Dry,Not Raining,Daylight,Right Turn,Traffic Signals
2017-11583-15/08/2019,2,1,Driver,Female,049,Driver,Not Thrown Out,Treated at Hospital,Fitted - Worn,Motor Cars - Sedan,Full,Right Turn,1.0,2 Metropolitan,2,2,Thursday,09:29 am,60,Cross Road,Straight road,Level,Dry,Not Raining,Daylight,Right Turn,Traffic Signals
2017-11584-15/08/2019,1,1,Passenger,Female,022,Front Seat Left Passenger,Not Thrown Out,Treated at Hospital,Fitted - Worn,Motor Cars - Sedan,Full,Stopped on Carriageway,4.0,2 Metropolitan,2,2,Friday,07:35 am,60,Divided Road,Straight road,Level,Wet,Raining,Daylight,Rear End,No Control
2017-11584-15/08/2019,1,2,Passenger,Male,022,Rear Seat Right Passenger,Not Thrown Out,Treated at Hospital,Fitted - Worn,Motor Cars - Sedan,Full,Stopped on Carriageway,4.0,2 Metropolitan,2,2,Friday,07:35 am,60,Divided Road,Straight road,Level,Wet,Raining,Daylight,Rear End,No Control
2017-11588-15/08/2019,1,1,Driver,Female,028,Driver,Not Thrown Out,Treated at Hospital,Fitted - Worn,Station Wagon,Full,Straight Ahead,3.0,2 Metropolitan,2,3,Thursday,01:00 pm,60,Divided Road,Straight road,Level,Wet,Raining,Daylight,Rear End,No Control
2017-11588-15/08/2019,1,2,Passenger,Female,002,Rear Seat Right Passenger,Not Thrown Out,Treated at Hospital,Fitted - Worn,Station Wagon,Full,Straight Ahead,3.0,2 Metropolitan,2,3,Thursday,01:00 pm,60,Divided Road,Straight road,Level,Wet,Raining,Daylight,Rear End,No Control
2017-11588-15/08/2019,1,3,Passenger,Male,001,Rear Seat Left Passenger,Not Thrown Out,Treated at Hospital,Fitted - Worn,Station Wagon,Full,Straight Ahead,3.0,2 Metropolitan,2,3,Thursday,01:00 pm,60,Divided Road,Straight road,Level,Wet,Raining,Daylight,Rear End,No Control
2017-11592-15/08/2019,2,1,Pedestrian,Male,008,,,Treated at Hospital,,Pedestrian on Road,,Crossing without Control,,2 Metropolitan,2,1,Friday,08:37 am,50,Not Divided,Straight road,Level,Wet,Raining,Daylight,Hit Pedestrian,No Control
2017-11593-15/08/2019,1,1,Driver,Female,023,Driver,Not Thrown Out,Treated at Hospital,Fitted - Worn,Motor Cars - Sedan,Provisional 1 ,Straight Ahead,1.0,2 Metropolitan,2,1,Friday,10:54 am,60,Not Divided,Straight road,Level,Wet,Raining,Daylight,Hit Parked Vehicle,No Control
2017-11594-15/08/2019,2,1,Driver,Female,030,Driver,Not Thrown Out,Treated at Hospital,Fitted - Worn,Station Wagon,Full,Straight Ahead,1.0,2 Metropolitan,2,1,Friday,09:10 am,60,Cross Road,Straight road,Level,Wet,Raining,Daylight,Right Turn,Traffic Signals
2017-11598-15/08/2019,1,1,Driver,Male,034,Driver,Not Thrown Out,By Private,Fitted - Worn,Motor Cars - Sedan,Full,Entering Private Driveway,1.0,2 Metropolitan,2,1,Friday,08:25 am,60,Divided Road,Straight road,Level,Wet,Not Raining,Daylight,Rear End,No Control
2017-11599-15/08/2019,1,1,Driver,Female,040,Driver,Not Thrown Out,By Private,Fitted - Worn,Motor Cars - Sedan,Full,Stopped on Carriageway,1.0,2 Metropolitan,2,1,Friday,09:30 am,60,T-Junction,Straight road,Level,Wet,Raining,Daylight,Rear End,No Control
2017-11601-15/08/2019,1,1,Driver,Female,067,Driver,Not Thrown Out,Treated at Hospital,Fitted - Worn,Motor Cars - Sedan,Full,Straight Ahead,1.0,2 Metropolitan,2,1,Friday,02:00 pm,60,T-Junction,Straight road,Level,Wet,Raining,Daylight,Right Angle,No Control
2017-11602-15/08/2019,1,1,Driver,Male,051,Driver,Not Thrown Out,Treated at Hospital,Fitted - Worn,Motor Cars - Sedan,Full,Straight Ahead,4.0,2 Metropolitan,3,2,Friday,12:10 pm,60,Not Divided,Straight road,Level,Wet,Raining,Daylight,Hit Parked Vehicle,No Control
2017-11602-15/08/2019,1,2,Passenger,Male,011,Front Seat Left Passenger,Not Thrown Out,Treated at Hospital,Fitted - Worn,Motor Cars - Sedan,Full,Straight Ahead,4.0,2 Metropolitan,3,2,Friday,12:10 pm,60,Not Divided,Straight road,Level,Wet,Raining,Daylight,Hit Parked Vehicle,No Control
2017-11603-15/08/2019,2,1,Driver,Female,024,Driver,Not Thrown Out,By Private,Fitted - Worn,Motor Cars - Sedan,Full,Straight Ahead,1.0,3 Country,3,1,Friday,12:55 pm,50,Cross Road,Straight road,Slope,Dry,Not Raining,Daylight,Right Angle,Give Way Sign
2017-11604-15/08/2019,1,1,Driver,Male,043,Driver,Not Thrown Out,Treated at Hospital,Fitted - Unknown if Worn,Station Wagon,Full,Straight Ahead,1.0,2 Metropolitan,2,1,Friday,03:05 pm,50,Not Divided,"CURVED, VIEW OPEN",Slope,Wet,Raining,Daylight,Hit Parked Vehicle,No Control
2017-11608-15/08/2019,1,1,Driver,Male,044,Driver,Not Thrown Out,Treated at Hospital,Fitted - Worn,Station Wagon,Full,Straight Ahead,1.0,2 Metropolitan,2,1,Friday,04:34 pm,50,Not Divided,Straight road,Level,Wet,Raining,Daylight,Hit Fixed Object,No Control
2017-11611-15/08/2019,2,1,Driver,Female,027,Driver,Not Thrown Out,Treated at Hospital,Fitted - Worn,Station Wagon,Full,Left Turn,2.0,2 Metropolitan,2,1,Friday,05:05 pm,60,T-Junction,"CURVED, VIEW OPEN",Level,Dry,Not Raining,Daylight,Rear End,No Control
2017-11612-15/08/2019,2,1,Rider,Female,030,,Thrown Out,Treated at Hospital,,Pedal Cycle,,Straight Ahead,1.0,2 Metropolitan,2,1,Friday,04:49 pm,50,Cross Road,Straight road,Slope,Wet,Raining,Daylight,Right Angle,Roundabout
2017-11616-15/08/2019,1,1,Driver,Female,020,Driver,Not Thrown Out,Treated at Hospital,Fitted - Unknown if Worn,Motor Cars - Sedan,Full,Straight Ahead,1.0,2 Metropolitan,2,1,Friday,07:00 pm,60,Divided Road,Straight road,Level,Dry,Not Raining,Daylight,Rear End,No Control
2017-11623-15/08/2019,1,1,Passenger,Female,040,Front Seat Left Passenger,Not Thrown Out,Treated at Hospital,Fitted - Worn,Motor Cars - Sedan,Provisional 2,Straight Ahead,2.0,2 Metropolitan,2,1,Friday,09:50 pm,50,Not Divided,Straight road,Level,Dry,Not Raining,Night,Hit Fixed Object,No Control
2017-11625-15/08/2019,1,1,Driver,Male,053,Driver,Not Thrown Out,Treated at Hospital,Fitted - Unknown if Worn,Utility,Full,Straight Ahead,1.0,3 Country,2,1,Friday,11:10 pm,100,Not Divided,"CURVED, VIEW OBSCURED",Level,Wet,Unknown,Night,Hit Fixed Object,No Control
2017-11627-15/08/2019,1,1,Driver,Male,048,Driver,Not Thrown Out,Treated at Hospital,Fitted - Unknown if Worn,Motor Cars - Sedan,Full,Straight Ahead,1.0,2 Metropolitan,2,1,Saturday,03:00 am,80,T-Junction,"CURVED, VIEW OBSCURED",Slope,Dry,Not Raining,Night,Hit Fixed Object,No Control
2017-11630-15/08/2019,1,1,Driver,Female,036,Driver,Not Thrown Out,Treated at Hospital,Fitted - Unknown if Worn,Motor Cars - Sedan,Full,Straight Ahead,1.0,2 Metropolitan,2,2,Sunday,07:40 pm,60,T-Junction,Straight road,Level,Dry,Not Raining,Daylight,Right Angle,No Control
2017-11630-15/08/2019,2,1,Driver,Unknown,XXX,Driver,Not Thrown Out,Treated at Hospital,Fitted - Unknown if Worn,Motor Cars - Sedan,Probationary,Right Turn,1.0,2 Metropolitan,2,2,Sunday,07:40 pm,60,T-Junction,Straight road,Level,Dry,Not Raining,Daylight,Right Angle,No Control
2017-11638-15/08/2019,1,1,Rider,Male,018,Rider of Motorcycle,Thrown Out,Treated at Hospital,,Motor Cycle,Learners,Straight Ahead,1.0,2 Metropolitan,2,1,Saturday,10:40 am,60,Cross Road,"CURVED, VIEW OPEN",Level,Dry,Not Raining,Daylight,Side Swipe,Roundabout
2017-11644-15/08/2019,1,1,Driver,Female,021,Driver,Not Thrown Out,Treated at Hospital,Fitted - Worn,Motor Cars - Sedan,Full,Stopped on Carriageway,1.0,2 Metropolitan,2,2,Saturday,07:00 am,80,T-Junction,Straight road,Slope,Wet,Raining,Daylight,Right Angle,Stop Sign
2017-11644-15/08/2019,2,1,Driver,Female,021,Driver,Not Thrown Out,Treated at Hospital,Fitted - Worn,Motor Cars - Sedan,Full,Left Turn,1.0,2 Metropolitan,2,2,Saturday,07:00 am,80,T-Junction,Straight road,Slope,Wet,Raining,Daylight,Right Angle,Stop Sign
2017-11650-15/08/2019,1,1,Driver,Female,043,Driver,Not Thrown Out,Treated at Hospital,Fitted - Not Worn,Station Wagon,Full,Straight Ahead,4.0,3 Country,2,4,Saturday,02:00 pm,80,Not Divided,"CURVED, VIEW OPEN",Level,Dry,Not Raining,Daylight,Hit Fixed Object,No Control
2017-11650-15/08/2019,1,2,Passenger,Male,015,Rear Seat Left Passenger,Not Thrown Out,Treated at Hospital,Fitted - Not Worn,Station Wagon,Full,Straight Ahead,4.0,3 Country,2,4,Saturday,02:00 pm,80,Not Divided,"CURVED, VIEW OPEN",Level,Dry,Not Raining,Daylight,Hit Fixed Object,No Control
2017-11650-15/08/2019,1,3,Passenger,Female,016,Rear Seat Right Passenger,Not Thrown Out,Treated at Hospital,Fitted - Not Worn,Station Wagon,Full,Straight Ahead,4.0,3 Country,2,4,Saturday,02:00 pm,80,Not Divided,"CURVED, VIEW OPEN",Level,Dry,Not Raining,Daylight,Hit Fixed Object,No Control
2017-11650-15/08/2019,1,4,Passenger,Male,017,Front Seat Left Passenger,Not Thrown Out,Treated at Hospital,Fitted - Not Worn,Station Wagon,Full,Straight Ahead,4.0,3 Country,2,4,Saturday,02:00 pm,80,Not Divided,"CURVED, VIEW OPEN",Level,Dry,Not Raining,Daylight,Hit Fixed Object,No Control
2017-11651-15/08/2019,2,1,Driver,Female,053,Driver,Not Thrown Out,Treated at Hospital,Fitted - Worn,Motor Cars - Sedan,Full,Straight Ahead,1.0,2 Metropolitan,2,1,Friday,02:10 pm,80,Not Divided,"CURVED, VIEW OBSCURED",Slope,Wet,Raining,Daylight,Head On,No Control
2017-11652-15/08/2019,1,1,Driver,Male,052,Driver,Not Thrown Out,Treated at Hospital,Fitted - Worn,Utility,Full,Straight Ahead,1.0,2 Metropolitan,2,1,Friday,07:19 pm,60,Not Divided,Straight road,Slope,Wet,Unknown,Daylight,Hit Fixed Object,No Control
2017-11655-15/08/2019,1,1,Rider,Male,059,Rider of Motorcycle,Thrown Out,Treated at Hospital,,Motor Cycle,Unknown,Straight Ahead,1.0,2 Metropolitan,1,1,Saturday,04:30 pm,50,Not Divided,"CURVED, VIEW OBSCURED",Level,Dry,Not Raining,Daylight,Roll Over,No Control
2017-11663-15/08/2019,1,1,Driver,Male,034,Driver,Not Thrown Out,Treated at Hospital,Fitted - Worn,Motor Cars - Sedan,Full,Straight Ahead,3.0,3 Country,2,3,Saturday,11:00 pm,110,Not Divided,Straight road,Level,Dry,Not Raining,Night,Hit Fixed Object,No Control
2017-11663-15/08/2019,1,2,Passenger,Female,036,Front Seat Left Passenger,Not Thrown Out,Treated at Hospital,Fitted - Worn,Motor Cars - Sedan,Full,Straight Ahead,3.0,3 Country,2,3,Saturday,11:00 pm,110,Not Divided,Straight road,Level,Dry,Not Raining,Night,Hit Fixed Object,No Control
2017-11663-15/08/2019,1,3,Passenger,Male,015,Rear Seat Middle Passenger,Not Thrown Out,Treated at Hospital,Fitted - Worn,Motor Cars - Sedan,Full,Straight Ahead,3.0,3 Country,2,3,Saturday,11:00 pm,110,Not Divided,Straight road,Level,Dry,Not Raining,Night,Hit Fixed Object,No Control
2017-11665-15/08/2019,1,1,Driver,Female,032,Driver,Not Thrown Out,Treated at Hospital,Fitted - Worn,Motor Cars - Sedan,Full,Straight Ahead,2.0,2 Metropolitan,2,1,Sunday,08:25 am,50,Not Divided,Straight road,Level,Dry,Not Raining,Daylight,Hit Parked Vehicle,No Control
2017-11666-15/08/2019,1,1,Driver,Female,018,Driver,Not Thrown Out,Treated at Hospital,Fitted - Worn,Motor Cars - Sedan,Provisional 1 ,Straight Ahead,3.0,2 Metropolitan,2,3,Sunday,08:30 am,60,Not Divided,Straight road,Slope,Dry,Not Raining,Daylight,Hit Fixed Object,No Control
2017-11666-15/08/2019,1,2,Passenger,Female,011,Rear Seat Right Passenger,Not Thrown Out,Treated at Hospital,Fitted - Worn,Motor Cars - Sedan,Provisional 1 ,Straight Ahead,3.0,2 Metropolitan,2,3,Sunday,08:30 am,60,Not Divided,Straight road,Slope,Dry,Not Raining,Daylight,Hit Fixed Object,No Control
2017-11666-15/08/2019,1,3,Passenger,Male,015,Front Seat Left Passenger,Not Thrown Out,Treated at Hospital,Fitted - Worn,Motor Cars - Sedan,Provisional 1 ,Straight Ahead,3.0,2 Metropolitan,2,3,Sunday,08:30 am,60,Not Divided,Straight road,Slope,Dry,Not Raining,Daylight,Hit Fixed Object,No Control
2017-11669-15/08/2019,1,1,Driver,Female,047,Driver,Not Thrown Out,By Private,Fitted - Unknown if Worn,Motor Cars - Sedan,Full,Parking - Parallel,2.0,2 Metropolitan,2,1,Saturday,03:06 pm,60,Divided Road,Straight road,Level,Dry,Not Raining,Daylight,Side Swipe,No Control
2017-11670-15/08/2019,1,1,Driver,Female,019,Driver,Not Thrown Out,By Private,Fitted - Worn,Motor Cars - Sedan,Provisional 2,Straight Ahead,1.0,2 Metropolitan,2,1,Sunday,09:35 am,60,Cross Road,Straight road,Level,Dry,Not Raining,Daylight,Right Turn,Traffic Signals
2017-11672-15/08/2019,2,1,Passenger,Female,027,Passenger of Motorcycle,Thrown Out,Treated at Hospital,,Motor Cycle,Unknown,Straight Ahead,2.0,2 Metropolitan,2,1,Sunday,11:50 am,60,T-Junction,Straight road,Level,Dry,Not Raining,Daylight,Right Angle,No Control
2017-11673-15/08/2019,2,1,Driver,Female,017,Driver,Not Thrown Out,Treated at Hospital,Fitted - Worn,Motor Cars - Sedan,Provisional 1 ,Straight Ahead,1.0,2 Metropolitan,2,1,Sunday,11:45 am,80,Cross Road,Straight road,Slope,Dry,Not Raining,Daylight,Right Turn,Traffic Signals
2017-11674-15/08/2019,1,1,Driver,Male,080,Driver,Not Thrown Out,Treated at Hospital,Fitted - Worn,Motor Cars - Sedan,Full,Stopped on Carriageway,1.0,2 Metropolitan,2,1,Sunday,12:16 pm,60,T-Junction,"CURVED, VIEW OPEN",Level,Dry,Not Raining,Daylight,Rear End,Roundabout
2017-11676-15/08/2019,2,1,Passenger,Female,064,Front Seat Left Passenger,Not Thrown Out,Treated at Hospital,Fitted - Unknown if Worn,Station Wagon,Full,Right Turn,2.0,2 Metropolitan,2,1,Sunday,11:45 am,60,T-Junction,Straight road,Level,Dry,Not Raining,Daylight,Right Turn,No Control
2017-11678-15/08/2019,1,1,Rider,Male,025,Rider of Motorcycle,Thrown Out,Treated at Hospital,,Motor Cycle,Full,Straight Ahead,1.0,2 Metropolitan,1,1,Sunday,04:45 pm,50,Not Divided,Straight road,Level,Dry,Not Raining,Daylight,Roll Over,No Control
2017-11681-15/08/2019,1,1,Rider,Male,XXX,Rider of Motorcycle,Thrown Out,Treated at Hospital,,Motor Cycle,Unlicenced,Straight Ahead,1.0,2 Metropolitan,1,1,Sunday,04:08 pm,60,Divided Road,Straight road,Slope,Dry,Not Raining,Daylight,Roll Over,No Control
2017-11683-15/08/2019,2,1,Driver,Female,XXX,Driver,Not Thrown Out,Treated at Hospital,Fitted - Worn,Motor Cars - Sedan,Unknown,Straight Ahead,1.0,3 Country,2,1,Sunday,05:00 pm,50,Not Divided,Straight road,Level,Dry,Not Raining,Daylight,Side Swipe,No Control
2017-11685-15/08/2019,2,1,Driver,Male,022,Driver,Not Thrown Out,Treated at Hospital,Fitted - Worn,Motor Cars - Sedan,Unknown,Right Turn,2.0,2 Metropolitan,2,1,Sunday,07:30 pm,60,T-Junction,Straight road,Level,Dry,Not Raining,Daylight,Right Turn,Traffic Signals
2017-11686-15/08/2019,1,1,Rider,Male,025,Rider of Motorcycle,Thrown Out,Treated at Hospital,,Motor Cycle,Unlicenced,Straight Ahead,1.0,3 Country,2,1,Sunday,12:30 am,80,Not Divided,Straight road,Level,Dry,Not Raining,Night,Roll Over,No Control
2017-11701-15/08/2019,1,1,Driver,Male,069,Driver,Not Thrown Out,Admitted to Hospital,Fitted - Worn,Station Wagon,Unknown,Straight Ahead,2.0,3 Country,2,4,Monday,10:55 am,100,Not Divided,"CURVED, VIEW OBSCURED",Level,Dry,Not Raining,Daylight,Head On,No Control
2017-11701-15/08/2019,1,2,Passenger,Female,068,Front Seat Left Passenger,Not Thrown Out,Admitted to Hospital,Fitted - Worn,Station Wagon,Unknown,Straight Ahead,2.0,3 Country,2,4,Monday,10:55 am,100,Not Divided,"CURVED, VIEW OBSCURED",Level,Dry,Not Raining,Daylight,Head On,No Control
2017-11701-15/08/2019,2,1,Driver,Male,067,Driver,Not Thrown Out,Treated at Hospital,Fitted - Worn,Utility,Full,Straight Ahead,2.0,3 Country,2,4,Monday,10:55 am,100,Not Divided,"CURVED, VIEW OBSCURED",Level,Dry,Not Raining,Daylight,Head On,No Control
2017-11701-15/08/2019,2,2,Passenger,Female,065,Front Seat Left Passenger,Not Thrown Out,Treated at Hospital,Fitted - Worn,Utility,Full,Straight Ahead,2.0,3 Country,2,4,Monday,10:55 am,100,Not Divided,"CURVED, VIEW OBSCURED",Level,Dry,Not Raining,Daylight,Head On,No Control
2017-11704-15/08/2019,1,1,Driver,Female,046,Driver,Not Thrown Out,By Private,Fitted - Worn,Motor Cars - Sedan,Full,Straight Ahead,2.0,2 Metropolitan,2,2,Monday,12:55 pm,60,T-Junction,Straight road,Level,Dry,Not Raining,Daylight,Right Angle,No Control
2017-11704-15/08/2019,1,2,Passenger,Female,018,Front Seat Left Passenger,Not Thrown Out,By Private,Fitted - Worn,Motor Cars - Sedan,Full,Straight Ahead,2.0,2 Metropolitan,2,2,Monday,12:55 pm,60,T-Junction,Straight road,Level,Dry,Not Raining,Daylight,Right Angle,No Control
2017-11705-15/08/2019,1,1,Driver,Male,059,Driver,Not Thrown Out,Treated at Hospital,Fitted - Worn,SEMI TRAILER,Full,Right Turn,1.0,3 Country,1,1,Monday,12:15 pm,80,T-Junction,Straight road,Crest of Hill,Dry,Not Raining,Daylight,Roll Over,Give Way Sign
2017-11707-15/08/2019,2,1,Driver,Female,027,Driver,Not Thrown Out,Treated at Hospital,Fitted - Worn,Motor Cars - Sedan,Unlicenced,Straight Ahead,1.0,2 Metropolitan,2,1,Monday,01:00 pm,60,T-Junction,Straight road,Slope,Dry,Not Raining,Daylight,Rear End,Traffic Signals
2017-11711-15/08/2019,2,1,Driver,Male,032,Driver,Not Thrown Out,Treated at Hospital,Fitted - Worn,Motor Cars - Sedan,Full,Stopped on Carriageway,1.0,2 Metropolitan,3,1,Thursday,12:25 pm,60,Divided Road,Straight road,Level,Dry,Not Raining,Daylight,Rear End,No Control
2017-11714-15/08/2019,2,1,Driver,Female,044,Driver,Not Thrown Out,Treated at Hospital,Fitted - Worn,Motor Cars - Sedan,Full,Stopped on Carriageway,1.0,2 Metropolitan,3,2,Friday,01:10 pm,60,T-Junction,Straight road,Level,Wet,Raining,Daylight,Rear End,No Control
2017-11714-15/08/2019,3,1,Driver,Female,078,Driver,Not Thrown Out,Treated at Hospital,Fitted - Worn,Motor Cars - Sedan,Full,Stopped on Carriageway,1.0,2 Metropolitan,3,2,Friday,01:10 pm,60,T-Junction,Straight road,Level,Wet,Raining,Daylight,Rear End,No Control
2017-11716-15/08/2019,2,1,Rider,Male,021,Rider of Motorcycle,Thrown Out,Treated at Hospital,,Motor Cycle,Learners,Straight Ahead,1.0,2 Metropolitan,2,1,Monday,02:00 pm,40,Not Divided,Straight road,Level,Dry,Not Raining,Daylight,Right Angle,No Control