REPORT_ID,UND_UNIT_NUMBER,CASUALTY_NUMBER,Casualty Type,Sex_x,AGE,Position In Veh,Thrown Out,Injury Extent,Seat Belt,Unit Type,Licence Type,Unit Movement,Number Occupants,Stats Area,Total Units,Total Cas,Day,Time,Area Speed,Position Type,Horizontal Align,Vertical Align,Moisture Cond,Weather Cond,DayNight,Crash Type,Traffic Ctrls
2017-11717-15/08/2019,1,1,Driver,Female,030,Driver,Not Thrown Out,Treated at Hospital,Fitted - Worn,Motor Cars - Sedan,Full,Straight Ahead,1.0,2 Metropolitan,3,1,Monday,05:10 pm,50,Not Divided,Straight road,Level,Dry,Not Raining,Daylight,Hit Parked Vehicle,No Control
2017-11718-15/08/2019,2,1,Rider,Male,027,,Thrown Out,Treated at Hospital,,Pedal Cycle,,Straight Ahead,1.0,2 Metropolitan,2,1,Monday,06:10 pm,60,T-Junction,Straight road,Level,Dry,Not Raining,Daylight,Right Turn,No Control
2017-11719-15/08/2019,1,1,Rider,Male,046,,Thrown Out,Treated at Hospital,,Pedal Cycle,,Straight Ahead,1.0,1 City,2,1,Monday,05:05 pm,50,Cross Road,Straight road,Level,Dry,Not Raining,Daylight,Right Turn,Traffic Signals
2017-11720-15/08/2019,2,1,Rider,Male,019,,Thrown Out,Treated at Hospital,,Pedal Cycle,,Straight Ahead,1.0,1 City,2,1,Monday,05:00 pm,50,Cross Road,Straight road,Level,Dry,Not Raining,Daylight,Side Swipe,No Control
2017-11722-15/08/2019,1,1,Rider,Male,049,Rider of Motorcycle,Thrown Out,Treated at Hospital,,Motor Cycle,Full,Right Turn,1.0,3 Country,1,1,Monday,04:30 pm,110,Not Divided,Straight road,Level,Dry,Not Raining,Daylight,Roll Over,No Control
2017-11723-15/08/2019,2,1,Driver,Male,033,Driver,Not Thrown Out,Treated at Hospital,Fitted - Worn,Station Wagon,Full,Straight Ahead,1.0,2 Metropolitan,3,1,Monday,07:45 pm,60,Cross Road,Straight road,Level,Dry,Not Raining,Daylight,Right Angle,Traffic Signals
2017-11725-15/08/2019,2,1,Driver,Male,046,Driver,Not Thrown Out,By Private,Fitted - Worn,Station Wagon,Full,Straight Ahead,2.0,2 Metropolitan,3,1,Wednesday,01:20 pm,60,Divided Road,Straight road,Level,Dry,Not Raining,Daylight,Rear End,No Control
2017-11728-15/08/2019,1,1,Driver,Male,072,Driver,Not Thrown Out,Fatal,Fitted - Worn,Utility,Full,Straight Ahead,2.0,3 Country,2,3,Monday,04:40 pm,100,Cross Road,Straight road,Level,Dry,Not Raining,Daylight,Right Angle,Give Way Sign
2017-11728-15/08/2019,1,2,Passenger,Male,082,Front Seat Left Passenger,Not Thrown Out,Fatal,Fitted - Worn,Utility,Full,Straight Ahead,2.0,3 Country,2,3,Monday,04:40 pm,100,Cross Road,Straight road,Level,Dry,Not Raining,Daylight,Right Angle,Give Way Sign
2017-11728-15/08/2019,2,1,Driver,Male,059,Driver,Not Thrown Out,Fatal,Fitted - Worn,Motor Cars - Sedan,Full,Straight Ahead,1.0,3 Country,2,3,Monday,04:40 pm,100,Cross Road,Straight road,Level,Dry,Not Raining,Daylight,Right Angle,Give Way Sign
2017-11729-15/08/2019,1,1,Driver,Female,030,Driver,Not Thrown Out,Treated at Hospital,Fitted - Worn,Motor Cars - Sedan,Unknown,Straight Ahead,4.0,3 Country,2,1,Monday,06:00 pm,110,Not Divided,Straight road,Level,Dry,Not Raining,Daylight,Hit Fixed Object,No Control
2017-11731-15/08/2019,1,1,Rider,Male,033,Rider of Motorcycle,Thrown Out,Fatal,,Motor Cycle,Unlicenced,Straight Ahead,1.0,3 Country,1,1,Sunday,04:30 pm,100,Not Divided,"CURVED, VIEW OPEN",Level,Dry,Not Raining,Daylight,Roll Over,No Control
2017-11732-15/08/2019,1,1,Passenger,Female,028,Front Seat Left Passenger,Not Thrown Out,By Private,Fitted - Worn,Motor Cars - Sedan,Full,Stopped on Carriageway,2.0,2 Metropolitan,2,1,Sunday,12:10 pm,60,T-Junction,Straight road,Level,Dry,Not Raining,Daylight,Rear End,No Control
2017-11735-15/08/2019,1,1,Driver,Male,036,Driver,Not Thrown Out,By Private,Fitted - Worn,Motor Cars - Sedan,Full,Straight Ahead,1.0,3 Country,2,1,Tuesday,06:30 am,100,Not Divided,Straight road,Crest of Hill,Wet,Raining,Daylight,Hit Animal,No Control
2017-11743-15/08/2019,1,1,Rider,Female,018,Rider of Motorcycle,Thrown Out,Treated at Hospital,,Motor Cycle,Learners,Left Turn,1.0,2 Metropolitan,1,1,Tuesday,01:35 pm,50,Cross Road,Straight road,Level,Dry,Not Raining,Daylight,Roll Over,Traffic Signals
2017-11744-15/08/2019,1,1,Driver,Male,049,Driver,Not Thrown Out,Admitted to Hospital,Fitted - Worn,Station Wagon,Full,Straight Ahead,1.0,3 Country,1,1,Tuesday,09:25 am,110,Not Divided,"CURVED, VIEW OPEN",Level,Dry,Not Raining,Daylight,Roll Over,No Control
2017-11746-15/08/2019,2,1,Passenger,Female,037,Front Seat Left Passenger,Not Thrown Out,By Private,Fitted - Worn,Motor Cars - Sedan,Full,Straight Ahead,2.0,1 City,3,1,Tuesday,08:15 am,50,Not Divided,Straight road,Level,Dry,Not Raining,Daylight,Rear End,No Control
2017-11747-15/08/2019,2,1,Driver,Female,075,Driver,Not Thrown Out,By Private,Fitted - Worn,Motor Cars - Sedan,Full,Straight Ahead,2.0,2 Metropolitan,2,1,Tuesday,01:30 pm,60,Divided Road,Straight road,Level,Dry,Not Raining,Daylight,Rear End,No Control
2017-11748-15/08/2019,1,1,Driver,Female,036,Driver,Not Thrown Out,By Private,Fitted - Worn,Motor Cars - Sedan,Full,Stopped on Carriageway,1.0,2 Metropolitan,2,1,Tuesday,02:44 pm,60,Pedestrian Crossing,Straight road,Level,Dry,Not Raining,Daylight,Rear End,Traffic Signals
2017-11752-15/08/2019,3,1,Driver,Male,027,Driver,Not Thrown Out,By Private,Fitted - Worn,Motor Cars - Sedan,Full,Stopped on Carriageway,1.0,1 City,3,1,Tuesday,04:10 pm,60,Divided Road,Straight road,Level,Dry,Not Raining,Daylight,Rear End,No Control
2017-11755-15/08/2019,2,1,Driver,Female,032,Driver,Not Thrown Out,By Private,Fitted - Worn,Motor Cars - Sedan,Full,Straight Ahead,1.0,2 Metropolitan,2,1,Tuesday,03:50 pm,80,Divided Road,Straight road,Slope,Dry,Not Raining,Daylight,Rear End,No Control
2017-11756-15/08/2019,2,1,Passenger,Male,010,Front Seat Left Passenger,Not Thrown Out,Treated at Hospital,Fitted - Worn,Station Wagon,Full,Straight Ahead,4.0,2 Metropolitan,2,2,Tuesday,05:10 pm,60,T-Junction,Straight road,Level,Dry,Not Raining,Daylight,Right Turn,No Control
2017-11756-15/08/2019,2,2,Passenger,Male,007,Rear Seat Right Passenger,Not Thrown Out,Treated at Hospital,Fitted - Worn,Station Wagon,Full,Straight Ahead,4.0,2 Metropolitan,2,2,Tuesday,05:10 pm,60,T-Junction,Straight road,Level,Dry,Not Raining,Daylight,Right Turn,No Control
2017-11759-15/08/2019,1,1,Driver,Male,027,Driver,Not Thrown Out,By Private,Fitted - Worn,Motor Cars - Sedan,Full,Straight Ahead,1.0,2 Metropolitan,2,1,Tuesday,05:00 pm,50,Not Divided,Straight road,Level,Dry,Not Raining,Daylight,Rear End,No Control
2017-11766-15/08/2019,1,1,Rider,Male,028,Rider of Motorcycle,Thrown Out,Treated at Hospital,,Motor Cycle,Full,Straight Ahead,1.0,2 Metropolitan,2,1,Tuesday,09:35 pm,80,Not Divided,Straight road,Level,Dry,Not Raining,Night,Hit Animal,No Control
2017-11772-15/08/2019,2,1,Rider,Male,020,,Thrown Out,Treated at Hospital,,Pedal Cycle,,Straight Ahead,1.0,1 City,2,1,Wednesday,08:27 am,50,Cross Road,Straight road,Level,Dry,Not Raining,Daylight,Side Swipe,Traffic Signals
2017-11775-15/08/2019,2,1,Pedestrian,Male,018,,,Treated at Hospital,,Pedestrian on Road,,Crossing with Traffic Signals,,1 City,2,1,Wednesday,10:16 am,50,Cross Road,Straight road,Level,Dry,Not Raining,Daylight,Hit Pedestrian,Traffic Signals
2017-11778-15/08/2019,2,1,Driver,Female,063,Driver,Not Thrown Out,Treated at Hospital,Fitted - Worn,Motor Cars - Sedan,Full,Straight Ahead,2.0,2 Metropolitan,2,2,Wednesday,09:50 am,80,Cross Road,Straight road,Level,Dry,Not Raining,Daylight,Right Angle,Give Way Sign
2017-11778-15/08/2019,2,2,Passenger,Female,068,Front Seat Left Passenger,Not Thrown Out,Treated at Hospital,Fitted - Worn,Motor Cars - Sedan,Full,Straight Ahead,2.0,2 Metropolitan,2,2,Wednesday,09:50 am,80,Cross Road,Straight road,Level,Dry,Not Raining,Daylight,Right Angle,Give Way Sign
2017-11779-15/08/2019,1,1,Driver,Female,027,Driver,Not Thrown Out,By Private,Fitted - Worn,Station Wagon,Full,Stopped on Carriageway,1.0,2 Metropolitan,2,1,Wednesday,08:35 am,60,Divided Road,Straight road,Level,Dry,Not Raining,Daylight,Rear End,No Control
2017-11780-15/08/2019,1,1,Rider,Male,025,Rider of Motorcycle,Thrown Out,By Private,,Motor Cycle,Provisional 2,Straight Ahead,1.0,2 Metropolitan,2,1,Wednesday,12:00 pm,60,Divided Road,Straight road,Level,Dry,Not Raining,Daylight,Rear End,No Control
2017-11785-15/08/2019,1,1,Rider,Male,051,,Thrown Out,Treated at Hospital,,Pedal Cycle,,Straight Ahead,1.0,2 Metropolitan,1,1,Tuesday,08:40 am,60,Divided Road,Straight road,Level,Dry,Not Raining,Daylight,Roll Over,No Control
2017-11788-15/08/2019,1,1,Driver,Male,062,Driver,Not Thrown Out,By Private,Fitted - Worn,Motor Cars - Sedan,Full,Straight Ahead,1.0,2 Metropolitan,2,1,Wednesday,12:15 pm,60,Divided Road,Straight road,Level,Dry,Not Raining,Daylight,Rear End,No Control
2017-11790-15/08/2019,1,1,Passenger,Male,XXX,Rear Seat Left Passenger,Not Thrown Out,Treated at Hospital,Fitted - Worn,Station Wagon,Full,Stopped on Carriageway,3.0,2 Metropolitan,2,2,Wednesday,12:45 pm,70,Divided Road,Straight road,Level,Dry,Not Raining,Daylight,Rear End,No Control
2017-11790-15/08/2019,1,2,Passenger,Male,XXX,Front Seat Left Passenger,Not Thrown Out,Treated at Hospital,Fitted - Worn,Station Wagon,Full,Stopped on Carriageway,3.0,2 Metropolitan,2,2,Wednesday,12:45 pm,70,Divided Road,Straight road,Level,Dry,Not Raining,Daylight,Rear End,No Control
2017-11791-15/08/2019,2,1,Pedestrian,Female,014,,,Treated at Hospital,,Pedestrian on Road,,Crossing without Control,,2 Metropolitan,2,1,Wednesday,03:22 pm,50,Not Divided,Straight road,Level,Dry,Not Raining,Daylight,Hit Pedestrian,No Control
2017-11792-15/08/2019,2,1,Driver,Male,092,Driver,Not Thrown Out,By Private,Fitted - Worn,Motor Cars - Sedan,Full,Right Turn,2.0,2 Metropolitan,2,1,Wednesday,03:00 pm,60,T-Junction,"CURVED, VIEW OPEN",Level,Dry,Not Raining,Daylight,Right Angle,No Control
2017-11800-15/08/2019,1,1,Driver,Male,018,Driver,Not Thrown Out,Treated at Hospital,Fitted - Worn,Motor Cars - Sedan,Provisional 1 ,Straight Ahead,1.0,2 Metropolitan,2,1,Wednesday,06:30 pm,60,Cross Road,Straight road,Level,Dry,Not Raining,Daylight,Hit Fixed Object,Traffic Signals
2017-11802-15/08/2019,2,1,Rider,Male,063,,Thrown Out,Treated at Hospital,,Pedal Cycle,,Straight Ahead,1.0,2 Metropolitan,2,1,Wednesday,05:20 pm,60,Cross Road,Straight road,Level,Dry,Not Raining,Daylight,Right Angle,Roundabout
2017-11805-15/08/2019,2,1,Pedestrian,Male,060,,,Fatal,,Pedestrian on Road,,Crossing without Control,,2 Metropolitan,2,1,Wednesday,10:50 pm,60,Divided Road,Straight road,Level,Dry,Not Raining,Night,Hit Pedestrian,No Control
2017-11806-15/08/2019,2,1,Driver,Female,018,Driver,Not Thrown Out,Treated at Hospital,Fitted - Worn,Motor Cars - Sedan,Provisional 2,Stopped on Carriageway,3.0,2 Metropolitan,2,1,Wednesday,07:30 pm,50,T-Junction,Straight road,Unknown,Dry,Not Raining,Daylight,Rear End,Give Way Sign
2017-11811-15/08/2019,1,1,Driver,Male,089,Driver,Not Thrown Out,Treated at Hospital,Fitted - Worn,Station Wagon,Full,Straight Ahead,1.0,3 Country,2,1,Wednesday,02:01 pm,100,Not Divided,Straight road,Level,Dry,Not Raining,Daylight,Hit Fixed Object,No Control
2017-11812-15/08/2019,1,1,Driver,Female,084,Driver,Not Thrown Out,Treated at Hospital,Fitted - Worn,Motor Cars - Sedan,Full,Straight Ahead,2.0,2 Metropolitan,2,2,Wednesday,11:30 am,60,Divided Road,Straight road,Slope,Dry,Not Raining,Daylight,Hit Parked Vehicle,No Control
2017-11812-15/08/2019,1,2,Passenger,Male,090,Front Seat Left Passenger,Not Thrown Out,Treated at Hospital,Fitted - Not Worn,Motor Cars - Sedan,Full,Straight Ahead,2.0,2 Metropolitan,2,2,Wednesday,11:30 am,60,Divided Road,Straight road,Slope,Dry,Not Raining,Daylight,Hit Parked Vehicle,No Control
2017-11817-15/08/2019,1,1,Rider,Female,051,Rider of Motorcycle,Thrown Out,Admitted to Hospital,,Motor Cycle,Full,Straight Ahead,1.0,3 Country,2,1,Wednesday,05:55 pm,100,Not Divided,"CURVED, VIEW OPEN",Slope,Dry,Not Raining,Daylight,Hit Animal,No Control
2017-11819-15/08/2019,1,1,Rider,Male,021,Rider of Motorcycle,Thrown Out,By Private,,Motor Cycle,Unknown,Straight Ahead,1.0,2 Metropolitan,1,1,Wednesday,01:00 pm,60,Not Divided,Straight road,Level,Dry,Not Raining,Daylight,Roll Over,No Control
2017-11820-15/08/2019,3,1,Driver,Female,035,Driver,Not Thrown Out,Treated at Hospital,Fitted - Worn,Motor Cars - Sedan,Full,Stopped on Carriageway,2.0,2 Metropolitan,4,1,Thursday,07:50 am,80,Divided Road,Straight road,Level,Dry,Not Raining,Daylight,Rear End,No Control
2017-11823-15/08/2019,1,1,Passenger,Male,084,Front Seat Left Passenger,Not Thrown Out,Treated at Hospital,Fitted - Worn,Taxi Cab,Full,Straight Ahead,3.0,2 Metropolitan,2,1,Thursday,10:43 am,60,T-Junction,Straight road,Level,Dry,Not Raining,Daylight,Right Angle,No Control
2017-11828-15/08/2019,2,1,Driver,Female,063,Driver,Not Thrown Out,Treated at Hospital,Fitted - Worn,Motor Cars - Sedan,Full,Stopped on Carriageway,2.0,3 Country,2,1,Thursday,09:50 am,50,T-Junction,Straight road,Slope,Wet,Raining,Daylight,Rear End,No Control
2017-11832-15/08/2019,1,1,Driver,Female,048,Driver,Not Thrown Out,By Private,Fitted - Worn,Motor Cars - Sedan,Full,Stopped on Carriageway,2.0,2 Metropolitan,2,1,Monday,08:00 pm,60,Cross Road,Straight road,Level,Dry,Not Raining,Daylight,Rear End,Traffic Signals
2017-11837-15/08/2019,1,1,Driver,Female,083,Driver,Not Thrown Out,Treated at Hospital,Fitted - Worn,Motor Cars - Sedan,Full,Parking - Angle,1.0,2 Metropolitan,2,1,Thursday,02:10 pm,50,Not Divided,Straight road,Slope,Wet,Raining,Daylight,Hit Fixed Object,No Control
2017-11839-15/08/2019,2,1,Driver,Female,084,Driver,Not Thrown Out,Treated at Hospital,Fitted - Worn,Motor Cars - Sedan,Full,Straight Ahead,1.0,2 Metropolitan,3,1,Thursday,11:15 am,60,Not Divided,Straight road,Level,Wet,Raining,Daylight,Rear End,No Control
2017-11842-15/08/2019,1,1,Driver,Male,032,Driver,Not Thrown Out,Treated at Hospital,Fitted - Worn,Motor Cars - Sedan,Full,Stopped on Carriageway,3.0,2 Metropolitan,2,4,Wednesday,02:10 pm,50,Divided Road,Straight road,Level,Dry,Not Raining,Daylight,Rear End,Roundabout
2017-11842-15/08/2019,1,2,Passenger,Male,002,Rear Seat Middle Passenger,Not Thrown Out,Treated at Hospital,Fitted - Worn,Motor Cars - Sedan,Full,Stopped on Carriageway,3.0,2 Metropolitan,2,4,Wednesday,02:10 pm,50,Divided Road,Straight road,Level,Dry,Not Raining,Daylight,Rear End,Roundabout
2017-11842-15/08/2019,1,3,Passenger,Female,029,Front Seat Left Passenger,Not Thrown Out,Treated at Hospital,Fitted - Worn,Motor Cars - Sedan,Full,Stopped on Carriageway,3.0,2 Metropolitan,2,4,Wednesday,02:10 pm,50,Divided Road,Straight road,Level,Dry,Not Raining,Daylight,Rear End,Roundabout
2017-11842-15/08/2019,2,1,Driver,Male,046,Driver,Not Thrown Out,Treated at Hospital,Fitted - Worn,Motor Cars - Sedan,Full,Straight Ahead,1.0,2 Metropolitan,2,4,Wednesday,02:10 pm,50,Divided Road,Straight road,Level,Dry,Not Raining,Daylight,Rear End,Roundabout
2017-11843-15/08/2019,2,1,Passenger,Female,029,Front Seat Left Passenger,Not Thrown Out,Treated at Hospital,Fitted - Worn,Motor Cars - Sedan,Provisional 2,Straight Ahead,2.0,2 Metropolitan,2,1,Thursday,03:35 pm,60,Divided Road,Straight road,Level,Dry,Not Raining,Daylight,Rear End,No Control
2017-11844-15/08/2019,2,1,Driver,Female,045,Driver,Not Thrown Out,By Private,Fitted - Worn,Station Wagon,Full,Straight Ahead,1.0,2 Metropolitan,2,1,Thursday,04:35 pm,60,T-Junction,Straight road,Level,Dry,Not Raining,Daylight,Right Turn,Traffic Signals
2017-11848-15/08/2019,1,1,Driver,Female,017,Driver,Not Thrown Out,Treated at Hospital,Fitted - Worn,Motor Cars - Sedan,Provisional 1 ,Parked,1.0,2 Metropolitan,3,2,Thursday,12:25 pm,100,Divided Road,Straight road,Slope,Dry,Not Raining,Daylight,Hit Parked Vehicle,No Control
2017-11848-15/08/2019,3,1,Pedestrian,Male,018,,,Treated at Hospital,,Pedestrian on Road,,Pushing or Working on Vehicle,,2 Metropolitan,3,2,Thursday,12:25 pm,100,Divided Road,Straight road,Slope,Dry,Not Raining,Daylight,Hit Parked Vehicle,No Control
2017-11850-15/08/2019,2,1,Rider,Female,023,,Thrown Out,Treated at Hospital,,Pedal Cycle,,Straight Ahead,1.0,1 City,2,1,Thursday,06:44 pm,50,Not Divided,Straight road,Level,Dry,Not Raining,Daylight,Side Swipe,No Control
2017-11851-15/08/2019,1,1,Driver,Male,052,Driver,Not Thrown Out,By Private,Fitted - Worn,Motor Cars - Sedan,Full,Stopped on Carriageway,1.0,2 Metropolitan,2,1,Thursday,02:50 pm,60,Cross Road,Straight road,Level,Dry,Not Raining,Daylight,Rear End,Stop Sign
2017-11856-15/08/2019,1,1,Driver,Female,019,Driver,Not Thrown Out,Treated at Hospital,Fitted - Worn,Motor Cars - Sedan,Provisional 2,Straight Ahead,1.0,2 Metropolitan,2,1,Thursday,11:56 pm,60,Divided Road,Straight road,Level,Dry,Not Raining,Night,Hit Fixed Object,No Control
2017-11857-15/08/2019,1,1,Driver,Male,047,Driver,Not Thrown Out,Treated at Hospital,Fitted - Worn,Motor Cars - Sedan,Unlicenced,Straight Ahead,1.0,2 Metropolitan,2,1,Friday,01:37 am,50,Not Divided,Straight road,Level,Dry,Not Raining,Night,Hit Fixed Object,No Control
2017-11859-15/08/2019,2,1,Rider,Male,014,,Thrown Out,Treated at Hospital,,Pedal Cycle,,Overtaking - on Left,1.0,2 Metropolitan,2,1,Friday,08:50 am,50,T-Junction,Straight road,Level,Dry,Not Raining,Daylight,Side Swipe,Roundabout
2017-11862-15/08/2019,2,1,Driver,Male,023,Driver,Not Thrown Out,By Private,Fitted - Worn,Utility,Provisional 2,Stopped on Carriageway,1.0,2 Metropolitan,2,1,Friday,10:13 am,60,Divided Road,Straight road,Level,Dry,Not Raining,Daylight,Rear End,No Control
2017-11865-15/08/2019,1,1,Passenger,Female,026,Rear Seat Right Passenger,Not Thrown Out,By Private,Fitted - Worn,Motor Cars - Sedan,Full,Straight Ahead,4.0,2 Metropolitan,2,2,Friday,09:40 am,60,Cross Road,Straight road,Level,Dry,Not Raining,Daylight,Right Turn,Traffic Signals
2017-11865-15/08/2019,1,2,Passenger,Female,082,Front Seat Left Passenger,Not Thrown Out,Treated at Hospital,Fitted - Worn,Motor Cars - Sedan,Full,Straight Ahead,4.0,2 Metropolitan,2,2,Friday,09:40 am,60,Cross Road,Straight road,Level,Dry,Not Raining,Daylight,Right Turn,Traffic Signals
2017-11866-15/08/2019,2,1,Driver,Male,044,Driver,Not Thrown Out,By Private,Fitted - Worn,Light Truck LT 4.5T,Full,Stopped on Carriageway,1.0,2 Metropolitan,2,1,Friday,10:35 am,60,Cross Road,Straight road,Bottom of Hill,Dry,Not Raining,Daylight,Rear End,Traffic Signals
2017-11868-15/08/2019,1,1,Driver,Female,058,Driver,Not Thrown Out,Treated at Hospital,Fitted - Worn,Motor Cars - Sedan,Unlicenced,Right Turn,1.0,2 Metropolitan,2,1,Friday,10:59 am,60,Cross Road,Straight road,Level,Dry,Not Raining,Daylight,Right Turn,Give Way Sign
2017-11871-15/08/2019,2,1,Pedestrian,Female,074,,,By Private,,Pedestrian on Road,,Crossing without Control,,2 Metropolitan,2,1,Friday,12:08 pm,50,Not Divided,Straight road,Level,Dry,Not Raining,Daylight,Hit Pedestrian,No Control
2017-11874-15/08/2019,1,1,Driver,Female,019,Driver,Not Thrown Out,Treated at Hospital,Fitted - Worn,Station Wagon,Provisional 2,Straight Ahead,1.0,2 Metropolitan,2,1,Friday,12:30 pm,60,Not Divided,Straight road,Level,Dry,Not Raining,Daylight,Hit Fixed Object,No Control
2017-11877-15/08/2019,1,1,Driver,Male,017,Driver,Not Thrown Out,By Private,Fitted - Worn,Station Wagon,Provisional 1 ,Straight Ahead,2.0,3 Country,2,2,Thursday,02:30 pm,100,Not Divided,"CURVED, VIEW OBSCURED",Level,Dry,Not Raining,Daylight,Hit Fixed Object,No Control
2017-11877-15/08/2019,1,2,Passenger,Male,018,Front Seat Left Passenger,Not Thrown Out,By Private,Fitted - Worn,Station Wagon,Provisional 1 ,Straight Ahead,2.0,3 Country,2,2,Thursday,02:30 pm,100,Not Divided,"CURVED, VIEW OBSCURED",Level,Dry,Not Raining,Daylight,Hit Fixed Object,No Control
2017-11878-15/08/2019,1,1,Rider,Female,053,Rider of Motorcycle,Thrown Out,Treated at Hospital,,Motor Cycle,Full,Entering Private Driveway,1.0,2 Metropolitan,2,1,Thursday,12:00 pm,50,Not Divided,Straight road,Level,Wet,Raining,Daylight,Side Swipe,No Control
2017-11882-15/08/2019,2,1,Driver,Female,070,Driver,Not Thrown Out,Treated at Hospital,Fitted - Worn,Motor Cars - Sedan,Full,Right Turn,2.0,2 Metropolitan,2,1,Friday,03:05 pm,50,T-Junction,"CURVED, VIEW OPEN",Level,Dry,Not Raining,Daylight,Right Angle,No Control
2017-11884-15/08/2019,1,1,Driver,Male,XXX,Driver,Not Thrown Out,Treated at Hospital,Fitted - Unknown if Worn,Motor Cars - Sedan,Full,Right Turn,1.0,3 Country,2,2,Friday,03:29 pm,100,T-Junction,Straight road,Bottom of Hill,Dry,Not Raining,Daylight,Right Angle,No Control
2017-11884-15/08/2019,2,1,Driver,Female,020,Driver,Not Thrown Out,Treated at Hospital,Fitted - Worn,Station Wagon,Provisional 2,Straight Ahead,1.0,3 Country,2,2,Friday,03:29 pm,100,T-Junction,Straight road,Bottom of Hill,Dry,Not Raining,Daylight,Right Angle,No Control
2017-11886-15/08/2019,1,1,Rider,Male,056,Rider of Motorcycle,Thrown Out,Treated at Hospital,,Motor Cycle,Full,Straight Ahead,1.0,2 Metropolitan,2,1,Friday,04:39 pm,60,T-Junction,Straight road,Level,Dry,Not Raining,Daylight,Right Turn,No Control
2017-11892-15/08/2019,1,1,Driver,Female,042,Driver,Not Thrown Out,By Private,Fitted - Worn,Motor Cars - Sedan,Unknown,Straight Ahead,2.0,2 Metropolitan,3,4,Friday,05:00 pm,60,Divided Road,Straight road,Level,Dry,Not Raining,Daylight,Rear End,No Control
2017-11892-15/08/2019,2,1,Driver,Female,028,Driver,Not Thrown Out,By Private,Fitted - Worn,Motor Cars - Sedan,Full,Stopped on Carriageway,1.0,2 Metropolitan,3,4,Friday,05:00 pm,60,Divided Road,Straight road,Level,Dry,Not Raining,Daylight,Rear End,No Control
2017-11892-15/08/2019,3,1,Driver,Male,037,Driver,Not Thrown Out,Treated at Hospital,Fitted - Worn,Motor Cars - Sedan,Unknown,Stopped on Carriageway,2.0,2 Metropolitan,3,4,Friday,05:00 pm,60,Divided Road,Straight road,Level,Dry,Not Raining,Daylight,Rear End,No Control
2017-11892-15/08/2019,3,2,Passenger,Male,XXX,Front Seat Left Passenger,Not Thrown Out,Treated at Hospital,Fitted - Worn,Motor Cars - Sedan,Unknown,Stopped on Carriageway,2.0,2 Metropolitan,3,4,Friday,05:00 pm,60,Divided Road,Straight road,Level,Dry,Not Raining,Daylight,Rear End,No Control
2017-11893-15/08/2019,2,1,Driver,Female,068,Driver,Not Thrown Out,Treated at Hospital,Fitted - Worn,Motor Cars - Sedan,Full,Straight Ahead,1.0,2 Metropolitan,3,1,Friday,05:20 pm,70,Divided Road,Straight road,Level,Dry,Not Raining,Daylight,Rear End,No Control
2017-11896-15/08/2019,1,1,Driver,Male,065,Driver,Not Thrown Out,Treated at Hospital,Fitted - Worn,Motor Cars - Sedan,Full,Straight Ahead,2.0,2 Metropolitan,2,1,Friday,07:55 pm,50,Not Divided,Straight road,Level,Dry,Not Raining,Daylight,Rear End,No Control
2017-11898-15/08/2019,1,1,Driver,Male,045,Driver,Not Thrown Out,Admitted to Hospital,Fitted - Not Worn,Utility,Full,Swerving,1.0,3 Country,3,1,Friday,04:45 pm,100,Not Divided,Straight road,Level,Wet,Not Raining,Daylight,Hit Animal,No Control
2017-11900-15/08/2019,1,1,Driver,Female,050,Driver,Not Thrown Out,Treated at Hospital,Fitted - Worn,Motor Cars - Sedan,Full,Straight Ahead,2.0,2 Metropolitan,2,1,Friday,10:46 pm,60,Cross Road,Straight road,Level,Dry,Not Raining,Night,Right Turn,Traffic Signals
2017-11901-15/08/2019,1,1,Driver,Male,050,Driver,Not Thrown Out,Treated at Hospital,Fitted - Unknown if Worn,Motor Cars - Sedan,Full,Straight Ahead,1.0,2 Metropolitan,4,5,Saturday,07:33 am,60,Not Divided,Straight road,Level,Dry,Not Raining,Daylight,Head On,No Control
2017-11901-15/08/2019,2,1,Driver,Male,058,Driver,Not Thrown Out,Treated at Hospital,Fitted - Unknown if Worn,Motor Cars - Sedan,Full,Straight Ahead,2.0,2 Metropolitan,4,5,Saturday,07:33 am,60,Not Divided,Straight road,Level,Dry,Not Raining,Daylight,Head On,No Control
2017-11901-15/08/2019,2,2,Passenger,Female,067,Front Seat Left Passenger,Not Thrown Out,Treated at Hospital,Fitted - Unknown if Worn,Motor Cars - Sedan,Full,Straight Ahead,2.0,2 Metropolitan,4,5,Saturday,07:33 am,60,Not Divided,Straight road,Level,Dry,Not Raining,Daylight,Head On,No Control
2017-11901-15/08/2019,3,1,Driver,Female,024,Driver,Not Thrown Out,Treated at Hospital,Fitted - Unknown if Worn,Motor Cars - Sedan,Full,Straight Ahead,1.0,2 Metropolitan,4,5,Saturday,07:33 am,60,Not Divided,Straight road,Level,Dry,Not Raining,Daylight,Head On,No Control