REPORT_ID,UND_UNIT_NUMBER,CASUALTY_NUMBER,Casualty Type,Sex_x,AGE,Position In Veh,Thrown Out,Injury Extent,Seat Belt,Unit Type,Licence Type,Unit Movement,Number Occupants,Stats Area,Total Units,Total Cas,Day,Time,Area Speed,Position Type,Horizontal Align,Vertical Align,Moisture Cond,Weather Cond,DayNight,Crash Type,Traffic Ctrls
2017-13217-15/08/2019,1,1,Rider,Female,046,,Thrown Out,Treated at Hospital,,Pedal Cycle,,Entering Private Driveway,1.0,2 Metropolitan,2,1,Thursday,11:30 am,50,Not Divided,Straight road,Level,Dry,Not Raining,Daylight,Side Swipe,No Control
2017-13218-15/08/2019,1,1,Rider,Male,038,Rider of Motorcycle,Thrown Out,Treated at Hospital,,Motor Cycle,Full,Straight Ahead,1.0,3 Country,2,1,Sunday,12:00 pm,100,Not Divided,Straight road,Level,Dry,Not Raining,Daylight,Hit Animal,No Control
2017-13220-15/08/2019,1,1,Passenger,Female,019,Front Seat Left Passenger,Not Thrown Out,By Private,Fitted - Worn,Station Wagon,Full,Stopped on Carriageway,3.0,2 Metropolitan,2,1,Wednesday,06:50 pm,60,Cross Road,Straight road,Level,Dry,Not Raining,Daylight,Rear End,Traffic Signals
2017-13221-15/08/2019,2,1,Rider,Male,043,,Thrown Out,By Private,,Pedal Cycle,,Straight Ahead,1.0,3 Country,2,1,Friday,07:30 am,60,T-Junction,Straight road,Level,Dry,Not Raining,Daylight,Right Angle,No Control
2017-13223-15/08/2019,1,1,Driver,Male,070,Driver,Not Thrown Out,By Private,Fitted - Worn,Motor Cars - Sedan,Full,Stopped on Carriageway,2.0,2 Metropolitan,2,1,Tuesday,05:00 pm,60,One Way,Straight road,Level,Dry,Not Raining,Daylight,Rear End,No Control
2017-13224-15/08/2019,1,1,Driver,Male,043,Driver,Not Thrown Out,Treated at Hospital,Fitted - Worn,Motor Cars - Sedan,Full,Straight Ahead,1.0,2 Metropolitan,2,1,Thursday,07:00 pm,60,Cross Road,Straight road,Level,Dry,Not Raining,Night,Right Turn,Traffic Signals
2017-13225-15/08/2019,1,1,Passenger,Male,027,Front Seat Left Passenger,Not Thrown Out,Treated at Hospital,Fitted - Unknown if Worn,Utility,Full,Straight Ahead,2.0,2 Metropolitan,2,1,Thursday,10:40 pm,25,Divided Road,Straight road,Level,Dry,Not Raining,Night,Rear End,No Control
2017-13226-15/08/2019,1,1,Driver,Male,056,Driver,Not Thrown Out,By Private,Fitted - Worn,Station Wagon,Full,Stopped on Carriageway,1.0,2 Metropolitan,2,1,Thursday,06:50 am,60,T-Junction,Straight road,Level,Dry,Not Raining,Daylight,Rear End,Traffic Signals
2017-13227-15/08/2019,1,1,Driver,Female,054,Driver,Not Thrown Out,By Private,Fitted - Worn,Motor Cars - Sedan,Full,Stopped on Carriageway,2.0,2 Metropolitan,2,1,Friday,05:30 pm,60,Cross Road,Straight road,Level,Dry,Not Raining,Daylight,Rear End,Traffic Signals
2017-13228-15/08/2019,2,1,Pedestrian,Male,022,,,By Private,,Pedestrian on Road,,Crossing with Traffic Signals,,2 Metropolitan,2,1,Sunday,10:00 pm,60,Cross Road,Straight road,Level,Wet,Raining,Night,Hit Pedestrian,Traffic Signals
2017-13229-15/08/2019,1,1,Driver,Female,021,Driver,Not Thrown Out,By Private,Fitted - Worn,Motor Cars - Sedan,Full,Stopped on Carriageway,1.0,2 Metropolitan,2,1,Saturday,12:30 pm,50,Pedestrian Crossing,Straight road,Level,Dry,Not Raining,Daylight,Rear End,No Control
2017-13230-15/08/2019,1,1,Driver,Female,042,Driver,Not Thrown Out,By Private,Fitted - Worn,Motor Cars - Sedan,Full,Straight Ahead,1.0,2 Metropolitan,2,1,Monday,07:23 pm,50,T-Junction,"CURVED, VIEW OPEN",Level,Dry,Not Raining,Daylight,Right Angle,Give Way Sign
2017-13231-15/08/2019,1,1,Driver,Female,054,Driver,Not Thrown Out,By Private,Fitted - Worn,Station Wagon,Full,Stopped on Carriageway,1.0,2 Metropolitan,2,1,Saturday,04:30 pm,60,Cross Road,Straight road,Level,Dry,Not Raining,Daylight,Rear End,Traffic Signals
2017-13232-15/08/2019,3,1,Pedestrian,Male,058,,,Treated at Hospital,,Pedestrian on Footpath/Carpark,,Walking on Footpath,,1 City,4,1,Monday,06:35 am,50,Divided Road,Straight road,Level,Dry,Not Raining,Daylight,Hit Fixed Object,No Control
2017-13234-15/08/2019,1,1,Driver,Female,043,Driver,Not Thrown Out,By Private,Fitted - Worn,Motor Cars - Sedan,Full,Straight Ahead,1.0,1 City,2,1,Monday,09:15 am,60,Divided Road,Straight road,Level,Dry,Not Raining,Daylight,Rear End,No Control
2017-13235-15/08/2019,1,1,Rider,Male,042,Rider of Motorcycle,Thrown Out,By Private,,Motor Cycle,Full,Swerving,1.0,2 Metropolitan,2,1,Tuesday,01:30 pm,60,Not Divided,Straight road,Level,Dry,Not Raining,Daylight,Hit Fixed Object,No Control
2017-13236-15/08/2019,1,1,Driver,Female,042,Driver,Not Thrown Out,By Private,Fitted - Worn,Motor Cars - Sedan,Full,Stopped on Carriageway,1.0,2 Metropolitan,2,1,Thursday,01:30 am,50,T-Junction,Straight road,Level,Dry,Not Raining,Night,Rear End,Stop Sign
2018-4-15/08/2019,1,1,Driver,Male,044,Driver,Not Thrown Out,Treated at Hospital,Fitted - Worn,Motor Cars - Sedan,Provisional 2,Right Turn,4.0,2 Metropolitan,2,4,Monday,02:26 am,60,Cross Road,Straight road,Level,Dry,Not Raining,Night,Right Turn,Traffic Signals
2018-4-15/08/2019,1,2,Passenger,Female,037,Rear Seat Right Passenger,Not Thrown Out,Treated at Hospital,Fitted - Worn,Motor Cars - Sedan,Provisional 2,Right Turn,4.0,2 Metropolitan,2,4,Monday,02:26 am,60,Cross Road,Straight road,Level,Dry,Not Raining,Night,Right Turn,Traffic Signals
2018-4-15/08/2019,2,1,Driver,Male,034,Driver,Not Thrown Out,Treated at Hospital,Fitted - Worn,Motor Cars - Sedan,Full,Straight Ahead,2.0,2 Metropolitan,2,4,Monday,02:26 am,60,Cross Road,Straight road,Level,Dry,Not Raining,Night,Right Turn,Traffic Signals
2018-4-15/08/2019,2,2,Passenger,Male,024,Front Seat Left Passenger,Not Thrown Out,Admitted to Hospital,Fitted - Worn,Motor Cars - Sedan,Full,Straight Ahead,2.0,2 Metropolitan,2,4,Monday,02:26 am,60,Cross Road,Straight road,Level,Dry,Not Raining,Night,Right Turn,Traffic Signals
2018-5-15/08/2019,1,1,Driver,Female,030,Driver,Not Thrown Out,Treated at Hospital,Fitted - Worn,Motor Cars - Sedan,Full,Straight Ahead,1.0,2 Metropolitan,2,3,Monday,04:00 am,60,Cross Road,Straight road,Level,Dry,Not Raining,Night,Right Turn,Traffic Signals
2018-5-15/08/2019,2,1,Passenger,Female,022,Rear Seat Right Passenger,Not Thrown Out,Treated at Hospital,Fitted - Worn,Motor Cars - Sedan,Full,Right Turn,3.0,2 Metropolitan,2,3,Monday,04:00 am,60,Cross Road,Straight road,Level,Dry,Not Raining,Night,Right Turn,Traffic Signals
2018-5-15/08/2019,2,2,Passenger,Female,022,Rear Seat Left Passenger,Not Thrown Out,Treated at Hospital,Fitted - Worn,Motor Cars - Sedan,Full,Right Turn,3.0,2 Metropolitan,2,3,Monday,04:00 am,60,Cross Road,Straight road,Level,Dry,Not Raining,Night,Right Turn,Traffic Signals
2018-8-15/08/2019,1,1,Driver,Female,023,Driver,Not Thrown Out,Treated at Hospital,Fitted - Worn,Motor Cars - Sedan,Provisional 2,Swerving,1.0,2 Metropolitan,2,1,Monday,05:45 am,100,Not Divided,Straight road,Level,Dry,Not Raining,Daylight,Hit Fixed Object,No Control
2018-11-15/08/2019,1,1,Driver,Male,049,Driver,Not Thrown Out,Treated at Hospital,Fitted - Worn,Station Wagon,Full,Stopped on Carriageway,4.0,1 City,2,2,Monday,04:15 am,50,Cross Road,Straight road,Level,Dry,Unknown,Night,Rear End,Traffic Signals
2018-11-15/08/2019,1,2,Passenger,Female,021,Front Seat Left Passenger,Not Thrown Out,Treated at Hospital,Fitted - Worn,Station Wagon,Full,Stopped on Carriageway,4.0,1 City,2,2,Monday,04:15 am,50,Cross Road,Straight road,Level,Dry,Unknown,Night,Rear End,Traffic Signals
2018-14-15/08/2019,1,1,Driver,Male,042,Driver,Not Thrown Out,By Private,Fitted - Worn,Station Wagon,Full,Right Turn,1.0,2 Metropolitan,2,2,Monday,04:25 pm,60,T-Junction,Straight road,Level,Dry,Not Raining,Daylight,Right Angle,Traffic Signals
2018-14-15/08/2019,2,1,Driver,Female,043,Driver,Not Thrown Out,Treated at Hospital,Fitted - Worn,Motor Cars - Sedan,Provisional 2,Straight Ahead,1.0,2 Metropolitan,2,2,Monday,04:25 pm,60,T-Junction,Straight road,Level,Dry,Not Raining,Daylight,Right Angle,Traffic Signals
2018-17-15/08/2019,1,1,Rider,Male,021,Rider of Motorcycle,Thrown Out,Treated at Hospital,,Motor Cycle,Full,Straight Ahead,1.0,2 Metropolitan,2,1,Monday,03:20 pm,80,T-Junction,"CURVED, VIEW OPEN",Slope,Dry,Not Raining,Daylight,Hit Fixed Object,No Control
2018-18-15/08/2019,1,1,Driver,Female,040,Driver,Not Thrown Out,Admitted to Hospital,Fitted - Worn,Utility,Full,Straight Ahead,1.0,3 Country,2,1,Monday,04:00 pm,110,Not Divided,Straight road,Slope,Dry,Not Raining,Daylight,Hit Fixed Object,No Control
2018-20-15/08/2019,1,1,Driver,Male,041,Driver,Not Thrown Out,Treated at Hospital,Fitted - Worn,Station Wagon,Full,Right Turn,1.0,2 Metropolitan,2,1,Monday,08:15 pm,60,T-Junction,Straight road,Level,Dry,Not Raining,Daylight,Right Angle,Traffic Signals
2018-23-15/08/2019,1,1,Driver,Male,019,Driver,Not Thrown Out,Treated at Hospital,Fitted - Not Worn,Motor Cars - Sedan,Provisional 2,Straight Ahead,1.0,2 Metropolitan,2,1,Monday,11:45 pm,60,Divided Road,Straight road,Level,Dry,Not Raining,Night,Hit Fixed Object,No Control
2018-24-15/08/2019,1,1,Rider,Male,053,Rider of Motorcycle,Thrown Out,Treated at Hospital,,Motor Cycle,Full,Straight Ahead,1.0,2 Metropolitan,2,1,Tuesday,12:15 am,60,Cross Road,Straight road,Level,Dry,Not Raining,Night,Rear End,Traffic Signals
2018-27-15/08/2019,1,1,Driver,Female,024,Driver,Not Thrown Out,Treated at Hospital,Fitted - Worn,Station Wagon,Full,Straight Ahead,1.0,3 Country,1,1,Tuesday,07:00 am,100,Cross Road,Straight road,Level,Dry,Not Raining,Daylight,Roll Over,Give Way Sign
2018-29-15/08/2019,1,1,Driver,Female,049,Driver,Not Thrown Out,Treated at Hospital,Fitted - Worn,Motor Cars - Sedan,Full,Straight Ahead,1.0,3 Country,2,1,Tuesday,08:10 am,100,Not Divided,"CURVED, VIEW OBSCURED",Level,Wet,Raining,Daylight,Hit Fixed Object,No Control
2018-31-15/08/2019,1,1,Driver,Male,045,Driver,Not Thrown Out,Treated at Hospital,Fitted - Worn,Station Wagon,Full,Straight Ahead,2.0,3 Country,4,1,Tuesday,11:40 am,50,Not Divided,Straight road,Level,Dry,Not Raining,Daylight,Hit Parked Vehicle,No Control
2018-32-15/08/2019,1,1,Driver,Female,066,Driver,Not Thrown Out,Treated at Hospital,Fitted - Worn,Motor Cars - Sedan,Full,Straight Ahead,1.0,2 Metropolitan,2,1,Tuesday,12:20 pm,90,Divided Road,Straight road,Level,Dry,Not Raining,Daylight,Right Angle,No Control
2018-36-15/08/2019,2,1,Driver,Female,041,Driver,Not Thrown Out,Treated at Hospital,Fitted - Worn,Station Wagon,Full,Straight Ahead,1.0,2 Metropolitan,3,2,Tuesday,02:39 pm,60,Not Divided,Straight road,Level,Dry,Not Raining,Daylight,Hit Parked Vehicle,No Control
2018-36-15/08/2019,3,1,Pedestrian,Female,048,,,Treated at Hospital,,Pedestrian on Footpath/Carpark,,Walking on Footpath,,2 Metropolitan,3,2,Tuesday,02:39 pm,60,Not Divided,Straight road,Level,Dry,Not Raining,Daylight,Hit Parked Vehicle,No Control
2018-37-15/08/2019,1,1,Driver,Female,051,Driver,Not Thrown Out,By Private,Fitted - Worn,Motor Cars - Sedan,Full,Left Turn,1.0,2 Metropolitan,2,1,Tuesday,02:55 pm,60,T-Junction,Straight road,Level,Dry,Not Raining,Daylight,Right Angle,Give Way Sign
2018-41-15/08/2019,2,1,Passenger,Female,057,Front Seat Left Passenger,Not Thrown Out,Treated at Hospital,Fitted - Worn,Motor Cars - Sedan,Full,Straight Ahead,2.0,2 Metropolitan,2,1,Tuesday,11:05 pm,60,Cross Road,Straight road,Level,Dry,Not Raining,Night,Right Angle,Traffic Signals
2018-44-15/08/2019,2,1,Pedestrian,Male,021,,,By Private,,Pedestrian on Road,,Walking on Road,,2 Metropolitan,2,1,Tuesday,06:00 am,50,Not Divided,Straight road,Level,Dry,Not Raining,Night,Hit Pedestrian,No Control
2018-50-15/08/2019,1,1,Driver,Male,034,Driver,Not Thrown Out,By Private,Fitted - Worn,Station Wagon,Full,Straight Ahead,1.0,2 Metropolitan,2,1,Wednesday,10:45 am,50,T-Junction,Straight road,Level,Dry,Not Raining,Daylight,Right Angle,No Control
2018-53-15/08/2019,1,1,Driver,Female,053,Driver,Not Thrown Out,By Private,Fitted - Worn,Motor Cars - Sedan,Full,Straight Ahead,1.0,2 Metropolitan,2,1,Tuesday,03:15 pm,60,Cross Road,Straight road,Level,Dry,Not Raining,Daylight,Rear End,Give Way Sign
2018-54-15/08/2019,2,1,Pedestrian,Male,067,,,Treated at Hospital,,Pedestrian on Road,,Walking on Road,,3 Country,2,1,Wednesday,11:20 am,50,Not Divided,Straight road,Level,Dry,Not Raining,Daylight,Hit Pedestrian,No Control
2018-57-15/08/2019,1,1,Driver,Male,017,Driver,Not Thrown Out,Treated at Hospital,Fitted - Worn,Station Wagon,Provisional 1 ,Straight Ahead,2.0,3 Country,2,2,Wednesday,03:10 pm,100,Not Divided,Straight road,Level,Dry,Not Raining,Daylight,Hit Fixed Object,No Control
2018-57-15/08/2019,1,2,Passenger,Male,015,Front Seat Left Passenger,Not Thrown Out,Treated at Hospital,Fitted - Worn,Station Wagon,Provisional 1 ,Straight Ahead,2.0,3 Country,2,2,Wednesday,03:10 pm,100,Not Divided,Straight road,Level,Dry,Not Raining,Daylight,Hit Fixed Object,No Control
2018-60-15/08/2019,1,1,Driver,Female,026,Driver,Not Thrown Out,Treated at Hospital,Fitted - Worn,Motor Cars - Sedan,Full,Stopped on Carriageway,1.0,2 Metropolitan,3,1,Wednesday,10:15 am,60,T-Junction,Straight road,Level,Dry,Not Raining,Daylight,Rear End,Traffic Signals
2018-61-15/08/2019,1,1,Driver,Male,033,Driver,Not Thrown Out,By Private,Fitted - Worn,Motor Cars - Sedan,Full,Entering Private Driveway,2.0,3 Country,2,2,Wednesday,02:58 am,80,Cross Road,Straight road,Level,Dry,Not Raining,Night,Rear End,No Control
2018-61-15/08/2019,1,2,Passenger,Male,058,Front Seat Left Passenger,Not Thrown Out,By Private,Fitted - Worn,Motor Cars - Sedan,Full,Entering Private Driveway,2.0,3 Country,2,2,Wednesday,02:58 am,80,Cross Road,Straight road,Level,Dry,Not Raining,Night,Rear End,No Control
2018-65-15/08/2019,1,1,Driver,Male,043,Driver,Not Thrown Out,Treated at Hospital,Fitted - Worn,Motor Cars - Sedan,Unlicenced,Straight Ahead,1.0,2 Metropolitan,2,1,Wednesday,06:55 pm,60,T-Junction,Straight road,Slope,Dry,Not Raining,Daylight,Right Angle,Traffic Signals
2018-66-15/08/2019,2,1,Rider,Male,063,,Thrown Out,Treated at Hospital,,Pedal Cycle,,Straight Ahead,1.0,2 Metropolitan,2,1,Wednesday,07:21 pm,60,T-Junction,Straight road,Level,Dry,Not Raining,Daylight,Right Angle,No Control
2018-67-15/08/2019,2,1,Driver,Male,047,Driver,Not Thrown Out,Treated at Hospital,Fitted - Worn,Station Wagon,Full,Stopped on Carriageway,1.0,2 Metropolitan,2,1,Tuesday,06:50 pm,60,T-Junction,Straight road,Level,Dry,Not Raining,Daylight,Rear End,No Control
2018-74-15/08/2019,2,1,Rider,Male,047,,Thrown Out,Treated at Hospital,,Pedal Cycle,,Straight Ahead,1.0,2 Metropolitan,2,1,Thursday,07:55 am,60,Divided Road,Straight road,Level,Dry,Not Raining,Daylight,Side Swipe,No Control
2018-78-15/08/2019,1,1,Driver,Female,040,Driver,Not Thrown Out,Treated at Hospital,Fitted - Worn,Station Wagon,Full,Straight Ahead,2.0,2 Metropolitan,2,2,Thursday,10:35 am,50,Not Divided,"CURVED, VIEW OBSCURED",Level,Dry,Not Raining,Daylight,Right Angle,No Control
2018-78-15/08/2019,2,1,Driver,Female,019,Driver,Not Thrown Out,Treated at Hospital,Fitted - Worn,Motor Cars - Sedan,Provisional 2,Leaving Private Driveway,1.0,2 Metropolitan,2,2,Thursday,10:35 am,50,Not Divided,"CURVED, VIEW OBSCURED",Level,Dry,Not Raining,Daylight,Right Angle,No Control
2018-83-15/08/2019,1,1,Rider,Male,059,,Thrown Out,Treated at Hospital,,Pedal Cycle,,Straight Ahead,1.0,1 City,1,1,Wednesday,06:15 pm,60,Divided Road,Straight road,Level,Dry,Not Raining,Daylight,Roll Over,No Control
2018-85-15/08/2019,1,1,Driver,Male,085,Driver,Not Thrown Out,Treated at Hospital,Fitted - Worn,Motor Cars - Sedan,Full,Entering Private Driveway,1.0,2 Metropolitan,4,4,Thursday,01:42 pm,50,Not Divided,Straight road,Level,Dry,Not Raining,Daylight,Hit Pedestrian,No Control
2018-85-15/08/2019,2,1,Pedestrian,Female,014,,,Treated at Hospital,,Pedestrian on Footpath/Carpark,,Walking on Footpath,,2 Metropolitan,4,4,Thursday,01:42 pm,50,Not Divided,Straight road,Level,Dry,Not Raining,Daylight,Hit Pedestrian,No Control
2018-85-15/08/2019,3,1,Pedestrian,Male,051,,,Treated at Hospital,,Pedestrian on Footpath/Carpark,,Walking on Footpath,,2 Metropolitan,4,4,Thursday,01:42 pm,50,Not Divided,Straight road,Level,Dry,Not Raining,Daylight,Hit Pedestrian,No Control
2018-85-15/08/2019,4,1,Pedestrian,Female,062,,,Treated at Hospital,,Pedestrian on Footpath/Carpark,,Walking on Footpath,,2 Metropolitan,4,4,Thursday,01:42 pm,50,Not Divided,Straight road,Level,Dry,Not Raining,Daylight,Hit Pedestrian,No Control
2018-87-15/08/2019,2,1,Driver,Male,031,Driver,Not Thrown Out,Treated at Hospital,Fitted - Worn,Motor Cars - Sedan,Full,Straight Ahead,2.0,2 Metropolitan,2,1,Thursday,03:51 pm,90,T-Junction,Straight road,Level,Dry,Not Raining,Daylight,Side Swipe,Traffic Signals
2018-92-15/08/2019,2,1,Driver,Male,030,Driver,Not Thrown Out,By Private,Fitted - Worn,Motor Cars - Sedan,Full,Swerving,2.0,2 Metropolitan,5,1,Thursday,05:00 pm,60,Divided Road,Straight road,Level,Dry,Not Raining,Daylight,Side Swipe,No Control
2018-95-15/08/2019,1,1,Passenger,Male,001,Rear Seat Middle Passenger,Not Thrown Out,By Private,Fitted - Worn,Motor Cars - Sedan,Provisional 2,Straight Ahead,4.0,2 Metropolitan,2,2,Thursday,03:35 pm,60,Divided Road,Straight road,Level,Dry,Not Raining,Daylight,Rear End,No Control
2018-95-15/08/2019,1,2,Passenger,Female,022,Front Seat Left Passenger,Not Thrown Out,By Private,Fitted - Worn,Motor Cars - Sedan,Provisional 2,Straight Ahead,4.0,2 Metropolitan,2,2,Thursday,03:35 pm,60,Divided Road,Straight road,Level,Dry,Not Raining,Daylight,Rear End,No Control
2018-103-15/08/2019,1,1,Driver,Male,052,Driver,Not Thrown Out,By Private,Fitted - Worn,Panel Van,Full,Straight Ahead,1.0,2 Metropolitan,2,1,Friday,06:20 am,110,Freeway,"CURVED, VIEW OPEN",Slope,Dry,Not Raining,Daylight,Side Swipe,No Control
2018-104-15/08/2019,1,1,Driver,Male,031,Driver,Not Thrown Out,Treated at Hospital,Fitted - Worn,Motor Cars - Sedan,Full,Straight Ahead,1.0,2 Metropolitan,2,1,Friday,06:25 am,60,Cross Road,Straight road,Level,Dry,Not Raining,Daylight,Right Turn,Traffic Signals
2018-108-15/08/2019,1,1,Rider,Male,032,Rider of Motorcycle,Thrown Out,Treated at Hospital,,Motor Cycle,Full,U Turn,1.0,2 Metropolitan,1,1,Tuesday,11:00 pm,60,Divided Road,Straight road,Level,Dry,Not Raining,Night,Roll Over,No Control
2018-113-15/08/2019,1,1,Passenger,Female,005,Rear Seat Left Passenger,Not Thrown Out,By Private,Fitted - Worn,Station Wagon,Full,Straight Ahead,3.0,2 Metropolitan,3,2,Friday,01:45 pm,60,Pedestrian Crossing,Straight road,Level,Dry,Not Raining,Daylight,Rear End,Traffic Signals
2018-113-15/08/2019,1,2,Passenger,Male,006,Rear Seat Right Passenger,Not Thrown Out,By Private,Fitted - Worn,Station Wagon,Full,Straight Ahead,3.0,2 Metropolitan,3,2,Friday,01:45 pm,60,Pedestrian Crossing,Straight road,Level,Dry,Not Raining,Daylight,Rear End,Traffic Signals
2018-115-15/08/2019,1,1,Driver,Male,090,Driver,Not Thrown Out,Treated at Hospital,Fitted - Worn,Utility,Full,Straight Ahead,1.0,3 Country,2,1,Friday,01:35 pm,60,Cross Road,Straight road,Level,Dry,Not Raining,Daylight,Right Angle,Stop Sign
2018-117-15/08/2019,1,1,Driver,Male,054,Driver,Not Thrown Out,Treated at Hospital,Fitted - Worn,Station Wagon,Full,Straight Ahead,1.0,2 Metropolitan,3,3,Friday,01:20 pm,80,Not Divided,Straight road,Slope,Dry,Not Raining,Daylight,Hit Pedestrian,No Control
2018-117-15/08/2019,2,1,Pedestrian,Female,011,,,Treated at Hospital,,Pedestrian on Road,,Walking on Road,,2 Metropolitan,3,3,Friday,01:20 pm,80,Not Divided,Straight road,Slope,Dry,Not Raining,Daylight,Hit Pedestrian,No Control
2018-117-15/08/2019,3,1,Pedestrian,Female,009,,,Treated at Hospital,,Pedestrian on Road,,Walking on Road,,2 Metropolitan,3,3,Friday,01:20 pm,80,Not Divided,Straight road,Slope,Dry,Not Raining,Daylight,Hit Pedestrian,No Control
2018-119-15/08/2019,2,1,Driver,Female,020,Driver,Not Thrown Out,Treated at Hospital,Fitted - Worn,Motor Cars - Sedan,Full,Straight Ahead,1.0,2 Metropolitan,2,1,Friday,03:50 pm,90,Divided Road,Straight road,Level,Dry,Not Raining,Daylight,Rear End,No Control
2018-123-15/08/2019,1,1,Rider,Male,050,Rider of Motorcycle,Thrown Out,Treated at Hospital,,Motor Cycle,Full,Straight Ahead,1.0,1 City,2,1,Friday,05:30 pm,50,Divided Road,Straight road,Level,Dry,Not Raining,Daylight,Roll Over,No Control
2018-130-15/08/2019,1,1,Rider,Male,016,,Thrown Out,Treated at Hospital,,Pedal Cycle,,Straight Ahead,1.0,2 Metropolitan,2,1,Saturday,07:24 am,50,Divided Road,Straight road,Level,Dry,Not Raining,Daylight,Rear End,No Control
2018-135-15/08/2019,2,1,Pedestrian,Female,081,,,Fatal,,Pedestrian on Road,,Crossing without Control,,3 Country,2,1,Saturday,06:40 am,50,Cross Road,Straight road,Level,Dry,Not Raining,Daylight,Hit Pedestrian,Give Way Sign
2018-136-15/08/2019,1,1,Driver,Female,031,Driver,Not Thrown Out,By Private,Fitted - Worn,Station Wagon,Full,Stopped on Carriageway,4.0,2 Metropolitan,2,2,Saturday,01:30 pm,60,Not Divided,Straight road,Level,Dry,Not Raining,Daylight,Rear End,No Control
2018-136-15/08/2019,1,2,Passenger,Male,042,Front Seat Left Passenger,Not Thrown Out,By Private,Fitted - Worn,Station Wagon,Full,Stopped on Carriageway,4.0,2 Metropolitan,2,2,Saturday,01:30 pm,60,Not Divided,Straight road,Level,Dry,Not Raining,Daylight,Rear End,No Control
2018-137-15/08/2019,1,1,Driver,Male,028,Driver,Not Thrown Out,Treated at Hospital,Fitted - Unknown if Worn,Motor Cars - Sedan,Provisional 1 ,Straight Ahead,1.0,2 Metropolitan,2,1,Saturday,02:00 pm,100,Not Divided,Straight road,Level,Dry,Not Raining,Daylight,Hit Fixed Object,No Control
2018-140-15/08/2019,1,1,Driver,Male,030,Driver,Not Thrown Out,Treated at Hospital,Fitted - Worn,Motor Cars - Sedan,Full,Left Turn,1.0,2 Metropolitan,4,1,Saturday,04:05 pm,60,T-Junction,Straight road,Level,Dry,Not Raining,Daylight,Hit Fixed Object,No Control
2018-143-15/08/2019,1,1,Driver,Female,019,Driver,Not Thrown Out,Treated at Hospital,Fitted - Worn,Motor Cars - Sedan,Provisional 1 ,Stopped on Carriageway,1.0,3 Country,2,1,Saturday,10:50 am,50,Cross Road,Straight road,Level,Dry,Not Raining,Daylight,Rear End,Traffic Signals
2018-145-15/08/2019,1,1,Rider,Male,068,Rider of Motorcycle,Thrown Out,By Private,,Motor Cycle,Full,Straight Ahead,1.0,2 Metropolitan,2,1,Sunday,07:45 am,60,Cross Road,Straight road,Level,Dry,Not Raining,Daylight,Right Angle,Roundabout
2018-147-15/08/2019,2,1,Passenger,Male,012,Front Seat Left Passenger,Not Thrown Out,Treated at Hospital,Fitted - Worn,Motor Cars - Sedan,Full,Stopped on Carriageway,2.0,2 Metropolitan,2,1,Sunday,10:45 am,80,Cross Road,Straight road,Level,Dry,Not Raining,Daylight,Rear End,Traffic Signals
2018-148-15/08/2019,1,1,Driver,Female,052,Driver,Not Thrown Out,By Private,Fitted - Worn,Motor Cars - Sedan,Full,Straight Ahead,1.0,2 Metropolitan,2,1,Sunday,01:04 pm,60,T-Junction,Straight road,Level,Dry,Not Raining,Daylight,Right Angle,No Control
2018-149-15/08/2019,1,1,Rider,Male,051,,Thrown Out,Treated at Hospital,,Pedal Cycle,,Straight Ahead,1.0,2 Metropolitan,2,1,Sunday,08:30 am,80,Not Divided,"CURVED, VIEW OPEN",Bottom of Hill,Dry,Not Raining,Daylight,Hit Fixed Object,No Control
2018-151-15/08/2019,2,1,Driver,Female,036,Driver,Not Thrown Out,Treated at Hospital,Fitted - Worn,Motor Cars - Sedan,Full,Straight Ahead,1.0,2 Metropolitan,2,1,Sunday,01:55 pm,60,Not Divided,Straight road,Level,Dry,Not Raining,Daylight,Right Angle,No Control
2018-152-15/08/2019,2,1,Pedestrian,Male,020,,,Treated at Hospital,,Pedestrian on Road,,Walking on Road,,2 Metropolitan,2,1,Sunday,12:50 pm,50,Not Divided,Straight road,Level,Dry,Not Raining,Daylight,Hit Pedestrian,No Control
2018-153-15/08/2019,3,1,Driver,Female,035,Driver,Not Thrown Out,Treated at Hospital,Fitted - Worn,Motor Cars - Sedan,Full,Stopped on Carriageway,2.0,2 Metropolitan,3,1,Sunday,02:10 pm,60,Not Divided,Straight road,Level,Dry,Not Raining,Daylight,Rear End,No Control
2018-157-15/08/2019,1,1,Rider,Male,039,Rider of Motorcycle,Thrown Out,Treated at Hospital,,Motor Cycle,Full,Straight Ahead,1.0,2 Metropolitan,2,2,Sunday,01:30 pm,60,Cross Road,Straight road,Level,Dry,Not Raining,Daylight,Hit Pedestrian,Give Way Sign
2018-157-15/08/2019,2,1,Pedestrian,Male,074,,,Admitted to Hospital,,Pedestrian on Road,,Crossing without Control,,2 Metropolitan,2,2,Sunday,01:30 pm,60,Cross Road,Straight road,Level,Dry,Not Raining,Daylight,Hit Pedestrian,Give Way Sign