REPORT_ID,UND_UNIT_NUMBER,CASUALTY_NUMBER,Casualty Type,Sex_x,AGE,Position In Veh,Thrown Out,Injury Extent,Seat Belt,Unit Type,Licence Type,Unit Movement,Number Occupants,Stats Area,Total Units,Total Cas,Day,Time,Area Speed,Position Type,Horizontal Align,Vertical Align,Moisture Cond,Weather Cond,DayNight,Crash Type,Traffic Ctrls
2018-160-15/08/2019,1,1,Rider,Male,068,Rider of Motorcycle,Thrown Out,Treated at Hospital,,Motor Cycle,Full,Straight Ahead,1.0,2 Metropolitan,2,1,Sunday,03:34 pm,100,Not Divided,"CURVED, VIEW OBSCURED",Bottom of Hill,Dry,Not Raining,Daylight,Head On,No Control
2018-161-15/08/2019,2,1,Pedestrian,Male,002,,,Treated at Hospital,,Pedestrian on Road,,Crossing without Control,,2 Metropolitan,2,1,Sunday,08:13 pm,50,Not Divided,Straight road,Level,Dry,Not Raining,Daylight,Hit Pedestrian,No Control
2018-163-15/08/2019,1,1,Driver,Female,054,Driver,Not Thrown Out,Treated at Hospital,Fitted - Worn,Station Wagon,Full,Straight Ahead,1.0,2 Metropolitan,2,1,Sunday,07:00 pm,80,Not Divided,"CURVED, VIEW OBSCURED",Crest of Hill,Dry,Not Raining,Daylight,Hit Fixed Object,No Control
2018-169-15/08/2019,1,1,Passenger,Female,032,Front Seat Left Passenger,Not Thrown Out,By Private,Fitted - Worn,Station Wagon,Full,Stopped on Carriageway,3.0,2 Metropolitan,2,1,Sunday,09:30 pm,90,T-Junction,Straight road,Level,Dry,Not Raining,Night,Rear End,Traffic Signals
2018-173-15/08/2019,1,1,Driver,Male,026,Driver,Not Thrown Out,By Private,Fitted - Worn,Motor Cars - Sedan,Full,Straight Ahead,2.0,2 Metropolitan,2,2,Sunday,04:10 pm,60,Cross Road,Straight road,Level,Dry,Not Raining,Daylight,Right Turn,Traffic Signals
2018-173-15/08/2019,1,2,Passenger,Female,025,Front Seat Left Passenger,Not Thrown Out,By Private,Fitted - Worn,Motor Cars - Sedan,Full,Straight Ahead,2.0,2 Metropolitan,2,2,Sunday,04:10 pm,60,Cross Road,Straight road,Level,Dry,Not Raining,Daylight,Right Turn,Traffic Signals
2018-174-15/08/2019,1,1,Driver,Female,034,Driver,Not Thrown Out,By Private,Fitted - Worn,Motor Cars - Sedan,Full,Straight Ahead,1.0,2 Metropolitan,2,1,Sunday,06:22 pm,70,Divided Road,Straight road,Slope,Dry,Not Raining,Daylight,Side Swipe,No Control
2018-176-15/08/2019,1,1,Driver,Male,064,Driver,Not Thrown Out,Admitted to Hospital,Fitted - Worn,RIGID TRUCK LGE GE 4.5T,Full,Straight Ahead,1.0,3 Country,2,1,Friday,03:45 pm,100,Not Divided,Straight road,Level,Dry,Not Raining,Daylight,Roll Over,No Control
2018-180-15/08/2019,2,1,Pedestrian,Female,064,,,By Private,,Pedestrian on Road,,Crossing with Traffic Signals,,3 Country,2,1,Monday,12:15 pm,50,Cross Road,Straight road,Level,Dry,Not Raining,Daylight,Hit Pedestrian,Traffic Signals
2018-183-15/08/2019,1,1,Driver,Female,031,Driver,Thrown Out,Treated at Hospital,Fitted - Unknown if Worn,Station Wagon,Full,Straight Ahead,1.0,3 Country,2,1,Sunday,09:00 pm,100,Not Divided,Straight road,Level,Dry,Not Raining,Night,Hit Fixed Object,No Control
2018-188-15/08/2019,1,1,Driver,Male,065,Driver,Not Thrown Out,Treated at Hospital,Fitted - Worn,Motor Cars - Sedan,Full,Straight Ahead,2.0,3 Country,2,4,Monday,02:12 pm,100,Not Divided,"CURVED, VIEW OBSCURED",Crest of Hill,Dry,Not Raining,Daylight,Head On,No Control
2018-188-15/08/2019,1,2,Passenger,Female,063,Front Seat Left Passenger,Not Thrown Out,Treated at Hospital,Fitted - Worn,Motor Cars - Sedan,Full,Straight Ahead,2.0,3 Country,2,4,Monday,02:12 pm,100,Not Divided,"CURVED, VIEW OBSCURED",Crest of Hill,Dry,Not Raining,Daylight,Head On,No Control
2018-188-15/08/2019,2,1,Driver,Male,062,Driver,Not Thrown Out,Fatal,Fitted - Worn,Station Wagon,Full,Straight Ahead,2.0,3 Country,2,4,Monday,02:12 pm,100,Not Divided,"CURVED, VIEW OBSCURED",Crest of Hill,Dry,Not Raining,Daylight,Head On,No Control
2018-188-15/08/2019,2,2,Passenger,Female,061,Front Seat Left Passenger,Not Thrown Out,Admitted to Hospital,Fitted - Worn,Station Wagon,Full,Straight Ahead,2.0,3 Country,2,4,Monday,02:12 pm,100,Not Divided,"CURVED, VIEW OBSCURED",Crest of Hill,Dry,Not Raining,Daylight,Head On,No Control
2018-189-15/08/2019,2,1,Rider,Male,043,,Thrown Out,Treated at Hospital,,Pedal Cycle,,Straight Ahead,1.0,1 City,2,1,Monday,05:35 pm,50,Divided Road,Straight road,Level,Dry,Not Raining,Daylight,Side Swipe,No Control
2018-190-15/08/2019,2,1,Driver,Female,031,Driver,Not Thrown Out,Treated at Hospital,Fitted - Worn,Motor Cars - Sedan,Full,Straight Ahead,1.0,2 Metropolitan,2,1,Monday,05:26 pm,60,T-Junction,Straight road,Level,Dry,Not Raining,Daylight,Right Angle,No Control
2018-191-15/08/2019,1,1,Driver,Female,022,Driver,Not Thrown Out,By Private,Fitted - Worn,Motor Cars - Sedan,Full,Stopped on Carriageway,1.0,2 Metropolitan,2,1,Monday,12:05 pm,80,Divided Road,Straight road,Level,Dry,Not Raining,Daylight,Rear End,No Control
2018-192-15/08/2019,1,1,Passenger,Female,016,Front Seat Left Passenger,Not Thrown Out,Treated at Hospital,Fitted - Worn,Motor Cars - Sedan,Provisional 1 ,Straight Ahead,2.0,2 Metropolitan,4,1,Monday,05:25 pm,60,Divided Road,Straight road,Level,Dry,Not Raining,Daylight,Rear End,No Control
2018-193-15/08/2019,1,1,Driver,Male,084,Driver,Not Thrown Out,By Private,Fitted - Worn,Motor Cars - Sedan,Full,Swerving,1.0,2 Metropolitan,3,1,Monday,01:55 pm,50,Not Divided,Straight road,Slope,Dry,Not Raining,Daylight,Hit Parked Vehicle,No Control
2018-194-15/08/2019,1,1,Driver,Male,021,Driver,Not Thrown Out,By Private,Fitted - Worn,Motor Cars - Sedan,Provisional 2,U Turn,1.0,2 Metropolitan,2,4,Monday,09:28 pm,60,Divided Road,Straight road,Crest of Hill,Dry,Not Raining,Night,Right Turn,No Control
2018-194-15/08/2019,2,1,Driver,Male,036,Driver,Not Thrown Out,Treated at Hospital,Fitted - Worn,Motor Cars - Sedan,Full,Straight Ahead,3.0,2 Metropolitan,2,4,Monday,09:28 pm,60,Divided Road,Straight road,Crest of Hill,Dry,Not Raining,Night,Right Turn,No Control
2018-194-15/08/2019,2,2,Passenger,Male,004,Rear Seat Left Passenger,Not Thrown Out,Treated at Hospital,Fitted - Worn,Motor Cars - Sedan,Full,Straight Ahead,3.0,2 Metropolitan,2,4,Monday,09:28 pm,60,Divided Road,Straight road,Crest of Hill,Dry,Not Raining,Night,Right Turn,No Control
2018-194-15/08/2019,2,3,Passenger,Female,028,Front Seat Left Passenger,Not Thrown Out,By Private,Fitted - Worn,Motor Cars - Sedan,Full,Straight Ahead,3.0,2 Metropolitan,2,4,Monday,09:28 pm,60,Divided Road,Straight road,Crest of Hill,Dry,Not Raining,Night,Right Turn,No Control
2018-195-15/08/2019,1,1,Driver,Female,033,Driver,Not Thrown Out,Treated at Hospital,Fitted - Worn,Motor Cars - Sedan,Full,Straight Ahead,1.0,2 Metropolitan,2,1,Monday,09:25 pm,70,Cross Road,Straight road,Level,Dry,Not Raining,Night,Right Turn,Traffic Signals
2018-199-15/08/2019,1,1,Driver,Male,062,Driver,Not Thrown Out,Treated at Hospital,Fitted - Worn,Motor Cars - Sedan,Full,Straight Ahead,1.0,2 Metropolitan,2,1,Sunday,12:36 pm,80,Cross Road,Straight road,Level,Dry,Not Raining,Daylight,Right Angle,Stop Sign
2018-204-15/08/2019,2,1,Driver,Female,063,Driver,Not Thrown Out,By Private,Fitted - Worn,Motor Cars - Sedan,Full,Straight Ahead,3.0,2 Metropolitan,2,1,Thursday,12:55 pm,50,T-Junction,Straight road,Level,Dry,Not Raining,Daylight,Right Turn,No Control
2018-205-15/08/2019,1,1,Driver,Female,036,Driver,Not Thrown Out,By Private,Fitted - Worn,Motor Cars - Sedan,Full,Stopped on Carriageway,3.0,1 City,2,1,Tuesday,11:45 am,50,Pedestrian Crossing,Straight road,Level,Dry,Not Raining,Daylight,Rear End,Traffic Signals
2018-206-15/08/2019,1,1,Driver,Male,043,Driver,Not Thrown Out,Admitted to Hospital,Fitted - Unknown if Worn,Panel Van,Full,Straight Ahead,1.0,2 Metropolitan,2,1,Tuesday,08:15 am,60,T-Junction,Straight road,Level,Dry,Not Raining,Daylight,Hit Fixed Object,No Control
2018-207-15/08/2019,1,1,Driver,Male,027,Driver,Not Thrown Out,Treated at Hospital,Fitted - Worn,Motor Cars - Sedan,Full,Right Turn,3.0,3 Country,2,3,Tuesday,07:00 am,100,T-Junction,Straight road,Slope,Dry,Not Raining,Daylight,Right Turn,Give Way Sign
2018-207-15/08/2019,1,2,Passenger,Female,025,Rear Seat Right Passenger,Not Thrown Out,Fatal,Fitted - Worn,Motor Cars - Sedan,Full,Right Turn,3.0,3 Country,2,3,Tuesday,07:00 am,100,T-Junction,Straight road,Slope,Dry,Not Raining,Daylight,Right Turn,Give Way Sign
2018-207-15/08/2019,1,3,Passenger,Male,024,Front Seat Left Passenger,Not Thrown Out,Treated at Hospital,Fitted - Worn,Motor Cars - Sedan,Full,Right Turn,3.0,3 Country,2,3,Tuesday,07:00 am,100,T-Junction,Straight road,Slope,Dry,Not Raining,Daylight,Right Turn,Give Way Sign
2018-208-15/08/2019,1,1,Passenger,Male,XXX,Front Seat Left Passenger,Not Thrown Out,Treated at Hospital,Fitted - Worn,Station Wagon,Full,Right Turn,2.0,2 Metropolitan,2,1,Tuesday,12:45 pm,60,Cross Road,Straight road,Level,Dry,Not Raining,Daylight,Rear End,Stop Sign
2018-209-15/08/2019,2,1,Driver,Female,049,Driver,Not Thrown Out,By Private,Fitted - Worn,Motor Cars - Sedan,Full,Stopped on Carriageway,1.0,2 Metropolitan,2,1,Tuesday,12:45 pm,50,Cross Road,Straight road,Level,Dry,Not Raining,Daylight,Rear End,Give Way Sign
2018-210-15/08/2019,1,1,Driver,Female,061,Driver,Not Thrown Out,Treated at Hospital,Fitted - Worn,Utility,Full,Straight Ahead,1.0,3 Country,3,1,Tuesday,12:40 pm,100,Not Divided,"CURVED, VIEW OBSCURED",Level,Dry,Not Raining,Daylight,Rear End,No Control
2018-212-15/08/2019,1,1,Driver,Female,033,Driver,Not Thrown Out,By Private,Fitted - Worn,Motor Cars - Sedan,Full,Right Turn,2.0,2 Metropolitan,2,2,Sunday,01:30 am,100,T-Junction,Straight road,Crest of Hill,Dry,Not Raining,Night,Hit Fixed Object,Stop Sign
2018-212-15/08/2019,1,2,Passenger,Female,014,Front Seat Left Passenger,Not Thrown Out,By Private,Fitted - Worn,Motor Cars - Sedan,Full,Right Turn,2.0,2 Metropolitan,2,2,Sunday,01:30 am,100,T-Junction,Straight road,Crest of Hill,Dry,Not Raining,Night,Hit Fixed Object,Stop Sign
2018-219-15/08/2019,2,1,Driver,Female,023,Driver,Not Thrown Out,Treated at Hospital,Fitted - Worn,Station Wagon,Full,Straight Ahead,1.0,2 Metropolitan,2,1,Tuesday,03:35 pm,60,Divided Road,Straight road,Level,Dry,Not Raining,Daylight,Rear End,No Control
2018-222-15/08/2019,1,1,Passenger,Male,XXX,Rear Seat Middle Passenger,Not Thrown Out,Treated at Hospital,Child Restraint - Worn,Station Wagon,Full,Straight Ahead,5.0,3 Country,2,7,Tuesday,05:30 pm,110,Cross Road,"CURVED, VIEW OPEN",Level,Dry,Not Raining,Daylight,Right Angle,Give Way Sign
2018-222-15/08/2019,1,2,Passenger,Female,004,Rear Seat Left Passenger,Not Thrown Out,Treated at Hospital,Child Restraint - Worn,Station Wagon,Full,Straight Ahead,5.0,3 Country,2,7,Tuesday,05:30 pm,110,Cross Road,"CURVED, VIEW OPEN",Level,Dry,Not Raining,Daylight,Right Angle,Give Way Sign
2018-222-15/08/2019,1,3,Passenger,Female,039,Front Seat Left Passenger,Not Thrown Out,Admitted to Hospital,Fitted - Worn,Station Wagon,Full,Straight Ahead,5.0,3 Country,2,7,Tuesday,05:30 pm,110,Cross Road,"CURVED, VIEW OPEN",Level,Dry,Not Raining,Daylight,Right Angle,Give Way Sign
2018-222-15/08/2019,1,4,Passenger,Female,002,Rear Seat Right Passenger,Not Thrown Out,Treated at Hospital,Child Restraint - Worn,Station Wagon,Full,Straight Ahead,5.0,3 Country,2,7,Tuesday,05:30 pm,110,Cross Road,"CURVED, VIEW OPEN",Level,Dry,Not Raining,Daylight,Right Angle,Give Way Sign
2018-222-15/08/2019,2,1,Driver,Female,036,Driver,Not Thrown Out,Admitted to Hospital,Fitted - Worn,Station Wagon,Full,Straight Ahead,3.0,3 Country,2,7,Tuesday,05:30 pm,110,Cross Road,"CURVED, VIEW OPEN",Level,Dry,Not Raining,Daylight,Right Angle,Give Way Sign
2018-222-15/08/2019,2,2,Passenger,Female,066,Rear Seat Right Passenger,Not Thrown Out,Admitted to Hospital,Fitted - Worn,Station Wagon,Full,Straight Ahead,3.0,3 Country,2,7,Tuesday,05:30 pm,110,Cross Road,"CURVED, VIEW OPEN",Level,Dry,Not Raining,Daylight,Right Angle,Give Way Sign
2018-222-15/08/2019,2,3,Passenger,Female,011,Front Seat Left Passenger,Not Thrown Out,Admitted to Hospital,Fitted - Worn,Station Wagon,Full,Straight Ahead,3.0,3 Country,2,7,Tuesday,05:30 pm,110,Cross Road,"CURVED, VIEW OPEN",Level,Dry,Not Raining,Daylight,Right Angle,Give Way Sign
2018-223-15/08/2019,3,1,Driver,Male,032,Driver,Not Thrown Out,Treated at Hospital,Fitted - Worn,Utility,Full,Straight Ahead,1.0,2 Metropolitan,7,1,Tuesday,05:15 pm,60,Divided Road,Straight road,Level,Dry,Not Raining,Daylight,Rear End,No Control
2018-228-15/08/2019,1,1,Driver,Male,035,Driver,Not Thrown Out,Treated at Hospital,Fitted - Unknown if Worn,Motor Cars - Sedan,Full,Straight Ahead,1.0,2 Metropolitan,2,1,Tuesday,08:15 pm,80,Divided Road,Straight road,Crest of Hill,Dry,Not Raining,Night,Side Swipe,No Control
2018-231-15/08/2019,2,1,Pedestrian,Female,076,,,Treated at Hospital,,Pedestrian on Road,,On Pedestrian Crossing,,2 Metropolitan,2,1,Wednesday,11:10 am,50,Pedestrian Crossing,Straight road,Level,Dry,Not Raining,Daylight,Hit Pedestrian,No Control
2018-238-15/08/2019,2,1,Rider,Male,044,,Thrown Out,Treated at Hospital,,Pedal Cycle,,Straight Ahead,1.0,2 Metropolitan,2,1,Wednesday,12:50 pm,60,Divided Road,Straight road,Level,Dry,Not Raining,Daylight,Side Swipe,No Control
2018-242-15/08/2019,1,1,Driver,Male,081,Driver,Not Thrown Out,Treated at Hospital,Fitted - Worn,Motor Cars - Sedan,Full,Straight Ahead,2.0,2 Metropolitan,3,6,Wednesday,01:40 pm,70,Cross Road,Straight road,Level,Dry,Not Raining,Daylight,Rear End,Traffic Signals
2018-242-15/08/2019,1,2,Passenger,Female,070,Front Seat Left Passenger,Not Thrown Out,Admitted to Hospital,Fitted - Worn,Motor Cars - Sedan,Full,Straight Ahead,2.0,2 Metropolitan,3,6,Wednesday,01:40 pm,70,Cross Road,Straight road,Level,Dry,Not Raining,Daylight,Rear End,Traffic Signals
2018-242-15/08/2019,2,1,Driver,Male,066,Driver,Not Thrown Out,Treated at Hospital,Fitted - Worn,Station Wagon,Full,Stopped on Carriageway,4.0,2 Metropolitan,3,6,Wednesday,01:40 pm,70,Cross Road,Straight road,Level,Dry,Not Raining,Daylight,Rear End,Traffic Signals
2018-242-15/08/2019,2,2,Passenger,Female,065,Front Seat Left Passenger,Not Thrown Out,Treated at Hospital,Fitted - Worn,Station Wagon,Full,Stopped on Carriageway,4.0,2 Metropolitan,3,6,Wednesday,01:40 pm,70,Cross Road,Straight road,Level,Dry,Not Raining,Daylight,Rear End,Traffic Signals
2018-242-15/08/2019,2,3,Passenger,Female,004,Rear Seat Left Passenger,Not Thrown Out,Treated at Hospital,Fitted - Worn,Station Wagon,Full,Stopped on Carriageway,4.0,2 Metropolitan,3,6,Wednesday,01:40 pm,70,Cross Road,Straight road,Level,Dry,Not Raining,Daylight,Rear End,Traffic Signals
2018-242-15/08/2019,2,4,Passenger,Female,006,Rear Seat Right Passenger,Not Thrown Out,Treated at Hospital,Fitted - Worn,Station Wagon,Full,Stopped on Carriageway,4.0,2 Metropolitan,3,6,Wednesday,01:40 pm,70,Cross Road,Straight road,Level,Dry,Not Raining,Daylight,Rear End,Traffic Signals
2018-245-15/08/2019,3,1,Driver,Female,045,Driver,Not Thrown Out,By Private,Fitted - Worn,Motor Cars - Sedan,Full,Stopped on Carriageway,1.0,2 Metropolitan,3,1,Wednesday,03:45 pm,80,Divided Road,Straight road,Level,Dry,Not Raining,Daylight,Rear End,No Control
2018-246-15/08/2019,1,1,Driver,Male,019,Driver,Not Thrown Out,By Private,Fitted - Worn,Motor Cars - Sedan,Provisional 1 ,Stopped on Carriageway,1.0,2 Metropolitan,2,1,Tuesday,10:30 pm,80,Cross Road,Straight road,Level,Dry,Not Raining,Night,Rear End,Traffic Signals
2018-250-15/08/2019,1,1,Driver,Female,029,Driver,Not Thrown Out,By Private,Fitted - Worn,Motor Cars - Sedan,Provisional 1 ,Straight Ahead,1.0,2 Metropolitan,2,1,Thursday,06:45 am,50,Not Divided,"CURVED, VIEW OBSCURED",Level,Dry,Not Raining,Daylight,Hit Fixed Object,No Control
2018-252-15/08/2019,1,1,Driver,Male,045,Driver,Not Thrown Out,By Private,Fitted - Worn,Motor Cars - Sedan,Full,Straight Ahead,1.0,2 Metropolitan,2,1,Wednesday,06:20 pm,50,T-Junction,Straight road,Level,Dry,Not Raining,Daylight,Right Angle,No Control
2018-253-15/08/2019,1,1,Rider,Male,045,Rider of Motorcycle,Thrown Out,Treated at Hospital,,Motor Cycle,Full,Right Turn,1.0,2 Metropolitan,1,1,Thursday,08:30 am,60,Cross Road,Straight road,Slope,Dry,Not Raining,Daylight,Roll Over,Roundabout
2018-254-15/08/2019,1,1,Rider,Female,062,,Thrown Out,Treated at Hospital,,Pedal Cycle,,Straight Ahead,1.0,2 Metropolitan,2,1,Thursday,08:00 am,60,Divided Road,Straight road,Level,Dry,Not Raining,Daylight,Hit Object on Road,No Control
2018-261-15/08/2019,1,1,Driver,Male,022,Driver,Not Thrown Out,Treated at Hospital,Fitted - Worn,Utility,Provisional 2,Swerving,1.0,3 Country,2,1,Monday,11:20 am,110,Not Divided,"CURVED, VIEW OPEN",Level,Dry,Not Raining,Daylight,Hit Animal,No Control
2018-262-15/08/2019,1,1,Driver,Male,019,Driver,Not Thrown Out,Treated at Hospital,Fitted - Worn,Utility,Provisional 1 ,Straight Ahead,1.0,3 Country,2,1,Thursday,02:30 pm,50,Not Divided,"CURVED, VIEW OPEN",Level,Dry,Not Raining,Daylight,Hit Fixed Object,No Control
2018-269-15/08/2019,1,1,Driver,Female,065,Driver,Not Thrown Out,By Private,Fitted - Worn,Motor Cars - Sedan,Full,Stopped on Carriageway,1.0,2 Metropolitan,3,1,Thursday,05:50 pm,60,Divided Road,Straight road,Level,Dry,Not Raining,Daylight,Rear End,No Control
2018-272-15/08/2019,1,1,Driver,Female,071,Driver,Not Thrown Out,Treated at Hospital,Fitted - Worn,Motor Cars - Sedan,Full,Leaving Private Driveway,2.0,2 Metropolitan,3,2,Thursday,05:56 pm,60,Cross Road,Straight road,Level,Dry,Not Raining,Daylight,Hit Parked Vehicle,Roundabout
2018-272-15/08/2019,1,2,Passenger,Male,046,Front Seat Left Passenger,Not Thrown Out,Treated at Hospital,Fitted - Worn,Motor Cars - Sedan,Full,Leaving Private Driveway,2.0,2 Metropolitan,3,2,Thursday,05:56 pm,60,Cross Road,Straight road,Level,Dry,Not Raining,Daylight,Hit Parked Vehicle,Roundabout
2018-274-15/08/2019,2,1,Driver,Male,020,Driver,Not Thrown Out,By Private,Fitted - Worn,Motor Cars - Sedan,Provisional 2,Stopped on Carriageway,1.0,2 Metropolitan,3,2,Thursday,08:12 pm,60,Divided Road,Straight road,Level,Dry,Not Raining,Daylight,Rear End,No Control
2018-274-15/08/2019,3,1,Driver,Male,064,Driver,Not Thrown Out,By Private,Fitted - Worn,Motor Cars - Sedan,Full,Stopped on Carriageway,2.0,2 Metropolitan,3,2,Thursday,08:12 pm,60,Divided Road,Straight road,Level,Dry,Not Raining,Daylight,Rear End,No Control
2018-281-15/08/2019,1,1,Driver,Female,029,Driver,Not Thrown Out,By Private,Fitted - Worn,Station Wagon,Full,Straight Ahead,4.0,2 Metropolitan,2,3,Thursday,08:40 pm,60,T-Junction,Straight road,Level,Dry,Not Raining,Night,Right Angle,No Control
2018-281-15/08/2019,1,2,Passenger,Male,031,Front Seat Left Passenger,Not Thrown Out,By Private,Fitted - Worn,Station Wagon,Full,Straight Ahead,4.0,2 Metropolitan,2,3,Thursday,08:40 pm,60,T-Junction,Straight road,Level,Dry,Not Raining,Night,Right Angle,No Control
2018-281-15/08/2019,1,3,Passenger,Male,033,Rear Seat Right Passenger,Not Thrown Out,By Private,Fitted - Worn,Station Wagon,Full,Straight Ahead,4.0,2 Metropolitan,2,3,Thursday,08:40 pm,60,T-Junction,Straight road,Level,Dry,Not Raining,Night,Right Angle,No Control
2018-282-15/08/2019,1,1,Driver,Female,026,Driver,Not Thrown Out,Treated at Hospital,Fitted - Worn,Motor Cars - Sedan,Full,Left Turn,1.0,2 Metropolitan,2,1,Friday,10:20 am,60,Cross Road,Straight road,Level,Wet,Raining,Daylight,Hit Fixed Object,Traffic Signals
2018-284-15/08/2019,1,1,Driver,Female,037,Driver,Not Thrown Out,By Private,Fitted - Worn,Motor Cars - Sedan,Full,Straight Ahead,1.0,2 Metropolitan,2,1,Friday,11:35 am,60,Divided Road,Straight road,Level,Wet,Raining,Daylight,Hit Fixed Object,No Control
2018-293-15/08/2019,1,1,Driver,Female,072,Driver,Not Thrown Out,Treated at Hospital,Fitted - Worn,Motor Cars - Sedan,Full,Straight Ahead,1.0,2 Metropolitan,3,1,Friday,03:50 pm,60,Divided Road,Straight road,Level,Dry,Not Raining,Daylight,Hit Fixed Object,No Control
2018-294-15/08/2019,2,1,Rider,Male,053,Rider of Motorcycle,Thrown Out,Treated at Hospital,,Motor Cycle,Full,Straight Ahead,1.0,2 Metropolitan,2,1,Friday,03:45 pm,60,T-Junction,"CURVED, VIEW OPEN",Slope,Dry,Not Raining,Daylight,Rear End,Give Way Sign
2018-300-15/08/2019,1,1,Driver,Male,053,Driver,Not Thrown Out,Treated at Hospital,Fitted - Worn,Motor Cars - Sedan,Full,Straight Ahead,2.0,3 Country,1,2,Friday,05:50 pm,110,Divided Road,Straight road,Level,Dry,Not Raining,Daylight,Roll Over,No Control
2018-300-15/08/2019,1,2,Passenger,Male,026,Front Seat Left Passenger,Not Thrown Out,Treated at Hospital,Fitted - Worn,Motor Cars - Sedan,Full,Straight Ahead,2.0,3 Country,1,2,Friday,05:50 pm,110,Divided Road,Straight road,Level,Dry,Not Raining,Daylight,Roll Over,No Control
2018-301-15/08/2019,1,1,Driver,Female,018,Driver,Not Thrown Out,By Private,Fitted - Worn,Motor Cars - Sedan,Provisional 1 ,Straight Ahead,1.0,2 Metropolitan,2,1,Friday,07:00 pm,50,Cross Road,Straight road,Level,Dry,Not Raining,Daylight,Right Angle,Roundabout
2018-302-15/08/2019,1,1,Driver,Male,019,Driver,Not Thrown Out,Fatal,Fitted - Worn,Motor Cars - Sedan,Provisional 1 ,Straight Ahead,1.0,2 Metropolitan,2,1,Friday,05:40 pm,50,Not Divided,"CURVED, VIEW OPEN",Level,Dry,Not Raining,Daylight,Hit Fixed Object,No Control
2018-310-15/08/2019,1,1,Driver,Male,037,Driver,Not Thrown Out,Treated at Hospital,Fitted - Worn,Motor Cars - Sedan,Full,Straight Ahead,1.0,3 Country,2,1,Friday,09:00 pm,110,Not Divided,Straight road,Level,Dry,Not Raining,Night,Hit Fixed Object,No Control
2018-312-15/08/2019,1,1,Driver,Female,061,Driver,Not Thrown Out,Treated at Hospital,Fitted - Worn,Motor Cars - Sedan,Full,Right Turn,1.0,2 Metropolitan,2,1,Saturday,11:11 am,60,T-Junction,Straight road,Level,Wet,Raining,Daylight,Right Angle,Stop Sign
2018-315-15/08/2019,2,1,Driver,Female,030,Driver,Not Thrown Out,Treated at Hospital,Fitted - Worn,Motor Cars - Sedan,Full,Stopped on Carriageway,2.0,2 Metropolitan,5,1,Saturday,10:35 am,60,T-Junction,Straight road,Level,Wet,Raining,Daylight,Rear End,No Control
2018-316-15/08/2019,1,1,Driver,Female,028,Driver,Not Thrown Out,Treated at Hospital,Fitted - Not Worn,Station Wagon,Unlicenced,Straight Ahead,1.0,3 Country,2,1,Friday,07:00 am,50,Not Divided,Straight road,Level,Wet,Raining,Daylight,Hit Fixed Object,No Control
2018-319-15/08/2019,1,1,Driver,Female,023,Driver,Not Thrown Out,By Private,Fitted - Worn,Motor Cars - Sedan,Full,Right Turn,1.0,2 Metropolitan,3,4,Saturday,10:30 am,80,T-Junction,Straight road,Level,Dry,Not Raining,Daylight,Right Turn,No Control
2018-319-15/08/2019,2,1,Driver,Male,019,Driver,Not Thrown Out,Treated at Hospital,Fitted - Worn,Motor Cars - Sedan,Provisional 2,Straight Ahead,2.0,2 Metropolitan,3,4,Saturday,10:30 am,80,T-Junction,Straight road,Level,Dry,Not Raining,Daylight,Right Turn,No Control
2018-319-15/08/2019,2,2,Passenger,Female,019,Front Seat Left Passenger,Not Thrown Out,Treated at Hospital,Fitted - Worn,Motor Cars - Sedan,Provisional 2,Straight Ahead,2.0,2 Metropolitan,3,4,Saturday,10:30 am,80,T-Junction,Straight road,Level,Dry,Not Raining,Daylight,Right Turn,No Control
2018-319-15/08/2019,3,1,Driver,Female,040,Driver,Not Thrown Out,Treated at Hospital,Fitted - Worn,Station Wagon,Full,Stopped on Carriageway,1.0,2 Metropolitan,3,4,Saturday,10:30 am,80,T-Junction,Straight road,Level,Dry,Not Raining,Daylight,Right Turn,No Control
2018-323-15/08/2019,1,1,Passenger,Male,014,Rear Seat Left Passenger,Not Thrown Out,Treated at Hospital,Fitted - Unknown if Worn,Utility,Full,Parked,5.0,3 Country,2,6,Saturday,02:05 pm,100,Not Divided,Straight road,Level,Dry,Not Raining,Daylight,Hit Parked Vehicle,No Control
2018-323-15/08/2019,1,2,Passenger,Male,014,Rear Seat Right Passenger,Not Thrown Out,Treated at Hospital,Fitted - Unknown if Worn,Utility,Full,Parked,5.0,3 Country,2,6,Saturday,02:05 pm,100,Not Divided,Straight road,Level,Dry,Not Raining,Daylight,Hit Parked Vehicle,No Control
2018-323-15/08/2019,2,1,Passenger,Female,014,Rear Seat Left Passenger,Not Thrown Out,By Private,Fitted - Not Worn,Station Wagon,Full,Straight Ahead,9.0,3 Country,2,6,Saturday,02:05 pm,100,Not Divided,Straight road,Level,Dry,Not Raining,Daylight,Hit Parked Vehicle,No Control
2018-323-15/08/2019,2,2,Passenger,Male,014,Rear Seat Middle Passenger,Not Thrown Out,Treated at Hospital,Fitted - Not Worn,Station Wagon,Full,Straight Ahead,9.0,3 Country,2,6,Saturday,02:05 pm,100,Not Divided,Straight road,Level,Dry,Not Raining,Daylight,Hit Parked Vehicle,No Control