REPORT_ID,UND_UNIT_NUMBER,CASUALTY_NUMBER,Casualty Type,Sex_x,AGE,Position In Veh,Thrown Out,Injury Extent,Seat Belt,Unit Type,Licence Type,Unit Movement,Number Occupants,Stats Area,Total Units,Total Cas,Day,Time,Area Speed,Position Type,Horizontal Align,Vertical Align,Moisture Cond,Weather Cond,DayNight,Crash Type,Traffic Ctrls
2018-710-15/08/2019,2,1,Driver,Female,036,Driver,Not Thrown Out,Treated at Hospital,Fitted - Worn,Station Wagon,Full,Straight Ahead,1.0,2 Metropolitan,5,1,Wednesday,04:48 pm,60,Divided Road,Straight road,Level,Dry,Not Raining,Daylight,Rear End,No Control
2018-717-15/08/2019,1,1,Driver,Male,018,Driver,Not Thrown Out,Admitted to Hospital,Fitted - Not Worn,Utility,Provisional 2,Straight Ahead,2.0,2 Metropolitan,1,2,Wednesday,10:53 pm,80,Not Divided,Straight road,Level,Dry,Not Raining,Night,Roll Over,No Control
2018-717-15/08/2019,1,2,Passenger,Male,018,Front Seat Left Passenger,Thrown Out,Admitted to Hospital,Fitted - Not Worn,Utility,Provisional 2,Straight Ahead,2.0,2 Metropolitan,1,2,Wednesday,10:53 pm,80,Not Divided,Straight road,Level,Dry,Not Raining,Night,Roll Over,No Control
2018-723-15/08/2019,1,1,Driver,Female,059,Driver,Not Thrown Out,By Private,Fitted - Worn,Motor Cars - Sedan,Full,Stopped on Carriageway,1.0,2 Metropolitan,2,1,Wednesday,04:45 pm,60,Cross Road,Straight road,Level,Dry,Not Raining,Daylight,Rear End,Traffic Signals
2018-729-15/08/2019,1,1,Driver,Male,067,Driver,Not Thrown Out,Admitted to Hospital,Fitted - Worn,Utility,Full,Straight Ahead,2.0,2 Metropolitan,2,1,Thursday,08:00 am,60,Not Divided,Straight road,Level,Dry,Not Raining,Daylight,Hit Fixed Object,No Control
2018-731-15/08/2019,1,1,Driver,Female,063,Driver,Not Thrown Out,By Private,Fitted - Worn,Motor Cars - Sedan,Full,Stopped on Carriageway,1.0,2 Metropolitan,2,1,Wednesday,05:00 pm,60,Divided Road,Straight road,Level,Dry,Not Raining,Daylight,Rear End,No Control
2018-736-15/08/2019,1,1,Driver,Female,053,Driver,Not Thrown Out,Treated at Hospital,Fitted - Worn,Motor Cars - Sedan,Provisional 1 ,Left Turn,1.0,2 Metropolitan,2,1,Thursday,11:53 am,60,Cross Road,Straight road,Level,Dry,Not Raining,Daylight,Hit Fixed Object,Traffic Signals
2018-743-15/08/2019,1,1,Driver,Female,031,Driver,Not Thrown Out,Treated at Hospital,Fitted - Worn,Station Wagon,Provisional 2,Straight Ahead,3.0,2 Metropolitan,2,3,Thursday,02:09 pm,60,T-Junction,Straight road,Level,Dry,Not Raining,Daylight,Hit Fixed Object,No Control
2018-743-15/08/2019,1,2,Passenger,Female,003,Rear Seat Left Passenger,Not Thrown Out,Treated at Hospital,Fitted - Worn,Station Wagon,Provisional 2,Straight Ahead,3.0,2 Metropolitan,2,3,Thursday,02:09 pm,60,T-Junction,Straight road,Level,Dry,Not Raining,Daylight,Hit Fixed Object,No Control
2018-743-15/08/2019,1,3,Passenger,Male,005,Rear Seat Right Passenger,Not Thrown Out,Admitted to Hospital,Fitted - Worn,Station Wagon,Provisional 2,Straight Ahead,3.0,2 Metropolitan,2,3,Thursday,02:09 pm,60,T-Junction,Straight road,Level,Dry,Not Raining,Daylight,Hit Fixed Object,No Control
2018-745-15/08/2019,1,1,Driver,Female,061,Driver,Not Thrown Out,Treated at Hospital,Fitted - Worn,Motor Cars - Sedan,Full,Straight Ahead,1.0,2 Metropolitan,4,1,Thursday,03:30 pm,60,Divided Road,Straight road,Level,Dry,Not Raining,Daylight,Rear End,No Control
2018-747-15/08/2019,1,1,Driver,Female,063,Driver,Not Thrown Out,Treated at Hospital,Fitted - Worn,Station Wagon,Full,Stopped on Carriageway,1.0,2 Metropolitan,2,1,Thursday,03:00 pm,60,Divided Road,Straight road,Slope,Dry,Not Raining,Daylight,Rear End,No Control
2018-752-15/08/2019,2,1,Driver,Female,023,Driver,Not Thrown Out,Treated at Hospital,Fitted - Worn,Motor Cars - Sedan,Full,Straight Ahead,1.0,2 Metropolitan,2,1,Thursday,05:40 pm,60,Cross Road,Straight road,Level,Dry,Not Raining,Daylight,Right Angle,Stop Sign
2018-754-15/08/2019,1,1,Rider,Male,017,,Thrown Out,Treated at Hospital,,Pedal Cycle,,Straight Ahead,1.0,2 Metropolitan,2,1,Thursday,01:30 pm,50,Cross Road,"CURVED, VIEW OPEN",Level,Dry,Not Raining,Daylight,Right Angle,Stop Sign
2018-755-15/08/2019,1,1,Driver,Female,031,Driver,Not Thrown Out,By Private,Fitted - Worn,Motor Cars - Sedan,Full,Straight Ahead,1.0,2 Metropolitan,2,1,Thursday,03:05 pm,60,Not Divided,Straight road,Level,Dry,Not Raining,Daylight,Rear End,No Control
2018-763-15/08/2019,1,1,Rider,Male,018,Rider of Motorcycle,Thrown Out,Treated at Hospital,,Motor Cycle,Learners,Straight Ahead,1.0,2 Metropolitan,2,1,Thursday,10:55 pm,50,Not Divided,Straight road,Level,Dry,Not Raining,Night,Roll Over,No Control
2018-768-15/08/2019,1,1,Driver,Male,037,Driver,Not Thrown Out,Treated at Hospital,Fitted - Worn,Motor Cars - Sedan,Full,Stopped on Carriageway,4.0,2 Metropolitan,2,3,Thursday,04:45 pm,50,T-Junction,Straight road,Level,Dry,Not Raining,Daylight,Rear End,Stop Sign
2018-768-15/08/2019,1,2,Passenger,Female,XXX,Front Seat Left Passenger,Not Thrown Out,Treated at Hospital,Fitted - Worn,Motor Cars - Sedan,Full,Stopped on Carriageway,4.0,2 Metropolitan,2,3,Thursday,04:45 pm,50,T-Junction,Straight road,Level,Dry,Not Raining,Daylight,Rear End,Stop Sign
2018-768-15/08/2019,1,3,Passenger,Female,009,Rear Seat Right Passenger,Not Thrown Out,Treated at Hospital,Fitted - Unknown if Worn,Motor Cars - Sedan,Full,Stopped on Carriageway,4.0,2 Metropolitan,2,3,Thursday,04:45 pm,50,T-Junction,Straight road,Level,Dry,Not Raining,Daylight,Rear End,Stop Sign
2018-771-15/08/2019,2,1,Rider,Male,045,,Thrown Out,Admitted to Hospital,,Pedal Cycle,,Straight Ahead,1.0,2 Metropolitan,2,1,Friday,08:02 am,80,Not Divided,"CURVED, VIEW OBSCURED",Slope,Dry,Not Raining,Daylight,Head On,No Control
2018-772-15/08/2019,1,1,Driver,Male,045,Driver,Not Thrown Out,By Private,Fitted - Worn,Motor Cars - Sedan,Full,Straight Ahead,1.0,2 Metropolitan,2,2,Friday,12:05 pm,60,Cross Road,Straight road,Level,Wet,Raining,Daylight,Right Turn,Traffic Signals
2018-772-15/08/2019,2,1,Driver,Male,021,Driver,Not Thrown Out,By Private,Fitted - Worn,Motor Cars - Sedan,Full,Right Turn,1.0,2 Metropolitan,2,2,Friday,12:05 pm,60,Cross Road,Straight road,Level,Wet,Raining,Daylight,Right Turn,Traffic Signals
2018-773-15/08/2019,2,1,Pedestrian,Male,004,,,Treated at Hospital,,Pedestrian on Footpath/Carpark,,Walked from between Parked Vehicles,,2 Metropolitan,2,1,Friday,01:19 pm,10,Other,Straight road,Level,Dry,Not Raining,Daylight,Hit Pedestrian,No Control
2018-776-15/08/2019,1,1,Rider,Male,051,,Thrown Out,Treated at Hospital,,Pedal Cycle,,Straight Ahead,1.0,2 Metropolitan,1,1,Thursday,09:45 pm,60,T-Junction,Straight road,Level,Dry,Not Raining,Night,Roll Over,No Control
2018-777-15/08/2019,2,1,Rider,Male,009,,Thrown Out,Treated at Hospital,,Pedal Cycle,,Right Turn,1.0,2 Metropolitan,2,1,Friday,02:45 pm,50,T-Junction,Straight road,Slope,Dry,Not Raining,Daylight,Right Angle,No Control
2018-780-15/08/2019,2,1,Pedestrian,Male,040,,,Treated at Hospital,,Pedestrian on Road,,Walking on Road,,3 Country,2,1,Friday,03:30 pm,50,Not Divided,Straight road,Level,Dry,Not Raining,Daylight,Hit Pedestrian,No Control
2018-784-15/08/2019,1,1,Driver,Female,030,Driver,Not Thrown Out,Treated at Hospital,Fitted - Worn,Motor Cars - Sedan,Full,Straight Ahead,2.0,2 Metropolitan,2,1,Friday,06:39 pm,60,Cross Road,Straight road,Level,Dry,Not Raining,Daylight,Side Swipe,Traffic Signals
2018-787-15/08/2019,1,1,Driver,Female,050,Driver,Not Thrown Out,Treated at Hospital,Fitted - Worn,Station Wagon,Full,Straight Ahead,2.0,3 Country,2,1,Friday,07:20 pm,80,Not Divided,Straight road,Level,Dry,Not Raining,Daylight,Hit Fixed Object,No Control
2018-793-15/08/2019,1,1,Driver,Male,049,Driver,Not Thrown Out,By Private,Fitted - Worn,Motor Cars - Sedan,Full,Stopped on Carriageway,2.0,2 Metropolitan,2,1,Thursday,05:15 pm,60,Cross Road,Straight road,Level,Dry,Not Raining,Daylight,Rear End,Traffic Signals
2018-795-15/08/2019,1,1,Driver,Female,018,Driver,Not Thrown Out,Treated at Hospital,Fitted - Worn,Motor Cars - Sedan,Provisional 2,Swerving,2.0,3 Country,2,2,Saturday,10:30 am,100,Not Divided,Straight road,Level,Dry,Not Raining,Daylight,Roll Over,No Control
2018-795-15/08/2019,1,2,Passenger,Male,017,Front Seat Left Passenger,Not Thrown Out,Treated at Hospital,Fitted - Worn,Motor Cars - Sedan,Provisional 2,Swerving,2.0,3 Country,2,2,Saturday,10:30 am,100,Not Divided,Straight road,Level,Dry,Not Raining,Daylight,Roll Over,No Control
2018-796-15/08/2019,2,1,Driver,Female,081,Driver,Not Thrown Out,Treated at Hospital,Fitted - Worn,Motor Cars - Sedan,Full,Straight Ahead,1.0,3 Country,2,1,Friday,05:00 pm,80,Not Divided,Straight road,Level,Dry,Not Raining,Daylight,Head On,No Control
2018-799-15/08/2019,2,1,Driver,Female,019,Driver,Not Thrown Out,By Private,Fitted - Worn,Motor Cars - Sedan,Full,Right Turn,1.0,2 Metropolitan,2,1,Saturday,02:45 pm,60,Multiple,Straight road,Slope,Dry,Not Raining,Daylight,Right Turn,Traffic Signals
2018-800-15/08/2019,2,1,Driver,Female,050,Driver,Not Thrown Out,Treated at Hospital,Fitted - Worn,Motor Cars - Sedan,Full,Right Turn,2.0,2 Metropolitan,2,1,Saturday,02:18 pm,50,T-Junction,Straight road,Level,Dry,Not Raining,Daylight,Right Angle,No Control
2018-801-15/08/2019,1,1,Rider,Male,045,,Thrown Out,Treated at Hospital,,Pedal Cycle,,Straight Ahead,1.0,1 City,2,1,Saturday,09:00 am,50,Cross Road,Straight road,Level,Dry,Not Raining,Daylight,Side Swipe,Traffic Signals
2018-802-15/08/2019,1,1,Driver,Female,038,Driver,Not Thrown Out,Treated at Hospital,Fitted - Worn,Motor Cars - Sedan,Full,Left Turn,1.0,2 Metropolitan,2,1,Saturday,04:46 pm,60,Cross Road,Straight road,Level,Dry,Not Raining,Daylight,Hit Fixed Object,Traffic Signals
2018-805-15/08/2019,1,1,Driver,Female,031,Driver,Not Thrown Out,Admitted to Hospital,Fitted - Worn,Motor Cars - Sedan,Full,Entering Private Driveway,1.0,2 Metropolitan,3,2,Saturday,07:15 pm,100,Not Divided,"CURVED, VIEW OPEN",Slope,Dry,Not Raining,Daylight,Hit Parked Vehicle,No Control
2018-805-15/08/2019,2,1,Driver,Male,066,Driver,Not Thrown Out,Admitted to Hospital,Fitted - Not Worn,Station Wagon,Full,Parked,1.0,2 Metropolitan,3,2,Saturday,07:15 pm,100,Not Divided,"CURVED, VIEW OPEN",Slope,Dry,Not Raining,Daylight,Hit Parked Vehicle,No Control
2018-811-15/08/2019,1,1,Driver,Female,023,Driver,Not Thrown Out,Treated at Hospital,Fitted - Worn,Motor Cars - Sedan,Full,Straight Ahead,1.0,2 Metropolitan,2,1,Sunday,08:50 am,50,Cross Road,Straight road,Level,Dry,Not Raining,Daylight,Right Angle,No Control
2018-814-15/08/2019,2,1,Driver,Male,066,Driver,Not Thrown Out,By Private,Fitted - Worn,Motor Cars - Sedan,Full,Straight Ahead,1.0,2 Metropolitan,2,1,Sunday,07:15 am,50,T-Junction,"CURVED, VIEW OPEN",Level,Dry,Not Raining,Daylight,Right Angle,Stop Sign
2018-817-15/08/2019,2,1,Driver,Male,078,Driver,Not Thrown Out,Treated at Hospital,Fitted - Worn,Motor Cars - Sedan,Full,Straight Ahead,2.0,3 Country,2,1,Thursday,04:50 pm,60,T-Junction,Straight road,Level,Dry,Not Raining,Daylight,Right Angle,No Control
2018-818-15/08/2019,1,1,Rider,Male,043,,Thrown Out,Admitted to Hospital,,Pedal Cycle,,Straight Ahead,1.0,2 Metropolitan,1,1,Sunday,06:00 pm,50,T-Junction,Straight road,Level,Dry,Not Raining,Daylight,Roll Over,No Control
2018-819-15/08/2019,1,1,Passenger,Female,044,Front Seat Left Passenger,Not Thrown Out,Treated at Hospital,Fitted - Worn,Forward Control Passenger Van,Learners,Straight Ahead,5.0,3 Country,3,1,Sunday,10:40 am,110,Not Divided,"CURVED, VIEW OBSCURED",Level,Dry,Not Raining,Daylight,Right Angle,No Control
2018-822-15/08/2019,1,1,Driver,Female,075,Driver,Not Thrown Out,Admitted to Hospital,Fitted - Worn,Motor Cars - Sedan,Full,Straight Ahead,1.0,3 Country,2,1,Sunday,07:40 pm,110,Not Divided,"CURVED, VIEW OPEN",Level,Dry,Not Raining,Daylight,Hit Fixed Object,No Control
2018-824-15/08/2019,1,1,Driver,Female,045,Driver,Not Thrown Out,Treated at Hospital,Fitted - Worn,Motor Cars - Sedan,Full,Swerving,1.0,3 Country,2,1,Sunday,11:10 pm,100,Not Divided,Straight road,Level,Dry,Not Raining,Night,Hit Fixed Object,No Control
2018-825-15/08/2019,1,1,Driver,Male,017,Driver,Not Thrown Out,Treated at Hospital,Fitted - Worn,Motor Cars - Sedan,Provisional 1 ,Swerving,3.0,3 Country,2,3,Sunday,08:30 pm,80,Not Divided,"CURVED, VIEW OPEN",Level,Dry,Not Raining,Night,Hit Fixed Object,No Control
2018-825-15/08/2019,1,2,Passenger,Female,015,Front Seat Left Passenger,Not Thrown Out,Treated at Hospital,Fitted - Worn,Motor Cars - Sedan,Provisional 1 ,Swerving,3.0,3 Country,2,3,Sunday,08:30 pm,80,Not Divided,"CURVED, VIEW OPEN",Level,Dry,Not Raining,Night,Hit Fixed Object,No Control
2018-825-15/08/2019,1,3,Passenger,Female,016,Rear Seat Right Passenger,Not Thrown Out,Treated at Hospital,Fitted - Worn,Motor Cars - Sedan,Provisional 1 ,Swerving,3.0,3 Country,2,3,Sunday,08:30 pm,80,Not Divided,"CURVED, VIEW OPEN",Level,Dry,Not Raining,Night,Hit Fixed Object,No Control
2018-826-15/08/2019,2,1,Driver,Female,039,Driver,Not Thrown Out,Treated at Hospital,Fitted - Worn,Station Wagon,Full,Stopped on Carriageway,1.0,2 Metropolitan,3,1,Monday,06:40 am,60,Divided Road,Straight road,Level,Dry,Not Raining,Daylight,Rear End,No Control
2018-827-15/08/2019,2,1,Rider,Male,041,,Thrown Out,Treated at Hospital,,Pedal Cycle,,Straight Ahead,1.0,3 Country,2,1,Sunday,09:15 pm,50,T-Junction,Straight road,Level,Dry,Not Raining,Night,Right Angle,Give Way Sign
2018-832-15/08/2019,1,1,Driver,Female,054,Driver,Not Thrown Out,By Private,Fitted - Worn,Station Wagon,Full,Stopped on Carriageway,2.0,2 Metropolitan,2,1,Monday,09:45 am,60,Divided Road,Straight road,Level,Dry,Not Raining,Daylight,Rear End,No Control
2018-834-15/08/2019,1,1,Passenger,Female,010,Rear Seat Right Passenger,Not Thrown Out,Treated at Hospital,Fitted - Worn,Motor Cars - Sedan,Full,Straight Ahead,4.0,2 Metropolitan,3,1,Monday,07:55 am,60,Divided Road,Straight road,Slope,Dry,Not Raining,Daylight,Rear End,No Control
2018-836-15/08/2019,1,1,Driver,Female,078,Driver,Not Thrown Out,Treated at Hospital,Fitted - Worn,Motor Cars - Sedan,Full,Entering Private Driveway,1.0,3 Country,3,3,Monday,09:30 am,110,Not Divided,Straight road,Level,Dry,Not Raining,Daylight,Side Swipe,No Control
2018-836-15/08/2019,2,1,Driver,Male,048,Driver,Not Thrown Out,By Private,Fitted - Worn,Utility,Full,Overtaking - on Right,2.0,3 Country,3,3,Monday,09:30 am,110,Not Divided,Straight road,Level,Dry,Not Raining,Daylight,Side Swipe,No Control
2018-836-15/08/2019,2,2,Passenger,Male,057,Front Seat Left Passenger,Not Thrown Out,By Private,Fitted - Worn,Utility,Full,Overtaking - on Right,2.0,3 Country,3,3,Monday,09:30 am,110,Not Divided,Straight road,Level,Dry,Not Raining,Daylight,Side Swipe,No Control
2018-837-15/08/2019,1,1,Driver,Male,086,Driver,Not Thrown Out,Treated at Hospital,Fitted - Worn,Motor Cars - Sedan,Full,Straight Ahead,2.0,2 Metropolitan,3,1,Monday,11:11 am,60,Not Divided,Straight road,Level,Dry,Not Raining,Daylight,Rear End,No Control
2018-839-15/08/2019,1,1,Driver,Female,030,Driver,Not Thrown Out,Admitted to Hospital,Fitted - Worn,Utility,Full,Straight Ahead,1.0,3 Country,2,1,Monday,09:35 am,100,Not Divided,"CURVED, VIEW OBSCURED",Level,Wet,Raining,Daylight,Hit Fixed Object,No Control
2018-843-15/08/2019,2,1,Driver,Male,048,Driver,Not Thrown Out,Treated at Hospital,Fitted - Worn,Motor Cars - Sedan,Full,Straight Ahead,1.0,2 Metropolitan,2,1,Monday,02:00 pm,90,Not Divided,Straight road,Level,Wet,Raining,Daylight,Head On,No Control
2018-844-15/08/2019,1,1,Driver,Female,052,Driver,Not Thrown Out,Treated at Hospital,Fitted - Worn,Motor Cars - Sedan,Full,Straight Ahead,1.0,3 Country,2,2,Monday,02:14 pm,60,T-Junction,Straight road,Level,Wet,Raining,Daylight,Right Angle,No Control
2018-844-15/08/2019,2,1,Driver,Female,041,Driver,Not Thrown Out,Treated at Hospital,Fitted - Worn,Station Wagon,Full,Right Turn,1.0,3 Country,2,2,Monday,02:14 pm,60,T-Junction,Straight road,Level,Wet,Raining,Daylight,Right Angle,No Control
2018-846-15/08/2019,1,1,Driver,Female,032,Driver,Not Thrown Out,Treated at Hospital,Fitted - Worn,Motor Cars - Sedan,Full,Right Turn,1.0,2 Metropolitan,2,1,Monday,03:35 pm,60,T-Junction,Straight road,Slope,Wet,Raining,Daylight,Hit Fixed Object,No Control
2018-847-15/08/2019,1,1,Driver,Male,057,Driver,Not Thrown Out,By Private,Fitted - Worn,Motor Cars - Sedan,Full,Left Turn,2.0,2 Metropolitan,2,1,Saturday,03:00 pm,70,T-Junction,"CURVED, VIEW OPEN",Level,Dry,Not Raining,Daylight,Rear End,Traffic Signals
2018-850-15/08/2019,2,1,Driver,Male,020,Driver,Not Thrown Out,Treated at Hospital,Fitted - Worn,Motor Cars - Sedan,Provisional 1 ,Straight Ahead,1.0,2 Metropolitan,2,1,Monday,04:35 pm,60,Divided Road,Straight road,Level,Wet,Raining,Daylight,Rear End,No Control
2018-851-15/08/2019,1,1,Driver,Male,051,Driver,Not Thrown Out,Treated at Hospital,Fitted - Worn,Panel Van,Full,Straight Ahead,1.0,2 Metropolitan,2,1,Monday,04:00 pm,80,Not Divided,"CURVED, VIEW OBSCURED",Slope,Wet,Raining,Daylight,Hit Fixed Object,No Control
2018-853-15/08/2019,1,1,Driver,Female,029,Driver,Not Thrown Out,Treated at Hospital,Fitted - Worn,Motor Cars - Sedan,Full,Stopped on Carriageway,3.0,2 Metropolitan,2,1,Monday,05:05 pm,60,Divided Road,Straight road,Level,Wet,Raining,Daylight,Rear End,No Control
2018-856-15/08/2019,2,1,Rider,Male,032,,Thrown Out,Treated at Hospital,,Pedal Cycle,,Straight Ahead,1.0,2 Metropolitan,2,1,Monday,06:15 pm,60,Cross Road,Straight road,Level,Wet,Raining,Daylight,Right Angle,Stop Sign
2018-862-15/08/2019,1,1,Driver,Female,022,Driver,Not Thrown Out,By Private,Fitted - Worn,Motor Cars - Sedan,Full,Straight Ahead,1.0,2 Metropolitan,2,1,Monday,05:40 pm,50,Not Divided,Straight road,Level,Wet,Raining,Daylight,Rear End,No Control
2018-864-15/08/2019,1,1,Driver,Male,059,Driver,Not Thrown Out,Treated at Hospital,Fitted - Worn,Motor Cars - Sedan,Full,Straight Ahead,1.0,3 Country,1,1,Monday,05:15 pm,80,Not Divided,Straight road,Level,Wet,Raining,Daylight,Roll Over,No Control
2018-865-15/08/2019,2,1,Pedestrian,Male,019,,,Treated at Hospital,,Pedestrian on Road,,Crossing with Traffic Signals,,2 Metropolitan,2,1,Monday,10:30 pm,60,Cross Road,Straight road,Level,Dry,Not Raining,Night,Hit Pedestrian,Traffic Signals
2018-867-15/08/2019,1,1,Driver,Male,021,Driver,Not Thrown Out,Treated at Hospital,Fitted - Worn,Motor Cars - Sedan,Provisional 1 ,Straight Ahead,1.0,2 Metropolitan,2,1,Monday,11:19 pm,60,Divided Road,Straight road,Level,Wet,Raining,Night,Hit Fixed Object,No Control
2018-871-15/08/2019,1,1,Driver,Female,021,Driver,Not Thrown Out,Treated at Hospital,Fitted - Worn,Motor Cars - Sedan,Full,Straight Ahead,1.0,3 Country,2,1,Monday,12:30 pm,100,Not Divided,"CURVED, VIEW OPEN",Slope,Wet,Raining,Daylight,Hit Fixed Object,No Control
2018-873-15/08/2019,1,1,Driver,Male,047,Driver,Not Thrown Out,Treated at Hospital,Fitted - Worn,Station Wagon,Full,Right Turn,1.0,1 City,2,2,Tuesday,08:35 am,60,T-Junction,Straight road,Level,Dry,Not Raining,Daylight,Right Angle,Traffic Signals
2018-873-15/08/2019,2,1,Driver,Female,024,Driver,Not Thrown Out,Treated at Hospital,Fitted - Worn,Motor Cars - Sedan,Full,Straight Ahead,1.0,1 City,2,2,Tuesday,08:35 am,60,T-Junction,Straight road,Level,Dry,Not Raining,Daylight,Right Angle,Traffic Signals
2018-882-15/08/2019,1,1,Rider,Male,047,,Thrown Out,By Private,,Pedal Cycle,,Left Turn,1.0,2 Metropolitan,2,1,Tuesday,08:10 am,60,T-Junction,"CURVED, VIEW OPEN",Level,Dry,Not Raining,Daylight,Side Swipe,Traffic Signals
2018-884-15/08/2019,2,1,Pedestrian,Male,082,,,Treated at Hospital,,Pedestrian on Road,,Alighted from Parked Vehicle,,2 Metropolitan,3,1,Tuesday,12:00 pm,80,Not Divided,"CURVED, VIEW OBSCURED",Slope,Dry,Not Raining,Daylight,Hit Pedestrian,No Control
2018-885-15/08/2019,1,1,Driver,Male,026,Driver,Not Thrown Out,Treated at Hospital,Fitted - Worn,Panel Van,Provisional 1 ,Swerving,1.0,3 Country,2,1,Tuesday,01:10 pm,100,Not Divided,Straight road,Level,Dry,Not Raining,Daylight,Hit Fixed Object,No Control
2018-886-15/08/2019,1,1,Driver,Female,075,Driver,Not Thrown Out,Treated at Hospital,Fitted - Worn,Motor Cars - Sedan,Full,Straight Ahead,1.0,2 Metropolitan,2,1,Tuesday,02:42 pm,50,Not Divided,Straight road,Level,Dry,Not Raining,Daylight,Hit Parked Vehicle,No Control
2018-888-15/08/2019,1,1,Driver,Female,063,Driver,Not Thrown Out,By Private,Fitted - Worn,Station Wagon,Full,Straight Ahead,1.0,3 Country,2,1,Wednesday,01:15 pm,100,Not Divided,Straight road,Level,Dry,Not Raining,Daylight,Roll Over,No Control
2018-893-15/08/2019,1,1,Driver,Female,019,Driver,Not Thrown Out,Treated at Hospital,Fitted - Unknown if Worn,Motor Cars - Sedan,Unknown,Straight Ahead,2.0,2 Metropolitan,2,2,Monday,05:10 pm,80,Not Divided,"CURVED, VIEW OBSCURED",Slope,Wet,Raining,Daylight,Hit Fixed Object,No Control
2018-893-15/08/2019,1,2,Passenger,Female,019,Front Seat Left Passenger,Not Thrown Out,Treated at Hospital,Fitted - Unknown if Worn,Motor Cars - Sedan,Unknown,Straight Ahead,2.0,2 Metropolitan,2,2,Monday,05:10 pm,80,Not Divided,"CURVED, VIEW OBSCURED",Slope,Wet,Raining,Daylight,Hit Fixed Object,No Control
2018-894-15/08/2019,2,1,Pedestrian,Male,052,,,Treated at Hospital,,Pedestrian on Road,,Pushing or Working on Vehicle,,2 Metropolitan,3,1,Tuesday,09:00 am,50,Not Divided,Straight road,Level,Dry,Not Raining,Daylight,Hit Pedestrian,No Control
2018-895-15/08/2019,2,1,Rider,Male,029,Rider of Motorcycle,Thrown Out,Treated at Hospital,,Motor Cycle,Unknown,Straight Ahead,1.0,2 Metropolitan,2,1,Tuesday,04:00 pm,50,Not Divided,"CURVED, VIEW OPEN",Level,Dry,Not Raining,Daylight,Right Angle,No Control
2018-898-15/08/2019,2,1,Driver,Male,016,Driver,Not Thrown Out,Treated at Hospital,Fitted - Worn,Station Wagon,Learners,Straight Ahead,2.0,2 Metropolitan,2,1,Tuesday,05:05 pm,60,Cross Road,Straight road,Level,Dry,Not Raining,Daylight,Right Turn,Traffic Signals
2018-899-15/08/2019,1,1,Driver,Male,032,Driver,Not Thrown Out,Treated at Hospital,Fitted - Worn,Station Wagon,Full,Straight Ahead,1.0,2 Metropolitan,2,1,Monday,06:00 pm,80,Not Divided,"CURVED, VIEW OPEN",Slope,Wet,Raining,Daylight,Hit Fixed Object,No Control
2018-900-15/08/2019,2,1,Rider,Male,034,,Thrown Out,Treated at Hospital,,Pedal Cycle,,Straight Ahead,1.0,2 Metropolitan,2,1,Tuesday,01:26 pm,60,T-Junction,Straight road,Level,Dry,Not Raining,Daylight,Right Angle,Roundabout
2018-902-15/08/2019,2,1,Passenger,Male,034,Front Seat Left Passenger,Not Thrown Out,Treated at Hospital,Fitted - Worn,Motor Cars - Sedan,Full,Stopped on Carriageway,2.0,2 Metropolitan,3,1,Tuesday,04:30 pm,60,Not Divided,Straight road,Level,Dry,Not Raining,Daylight,Rear End,No Control
2018-903-15/08/2019,1,1,Driver,Male,071,Driver,Not Thrown Out,Treated at Hospital,Fitted - Worn,Station Wagon,Full,Straight Ahead,1.0,2 Metropolitan,4,1,Tuesday,11:30 am,50,Not Divided,Straight road,Level,Dry,Not Raining,Daylight,Hit Parked Vehicle,No Control
2018-904-15/08/2019,1,1,Driver,Male,032,Driver,Not Thrown Out,Treated at Hospital,Fitted - Worn,Motor Cars - Sedan,Provisional 2,Straight Ahead,1.0,2 Metropolitan,3,1,Wednesday,07:40 am,60,T-Junction,Straight road,Level,Dry,Not Raining,Daylight,Right Turn,No Control
2018-905-15/08/2019,1,1,Driver,Male,038,Driver,Not Thrown Out,By Private,Fitted - Worn,Motor Cars - Sedan,Full,Entering Private Driveway,1.0,2 Metropolitan,2,1,Wednesday,07:30 am,60,Divided Road,Straight road,Level,Dry,Not Raining,Daylight,Right Turn,No Control
2018-906-15/08/2019,1,1,Driver,Female,017,Driver,Not Thrown Out,Treated at Hospital,Fitted - Worn,Motor Cars - Sedan,Provisional 1 ,Straight Ahead,3.0,2 Metropolitan,2,1,Wednesday,08:15 am,100,Not Divided,"CURVED, VIEW OPEN",Slope,Dry,Not Raining,Daylight,Roll Over,No Control
2018-907-15/08/2019,1,1,Driver,Male,044,Driver,Not Thrown Out,By Private,Fitted - Worn,Motor Cars - Sedan,Full,Straight Ahead,2.0,2 Metropolitan,2,1,Wednesday,10:55 am,60,T-Junction,Straight road,Level,Dry,Not Raining,Daylight,Right Angle,Stop Sign
2018-910-15/08/2019,2,1,Rider,Male,020,,Thrown Out,Admitted to Hospital,,Pedal Cycle,,Straight Ahead,1.0,1 City,2,1,Wednesday,12:58 pm,50,T-Junction,Straight road,Level,Dry,Not Raining,Daylight,Right Angle,No Control
2018-911-15/08/2019,1,1,Rider,Male,028,Rider of Motorcycle,Not Thrown Out,By Private,,Motor Cycle,Full,Straight Ahead,1.0,2 Metropolitan,2,1,Wednesday,11:32 am,60,Divided Road,Straight road,Level,Dry,Not Raining,Daylight,Rear End,No Control