REPORT_ID,UND_UNIT_NUMBER,CASUALTY_NUMBER,Casualty Type,Sex_x,AGE,Position In Veh,Thrown Out,Injury Extent,Seat Belt,Unit Type,Licence Type,Unit Movement,Number Occupants,Stats Area,Total Units,Total Cas,Day,Time,Area Speed,Position Type,Horizontal Align,Vertical Align,Moisture Cond,Weather Cond,DayNight,Crash Type,Traffic Ctrls
2018-1318-15/08/2019,1,1,Driver,Female,067,Driver,Not Thrown Out,By Private,Fitted - Worn,Motor Cars - Sedan,Full,Stopped on Carriageway,1.0,2 Metropolitan,2,1,Friday,08:15 am,60,Cross Road,Straight road,Crest of Hill,Dry,Not Raining,Daylight,Rear End,Traffic Signals
2018-1328-15/08/2019,1,1,Driver,Male,059,Driver,Not Thrown Out,Treated at Hospital,Fitted - Worn,Motor Cars - Sedan,Full,Straight Ahead,1.0,2 Metropolitan,2,1,Monday,04:15 pm,50,Not Divided,Straight road,Level,Dry,Not Raining,Daylight,Hit Fixed Object,No Control
2018-1333-15/08/2019,1,1,Driver,Male,074,Driver,Not Thrown Out,By Private,Fitted - Worn,Station Wagon,Full,Stopped on Carriageway,1.0,2 Metropolitan,2,1,Monday,05:40 pm,60,T-Junction,Straight road,Level,Dry,Not Raining,Daylight,Rear End,Traffic Signals
2018-1336-15/08/2019,1,1,Driver,Female,046,Driver,Not Thrown Out,By Private,Fitted - Worn,Motor Cars - Sedan,Full,Straight Ahead,2.0,2 Metropolitan,2,2,Monday,06:30 pm,60,Cross Road,Straight road,Level,Dry,Not Raining,Daylight,Right Angle,Give Way Sign
2018-1336-15/08/2019,1,2,Passenger,Male,009,Front Seat Left Passenger,Not Thrown Out,By Private,Fitted - Worn,Motor Cars - Sedan,Full,Straight Ahead,2.0,2 Metropolitan,2,2,Monday,06:30 pm,60,Cross Road,Straight road,Level,Dry,Not Raining,Daylight,Right Angle,Give Way Sign
2018-1338-15/08/2019,1,1,Driver,Female,070,Driver,Not Thrown Out,Treated at Hospital,Fitted - Worn,Motor Cars - Sedan,Full,Straight Ahead,1.0,2 Metropolitan,2,1,Monday,06:40 pm,50,Not Divided,Straight road,Level,Dry,Not Raining,Daylight,Hit Parked Vehicle,No Control
2018-1339-15/08/2019,1,1,Driver,Female,061,Driver,Not Thrown Out,Treated at Hospital,Fitted - Worn,Motor Cars - Sedan,Full,U Turn,1.0,2 Metropolitan,3,1,Monday,02:35 pm,40,Not Divided,Straight road,Level,Dry,Not Raining,Daylight,Hit Fixed Object,No Control
2018-1343-15/08/2019,2,1,Rider,Male,044,,Thrown Out,Treated at Hospital,,Pedal Cycle,,Straight Ahead,1.0,2 Metropolitan,2,1,Monday,05:45 pm,60,T-Junction,Straight road,Level,Dry,Not Raining,Daylight,Right Turn,Stop Sign
2018-1345-15/08/2019,2,1,Rider,Male,XXX,,Thrown Out,Treated at Hospital,,Pedal Cycle,,Straight Ahead,1.0,1 City,2,1,Tuesday,06:45 am,50,T-Junction,Straight road,Level,Dry,Not Raining,Daylight,Right Turn,No Control
2018-1349-15/08/2019,1,1,Passenger,Male,007,Front Seat Left Passenger,Not Thrown Out,Treated at Hospital,Fitted - Worn,Panel Van,Full,Straight Ahead,2.0,3 Country,2,1,Friday,12:16 pm,100,Not Divided,"CURVED, VIEW OBSCURED",Slope,Dry,Not Raining,Daylight,Side Swipe,No Control
2018-1350-15/08/2019,2,1,Driver,Male,040,Driver,Not Thrown Out,Treated at Hospital,Fitted - Worn,Utility,Full,Straight Ahead,1.0,2 Metropolitan,2,1,Tuesday,06:00 am,50,T-Junction,Straight road,Level,Dry,Not Raining,Night,Right Angle,No Control
2018-1352-15/08/2019,1,1,Driver,Male,029,Driver,Not Thrown Out,By Private,Fitted - Worn,Motor Cars - Sedan,Full,Straight Ahead,1.0,2 Metropolitan,2,1,Tuesday,07:30 am,60,Divided Road,Straight road,Level,Dry,Not Raining,Daylight,Side Swipe,No Control
2018-1353-15/08/2019,2,1,Driver,Male,028,Driver,Not Thrown Out,Treated at Hospital,Fitted - Worn,Motor Cars - Sedan,Full,Straight Ahead,1.0,2 Metropolitan,3,1,Tuesday,07:45 am,60,Cross Road,Straight road,Level,Dry,Not Raining,Daylight,Right Angle,Traffic Signals
2018-1356-15/08/2019,2,1,Pedestrian,Male,066,,,Treated at Hospital,,Pedestrian on Road,,Crossing without Control,,2 Metropolitan,2,1,Tuesday,08:35 am,60,Cross Road,Straight road,Level,Dry,Not Raining,Daylight,Hit Pedestrian,No Control
2018-1360-15/08/2019,1,1,Driver,Female,075,Driver,Not Thrown Out,Treated at Hospital,Fitted - Worn,Motor Cars - Sedan,Full,Straight Ahead,1.0,3 Country,2,1,Monday,10:00 am,50,T-Junction,Straight road,Level,Dry,Not Raining,Daylight,Right Angle,No Control
2018-1361-15/08/2019,1,1,Driver,Male,040,Driver,Not Thrown Out,By Private,Fitted - Worn,Motor Cars - Sedan,Full,Stopped on Carriageway,1.0,2 Metropolitan,2,1,Monday,09:30 am,60,T-Junction,Straight road,Level,Dry,Not Raining,Daylight,Rear End,Traffic Signals
2018-1363-15/08/2019,2,1,Driver,Female,053,Driver,Not Thrown Out,Treated at Hospital,Fitted - Worn,Motor Cars - Sedan,Full,Straight Ahead,1.0,2 Metropolitan,2,1,Tuesday,08:55 am,80,Divided Road,Straight road,Level,Dry,Not Raining,Daylight,Side Swipe,No Control
2018-1364-15/08/2019,3,1,Rider,Male,049,,Thrown Out,Treated at Hospital,,Pedal Cycle,,Straight Ahead,1.0,2 Metropolitan,9,1,Tuesday,07:20 am,60,Cross Road,Straight road,Level,Dry,Not Raining,Daylight,Side Swipe,Give Way Sign
2018-1368-15/08/2019,1,1,Rider,Male,026,Rider of Motorcycle,Thrown Out,Admitted to Hospital,,Motor Cycle,Provisional 2,Straight Ahead,1.0,2 Metropolitan,2,1,Tuesday,07:45 am,80,T-Junction,Straight road,Level,Dry,Not Raining,Daylight,Right Angle,No Control
2018-1370-15/08/2019,2,1,Driver,Male,032,Driver,Not Thrown Out,Treated at Hospital,Fitted - Worn,Station Wagon,Full,Right Turn,1.0,2 Metropolitan,2,1,Tuesday,11:50 am,60,T-Junction,Straight road,Level,Dry,Not Raining,Daylight,Right Angle,No Control
2018-1373-15/08/2019,2,1,Driver,Female,047,Driver,Not Thrown Out,Treated at Hospital,Fitted - Worn,Motor Cars - Sedan,Full,Left Turn,1.0,2 Metropolitan,2,1,Tuesday,11:00 am,80,Cross Road,Straight road,Level,Dry,Not Raining,Daylight,Rear End,Give Way Sign
2018-1375-15/08/2019,1,1,Driver,Female,045,Driver,Not Thrown Out,By Private,Fitted - Worn,Motor Cars - Sedan,Full,Straight Ahead,1.0,2 Metropolitan,2,1,Monday,03:45 pm,60,Divided Road,Straight road,Level,Dry,Not Raining,Daylight,Rear End,No Control
2018-1383-15/08/2019,1,1,Driver,Female,043,Driver,Not Thrown Out,By Private,Fitted - Worn,Station Wagon,Full,Left Turn,1.0,2 Metropolitan,2,1,Tuesday,06:10 pm,50,T-Junction,Straight road,Level,Dry,Not Raining,Daylight,Rear End,Give Way Sign
2018-1384-15/08/2019,2,1,Passenger,Female,022,Front Seat Left Passenger,Not Thrown Out,Treated at Hospital,Fitted - Worn,Motor Cars - Sedan,Full,Right Turn,2.0,2 Metropolitan,2,1,Tuesday,06:00 pm,60,T-Junction,Straight road,Level,Dry,Not Raining,Daylight,Right Turn,No Control
2018-1387-15/08/2019,1,1,Driver,Female,030,Driver,Not Thrown Out,Treated at Hospital,Fitted - Worn,Motor Cars - Sedan,Full,Straight Ahead,1.0,2 Metropolitan,2,1,Tuesday,06:15 pm,60,Cross Road,Straight road,Level,Dry,Not Raining,Daylight,Rear End,Traffic Signals
2018-1390-15/08/2019,2,1,Driver,Female,062,Driver,Not Thrown Out,By Private,Fitted - Worn,Motor Cars - Sedan,Full,Left Turn,1.0,2 Metropolitan,2,1,Tuesday,09:00 am,60,Cross Road,"CURVED, VIEW OPEN",Slope,Dry,Not Raining,Daylight,Rear End,Traffic Signals
2018-1391-15/08/2019,1,1,Passenger,Female,051,Front Seat Left Passenger,Not Thrown Out,Treated at Hospital,Fitted - Worn,Motor Cars - Sedan,Full,Stopped on Carriageway,2.0,2 Metropolitan,2,1,Tuesday,03:30 pm,60,Not Divided,Straight road,Level,Dry,Not Raining,Daylight,Rear End,No Control
2018-1395-15/08/2019,1,1,Driver,Male,055,Driver,Not Thrown Out,Treated at Hospital,Fitted - Worn,Station Wagon,Full,Straight Ahead,1.0,2 Metropolitan,3,1,Tuesday,08:53 pm,60,Divided Road,Straight road,Level,Dry,Not Raining,Night,Hit Fixed Object,No Control
2018-1404-15/08/2019,1,1,Rider,Male,059,Rider of Motorcycle,Thrown Out,Admitted to Hospital,,Motor Cycle,Full,Straight Ahead,1.0,2 Metropolitan,2,1,Wednesday,09:00 am,80,T-Junction,Straight road,Level,Dry,Not Raining,Daylight,Right Angle,No Control
2018-1408-15/08/2019,1,1,Driver,Male,042,Driver,Not Thrown Out,By Private,Fitted - Worn,Station Wagon,Full,Stopped on Carriageway,1.0,2 Metropolitan,2,1,Wednesday,08:05 am,60,Cross Road,Straight road,Level,Dry,Not Raining,Daylight,Side Swipe,Traffic Signals
2018-1410-15/08/2019,1,1,Driver,Female,022,Driver,Not Thrown Out,By Private,Fitted - Worn,Station Wagon,Full,Straight Ahead,1.0,2 Metropolitan,2,1,Tuesday,09:00 pm,60,Divided Road,Straight road,Level,Dry,Not Raining,Night,Rear End,No Control
2018-1412-15/08/2019,2,1,Driver,Female,065,Driver,Not Thrown Out,Treated at Hospital,Fitted - Worn,Motor Cars - Sedan,Full,Swerving,2.0,2 Metropolitan,2,2,Wednesday,10:25 am,90,Divided Road,Straight road,Level,Dry,Not Raining,Daylight,Side Swipe,No Control
2018-1412-15/08/2019,2,2,Passenger,Female,090,Front Seat Left Passenger,Not Thrown Out,Treated at Hospital,Fitted - Worn,Motor Cars - Sedan,Full,Swerving,2.0,2 Metropolitan,2,2,Wednesday,10:25 am,90,Divided Road,Straight road,Level,Dry,Not Raining,Daylight,Side Swipe,No Control
2018-1414-15/08/2019,1,1,Driver,Female,061,Driver,Not Thrown Out,By Private,Fitted - Worn,Motor Cars - Sedan,Full,Stopped on Carriageway,1.0,2 Metropolitan,2,1,Wednesday,09:00 am,60,Divided Road,Straight road,Level,Dry,Not Raining,Daylight,Rear End,No Control
2018-1415-15/08/2019,1,1,Driver,Female,031,Driver,Not Thrown Out,Treated at Hospital,Fitted - Unknown if Worn,Motor Cars - Sedan,Full,Straight Ahead,1.0,2 Metropolitan,2,1,Wednesday,09:20 am,60,Cross Road,Straight road,Level,Dry,Not Raining,Daylight,Right Turn,Traffic Signals
2018-1416-15/08/2019,1,1,Driver,Male,050,Driver,Not Thrown Out,Treated at Hospital,Fitted - Worn,Utility,Full,Straight Ahead,1.0,3 Country,2,1,Wednesday,09:55 am,80,Cross Road,Straight road,Level,Dry,Not Raining,Daylight,Right Angle,Stop Sign
2018-1421-15/08/2019,2,1,Driver,Male,060,Driver,Not Thrown Out,Treated at Hospital,Fitted - Worn,Station Wagon,Full,Straight Ahead,1.0,2 Metropolitan,3,1,Wednesday,03:06 pm,60,Divided Road,Straight road,Level,Dry,Not Raining,Daylight,Rear End,No Control
2018-1422-15/08/2019,1,1,Driver,Female,043,Driver,Not Thrown Out,By Private,Fitted - Worn,Station Wagon,Full,Stopped on Carriageway,1.0,2 Metropolitan,2,1,Wednesday,11:50 am,60,Cross Road,Straight road,Level,Dry,Not Raining,Daylight,Rear End,Traffic Signals
2018-1424-15/08/2019,2,1,Rider,Male,034,Rider of Motorcycle,Thrown Out,Admitted to Hospital,,Motor Cycle,Full,Leaving Private Driveway,1.0,2 Metropolitan,2,1,Wednesday,04:22 pm,70,Divided Road,Straight road,Level,Dry,Not Raining,Daylight,Right Angle,No Control
2018-1425-15/08/2019,1,1,Rider,Male,053,Rider of Motorcycle,Thrown Out,By Private,,Motor Cycle,Full,Straight Ahead,1.0,2 Metropolitan,3,1,Wednesday,03:55 pm,60,Not Divided,Straight road,Level,Dry,Not Raining,Daylight,Rear End,No Control
2018-1428-15/08/2019,1,1,Driver,Male,017,Driver,Not Thrown Out,Treated at Hospital,Fitted - Worn,Motor Cars - Sedan,Provisional 1 ,Straight Ahead,1.0,2 Metropolitan,2,1,Wednesday,04:14 pm,80,Not Divided,"CURVED, VIEW OPEN",Level,Dry,Not Raining,Daylight,Hit Fixed Object,No Control
2018-1435-15/08/2019,1,1,Rider,Female,026,Rider of Motorcycle,Thrown Out,Treated at Hospital,,Motor Cycle,Full,Swerving,1.0,2 Metropolitan,1,1,Wednesday,10:06 pm,50,Not Divided,Straight road,Level,Dry,Not Raining,Night,Roll Over,No Control
2018-1436-15/08/2019,1,1,Driver,Female,042,Driver,Not Thrown Out,Treated at Hospital,Fitted - Worn,Motor Cars - Sedan,Full,Stopped on Carriageway,1.0,2 Metropolitan,2,1,Thursday,06:15 am,90,Interchange,Straight road,Level,Dry,Not Raining,Night,Rear End,No Control
2018-1438-15/08/2019,2,1,Passenger,Female,022,Front Seat Left Passenger,Not Thrown Out,Treated at Hospital,Fitted - Worn,Motor Cars - Sedan,Provisional 2,Straight Ahead,2.0,2 Metropolitan,2,1,Thursday,07:40 am,60,Divided Road,Straight road,Level,Dry,Not Raining,Daylight,Rear End,No Control
2018-1439-15/08/2019,1,1,Driver,Female,062,Driver,Not Thrown Out,Treated at Hospital,Fitted - Worn,Station Wagon,Full,Straight Ahead,1.0,2 Metropolitan,2,1,Thursday,08:54 am,60,Not Divided,Straight road,Level,Dry,Not Raining,Daylight,Right Angle,No Control
2018-1442-15/08/2019,1,1,Driver,Male,044,Driver,Not Thrown Out,By Private,Fitted - Worn,Station Wagon,Full,Stopped on Carriageway,1.0,2 Metropolitan,2,1,Thursday,08:20 am,50,T-Junction,Straight road,Level,Dry,Not Raining,Daylight,Rear End,No Control
2018-1443-15/08/2019,1,1,Driver,Male,033,Driver,Not Thrown Out,Treated at Hospital,Fitted - Not Worn,SEMI TRAILER,Full,Straight Ahead,1.0,3 Country,1,1,Thursday,07:34 am,110,Divided Road,Straight road,Level,Dry,Not Raining,Daylight,Roll Over,No Control
2018-1444-15/08/2019,1,1,Passenger,Male,011,Front Seat Left Passenger,Not Thrown Out,Treated at Hospital,Fitted - Worn,Station Wagon,Full,Straight Ahead,2.0,2 Metropolitan,2,1,Thursday,08:35 am,60,Divided Road,Straight road,Level,Dry,Not Raining,Daylight,Hit Fixed Object,No Control
2018-1445-15/08/2019,2,1,Rider,Female,042,,Thrown Out,Treated at Hospital,,Pedal Cycle,,Straight Ahead,1.0,2 Metropolitan,2,1,Thursday,09:00 am,60,T-Junction,Straight road,Level,Dry,Not Raining,Daylight,Right Turn,No Control
2018-1447-15/08/2019,1,1,Driver,Male,040,Driver,Not Thrown Out,Admitted to Hospital,Fitted - Unknown if Worn,Utility,Full,Straight Ahead,1.0,2 Metropolitan,2,1,Thursday,07:35 am,80,Not Divided,"CURVED, VIEW OPEN",Level,Dry,Not Raining,Daylight,Hit Fixed Object,No Control
2018-1451-15/08/2019,1,1,Driver,Female,042,Driver,Not Thrown Out,By Private,Fitted - Worn,Station Wagon,Full,Straight Ahead,3.0,2 Metropolitan,2,1,Thursday,08:05 am,60,Not Divided,Straight road,Level,Dry,Not Raining,Daylight,Rear End,No Control
2018-1453-15/08/2019,1,1,Driver,Female,042,Driver,Not Thrown Out,By Private,Fitted - Worn,Motor Cars - Sedan,Full,Stopped on Carriageway,1.0,2 Metropolitan,2,1,Wednesday,03:55 pm,60,Not Divided,Straight road,Level,Dry,Not Raining,Daylight,Rear End,No Control
2018-1455-15/08/2019,2,1,Rider,Female,041,,Thrown Out,Treated at Hospital,,Pedal Cycle,,Straight Ahead,1.0,1 City,2,1,Thursday,07:50 am,50,Cross Road,Straight road,Level,Dry,Not Raining,Daylight,Right Turn,Traffic Signals
2018-1459-15/08/2019,1,1,Driver,Female,035,Driver,Not Thrown Out,By Private,Fitted - Worn,Motor Cars - Sedan,Full,Stopped on Carriageway,1.0,2 Metropolitan,2,1,Thursday,07:30 am,60,Cross Road,"CURVED, VIEW OPEN",Level,Dry,Not Raining,Daylight,Rear End,Traffic Signals
2018-1462-15/08/2019,2,1,Rider,Male,018,Rider of Motorcycle,Thrown Out,Admitted to Hospital,,Motor Cycle,Provisional 1 ,Straight Ahead,1.0,2 Metropolitan,2,1,Thursday,08:00 am,60,Cross Road,Straight road,Level,Dry,Not Raining,Daylight,Right Angle,Give Way Sign
2018-1464-15/08/2019,1,1,Driver,Male,024,Driver,Not Thrown Out,Treated at Hospital,Fitted - Worn,Motor Cars - Sedan,Full,Straight Ahead,1.0,3 Country,2,1,Thursday,07:45 am,100,Not Divided,Straight road,Level,Dry,Not Raining,Daylight,Hit Animal,No Control
2018-1470-15/08/2019,2,1,Driver,Female,024,Driver,Not Thrown Out,Treated at Hospital,Fitted - Worn,Motor Cars - Sedan,Full,Straight Ahead,1.0,2 Metropolitan,2,1,Thursday,05:11 pm,80,Cross Road,Straight road,Level,Dry,Not Raining,Daylight,Rear End,Traffic Signals
2018-1471-15/08/2019,1,1,Rider,Male,018,Rider of Motorcycle,Thrown Out,Treated at Hospital,,Motor Cycle,Learners,Right Turn,1.0,2 Metropolitan,2,1,Thursday,05:24 pm,60,Cross Road,Straight road,Level,Dry,Not Raining,Daylight,Right Angle,Roundabout
2018-1473-15/08/2019,2,1,Driver,Female,027,Driver,Not Thrown Out,Treated at Hospital,Fitted - Worn,Motor Cars - Sedan,Learners,Straight Ahead,2.0,2 Metropolitan,2,1,Thursday,05:20 pm,60,Cross Road,Straight road,Level,Dry,Not Raining,Daylight,Right Turn,Traffic Signals
2018-1478-15/08/2019,1,1,Rider,Female,016,Rider of Motorcycle,Thrown Out,Treated at Hospital,,Scooter,Learners,Right Turn,1.0,2 Metropolitan,2,1,Thursday,03:40 pm,50,Cross Road,Straight road,Slope,Dry,Not Raining,Daylight,Rear End,Roundabout
2018-1483-15/08/2019,1,1,Rider,Male,023,Rider of Motorcycle,Thrown Out,Treated at Hospital,,Motor Cycle,Full,Swerving,1.0,3 Country,2,1,Thursday,06:18 pm,100,Not Divided,"CURVED, VIEW OBSCURED",Slope,Dry,Not Raining,Daylight,Hit Fixed Object,No Control
2018-1484-15/08/2019,1,1,Driver,Male,052,Driver,Not Thrown Out,Treated at Hospital,Fitted - Worn,Utility,Full,Straight Ahead,1.0,3 Country,4,3,Friday,06:40 am,110,T-Junction,Straight road,Level,Dry,Not Raining,Night,Right Angle,Give Way Sign
2018-1484-15/08/2019,2,1,Driver,Female,057,Driver,Not Thrown Out,Treated at Hospital,Fitted - Worn,Motor Cars - Sedan,Full,Right Turn,2.0,3 Country,4,3,Friday,06:40 am,110,T-Junction,Straight road,Level,Dry,Not Raining,Night,Right Angle,Give Way Sign
2018-1484-15/08/2019,2,2,Passenger,Male,058,Front Seat Left Passenger,Not Thrown Out,Treated at Hospital,Fitted - Worn,Motor Cars - Sedan,Full,Right Turn,2.0,3 Country,4,3,Friday,06:40 am,110,T-Junction,Straight road,Level,Dry,Not Raining,Night,Right Angle,Give Way Sign
2018-1489-15/08/2019,2,1,Driver,Male,032,Driver,Not Thrown Out,By Private,Fitted - Worn,Motor Cars - Sedan,Full,Stopped on Carriageway,1.0,1 City,3,2,Friday,08:10 am,50,Divided Road,Straight road,Level,Dry,Not Raining,Daylight,Rear End,No Control
2018-1489-15/08/2019,3,1,Driver,Male,022,Driver,Not Thrown Out,By Private,Fitted - Worn,Motor Cars - Sedan,Provisional 2,Stopped on Carriageway,2.0,1 City,3,2,Friday,08:10 am,50,Divided Road,Straight road,Level,Dry,Not Raining,Daylight,Rear End,No Control
2018-1490-15/08/2019,2,1,Rider,Male,048,,Thrown Out,Treated at Hospital,,Pedal Cycle,,Straight Ahead,1.0,2 Metropolitan,2,1,Friday,07:55 am,50,Cross Road,Straight road,Level,Dry,Not Raining,Daylight,Right Angle,Roundabout
2018-1491-15/08/2019,1,1,Rider,Female,016,,Thrown Out,Treated at Hospital,,Pedal Cycle,,Straight Ahead,1.0,2 Metropolitan,2,1,Friday,08:30 am,50,Not Divided,Straight road,Level,Dry,Not Raining,Daylight,Right Angle,No Control
2018-1492-15/08/2019,1,1,Rider,Male,058,Rider of Motorcycle,Thrown Out,Treated at Hospital,,Scooter,Full,Straight Ahead,1.0,1 City,1,1,Thursday,01:00 pm,50,T-Junction,Straight road,Level,Dry,Not Raining,Daylight,Roll Over,No Control
2018-1493-15/08/2019,1,1,Driver,Female,027,Driver,Not Thrown Out,Treated at Hospital,Fitted - Worn,Motor Cars - Sedan,Unknown,Straight Ahead,3.0,3 Country,3,1,Friday,08:50 am,100,Not Divided,"CURVED, VIEW OBSCURED",Slope,Wet,Raining,Daylight,Hit Fixed Object,No Control
2018-1496-15/08/2019,1,1,Driver,Male,047,Driver,Not Thrown Out,Treated at Hospital,Fitted - Worn,Motor Cars - Sedan,Full,Straight Ahead,1.0,2 Metropolitan,2,1,Thursday,01:10 pm,60,Divided Road,Straight road,Level,Dry,Not Raining,Daylight,Side Swipe,No Control
2018-1498-15/08/2019,1,1,Driver,Female,038,Driver,Not Thrown Out,Treated at Hospital,Fitted - Worn,Motor Cars - Sedan,Provisional 1 ,Overtaking - on Left,2.0,2 Metropolitan,1,1,Friday,01:00 pm,60,Not Divided,Straight road,Level,Dry,Not Raining,Daylight,Roll Over,No Control
2018-1499-15/08/2019,2,1,Driver,Male,035,Driver,Not Thrown Out,By Private,Fitted - Worn,Motor Cars - Sedan,Full,Stopped on Carriageway,1.0,2 Metropolitan,2,1,Thursday,05:20 pm,60,Divided Road,Straight road,Slope,Dry,Not Raining,Daylight,Rear End,No Control
2018-1506-15/08/2019,1,1,Rider,Male,042,Rider of Motorcycle,Thrown Out,Admitted to Hospital,,Motor Cycle,Probationary,Straight Ahead,1.0,3 Country,1,1,Friday,01:10 pm,110,Not Divided,"CURVED, VIEW OPEN",Slope,Dry,Not Raining,Daylight,Left Road - Out of Control,No Control
2018-1508-15/08/2019,1,1,Rider,Male,051,Rider of Motorcycle,Thrown Out,Admitted to Hospital,,Motor Cycle,Unlicenced,Straight Ahead,1.0,2 Metropolitan,1,1,Friday,02:40 pm,60,Cross Road,Straight road,Level,Dry,Not Raining,Daylight,Roll Over,Roundabout
2018-1509-15/08/2019,1,1,Rider,Female,026,,Thrown Out,By Private,,Pedal Cycle,,Straight Ahead,1.0,2 Metropolitan,1,1,Thursday,08:38 am,60,Divided Road,Straight road,Level,Dry,Not Raining,Daylight,Roll Over,No Control
2018-1512-15/08/2019,2,1,Pedestrian,Male,014,,,By Private,,Pedestrian on Footpath/Carpark,,Walking on Footpath,,2 Metropolitan,5,1,Friday,03:12 pm,50,Not Divided,Straight road,Level,Dry,Not Raining,Daylight,Hit Pedestrian,No Control
2018-1513-15/08/2019,1,1,Driver,Female,045,Driver,Not Thrown Out,By Private,Fitted - Worn,Station Wagon,Full,Straight Ahead,3.0,2 Metropolitan,2,3,Friday,04:00 pm,60,T-Junction,Straight road,Level,Dry,Not Raining,Daylight,Right Angle,No Control
2018-1513-15/08/2019,1,2,Passenger,Female,013,Front Seat Left Passenger,Not Thrown Out,By Private,Fitted - Worn,Station Wagon,Full,Straight Ahead,3.0,2 Metropolitan,2,3,Friday,04:00 pm,60,T-Junction,Straight road,Level,Dry,Not Raining,Daylight,Right Angle,No Control
2018-1513-15/08/2019,1,3,Passenger,Male,012,Rear Seat Right Passenger,Not Thrown Out,By Private,Fitted - Worn,Station Wagon,Full,Straight Ahead,3.0,2 Metropolitan,2,3,Friday,04:00 pm,60,T-Junction,Straight road,Level,Dry,Not Raining,Daylight,Right Angle,No Control
2018-1517-15/08/2019,2,1,Driver,Female,085,Driver,Not Thrown Out,Treated at Hospital,Fitted - Worn,Motor Cars - Sedan,Full,Straight Ahead,1.0,2 Metropolitan,2,1,Friday,05:30 pm,60,Multiple,Straight road,Level,Dry,Not Raining,Daylight,Right Angle,Traffic Signals
2018-1518-15/08/2019,2,1,Driver,Female,037,Driver,Not Thrown Out,By Private,Fitted - Worn,Motor Cars - Sedan,Full,Stopped on Carriageway,1.0,2 Metropolitan,3,1,Friday,01:45 pm,60,T-Junction,Straight road,Level,Dry,Not Raining,Daylight,Rear End,No Control
2018-1526-15/08/2019,1,1,Rider,Male,025,Rider of Motorcycle,Thrown Out,Treated at Hospital,,Motor Cycle,Full,Straight Ahead,1.0,2 Metropolitan,2,1,Friday,10:00 pm,60,T-Junction,Straight road,Level,Dry,Not Raining,Night,Right Turn,No Control
2018-1532-15/08/2019,1,1,Rider,Male,019,Rider of Motorcycle,Thrown Out,Treated at Hospital,,Motor Cycle,Provisional 2,Straight Ahead,1.0,2 Metropolitan,2,1,Saturday,09:25 am,90,T-Junction,Straight road,Level,Dry,Not Raining,Daylight,Rear End,Traffic Signals
2018-1533-15/08/2019,1,1,Driver,Female,051,Driver,Not Thrown Out,Treated at Hospital,Fitted - Unknown if Worn,Motor Cars - Sedan,Full,Stopped on Carriageway,1.0,2 Metropolitan,2,1,Friday,08:50 am,60,Divided Road,Straight road,Level,Dry,Not Raining,Daylight,Rear End,No Control
2018-1534-15/08/2019,1,1,Driver,Female,044,Driver,Not Thrown Out,By Private,Fitted - Worn,Motor Cars - Sedan,Full,Stopped on Carriageway,1.0,2 Metropolitan,2,1,Friday,03:20 pm,60,T-Junction,Straight road,Level,Dry,Not Raining,Daylight,Rear End,Traffic Signals
2018-1535-15/08/2019,1,1,Rider,Female,049,,Thrown Out,Treated at Hospital,,Pedal Cycle,,Straight Ahead,1.0,2 Metropolitan,1,1,Friday,03:30 pm,50,Divided Road,Straight road,Level,Dry,Not Raining,Daylight,Roll Over,No Control
2018-1539-15/08/2019,1,1,Rider,Male,071,Rider of Motorcycle,Thrown Out,Treated at Hospital,,Motor Cycle,Full,Straight Ahead,1.0,3 Country,2,1,Saturday,09:30 am,100,Not Divided,"CURVED, VIEW OBSCURED",Slope,Dry,Not Raining,Daylight,Hit Animal,No Control
2018-1540-15/08/2019,1,1,Driver,Female,018,Driver,Not Thrown Out,By Private,Fitted - Worn,Motor Cars - Sedan,Provisional 2,Straight Ahead,2.0,3 Country,2,1,Friday,07:00 pm,80,Not Divided,Straight road,Level,Dry,Not Raining,Daylight,Side Swipe,No Control
2018-1543-15/08/2019,1,1,Rider,Male,035,,Thrown Out,Treated at Hospital,,Pedal Cycle,,Straight Ahead,1.0,2 Metropolitan,1,1,Saturday,09:41 am,80,Not Divided,"CURVED, VIEW OPEN",Crest of Hill,Dry,Not Raining,Daylight,Roll Over,No Control
2018-1546-15/08/2019,2,1,Driver,Female,068,Driver,Not Thrown Out,By Private,Fitted - Worn,Motor Cars - Sedan,Full,Straight Ahead,1.0,2 Metropolitan,2,1,Saturday,12:30 pm,50,T-Junction,Straight road,Level,Dry,Not Raining,Daylight,Right Turn,No Control
2018-1547-15/08/2019,1,1,Driver,Male,044,Driver,Not Thrown Out,By Private,Fitted - Worn,Station Wagon,Full,Entering Private Driveway,4.0,2 Metropolitan,2,1,Saturday,12:50 pm,60,Not Divided,Straight road,Slope,Dry,Not Raining,Daylight,Rear End,No Control
2018-1549-15/08/2019,1,1,Driver,Female,037,Driver,Not Thrown Out,Treated at Hospital,Fitted - Worn,Station Wagon,Full,Straight Ahead,1.0,2 Metropolitan,3,2,Saturday,11:00 am,80,Cross Road,Straight road,Level,Dry,Not Raining,Daylight,Rear End,Traffic Signals