REPORT_ID,UND_UNIT_NUMBER,CASUALTY_NUMBER,Casualty Type,Sex_x,AGE,Position In Veh,Thrown Out,Injury Extent,Seat Belt,Unit Type,Licence Type,Unit Movement,Number Occupants,Stats Area,Total Units,Total Cas,Day,Time,Area Speed,Position Type,Horizontal Align,Vertical Align,Moisture Cond,Weather Cond,DayNight,Crash Type,Traffic Ctrls
2018-2477-15/08/2019,2,3,Passenger,Male,XXX,Rear Seat Left Passenger,Not Thrown Out,Treated at Hospital,Fitted - Worn,Utility,Full,Straight Ahead,3.0,3 Country,2,6,Monday,09:42 pm,50,Cross Road,Straight road,Level,Dry,Not Raining,Night,Right Angle,Stop Sign
2018-2478-15/08/2019,1,1,Driver,Male,023,Driver,Not Thrown Out,Treated at Hospital,Fitted - Worn,Motor Cars - Sedan,Unknown,Straight Ahead,1.0,2 Metropolitan,2,1,Tuesday,01:49 am,50,Not Divided,Straight road,Level,Dry,Not Raining,Night,Hit Parked Vehicle,No Control
2018-2479-15/08/2019,1,1,Passenger,Female,057,Passenger of Motorcycle,Not Thrown Out,Treated at Hospital,,Motor Cycle,Full,Straight Ahead,2.0,3 Country,2,1,Monday,06:30 am,100,T-Junction,"CURVED, VIEW OBSCURED",Level,Dry,Not Raining,Night,Hit Animal,Give Way Sign
2018-2480-15/08/2019,2,1,Rider,Male,055,,Thrown Out,Treated at Hospital,,Pedal Cycle,,Straight Ahead,1.0,2 Metropolitan,2,1,Tuesday,07:50 am,60,T-Junction,Straight road,Level,Dry,Not Raining,Daylight,Right Angle,No Control
2018-2481-15/08/2019,2,1,Driver,Female,027,Driver,Not Thrown Out,By Private,Fitted - Worn,Motor Cars - Sedan,Full,Straight Ahead,1.0,2 Metropolitan,3,1,Tuesday,07:55 am,60,Divided Road,Straight road,Level,Dry,Not Raining,Daylight,Rear End,No Control
2018-2487-15/08/2019,1,1,Driver,Male,032,Driver,Not Thrown Out,Treated at Hospital,Fitted - Worn,Motor Cars - Sedan,Full,Right Turn,1.0,2 Metropolitan,2,2,Tuesday,10:00 am,60,T-Junction,Straight road,Level,Dry,Not Raining,Daylight,Right Turn,Give Way Sign
2018-2487-15/08/2019,2,1,Driver,Male,052,Driver,Not Thrown Out,Treated at Hospital,Fitted - Worn,Utility,Full,Straight Ahead,1.0,2 Metropolitan,2,2,Tuesday,10:00 am,60,T-Junction,Straight road,Level,Dry,Not Raining,Daylight,Right Turn,Give Way Sign
2018-2491-15/08/2019,1,1,Driver,Female,069,Driver,Not Thrown Out,Treated at Hospital,Fitted - Worn,Motor Cars - Sedan,Full,Straight Ahead,1.0,2 Metropolitan,2,1,Monday,04:00 pm,100,Freeway,Straight road,Level,Dry,Not Raining,Daylight,Hit Fixed Object,No Control
2018-2492-15/08/2019,1,1,Driver,Male,032,Driver,Not Thrown Out,Treated at Hospital,Fitted - Worn,Motor Cars - Sedan,Full,Straight Ahead,1.0,2 Metropolitan,2,2,Tuesday,01:55 am,50,T-Junction,Straight road,Level,Dry,Not Raining,Night,Right Angle,No Control
2018-2492-15/08/2019,2,1,Driver,Female,026,Driver,Not Thrown Out,Treated at Hospital,Fitted - Worn,Motor Cars - Sedan,Full,Right Turn,1.0,2 Metropolitan,2,2,Tuesday,01:55 am,50,T-Junction,Straight road,Level,Dry,Not Raining,Night,Right Angle,No Control
2018-2493-15/08/2019,1,1,Driver,Female,023,Driver,Not Thrown Out,Treated at Hospital,Fitted - Worn,Station Wagon,Full,Right Turn,3.0,3 Country,2,1,Tuesday,10:27 am,100,T-Junction,"CURVED, VIEW OPEN",Level,Dry,Not Raining,Daylight,Right Angle,Give Way Sign
2018-2497-15/08/2019,1,1,Driver,Female,062,Driver,Not Thrown Out,Treated at Hospital,Fitted - Worn,Motor Cars - Sedan,Full,Swerving,1.0,2 Metropolitan,3,1,Tuesday,01:00 pm,50,Not Divided,Straight road,Level,Dry,Not Raining,Daylight,Hit Parked Vehicle,No Control
2018-2500-15/08/2019,1,1,Driver,Female,024,Driver,Not Thrown Out,Treated at Hospital,Fitted - Worn,Motor Cars - Sedan,Full,Straight Ahead,3.0,2 Metropolitan,2,1,Tuesday,12:30 pm,60,T-Junction,Straight road,Level,Dry,Not Raining,Daylight,Right Angle,No Control
2018-2502-15/08/2019,2,1,Rider,Male,028,Rider of Motorcycle,Thrown Out,Treated at Hospital,,Motor Cycle,Full,Straight Ahead,1.0,2 Metropolitan,2,1,Monday,09:18 pm,50,Not Divided,Straight road,Level,Dry,Not Raining,Night,Rear End,No Control
2018-2503-15/08/2019,1,1,Driver,Male,074,Driver,Not Thrown Out,Treated at Hospital,Fitted - Worn,Motor Cars - Sedan,Full,Straight Ahead,1.0,2 Metropolitan,2,1,Tuesday,01:42 pm,60,Not Divided,Straight road,Level,Dry,Not Raining,Daylight,Hit Parked Vehicle,No Control
2018-2504-15/08/2019,2,1,Rider,Male,060,,Thrown Out,Treated at Hospital,,Pedal Cycle,,Straight Ahead,1.0,3 Country,2,1,Tuesday,02:45 pm,60,Not Divided,Straight road,Level,Dry,Not Raining,Daylight,Right Turn,No Control
2018-2509-15/08/2019,2,1,Passenger,Female,030,Front Seat Left Passenger,Not Thrown Out,Treated at Hospital,Fitted - Worn,Station Wagon,Full,Straight Ahead,3.0,3 Country,4,2,Tuesday,03:22 pm,110,Not Divided,Straight road,Level,Dry,Not Raining,Daylight,Other,No Control
2018-2509-15/08/2019,2,2,Passenger,Male,007,Rear Seat Right Passenger,Not Thrown Out,Treated at Hospital,Fitted - Worn,Station Wagon,Full,Straight Ahead,3.0,3 Country,4,2,Tuesday,03:22 pm,110,Not Divided,Straight road,Level,Dry,Not Raining,Daylight,Other,No Control
2018-2511-15/08/2019,1,1,Driver,Female,036,Driver,Not Thrown Out,By Private,Fitted - Worn,Motor Cars - Sedan,Full,Straight Ahead,1.0,2 Metropolitan,3,1,Tuesday,04:30 pm,90,Divided Road,Straight road,Level,Dry,Not Raining,Daylight,Rear End,No Control
2018-2513-15/08/2019,2,1,Rider,Female,049,,Not Thrown Out,Admitted to Hospital,,Pedal Cycle,,Straight Ahead,1.0,2 Metropolitan,2,1,Tuesday,04:00 pm,50,Not Divided,Straight road,Level,Dry,Not Raining,Daylight,Hit Parked Vehicle,No Control
2018-2514-15/08/2019,2,1,Driver,Male,029,Driver,Not Thrown Out,Treated at Hospital,Fitted - Worn,Motor Cars - Sedan,Full,Stopped on Carriageway,1.0,2 Metropolitan,2,1,Tuesday,04:40 pm,60,Not Divided,Straight road,Slope,Dry,Not Raining,Daylight,Rear End,No Control
2018-2517-15/08/2019,1,1,Driver,Female,070,Driver,Not Thrown Out,By Private,Fitted - Worn,Station Wagon,Full,Straight Ahead,1.0,1 City,2,1,Tuesday,06:45 am,50,Cross Road,Straight road,Level,Dry,Not Raining,Night,Side Swipe,Traffic Signals
2018-2518-15/08/2019,2,1,Driver,Male,030,Driver,Not Thrown Out,Treated at Hospital,Fitted - Worn,Panel Van,Unlicenced,Straight Ahead,1.0,2 Metropolitan,2,1,Tuesday,06:26 pm,60,Cross Road,Straight road,Level,Dry,Not Raining,Daylight,Right Turn,Traffic Signals
2018-2519-15/08/2019,1,1,Driver,Female,022,Driver,Not Thrown Out,By Private,Fitted - Worn,Station Wagon,Full,Stopped on Carriageway,1.0,2 Metropolitan,2,1,Tuesday,03:50 pm,80,T-Junction,"CURVED, VIEW OPEN",Level,Dry,Not Raining,Daylight,Rear End,No Control
2018-2521-15/08/2019,2,1,Driver,Male,044,Driver,Not Thrown Out,Treated at Hospital,Fitted - Worn,Motor Cars - Sedan,Full,Straight Ahead,1.0,2 Metropolitan,2,1,Tuesday,06:40 pm,60,T-Junction,Straight road,Slope,Dry,Not Raining,Daylight,Side Swipe,No Control
2018-2523-15/08/2019,1,1,Driver,Male,059,Driver,Not Thrown Out,Treated at Hospital,Fitted - Worn,Station Wagon,Full,Straight Ahead,1.0,3 Country,3,4,Tuesday,05:19 pm,100,Not Divided,"CURVED, VIEW OPEN",Level,Dry,Not Raining,Daylight,Head On,No Control
2018-2523-15/08/2019,2,1,Driver,Male,046,Driver,Not Thrown Out,Admitted to Hospital,Fitted - Worn,Utility,Full,Straight Ahead,4.0,3 Country,3,4,Tuesday,05:19 pm,100,Not Divided,"CURVED, VIEW OPEN",Level,Dry,Not Raining,Daylight,Head On,No Control
2018-2523-15/08/2019,2,2,Passenger,Female,001,Rear Seat Right Passenger,Not Thrown Out,Admitted to Hospital,Fitted - Worn,Utility,Full,Straight Ahead,4.0,3 Country,3,4,Tuesday,05:19 pm,100,Not Divided,"CURVED, VIEW OPEN",Level,Dry,Not Raining,Daylight,Head On,No Control
2018-2523-15/08/2019,2,3,Passenger,Female,004,Rear Seat Left Passenger,Not Thrown Out,Treated at Hospital,Fitted - Worn,Utility,Full,Straight Ahead,4.0,3 Country,3,4,Tuesday,05:19 pm,100,Not Divided,"CURVED, VIEW OPEN",Level,Dry,Not Raining,Daylight,Head On,No Control
2018-2526-15/08/2019,1,1,Passenger,Female,035,Front Seat Left Passenger,Not Thrown Out,Treated at Hospital,Fitted - Worn,Station Wagon,Full,Straight Ahead,2.0,3 Country,1,1,Tuesday,08:50 pm,100,Not Divided,"CURVED, VIEW OPEN",Level,Dry,Not Raining,Night,Roll Over,No Control
2018-2530-15/08/2019,1,1,Passenger,Female,042,Rear Seat Right Passenger,Not Thrown Out,Treated at Hospital,Fitted - Worn,Motor Cars - Sedan,Full,Straight Ahead,2.0,2 Metropolitan,2,1,Wednesday,12:30 am,60,Not Divided,"CURVED, VIEW OBSCURED",Slope,Dry,Not Raining,Night,Hit Fixed Object,No Control
2018-2542-15/08/2019,1,1,Driver,Male,058,Driver,Not Thrown Out,By Private,Fitted - Worn,Motor Cars - Sedan,Full,Stopped on Carriageway,1.0,2 Metropolitan,2,1,Wednesday,07:35 am,110,Freeway,Straight road,Level,Dry,Not Raining,Daylight,Rear End,No Control
2018-2543-15/08/2019,1,1,Driver,Female,083,Driver,Not Thrown Out,Treated at Hospital,Fitted - Not Worn,Station Wagon,Full,Straight Ahead,1.0,2 Metropolitan,2,2,Wednesday,10:35 am,50,Cross Road,Straight road,Level,Dry,Not Raining,Daylight,Right Angle,Give Way Sign
2018-2543-15/08/2019,2,1,Driver,Female,032,Driver,Not Thrown Out,Treated at Hospital,Fitted - Worn,Station Wagon,Full,Straight Ahead,1.0,2 Metropolitan,2,2,Wednesday,10:35 am,50,Cross Road,Straight road,Level,Dry,Not Raining,Daylight,Right Angle,Give Way Sign
2018-2548-15/08/2019,1,1,Driver,Male,042,Driver,Thrown Out,Fatal,Fitted - Worn,Motor Cars - Sedan,Provisional 2,Straight Ahead,1.0,3 Country,3,4,Wednesday,06:00 am,110,Not Divided,Straight road,Level,Dry,Not Raining,Night,Head On,No Control
2018-2548-15/08/2019,2,1,Driver,Male,043,Driver,Not Thrown Out,Admitted to Hospital,Fitted - Worn,SEMI TRAILER,Full,Straight Ahead,1.0,3 Country,3,4,Wednesday,06:00 am,110,Not Divided,Straight road,Level,Dry,Not Raining,Night,Head On,No Control
2018-2548-15/08/2019,3,1,Driver,Male,064,Driver,Not Thrown Out,Admitted to Hospital,Fitted - Worn,Forward Control Passenger Van,Full,Straight Ahead,4.0,3 Country,3,4,Wednesday,06:00 am,110,Not Divided,Straight road,Level,Dry,Not Raining,Night,Head On,No Control
2018-2548-15/08/2019,3,2,Passenger,Male,057,Front Seat Left Passenger,Not Thrown Out,Admitted to Hospital,Fitted - Worn,Forward Control Passenger Van,Full,Straight Ahead,4.0,3 Country,3,4,Wednesday,06:00 am,110,Not Divided,Straight road,Level,Dry,Not Raining,Night,Head On,No Control
2018-2549-15/08/2019,2,1,Driver,Female,027,Driver,Not Thrown Out,Treated at Hospital,Fitted - Unknown if Worn,Motor Cars - Sedan,Unlicenced,Straight Ahead,1.0,2 Metropolitan,2,1,Wednesday,01:35 pm,60,Cross Road,Straight road,Level,Dry,Not Raining,Daylight,Rear End,Traffic Signals
2018-2550-15/08/2019,1,1,Driver,Male,022,Driver,Not Thrown Out,Treated at Hospital,Fitted - Worn,Motor Cars - Sedan,Provisional 1 ,Straight Ahead,1.0,3 Country,3,1,Tuesday,08:30 pm,100,T-Junction,Straight road,Level,Dry,Not Raining,Night,Hit Fixed Object,No Control
2018-2551-15/08/2019,1,1,Driver,Male,030,Driver,Not Thrown Out,Treated at Hospital,Fitted - Worn,Motor Cars - Sedan,Full,Straight Ahead,1.0,3 Country,2,1,Wednesday,01:30 pm,100,Not Divided,Straight road,Level,Dry,Not Raining,Daylight,Roll Over,No Control
2018-2553-15/08/2019,2,1,Driver,Male,073,Driver,Not Thrown Out,Treated at Hospital,Fitted - Worn,Station Wagon,Full,Straight Ahead,1.0,3 Country,3,1,Wednesday,01:00 pm,50,Cross Road,Straight road,Level,Dry,Not Raining,Daylight,Right Angle,Stop Sign
2018-2555-15/08/2019,1,1,Driver,Male,065,Driver,Not Thrown Out,Treated at Hospital,Fitted - Unknown if Worn,Panel Van,Full,Straight Ahead,1.0,3 Country,2,1,Wednesday,10:45 am,110,Not Divided,Straight road,Level,Dry,Not Raining,Daylight,Hit Fixed Object,No Control
2018-2558-15/08/2019,1,1,Driver,Female,026,Driver,Not Thrown Out,By Private,Fitted - Worn,Motor Cars - Sedan,Full,Stopped on Carriageway,1.0,2 Metropolitan,2,1,Wednesday,07:40 am,70,T-Junction,Straight road,Level,Dry,Not Raining,Daylight,Rear End,Traffic Signals
2018-2559-15/08/2019,1,1,Rider,Male,057,Rider of Motorcycle,Thrown Out,Treated at Hospital,,Scooter,Full,Straight Ahead,1.0,2 Metropolitan,2,1,Wednesday,04:34 pm,60,Not Divided,Straight road,Level,Dry,Not Raining,Daylight,Roll Over,No Control
2018-2560-15/08/2019,2,1,Driver,Male,037,Driver,Not Thrown Out,Treated at Hospital,Fitted - Worn,Station Wagon,Full,Overtaking - on Right,1.0,2 Metropolitan,2,1,Wednesday,04:43 pm,50,Not Divided,Straight road,Level,Dry,Not Raining,Daylight,Side Swipe,No Control
2018-2563-15/08/2019,2,1,Rider,Male,030,,Thrown Out,Treated at Hospital,,Pedal Cycle,,Straight Ahead,1.0,2 Metropolitan,2,1,Wednesday,05:10 pm,60,T-Junction,Straight road,Level,Dry,Not Raining,Daylight,Right Turn,No Control
2018-2564-15/08/2019,1,1,Driver,Female,048,Driver,Not Thrown Out,Treated at Hospital,Fitted - Worn,Motor Cars - Sedan,Full,Straight Ahead,1.0,2 Metropolitan,2,1,Wednesday,05:45 pm,60,T-Junction,Straight road,Level,Dry,Not Raining,Daylight,Right Angle,No Control
2018-2577-15/08/2019,1,1,Driver,Male,065,Driver,Not Thrown Out,Treated at Hospital,Fitted - Worn,Utility,Full,Straight Ahead,1.0,3 Country,2,1,Wednesday,10:40 am,110,Not Divided,"CURVED, VIEW OPEN",Level,Dry,Not Raining,Daylight,Hit Fixed Object,No Control
2018-2580-15/08/2019,1,1,Rider,Male,017,Rider of Motorcycle,Thrown Out,Admitted to Hospital,,Motor Cycle,Learners,Right Turn,1.0,2 Metropolitan,1,1,Thursday,07:50 am,60,Cross Road,"CURVED, VIEW OPEN",Level,Dry,Not Raining,Daylight,Roll Over,Traffic Signals
2018-2584-15/08/2019,2,1,Driver,Female,055,Driver,Not Thrown Out,By Private,Fitted - Worn,Motor Cars - Sedan,Full,Stopped on Carriageway,1.0,2 Metropolitan,2,1,Thursday,08:45 am,80,Cross Road,Straight road,Level,Dry,Not Raining,Daylight,Rear End,Stop Sign
2018-2585-15/08/2019,1,1,Driver,Female,022,Driver,Not Thrown Out,By Private,Fitted - Worn,Motor Cars - Sedan,Full,Straight Ahead,1.0,1 City,2,1,Friday,04:30 pm,50,Cross Road,Straight road,Level,Dry,Not Raining,Daylight,Right Turn,Traffic Signals
2018-2589-15/08/2019,1,1,Driver,Male,044,Driver,Not Thrown Out,By Private,Fitted - Worn,Utility,Full,Straight Ahead,1.0,2 Metropolitan,2,1,Thursday,06:30 am,90,Divided Road,Straight road,Level,Dry,Not Raining,Night,Rear End,No Control
2018-2590-15/08/2019,1,1,Driver,Female,058,Driver,Not Thrown Out,By Private,Fitted - Worn,Motor Cars - Sedan,Full,Stopped on Carriageway,1.0,2 Metropolitan,2,1,Wednesday,04:15 pm,80,T-Junction,Straight road,Level,Dry,Not Raining,Daylight,Rear End,Give Way Sign
2018-2591-15/08/2019,2,1,Rider,Female,032,,Thrown Out,Treated at Hospital,,Pedal Cycle,,Straight Ahead,1.0,2 Metropolitan,2,1,Thursday,07:50 am,50,T-Junction,Straight road,Level,Dry,Not Raining,Daylight,Right Angle,No Control
2018-2592-15/08/2019,1,1,Driver,Female,030,Driver,Not Thrown Out,By Private,Fitted - Worn,Motor Cars - Sedan,Full,Right Turn,1.0,1 City,2,1,Wednesday,03:00 pm,50,T-Junction,Straight road,Level,Dry,Not Raining,Daylight,Right Turn,No Control
2018-2595-15/08/2019,2,1,Rider,Female,042,,Thrown Out,Treated at Hospital,,Pedal Cycle,,Straight Ahead,1.0,2 Metropolitan,2,1,Thursday,02:28 pm,50,Cross Road,Straight road,Level,Dry,Not Raining,Daylight,Right Angle,No Control
2018-2597-15/08/2019,1,1,Rider,Male,055,Rider of Motorcycle,Thrown Out,Treated at Hospital,,Motor Cycle,Full,Stopped on Carriageway,1.0,2 Metropolitan,2,1,Thursday,03:05 pm,60,Cross Road,Straight road,Level,Dry,Not Raining,Daylight,Side Swipe,Traffic Signals
2018-2599-15/08/2019,2,1,Driver,Female,053,Driver,Not Thrown Out,Treated at Hospital,Fitted - Worn,Motor Cars - Sedan,Full,Straight Ahead,1.0,2 Metropolitan,2,1,Thursday,03:30 pm,40,Cross Road,Straight road,Level,Dry,Not Raining,Daylight,Right Angle,Give Way Sign
2018-2600-15/08/2019,1,1,Driver,Female,072,Driver,Not Thrown Out,Treated at Hospital,Fitted - Worn,Motor Cars - Sedan,Full,Straight Ahead,1.0,1 City,3,1,Thursday,03:25 pm,50,Not Divided,Straight road,Level,Dry,Not Raining,Daylight,Hit Parked Vehicle,No Control
2018-2601-15/08/2019,1,1,Driver,Female,033,Driver,Not Thrown Out,By Private,Fitted - Worn,Station Wagon,Full,Stopped on Carriageway,1.0,2 Metropolitan,2,1,Wednesday,04:58 pm,60,T-Junction,Straight road,Level,Dry,Not Raining,Daylight,Rear End,No Control
2018-2603-15/08/2019,1,1,Driver,Male,XXX,Driver,Not Thrown Out,Treated at Hospital,Fitted - Worn,Station Wagon,Full,Straight Ahead,2.0,2 Metropolitan,3,1,Thursday,02:30 pm,50,T-Junction,Straight road,Level,Dry,Not Raining,Daylight,Head On,Roundabout
2018-2605-15/08/2019,1,1,Driver,Female,024,Driver,Not Thrown Out,Treated at Hospital,Fitted - Worn,Motor Cars - Sedan,Full,Stopped on Carriageway,1.0,3 Country,2,1,Thursday,04:20 pm,50,T-Junction,Straight road,Level,Dry,Not Raining,Daylight,Rear End,No Control
2018-2611-15/08/2019,1,1,Driver,Female,042,Driver,Not Thrown Out,Treated at Hospital,Fitted - Worn,Motor Cars - Sedan,Full,Straight Ahead,1.0,2 Metropolitan,4,1,Thursday,05:10 pm,60,Cross Road,Straight road,Level,Dry,Not Raining,Daylight,Right Turn,Traffic Signals
2018-2613-15/08/2019,2,1,Driver,Female,023,Driver,Not Thrown Out,Treated at Hospital,Fitted - Worn,Motor Cars - Sedan,Full,Straight Ahead,1.0,2 Metropolitan,2,1,Thursday,04:38 pm,50,T-Junction,Straight road,Level,Dry,Not Raining,Daylight,Right Angle,Give Way Sign
2018-2615-15/08/2019,2,1,Pedestrian,Female,029,,,Treated at Hospital,,Pedestrian on Road,,Crossing with Traffic Signals,,1 City,2,1,Thursday,07:25 pm,50,Cross Road,Straight road,Level,Dry,Not Raining,Daylight,Hit Pedestrian,Traffic Signals
2018-2620-15/08/2019,1,1,Driver,Male,020,Driver,Not Thrown Out,Treated at Hospital,Fitted - Unknown if Worn,Motor Cars - Sedan,Provisional 1 ,Straight Ahead,1.0,2 Metropolitan,1,1,Thursday,10:00 pm,100,Other,Straight road,Level,Dry,Not Raining,Night,Roll Over,No Control
2018-2621-15/08/2019,1,1,Driver,Male,021,Driver,Not Thrown Out,Treated at Hospital,Fitted - Worn,Station Wagon,Unknown,Straight Ahead,2.0,3 Country,1,2,Thursday,03:00 pm,100,Not Divided,Straight road,Level,Dry,Not Raining,Daylight,Roll Over,No Control
2018-2621-15/08/2019,1,2,Passenger,Male,022,Front Seat Left Passenger,Thrown Out,Treated at Hospital,Fitted - Not Worn,Station Wagon,Unknown,Straight Ahead,2.0,3 Country,1,2,Thursday,03:00 pm,100,Not Divided,Straight road,Level,Dry,Not Raining,Daylight,Roll Over,No Control
2018-2623-15/08/2019,1,1,Driver,Male,023,Driver,Not Thrown Out,Treated at Hospital,Fitted - Worn,Motor Cars - Sedan,Full,Straight Ahead,1.0,3 Country,2,1,Friday,05:00 am,100,Not Divided,"CURVED, VIEW OBSCURED",Slope,Dry,Not Raining,Night,Hit Fixed Object,No Control
2018-2626-15/08/2019,1,1,Driver,Female,030,Driver,Not Thrown Out,Treated at Hospital,Fitted - Not Worn,Station Wagon,Full,Straight Ahead,1.0,2 Metropolitan,2,1,Thursday,11:45 am,100,Not Divided,"CURVED, VIEW OPEN",Slope,Dry,Not Raining,Daylight,Hit Fixed Object,No Control
2018-2628-15/08/2019,1,1,Rider,Male,050,Rider of Motorcycle,Thrown Out,Treated at Hospital,,Motor Cycle,Full,Straight Ahead,1.0,1 City,2,1,Friday,08:30 am,50,Cross Road,Straight road,Level,Dry,Not Raining,Daylight,Right Turn,Traffic Signals
2018-2629-15/08/2019,2,1,Rider,Male,019,Rider of Motorcycle,Not Thrown Out,Treated at Hospital,,Motor Cycle,Provisional 2,Straight Ahead,2.0,2 Metropolitan,2,1,Friday,06:55 am,90,Divided Road,Straight road,Level,Dry,Not Raining,Night,Rear End,No Control
2018-2630-15/08/2019,1,1,Rider,Male,057,Rider of Motorcycle,Thrown Out,Treated at Hospital,,Motor Cycle,Full,Straight Ahead,1.0,2 Metropolitan,2,1,Friday,07:31 am,90,T-Junction,Straight road,Level,Dry,Not Raining,Daylight,Right Turn,No Control
2018-2634-15/08/2019,2,1,Pedestrian,Male,068,,,Treated at Hospital,,Pedestrian on Road,,Crossing with Traffic Signals,,1 City,2,1,Friday,11:30 am,50,Cross Road,Straight road,Level,Dry,Not Raining,Daylight,Hit Pedestrian,Traffic Signals
2018-2637-15/08/2019,1,1,Driver,Female,021,Driver,Not Thrown Out,By Private,Fitted - Worn,Station Wagon,Full,Straight Ahead,1.0,2 Metropolitan,2,1,Thursday,05:15 pm,50,Not Divided,Straight road,Level,Dry,Not Raining,Daylight,Rear End,No Control
2018-2642-15/08/2019,1,1,Pedestrian,Female,055,,,By Private,,Pedestrian on Road,,Crossing without Control,,2 Metropolitan,2,1,Thursday,05:15 pm,60,T-Junction,Straight road,Level,Dry,Not Raining,Daylight,Hit Pedestrian,Stop Sign
2018-2651-15/08/2019,1,1,Driver,Female,073,Driver,Not Thrown Out,Treated at Hospital,Fitted - Worn,Motor Cars - Sedan,Full,Left Turn,1.0,3 Country,3,1,Friday,02:30 pm,50,T-Junction,"CURVED, VIEW OPEN",Level,Wet,Raining,Daylight,Hit Fixed Object,No Control
2018-2657-15/08/2019,1,1,Driver,Female,059,Driver,Not Thrown Out,Treated at Hospital,Fitted - Worn,Station Wagon,Full,Straight Ahead,1.0,2 Metropolitan,2,3,Friday,03:05 pm,80,T-Junction,"CURVED, VIEW OPEN",Level,Dry,Not Raining,Daylight,Right Angle,No Control
2018-2657-15/08/2019,2,1,Driver,Male,079,Driver,Not Thrown Out,Treated at Hospital,Fitted - Worn,Station Wagon,Full,Right Turn,2.0,2 Metropolitan,2,3,Friday,03:05 pm,80,T-Junction,"CURVED, VIEW OPEN",Level,Dry,Not Raining,Daylight,Right Angle,No Control
2018-2657-15/08/2019,2,2,Passenger,Female,077,Front Seat Left Passenger,Not Thrown Out,Treated at Hospital,Fitted - Worn,Station Wagon,Full,Right Turn,2.0,2 Metropolitan,2,3,Friday,03:05 pm,80,T-Junction,"CURVED, VIEW OPEN",Level,Dry,Not Raining,Daylight,Right Angle,No Control
2018-2662-15/08/2019,2,1,Driver,Male,027,Driver,Not Thrown Out,Admitted to Hospital,Fitted - Worn,Motor Cars - Sedan,Full,Straight Ahead,1.0,2 Metropolitan,2,1,Friday,02:50 pm,60,T-Junction,Straight road,Level,Wet,Raining,Daylight,Right Turn,No Control
2018-2664-15/08/2019,1,1,Driver,Male,058,Driver,Not Thrown Out,Admitted to Hospital,Fitted - Worn,Motor Cars - Sedan,Full,Straight Ahead,1.0,2 Metropolitan,6,2,Friday,05:30 pm,60,Not Divided,Straight road,Level,Dry,Not Raining,Daylight,Rear End,No Control
2018-2664-15/08/2019,2,1,Driver,Female,044,Driver,Not Thrown Out,Admitted to Hospital,Fitted - Worn,Motor Cars - Sedan,Full,Stopped on Carriageway,1.0,2 Metropolitan,6,2,Friday,05:30 pm,60,Not Divided,Straight road,Level,Dry,Not Raining,Daylight,Rear End,No Control
2018-2666-15/08/2019,1,1,Driver,Male,045,Driver,Not Thrown Out,Treated at Hospital,Fitted - Worn,RIGID TRUCK LGE GE 4.5T,Full,Straight Ahead,2.0,3 Country,1,2,Friday,06:14 pm,90,Not Divided,"CURVED, VIEW OPEN",Level,Wet,Raining,Daylight,Roll Over,No Control
2018-2666-15/08/2019,1,2,Passenger,Male,064,Front Seat Left Passenger,Not Thrown Out,Treated at Hospital,Fitted - Worn,RIGID TRUCK LGE GE 4.5T,Full,Straight Ahead,2.0,3 Country,1,2,Friday,06:14 pm,90,Not Divided,"CURVED, VIEW OPEN",Level,Wet,Raining,Daylight,Roll Over,No Control
2018-2667-15/08/2019,1,1,Driver,Female,024,Driver,Not Thrown Out,Treated at Hospital,Fitted - Unknown if Worn,Utility,Unlicenced,Straight Ahead,1.0,1 City,2,1,Friday,05:52 pm,50,Cross Road,Straight road,Slope,Dry,Not Raining,Daylight,Rear End,Traffic Signals
2018-2670-15/08/2019,1,1,Driver,Female,021,Driver,Not Thrown Out,Treated at Hospital,Fitted - Worn,Motor Cars - Sedan,Full,Straight Ahead,1.0,2 Metropolitan,2,1,Friday,11:00 am,50,Not Divided,Straight road,Level,Dry,Not Raining,Daylight,Side Swipe,No Control
2018-2671-15/08/2019,1,1,Driver,Male,018,Driver,Not Thrown Out,Treated at Hospital,Fitted - Worn,Motor Cars - Sedan,Provisional 1 ,Straight Ahead,1.0,2 Metropolitan,2,1,Friday,11:18 pm,60,Not Divided,"CURVED, VIEW OPEN",Slope,Dry,Not Raining,Night,Roll Over,No Control
2018-2674-15/08/2019,1,1,Driver,Female,028,Driver,Not Thrown Out,By Private,Fitted - Worn,Motor Cars - Sedan,Provisional 2,Stopped on Carriageway,3.0,2 Metropolitan,2,1,Friday,02:45 pm,60,Divided Road,Straight road,Level,Wet,Raining,Daylight,Rear End,No Control
2018-2682-15/08/2019,1,1,Driver,Male,026,Driver,Not Thrown Out,By Private,Fitted - Worn,Motor Cars - Sedan,Full,Stopped on Carriageway,2.0,1 City,2,1,Friday,10:30 pm,50,Cross Road,Straight road,Level,Dry,Not Raining,Night,Rear End,Traffic Signals
2018-2684-15/08/2019,1,1,Driver,Male,042,Driver,Not Thrown Out,By Private,Fitted - Worn,Motor Cars - Sedan,Full,U Turn,1.0,2 Metropolitan,2,1,Saturday,10:40 am,50,Not Divided,Straight road,Level,Dry,Not Raining,Daylight,Rear End,No Control