REPORT_ID,UND_UNIT_NUMBER,CASUALTY_NUMBER,Casualty Type,Sex_x,AGE,Position In Veh,Thrown Out,Injury Extent,Seat Belt,Unit Type,Licence Type,Unit Movement,Number Occupants,Stats Area,Total Units,Total Cas,Day,Time,Area Speed,Position Type,Horizontal Align,Vertical Align,Moisture Cond,Weather Cond,DayNight,Crash Type,Traffic Ctrls
2018-2685-15/08/2019,1,1,Driver,Female,027,Driver,Not Thrown Out,Treated at Hospital,Fitted - Worn,Motor Cars - Sedan,Full,Straight Ahead,1.0,2 Metropolitan,3,2,Saturday,09:46 am,60,T-Junction,Straight road,Level,Dry,Not Raining,Daylight,Rear End,Traffic Signals
2018-2685-15/08/2019,2,1,Driver,Female,047,Driver,Not Thrown Out,Treated at Hospital,Fitted - Worn,Motor Cars - Sedan,Full,Stopped on Carriageway,2.0,2 Metropolitan,3,2,Saturday,09:46 am,60,T-Junction,Straight road,Level,Dry,Not Raining,Daylight,Rear End,Traffic Signals
2018-2686-15/08/2019,1,1,Rider,Male,066,Rider of Motorcycle,Thrown Out,Treated at Hospital,,Motor Cycle,Full,Straight Ahead,1.0,3 Country,1,1,Saturday,11:30 am,100,Not Divided,"CURVED, VIEW OPEN",Slope,Dry,Not Raining,Daylight,Left Road - Out of Control,No Control
2018-2689-15/08/2019,1,1,Driver,Female,069,Driver,Not Thrown Out,Treated at Hospital,Fitted - Worn,Motor Cars - Sedan,Full,Straight Ahead,3.0,2 Metropolitan,2,1,Friday,03:30 pm,50,Cross Road,Straight road,Level,Wet,Raining,Daylight,Right Angle,Give Way Sign
2018-2690-15/08/2019,1,1,Driver,Female,046,Driver,Not Thrown Out,By Private,Fitted - Worn,Station Wagon,Full,Stopped on Carriageway,1.0,2 Metropolitan,2,1,Friday,05:38 pm,50,Cross Road,Straight road,Level,Dry,Not Raining,Daylight,Rear End,Traffic Signals
2018-2692-15/08/2019,1,1,Driver,Male,027,Driver,Not Thrown Out,Admitted to Hospital,Fitted - Worn,Motor Cars - Sedan,Full,Straight Ahead,2.0,2 Metropolitan,2,2,Friday,03:30 pm,90,Cross Road,Straight road,Bottom of Hill,Dry,Not Raining,Daylight,Right Angle,Stop Sign
2018-2692-15/08/2019,2,1,Driver,Female,042,Driver,Not Thrown Out,Treated at Hospital,Fitted - Worn,Utility,Full,Straight Ahead,3.0,2 Metropolitan,2,2,Friday,03:30 pm,90,Cross Road,Straight road,Bottom of Hill,Dry,Not Raining,Daylight,Right Angle,Stop Sign
2018-2693-15/08/2019,1,1,Passenger,Female,038,Front Seat Left Passenger,Not Thrown Out,By Private,Fitted - Worn,Motor Cars - Sedan,Full,Straight Ahead,2.0,2 Metropolitan,2,1,Friday,03:45 pm,90,Divided Road,Straight road,Level,Wet,Raining,Daylight,Rear End,No Control
2018-2702-15/08/2019,1,1,Passenger,Female,024,Front Seat Left Passenger,Not Thrown Out,Treated at Hospital,Fitted - Not Worn,Motor Cars - Sedan,Unlicenced,Straight Ahead,2.0,2 Metropolitan,3,1,Saturday,08:55 pm,60,Not Divided,Straight road,Slope,Dry,Not Raining,Night,Head On,No Control
2018-2703-15/08/2019,1,1,Driver,Male,020,Driver,Not Thrown Out,Treated at Hospital,Fitted - Unknown if Worn,Motor Cars - Sedan,Unlicenced,Right Turn,5.0,3 Country,2,4,Saturday,07:11 pm,100,T-Junction,Straight road,Level,Dry,Not Raining,Daylight,Hit Fixed Object,No Control
2018-2703-15/08/2019,1,2,Passenger,Female,018,Rear Seat Middle Passenger,Not Thrown Out,Treated at Hospital,Fitted - Unknown if Worn,Motor Cars - Sedan,Unlicenced,Right Turn,5.0,3 Country,2,4,Saturday,07:11 pm,100,T-Junction,Straight road,Level,Dry,Not Raining,Daylight,Hit Fixed Object,No Control
2018-2703-15/08/2019,1,3,Passenger,Male,018,Rear Seat Right Passenger,Not Thrown Out,Treated at Hospital,Fitted - Unknown if Worn,Motor Cars - Sedan,Unlicenced,Right Turn,5.0,3 Country,2,4,Saturday,07:11 pm,100,T-Junction,Straight road,Level,Dry,Not Raining,Daylight,Hit Fixed Object,No Control
2018-2703-15/08/2019,1,4,Passenger,Female,019,Front Seat Left Passenger,Not Thrown Out,Treated at Hospital,Fitted - Unknown if Worn,Motor Cars - Sedan,Unlicenced,Right Turn,5.0,3 Country,2,4,Saturday,07:11 pm,100,T-Junction,Straight road,Level,Dry,Not Raining,Daylight,Hit Fixed Object,No Control
2018-2707-15/08/2019,1,1,Passenger,Female,020,Front Seat Left Passenger,Not Thrown Out,Admitted to Hospital,Fitted - Not Worn,Motor Cars - Sedan,Full,Straight Ahead,2.0,2 Metropolitan,3,1,Saturday,09:10 pm,50,Not Divided,Straight road,Level,Dry,Not Raining,Night,Hit Fixed Object,No Control
2018-2711-15/08/2019,1,1,Driver,Male,070,Driver,Not Thrown Out,By Private,Fitted - Worn,Motor Cars - Sedan,Full,Straight Ahead,1.0,2 Metropolitan,2,2,Sunday,11:35 am,60,Divided Road,Straight road,Level,Dry,Not Raining,Daylight,Rear End,No Control
2018-2711-15/08/2019,2,1,Driver,Female,069,Driver,Not Thrown Out,Treated at Hospital,Fitted - Worn,Motor Cars - Sedan,Full,Straight Ahead,1.0,2 Metropolitan,2,2,Sunday,11:35 am,60,Divided Road,Straight road,Level,Dry,Not Raining,Daylight,Rear End,No Control
2018-2712-15/08/2019,1,1,Rider,Male,023,Rider of Motorcycle,Thrown Out,Treated at Hospital,,Motor Cycle,Full,Straight Ahead,1.0,2 Metropolitan,2,1,Sunday,11:45 am,80,Not Divided,"CURVED, VIEW OBSCURED",Slope,Dry,Not Raining,Daylight,Head On,No Control
2018-2714-15/08/2019,2,1,Driver,Female,023,Driver,Not Thrown Out,Treated at Hospital,Fitted - Worn,Motor Cars - Sedan,Provisional 1 ,Straight Ahead,1.0,2 Metropolitan,2,1,Sunday,07:45 am,80,Cross Road,Straight road,Level,Dry,Not Raining,Daylight,Right Angle,Traffic Signals
2018-2719-15/08/2019,1,1,Driver,Male,069,Driver,Not Thrown Out,Treated at Hospital,Fitted - Worn,Motor Cars - Sedan,Full,Straight Ahead,1.0,2 Metropolitan,2,1,Sunday,07:15 pm,50,Not Divided,"CURVED, VIEW OPEN",Level,Dry,Not Raining,Daylight,Hit Fixed Object,No Control
2018-2725-15/08/2019,1,1,Driver,Female,031,Driver,Not Thrown Out,Treated at Hospital,Fitted - Unknown if Worn,Panel Van,Full,Straight Ahead,1.0,2 Metropolitan,2,1,Monday,07:35 am,110,Freeway,Straight road,Level,Dry,Not Raining,Daylight,Hit Fixed Object,No Control
2018-2728-15/08/2019,2,1,Driver,Female,048,Driver,Not Thrown Out,By Private,Fitted - Worn,Motor Cars - Sedan,Full,Straight Ahead,1.0,2 Metropolitan,3,1,Monday,08:51 am,60,T-Junction,Straight road,Level,Dry,Not Raining,Daylight,Right Angle,No Control
2018-2731-15/08/2019,1,1,Driver,Female,049,Driver,Not Thrown Out,By Private,Fitted - Worn,Motor Cars - Sedan,Full,Straight Ahead,1.0,2 Metropolitan,2,1,Monday,08:40 am,60,Divided Road,Straight road,Slope,Dry,Not Raining,Daylight,Rear End,No Control
2018-2732-15/08/2019,1,1,Driver,Female,020,Driver,Not Thrown Out,Treated at Hospital,Fitted - Worn,Motor Cars - Sedan,Provisional 1 ,Straight Ahead,1.0,2 Metropolitan,2,1,Monday,07:58 am,110,Freeway,Straight road,Level,Dry,Not Raining,Daylight,Hit Fixed Object,No Control
2018-2738-15/08/2019,1,1,Driver,Male,043,Driver,Not Thrown Out,By Private,Fitted - Worn,Motor Vehicle - Type Unknown,Unknown,Stopped on Carriageway,1.0,2 Metropolitan,2,1,Friday,03:50 pm,60,Cross Road,Straight road,Level,Dry,Not Raining,Daylight,Rear End,Traffic Signals
2018-2741-15/08/2019,1,1,Passenger,Female,XXX,Passenger on Multi-Passenger Vehicle,Not Thrown Out,Treated at Hospital,Not Fitted,OMNIBUS,Full,Right Turn,3.0,2 Metropolitan,1,1,Monday,09:18 am,60,Cross Road,Unknown,Level,Dry,Not Raining,Daylight,Other,Traffic Signals
2018-2746-15/08/2019,2,1,Driver,Female,054,Driver,Not Thrown Out,Treated at Hospital,Fitted - Worn,Motor Cars - Sedan,Full,Stopped on Carriageway,1.0,2 Metropolitan,3,1,Monday,05:45 pm,60,Divided Road,Straight road,Level,Dry,Not Raining,Daylight,Rear End,No Control
2018-2749-15/08/2019,2,1,Rider,Male,046,,Thrown Out,Admitted to Hospital,,Pedal Cycle,,Straight Ahead,1.0,2 Metropolitan,2,1,Friday,09:00 am,60,T-Junction,"CURVED, VIEW OPEN",Slope,Dry,Not Raining,Daylight,Right Angle,Give Way Sign
2018-2750-15/08/2019,1,1,Driver,Female,039,Driver,Not Thrown Out,Treated at Hospital,Fitted - Worn,Motor Cars - Sedan,Full,Right Turn,1.0,3 Country,2,2,Monday,03:50 pm,60,T-Junction,Straight road,Level,Dry,Not Raining,Daylight,Right Angle,Give Way Sign
2018-2750-15/08/2019,2,1,Driver,Female,031,Driver,Not Thrown Out,Treated at Hospital,Fitted - Worn,Motor Cars - Sedan,Full,Straight Ahead,1.0,3 Country,2,2,Monday,03:50 pm,60,T-Junction,Straight road,Level,Dry,Not Raining,Daylight,Right Angle,Give Way Sign
2018-2751-15/08/2019,1,1,Passenger,Male,003,Rear Seat Left Passenger,Not Thrown Out,Treated at Hospital,Child Restraint - Worn,Station Wagon,Full,Straight Ahead,2.0,2 Metropolitan,2,1,Monday,03:45 pm,60,Cross Road,Straight road,Level,Dry,Not Raining,Daylight,Right Angle,Traffic Signals
2018-2755-15/08/2019,1,1,Driver,Female,032,Driver,Not Thrown Out,Treated at Hospital,Fitted - Worn,Motor Vehicle - Type Unknown,Unknown,Entering Private Driveway,1.0,2 Metropolitan,2,1,Monday,09:30 pm,60,Not Divided,Straight road,Slope,Dry,Not Raining,Night,Hit Fixed Object,No Control
2018-2756-15/08/2019,1,1,Passenger,Female,XXX,Front Seat Left Passenger,Not Thrown Out,By Private,Fitted - Worn,Motor Cars - Sedan,Full,Stopped on Carriageway,2.0,2 Metropolitan,2,1,Sunday,06:00 pm,50,T-Junction,Straight road,Level,Dry,Not Raining,Daylight,Rear End,Traffic Signals
2018-2759-15/08/2019,1,1,Driver,Male,053,Driver,Not Thrown Out,Treated at Hospital,Fitted - Worn,Motor Cars - Sedan,Full,Swerving,1.0,3 Country,2,1,Tuesday,04:45 am,80,Not Divided,Straight road,Level,Wet,Raining,Night,Hit Fixed Object,No Control
2018-2769-15/08/2019,1,1,Rider,Male,042,Rider of Motorcycle,Thrown Out,Admitted to Hospital,,Motor Cycle,Unknown,Straight Ahead,1.0,3 Country,2,1,Tuesday,11:33 am,100,Not Divided,Straight road,Level,Dry,Not Raining,Daylight,Hit Animal,No Control
2018-2770-15/08/2019,2,1,Driver,Female,058,Driver,Not Thrown Out,By Private,Fitted - Worn,Motor Cars - Sedan,Full,Straight Ahead,1.0,2 Metropolitan,3,1,Tuesday,07:25 am,60,T-Junction,Straight road,Level,Dry,Not Raining,Daylight,Right Angle,No Control
2018-2774-15/08/2019,2,1,Rider,Male,023,,Thrown Out,Treated at Hospital,,Pedal Cycle,,Straight Ahead,1.0,1 City,2,1,Tuesday,03:15 pm,50,Not Divided,Straight road,Level,Dry,Not Raining,Daylight,Hit Parked Vehicle,No Control
2018-2775-15/08/2019,1,1,Driver,Female,055,Driver,Not Thrown Out,By Private,Fitted - Worn,Motor Cars - Sedan,Full,Stopped on Carriageway,1.0,2 Metropolitan,2,1,Monday,06:15 pm,50,T-Junction,"CURVED, VIEW OPEN",Level,Dry,Not Raining,Daylight,Rear End,Traffic Signals
2018-2777-15/08/2019,2,1,Rider,Male,036,,Thrown Out,Treated at Hospital,,Pedal Cycle,,Straight Ahead,1.0,2 Metropolitan,2,1,Tuesday,06:45 am,60,T-Junction,Straight road,Level,Dry,Not Raining,Night,Right Angle,Give Way Sign
2018-2778-15/08/2019,1,1,Driver,Male,048,Driver,Not Thrown Out,Treated at Hospital,Fitted - Worn,Station Wagon,Full,Straight Ahead,4.0,2 Metropolitan,2,3,Tuesday,03:35 pm,50,Not Divided,Straight road,Level,Dry,Not Raining,Daylight,Head On,No Control
2018-2778-15/08/2019,1,2,Passenger,Female,009,Front Seat Left Passenger,Not Thrown Out,Treated at Hospital,Fitted - Worn,Station Wagon,Full,Straight Ahead,4.0,2 Metropolitan,2,3,Tuesday,03:35 pm,50,Not Divided,Straight road,Level,Dry,Not Raining,Daylight,Head On,No Control
2018-2778-15/08/2019,1,3,Passenger,Female,007,Rear Seat Right Passenger,Not Thrown Out,Treated at Hospital,Fitted - Worn,Station Wagon,Full,Straight Ahead,4.0,2 Metropolitan,2,3,Tuesday,03:35 pm,50,Not Divided,Straight road,Level,Dry,Not Raining,Daylight,Head On,No Control
2018-2781-15/08/2019,1,1,Rider,Male,090,Rider of Motorcycle,Not Thrown Out,By Private,,Scooter,Full,Straight Ahead,1.0,3 Country,1,1,Tuesday,03:45 pm,50,Not Divided,Straight road,Level,Dry,Not Raining,Daylight,Roll Over,No Control
2018-2785-15/08/2019,1,1,Passenger,Female,023,Front Seat Left Passenger,Not Thrown Out,Treated at Hospital,Fitted - Worn,Motor Cars - Sedan,Unknown,Straight Ahead,3.0,2 Metropolitan,2,1,Tuesday,05:15 pm,50,Cross Road,Straight road,Level,Dry,Not Raining,Daylight,Head On,Roundabout
2018-2786-15/08/2019,1,1,Driver,Male,040,Driver,Not Thrown Out,Treated at Hospital,Fitted - Worn,Utility,Full,Straight Ahead,1.0,2 Metropolitan,2,1,Tuesday,02:18 pm,50,T-Junction,Straight road,Level,Dry,Not Raining,Daylight,Right Angle,No Control
2018-2789-15/08/2019,1,1,Passenger,Male,008,Front Seat Left Passenger,Not Thrown Out,Treated at Hospital,Fitted - Worn,Motor Cars - Sedan,Full,Straight Ahead,2.0,2 Metropolitan,2,1,Tuesday,03:40 pm,90,Not Divided,Straight road,Level,Dry,Not Raining,Daylight,Side Swipe,No Control
2018-2791-15/08/2019,1,1,Driver,Female,037,Driver,Not Thrown Out,Treated at Hospital,Fitted - Worn,Motor Cars - Sedan,Full,Straight Ahead,2.0,2 Metropolitan,2,1,Tuesday,04:25 pm,60,Divided Road,Straight road,Level,Dry,Not Raining,Daylight,Hit Fixed Object,No Control
2018-2793-15/08/2019,2,1,Driver,Male,092,Driver,Not Thrown Out,Treated at Hospital,Fitted - Worn,Motor Cars - Sedan,Full,U Turn,1.0,2 Metropolitan,2,1,Tuesday,06:15 pm,80,Not Divided,Straight road,Slope,Dry,Not Raining,Daylight,Side Swipe,No Control
2018-2794-15/08/2019,2,1,Pedestrian,Female,044,,,Treated at Hospital,,Pedestrian on Road,,Crossing without Control,,2 Metropolitan,2,1,Tuesday,06:39 pm,15,Not Divided,Straight road,Level,Dry,Not Raining,Daylight,Hit Pedestrian,No Control
2018-2795-15/08/2019,1,1,Driver,Female,050,Driver,Not Thrown Out,Treated at Hospital,Fitted - Worn,Station Wagon,Full,Right Turn,1.0,3 Country,2,1,Tuesday,04:40 pm,100,Cross Road,Straight road,Slope,Dry,Not Raining,Daylight,Right Angle,Give Way Sign
2018-2797-15/08/2019,2,1,Rider,Female,042,,Thrown Out,By Private,,Pedal Cycle,,Straight Ahead,1.0,2 Metropolitan,2,1,Tuesday,02:45 pm,60,T-Junction,Straight road,Level,Dry,Not Raining,Daylight,Right Angle,No Control
2018-2798-15/08/2019,2,1,Passenger,Male,076,Front Seat Left Passenger,Not Thrown Out,Treated at Hospital,Fitted - Worn,Motor Cars - Sedan,Full,Stopped on Carriageway,2.0,2 Metropolitan,3,1,Tuesday,03:35 pm,60,Divided Road,Straight road,Level,Dry,Not Raining,Daylight,Rear End,No Control
2018-2800-15/08/2019,2,1,Rider,Female,042,,Thrown Out,Treated at Hospital,,Pedal Cycle,,Straight Ahead,1.0,2 Metropolitan,2,1,Tuesday,05:50 pm,40,Not Divided,Straight road,Level,Dry,Not Raining,Daylight,Right Angle,No Control
2018-2802-15/08/2019,1,1,Passenger,Female,027,Rear Seat Left Passenger,Not Thrown Out,Admitted to Hospital,Fitted - Unknown if Worn,Motor Cars - Sedan,Unlicenced,Straight Ahead,5.0,3 Country,2,1,Tuesday,09:50 pm,50,T-Junction,Straight road,Level,Dry,Not Raining,Night,Hit Fixed Object,Give Way Sign
2018-2803-15/08/2019,1,1,Rider,Male,059,,Thrown Out,Treated at Hospital,,Pedal Cycle,,Straight Ahead,1.0,2 Metropolitan,2,1,Tuesday,10:45 pm,60,Divided Road,Straight road,Level,Dry,Not Raining,Night,Side Swipe,No Control
2018-2807-15/08/2019,1,1,Driver,Male,060,Driver,Not Thrown Out,Treated at Hospital,Fitted - Worn,Station Wagon,Full,Straight Ahead,1.0,2 Metropolitan,2,1,Wednesday,08:34 am,50,Cross Road,Straight road,Level,Dry,Not Raining,Daylight,Right Angle,Give Way Sign
2018-2810-15/08/2019,1,1,Driver,Female,063,Driver,Not Thrown Out,By Private,Fitted - Worn,Motor Cars - Sedan,Full,Straight Ahead,1.0,2 Metropolitan,2,1,Wednesday,08:00 am,60,T-Junction,Straight road,Level,Dry,Not Raining,Daylight,Rear End,Give Way Sign
2018-2827-15/08/2019,1,1,Driver,Female,039,Driver,Not Thrown Out,Treated at Hospital,Fitted - Worn,Motor Cars - Sedan,Full,Straight Ahead,1.0,2 Metropolitan,2,1,Wednesday,04:20 pm,60,T-Junction,Straight road,Level,Dry,Not Raining,Daylight,Right Angle,No Control
2018-2830-15/08/2019,2,1,Driver,Female,023,Driver,Not Thrown Out,Treated at Hospital,Fitted - Worn,Motor Cars - Sedan,Full,Stopped on Carriageway,1.0,2 Metropolitan,3,1,Wednesday,04:15 pm,80,Divided Road,Straight road,Level,Dry,Not Raining,Daylight,Rear End,No Control
2018-2831-15/08/2019,1,1,Pedestrian,Female,072,,,Treated at Hospital,,Pedestrian on Road,,Crossing with Traffic Signals,,2 Metropolitan,3,1,Wednesday,02:53 pm,60,Cross Road,Straight road,Level,Dry,Not Raining,Daylight,Hit Pedestrian,Traffic Signals
2018-2833-15/08/2019,1,1,Driver,Female,023,Driver,Not Thrown Out,Treated at Hospital,Fitted - Worn,Motor Cars - Sedan,Full,Straight Ahead,1.0,3 Country,2,1,Tuesday,10:00 pm,110,Freeway,"CURVED, VIEW OPEN",Slope,Dry,Not Raining,Night,Hit Fixed Object,No Control
2018-2836-15/08/2019,2,1,Driver,Male,054,Driver,Not Thrown Out,Treated at Hospital,Fitted - Worn,Utility,Full,Stopped on Carriageway,1.0,2 Metropolitan,3,1,Wednesday,05:30 pm,80,Divided Road,Straight road,Level,Dry,Not Raining,Daylight,Rear End,No Control
2018-2837-15/08/2019,2,1,Rider,Female,046,,Thrown Out,Treated at Hospital,,Pedal Cycle,,Straight Ahead,1.0,2 Metropolitan,2,1,Wednesday,03:46 pm,40,Cross Road,Straight road,Level,Dry,Not Raining,Daylight,Right Turn,Stop Sign
2018-2838-15/08/2019,1,1,Driver,Female,033,Driver,Not Thrown Out,Treated at Hospital,Fitted - Worn,Station Wagon,Full,Straight Ahead,1.0,2 Metropolitan,2,1,Wednesday,03:30 pm,70,Divided Road,Straight road,Level,Dry,Not Raining,Daylight,Rear End,No Control
2018-2839-15/08/2019,1,1,Rider,Male,038,Rider of Motorcycle,Thrown Out,Treated at Hospital,,Motor Cycle,Full,Straight Ahead,1.0,3 Country,2,1,Wednesday,07:10 pm,100,Not Divided,"CURVED, VIEW OBSCURED",Bottom of Hill,Dry,Not Raining,Daylight,Hit Fixed Object,No Control
2018-2843-15/08/2019,2,1,Rider,Female,025,,Thrown Out,Treated at Hospital,,Pedal Cycle,,Straight Ahead,1.0,2 Metropolitan,2,1,Wednesday,07:50 am,60,Cross Road,Straight road,Level,Dry,Not Raining,Daylight,Right Angle,Traffic Signals
2018-2844-15/08/2019,3,1,Driver,Male,070,Driver,Not Thrown Out,By Private,Fitted - Worn,Utility,Full,Stopped on Carriageway,1.0,2 Metropolitan,3,1,Thursday,07:40 am,60,Cross Road,Straight road,Slope,Dry,Not Raining,Daylight,Rear End,Traffic Signals
2018-2846-15/08/2019,2,1,Driver,Female,029,Driver,Not Thrown Out,Treated at Hospital,Fitted - Unknown if Worn,Motor Cars - Sedan,Full,Straight Ahead,1.0,3 Country,2,1,Wednesday,08:45 am,60,Cross Road,Straight road,Level,Dry,Not Raining,Daylight,Right Angle,Give Way Sign
2018-2847-15/08/2019,2,1,Driver,Female,033,Driver,Not Thrown Out,Treated at Hospital,Fitted - Worn,Station Wagon,Full,Straight Ahead,1.0,2 Metropolitan,2,1,Wednesday,10:00 am,50,Cross Road,Straight road,Level,Dry,Not Raining,Daylight,Right Angle,Give Way Sign
2018-2851-15/08/2019,1,1,Driver,Male,046,Driver,Not Thrown Out,Admitted to Hospital,Fitted - Not Worn,SEMI TRAILER,Full,Straight Ahead,1.0,3 Country,1,1,Thursday,06:00 am,110,Not Divided,Straight road,Level,Dry,Not Raining,Night,Roll Over,No Control
2018-2854-15/08/2019,2,1,Rider,Male,045,Rider of Motorcycle,Thrown Out,Treated at Hospital,,Motor Cycle,Full,Straight Ahead,1.0,2 Metropolitan,2,1,Wednesday,11:40 am,50,Not Divided,"CURVED, VIEW OPEN",Slope,Dry,Not Raining,Daylight,Right Angle,No Control
2018-2856-15/08/2019,1,1,Driver,Female,017,Driver,Not Thrown Out,Treated at Hospital,Fitted - Worn,Motor Cars - Sedan,Provisional 1 ,Swerving,1.0,2 Metropolitan,2,1,Wednesday,12:15 pm,80,Not Divided,"CURVED, VIEW OBSCURED",Slope,Dry,Not Raining,Daylight,Hit Fixed Object,No Control
2018-2858-15/08/2019,2,1,Rider,Male,029,,Not Thrown Out,By Private,,Pedal Cycle,,Straight Ahead,1.0,1 City,2,1,Thursday,08:15 am,50,Not Divided,Straight road,Level,Dry,Not Raining,Daylight,Side Swipe,No Control
2018-2859-15/08/2019,1,1,Driver,Female,028,Driver,Not Thrown Out,Treated at Hospital,Fitted - Worn,Station Wagon,Provisional 2,Right Turn,3.0,2 Metropolitan,2,2,Wednesday,11:30 am,60,Cross Road,Straight road,Level,Dry,Not Raining,Daylight,Right Angle,Give Way Sign
2018-2859-15/08/2019,1,2,Passenger,Female,031,Rear Seat Right Passenger,Not Thrown Out,Treated at Hospital,Fitted - Worn,Station Wagon,Provisional 2,Right Turn,3.0,2 Metropolitan,2,2,Wednesday,11:30 am,60,Cross Road,Straight road,Level,Dry,Not Raining,Daylight,Right Angle,Give Way Sign
2018-2860-15/08/2019,1,1,Driver,Female,025,Driver,Not Thrown Out,Treated at Hospital,Fitted - Not Worn,Motor Cars - Sedan,Full,Straight Ahead,1.0,3 Country,1,1,Tuesday,11:00 pm,100,Not Divided,"CURVED, VIEW OPEN",Level,Dry,Not Raining,Night,Left Road - Out of Control,No Control
2018-2861-15/08/2019,2,1,Rider,Male,080,,Thrown Out,Fatal,,Pedal Cycle,,Straight Ahead,1.0,3 Country,2,1,Thursday,09:20 am,100,Not Divided,"CURVED, VIEW OPEN",Crest of Hill,Dry,Not Raining,Daylight,Rear End,No Control
2018-2862-15/08/2019,1,1,Driver,Male,048,Driver,Not Thrown Out,By Private,Fitted - Not Worn,Motor Cars - Sedan,Full,Parked,1.0,1 City,2,1,Wednesday,06:45 pm,50,Not Divided,Straight road,Slope,Dry,Not Raining,Daylight,Hit Parked Vehicle,No Control
2018-2864-15/08/2019,1,1,Driver,Female,050,Driver,Not Thrown Out,By Private,Fitted - Worn,Motor Cars - Sedan,Full,Stopped on Carriageway,1.0,2 Metropolitan,2,1,Thursday,02:23 pm,60,Pedestrian Crossing,Straight road,Level,Dry,Not Raining,Daylight,Right Angle,No Control
2018-2866-15/08/2019,1,1,Driver,Female,054,Driver,Not Thrown Out,By Private,Fitted - Worn,Motor Cars - Sedan,Full,Stopped on Carriageway,1.0,2 Metropolitan,2,1,Wednesday,04:00 pm,60,T-Junction,Straight road,Level,Dry,Not Raining,Daylight,Rear End,Traffic Signals
2018-2867-15/08/2019,1,1,Driver,Female,053,Driver,Not Thrown Out,By Private,Fitted - Worn,Motor Cars - Sedan,Full,Straight Ahead,1.0,2 Metropolitan,2,1,Wednesday,03:20 pm,60,T-Junction,Straight road,Level,Dry,Not Raining,Daylight,Right Angle,No Control
2018-2869-15/08/2019,1,1,Rider,Male,070,,Thrown Out,Treated at Hospital,,Pedal Cycle,,Straight Ahead,1.0,2 Metropolitan,2,1,Thursday,01:45 pm,80,Cross Road,"CURVED, VIEW OPEN",Level,Dry,Not Raining,Daylight,Right Angle,Roundabout
2018-2870-15/08/2019,1,1,Rider,Female,041,,Thrown Out,Admitted to Hospital,,Pedal Cycle,,Swerving,1.0,2 Metropolitan,1,1,Thursday,03:12 pm,50,Not Divided,Straight road,Slope,Dry,Not Raining,Daylight,Roll Over,No Control
2018-2877-15/08/2019,2,1,Driver,Male,061,Driver,Not Thrown Out,Treated at Hospital,Fitted - Worn,Station Wagon,Full,Straight Ahead,1.0,2 Metropolitan,4,1,Thursday,04:30 pm,60,Cross Road,Straight road,Level,Dry,Not Raining,Daylight,Right Turn,Traffic Signals
2018-2878-15/08/2019,1,1,Driver,Male,017,Driver,Not Thrown Out,Treated at Hospital,Fitted - Worn,Motor Cars - Sedan,Provisional 1 ,Straight Ahead,2.0,3 Country,2,2,Thursday,07:08 pm,100,Not Divided,Straight road,Level,Dry,Not Raining,Daylight,Hit Fixed Object,No Control
2018-2878-15/08/2019,1,2,Passenger,Male,017,Front Seat Left Passenger,Not Thrown Out,Treated at Hospital,Fitted - Worn,Motor Cars - Sedan,Provisional 1 ,Straight Ahead,2.0,3 Country,2,2,Thursday,07:08 pm,100,Not Divided,Straight road,Level,Dry,Not Raining,Daylight,Hit Fixed Object,No Control
2018-2890-15/08/2019,1,1,Rider,Male,057,,Not Thrown Out,By Private,,Pedal Cycle,,Straight Ahead,1.0,2 Metropolitan,2,1,Thursday,05:30 pm,60,T-Junction,"CURVED, VIEW OPEN",Level,Dry,Not Raining,Daylight,Right Angle,Traffic Signals
2018-2894-15/08/2019,2,1,Rider,Male,034,,,Treated at Hospital,,Pedal Cycle,,Straight Ahead,1.0,2 Metropolitan,2,1,Friday,08:30 am,50,Cross Road,Straight road,Level,Dry,Not Raining,Daylight,Right Angle,Roundabout
2018-2895-15/08/2019,1,1,Driver,Female,092,Driver,Not Thrown Out,Treated at Hospital,Fitted - Worn,Motor Cars - Sedan,Full,Straight Ahead,1.0,2 Metropolitan,2,1,Friday,09:57 am,50,Not Divided,Straight road,Level,Dry,Not Raining,Daylight,Hit Parked Vehicle,No Control
2018-2896-15/08/2019,1,1,Driver,Female,030,Driver,Not Thrown Out,By Private,Fitted - Worn,Station Wagon,Full,Right Turn,1.0,2 Metropolitan,2,1,Thursday,03:00 pm,60,Cross Road,Straight road,Level,Dry,Not Raining,Daylight,Right Angle,Give Way Sign
2018-2903-15/08/2019,1,1,Passenger,Female,052,Front Seat Left Passenger,Not Thrown Out,Treated at Hospital,Fitted - Worn,Utility,Full,Straight Ahead,2.0,3 Country,2,1,Friday,01:00 pm,60,Cross Road,Straight road,Level,Dry,Not Raining,Daylight,Right Angle,Stop Sign
2018-2905-15/08/2019,1,1,Driver,Female,034,Driver,Not Thrown Out,Treated at Hospital,Fitted - Unknown if Worn,Station Wagon,Full,Straight Ahead,2.0,2 Metropolitan,2,2,Friday,01:30 pm,50,Not Divided,Straight road,Level,Dry,Not Raining,Daylight,Right Turn,No Control
2018-2905-15/08/2019,1,2,Passenger,Female,019,Front Seat Left Passenger,Not Thrown Out,Treated at Hospital,Fitted - Worn,Station Wagon,Full,Straight Ahead,2.0,2 Metropolitan,2,2,Friday,01:30 pm,50,Not Divided,Straight road,Level,Dry,Not Raining,Daylight,Right Turn,No Control