REPORT_ID,UND_UNIT_NUMBER,CASUALTY_NUMBER,Casualty Type,Sex_x,AGE,Position In Veh,Thrown Out,Injury Extent,Seat Belt,Unit Type,Licence Type,Unit Movement,Number Occupants,Stats Area,Total Units,Total Cas,Day,Time,Area Speed,Position Type,Horizontal Align,Vertical Align,Moisture Cond,Weather Cond,DayNight,Crash Type,Traffic Ctrls
2018-3948-15/08/2019,1,1,Driver,Male,039,Driver,Not Thrown Out,Admitted to Hospital,Fitted - Worn,RIGID TRUCK LGE GE 4.5T,Full,Straight Ahead,1.0,3 Country,2,1,Wednesday,12:15 pm,110,Not Divided,Straight road,Level,Dry,Not Raining,Daylight,Rear End,No Control
2018-3949-15/08/2019,2,1,Driver,Female,077,Driver,Not Thrown Out,Admitted to Hospital,Fitted - Worn,Motor Cars - Sedan,Full,Straight Ahead,1.0,2 Metropolitan,2,1,Wednesday,12:20 pm,50,Not Divided,Straight road,Level,Dry,Not Raining,Daylight,Head On,No Control
2018-3950-15/08/2019,1,1,Rider,Male,039,Rider of Motorcycle,Thrown Out,Admitted to Hospital,,Motor Cycle,Full,Straight Ahead,1.0,2 Metropolitan,2,1,Tuesday,09:10 pm,60,Cross Road,Straight road,Level,Dry,Not Raining,Night,Right Turn,Stop Sign
2018-3951-15/08/2019,1,1,Driver,Female,052,Driver,Not Thrown Out,Treated at Hospital,Fitted - Worn,Motor Cars - Sedan,Probationary,Straight Ahead,1.0,3 Country,1,1,Wednesday,12:31 pm,110,Not Divided,Straight road,Level,Dry,Not Raining,Daylight,Roll Over,No Control
2018-3954-15/08/2019,1,1,Driver,Male,059,Driver,Not Thrown Out,Treated at Hospital,Fitted - Worn,Motor Cars - Sedan,Full,Straight Ahead,1.0,3 Country,2,1,Wednesday,03:42 pm,90,Not Divided,"CURVED, VIEW OPEN",Slope,Dry,Not Raining,Daylight,Head On,No Control
2018-3957-15/08/2019,1,1,Rider,Male,042,,Thrown Out,By Private,,Pedal Cycle,,Straight Ahead,1.0,2 Metropolitan,2,1,Friday,12:00 pm,50,Not Divided,Straight road,Level,Dry,Not Raining,Daylight,Side Swipe,No Control
2018-3958-15/08/2019,1,1,Rider,Male,025,Rider of Motorcycle,Thrown Out,Treated at Hospital,,Motor Cycle,Full,Straight Ahead,1.0,2 Metropolitan,3,1,Wednesday,06:30 pm,60,T-Junction,Straight road,Level,Dry,Not Raining,Night,Right Angle,Stop Sign
2018-3962-15/08/2019,1,1,Driver,Male,035,Driver,Thrown Out,Admitted to Hospital,Fitted - Not Worn,Station Wagon,Disqualified,Straight Ahead,1.0,2 Metropolitan,2,1,Wednesday,06:35 pm,80,Not Divided,"CURVED, VIEW OBSCURED",Slope,Dry,Not Raining,Night,Hit Fixed Object,No Control
2018-3968-15/08/2019,2,1,Rider,Male,046,,Thrown Out,Treated at Hospital,,Pedal Cycle,,Straight Ahead,1.0,2 Metropolitan,2,1,Thursday,07:35 am,60,Cross Road,Straight road,Level,Dry,Not Raining,Daylight,Right Turn,Traffic Signals
2018-3971-15/08/2019,1,1,Driver,Male,023,Driver,Not Thrown Out,By Private,Fitted - Worn,Utility,Provisional 2,Straight Ahead,1.0,2 Metropolitan,2,1,Tuesday,12:45 pm,40,Not Divided,"CURVED, VIEW OPEN",Level,Dry,Not Raining,Daylight,Rear End,No Control
2018-3977-15/08/2019,2,1,Pedestrian,Female,055,,,Treated at Hospital,,Pedestrian on Road,,Crossing with Traffic Signals,,3 Country,2,1,Thursday,01:10 pm,50,Cross Road,Straight road,Level,Dry,Not Raining,Daylight,Hit Pedestrian,Traffic Signals
2018-3978-15/08/2019,1,1,Driver,Female,031,Driver,Not Thrown Out,Treated at Hospital,Fitted - Worn,Motor Cars - Sedan,Full,Straight Ahead,1.0,2 Metropolitan,2,2,Wednesday,06:50 pm,50,Not Divided,Straight road,Slope,Dry,Not Raining,Night,Head On,No Control
2018-3978-15/08/2019,2,1,Driver,Male,017,Driver,Not Thrown Out,Treated at Hospital,Fitted - Worn,Motor Cars - Sedan,Provisional 1 ,Straight Ahead,1.0,2 Metropolitan,2,2,Wednesday,06:50 pm,50,Not Divided,Straight road,Slope,Dry,Not Raining,Night,Head On,No Control
2018-3982-15/08/2019,1,1,Driver,Male,041,Driver,Not Thrown Out,Treated at Hospital,Fitted - Worn,Motor Cars - Sedan,Full,Straight Ahead,1.0,2 Metropolitan,2,1,Thursday,03:40 pm,50,Not Divided,Straight road,Level,Dry,Not Raining,Daylight,Right Turn,No Control
2018-3985-15/08/2019,1,1,Rider,Male,022,Rider of Motorcycle,Thrown Out,Admitted to Hospital,,Motor Cycle,Full,Straight Ahead,1.0,3 Country,1,1,Thursday,02:00 pm,100,Other,Straight road,Level,Dry,Not Raining,Daylight,Roll Over,No Control
2018-4000-15/08/2019,2,1,Driver,Male,030,Driver,Not Thrown Out,Treated at Hospital,Fitted - Worn,Motor Cars - Sedan,Full,Right Turn,2.0,2 Metropolitan,2,1,Thursday,07:50 pm,60,T-Junction,Straight road,Level,Dry,Not Raining,Night,Right Angle,Traffic Signals
2018-4001-15/08/2019,1,1,Driver,Female,017,Driver,Not Thrown Out,Treated at Hospital,Fitted - Worn,Motor Cars - Sedan,Provisional 1 ,Right Turn,2.0,2 Metropolitan,2,1,Thursday,08:27 pm,50,Cross Road,Straight road,Level,Dry,Not Raining,Night,Right Turn,Traffic Signals
2018-4004-15/08/2019,1,1,Driver,Female,058,Driver,Not Thrown Out,Treated at Hospital,Fitted - Worn,Motor Cars - Sedan,Full,Straight Ahead,1.0,2 Metropolitan,3,1,Thursday,01:23 pm,110,Freeway,Straight road,Level,Dry,Not Raining,Daylight,Rear End,No Control
2018-4005-15/08/2019,1,1,Passenger,Male,XXX,Front Seat Left Passenger,Not Thrown Out,Treated at Hospital,Fitted - Not Worn,Motor Cars - Sedan,Unknown,Swerving,2.0,2 Metropolitan,2,1,Friday,03:23 am,80,Divided Road,Straight road,Slope,Dry,Not Raining,Night,Hit Fixed Object,No Control
2018-4006-15/08/2019,1,1,Driver,Male,030,Driver,Not Thrown Out,By Private,Fitted - Worn,Motor Cars - Sedan,Full,Straight Ahead,1.0,2 Metropolitan,2,1,Friday,07:00 pm,60,Cross Road,Straight road,Level,Wet,Raining,Night,Rear End,Traffic Signals
2018-4007-15/08/2019,1,1,Driver,Male,040,Driver,Not Thrown Out,By Private,Fitted - Worn,Motor Cars - Sedan,Full,Stopped on Carriageway,1.0,2 Metropolitan,2,1,Thursday,09:45 am,60,T-Junction,Straight road,Level,Dry,Not Raining,Daylight,Rear End,Traffic Signals
2018-4008-15/08/2019,1,1,Driver,Female,050,Driver,Not Thrown Out,By Private,Fitted - Worn,Station Wagon,Full,Stopped on Carriageway,2.0,2 Metropolitan,2,1,Wednesday,09:40 am,80,Cross Road,Straight road,Level,Dry,Not Raining,Daylight,Rear End,Traffic Signals
2018-4011-15/08/2019,2,1,Rider,Male,054,Rider of Motorcycle,Thrown Out,Treated at Hospital,,Motor Cycle,Full,Overtaking - on Left,1.0,2 Metropolitan,2,1,Friday,10:22 am,60,Divided Road,Straight road,Level,Dry,Not Raining,Daylight,Side Swipe,No Control
2018-4012-15/08/2019,2,1,Driver,Female,044,Driver,Not Thrown Out,By Private,Fitted - Worn,Motor Cars - Sedan,Full,Stopped on Carriageway,1.0,2 Metropolitan,2,1,Thursday,05:30 pm,50,Cross Road,Straight road,Level,Dry,Not Raining,Daylight,Rear End,Traffic Signals
2018-4017-15/08/2019,2,1,Driver,Female,032,Driver,Not Thrown Out,Treated at Hospital,Fitted - Worn,Station Wagon,Full,Straight Ahead,2.0,2 Metropolitan,3,1,Friday,12:15 pm,60,Divided Road,Straight road,Level,Dry,Not Raining,Daylight,Rear End,No Control
2018-4018-15/08/2019,1,1,Passenger,Female,054,Passenger on Multi-Passenger Vehicle,Not Thrown Out,By Private,Not Fitted,OMNIBUS,Unknown,Straight Ahead,20.0,1 City,1,1,Thursday,06:00 pm,60,Divided Road,Straight road,Level,Dry,Not Raining,Daylight,Other,No Control
2018-4019-15/08/2019,2,1,Driver,Female,057,Driver,Not Thrown Out,Treated at Hospital,Fitted - Worn,Motor Cars - Sedan,Full,Straight Ahead,1.0,2 Metropolitan,3,1,Friday,01:08 pm,70,Divided Road,Straight road,Slope,Dry,Not Raining,Daylight,Rear End,No Control
2018-4020-15/08/2019,1,1,Driver,Female,076,Driver,Not Thrown Out,Treated at Hospital,Fitted - Worn,Motor Cars - Sedan,Full,Right Turn,1.0,2 Metropolitan,3,1,Friday,11:50 am,60,T-Junction,Straight road,Level,Dry,Not Raining,Daylight,Right Turn,No Control
2018-4021-15/08/2019,2,1,Rider,Male,045,Rider of Motorcycle,Thrown Out,By Private,,Motor Cycle,Full,Straight Ahead,1.0,2 Metropolitan,2,1,Friday,01:15 pm,60,Cross Road,Straight road,Level,Dry,Not Raining,Daylight,Side Swipe,Give Way Sign
2018-4023-15/08/2019,2,1,Driver,Female,057,Driver,Not Thrown Out,Treated at Hospital,Fitted - Worn,Motor Cars - Sedan,Full,Straight Ahead,1.0,2 Metropolitan,2,1,Thursday,08:00 pm,50,Cross Road,Straight road,Level,Dry,Not Raining,Night,Right Angle,Give Way Sign
2018-4025-15/08/2019,1,1,Driver,Male,050,Driver,Not Thrown Out,Treated at Hospital,Fitted - Worn,Station Wagon,Full,Straight Ahead,1.0,2 Metropolitan,3,2,Friday,03:07 pm,50,Not Divided,Straight road,Level,Dry,Not Raining,Daylight,Head On,No Control
2018-4025-15/08/2019,2,1,Driver,Male,060,Driver,Not Thrown Out,Treated at Hospital,Fitted - Worn,Motor Cars - Sedan,Full,Straight Ahead,1.0,2 Metropolitan,3,2,Friday,03:07 pm,50,Not Divided,Straight road,Level,Dry,Not Raining,Daylight,Head On,No Control
2018-4026-15/08/2019,1,1,Driver,Male,049,Driver,Not Thrown Out,Treated at Hospital,Fitted - Worn,Motor Cars - Sedan,Full,Right Turn,3.0,2 Metropolitan,2,1,Friday,03:00 pm,60,Cross Road,Straight road,Slope,Dry,Not Raining,Daylight,Right Turn,Traffic Signals
2018-4027-15/08/2019,2,1,Rider,Male,015,,Thrown Out,Treated at Hospital,,Pedal Cycle,,Straight Ahead,1.0,2 Metropolitan,2,1,Friday,03:41 pm,60,Cross Road,"CURVED, VIEW OPEN",Level,Dry,Not Raining,Daylight,Side Swipe,Traffic Signals
2018-4033-15/08/2019,2,1,Driver,Male,040,Driver,Not Thrown Out,Treated at Hospital,Fitted - Worn,Panel Van,Full,Straight Ahead,1.0,2 Metropolitan,2,1,Friday,03:30 pm,60,T-Junction,Straight road,Slope,Dry,Not Raining,Daylight,Rear End,Traffic Signals
2018-4034-15/08/2019,2,1,Driver,Female,068,Driver,Not Thrown Out,Treated at Hospital,Fitted - Worn,Motor Cars - Sedan,Full,Stopped on Carriageway,1.0,1 City,2,1,Friday,04:20 pm,50,Divided Road,Straight road,Level,Dry,Not Raining,Daylight,Rear End,No Control
2018-4038-15/08/2019,1,1,Driver,Female,018,Driver,Not Thrown Out,By Private,Fitted - Worn,Motor Cars - Sedan,Provisional 2,Straight Ahead,1.0,2 Metropolitan,2,1,Friday,08:50 pm,60,Cross Road,Straight road,Level,Dry,Not Raining,Night,Right Turn,Traffic Signals
2018-4050-15/08/2019,1,1,Driver,Female,022,Driver,Not Thrown Out,Treated at Hospital,Fitted - Worn,Motor Cars - Sedan,Full,Right Turn,1.0,2 Metropolitan,2,2,Saturday,08:45 am,60,Cross Road,Straight road,Level,Dry,Not Raining,Daylight,Right Turn,Traffic Signals
2018-4050-15/08/2019,2,1,Driver,Male,084,Driver,Not Thrown Out,Treated at Hospital,Fitted - Worn,Motor Cars - Sedan,Full,Straight Ahead,1.0,2 Metropolitan,2,2,Saturday,08:45 am,60,Cross Road,Straight road,Level,Dry,Not Raining,Daylight,Right Turn,Traffic Signals
2018-4053-15/08/2019,2,1,Passenger,Female,017,Rear Seat Right Passenger,Not Thrown Out,Treated at Hospital,Fitted - Worn,Motor Cars - Sedan,Provisional 1 ,Straight Ahead,2.0,2 Metropolitan,2,1,Saturday,12:08 pm,50,Cross Road,Straight road,Level,Dry,Not Raining,Daylight,Right Angle,Give Way Sign
2018-4055-15/08/2019,1,1,Driver,Male,039,Driver,Not Thrown Out,Treated at Hospital,Fitted - Worn,Station Wagon,Full,Straight Ahead,1.0,2 Metropolitan,2,1,Saturday,01:38 pm,60,Divided Road,Straight road,Slope,Dry,Not Raining,Daylight,Hit Fixed Object,No Control
2018-4056-15/08/2019,1,1,Passenger,Female,036,Front Seat Left Passenger,Not Thrown Out,Treated at Hospital,Fitted - Worn,Station Wagon,Unlicenced,Straight Ahead,3.0,2 Metropolitan,2,3,Saturday,02:55 pm,60,T-Junction,Straight road,Level,Dry,Not Raining,Daylight,Right Turn,Traffic Signals
2018-4056-15/08/2019,1,2,Passenger,Male,001,Rear Seat Left Passenger,Not Thrown Out,Treated at Hospital,Fitted - Worn,Station Wagon,Unlicenced,Straight Ahead,3.0,2 Metropolitan,2,3,Saturday,02:55 pm,60,T-Junction,Straight road,Level,Dry,Not Raining,Daylight,Right Turn,Traffic Signals
2018-4056-15/08/2019,2,1,Driver,Male,XXX,Driver,Not Thrown Out,Treated at Hospital,Fitted - Worn,Station Wagon,Full,Right Turn,1.0,2 Metropolitan,2,3,Saturday,02:55 pm,60,T-Junction,Straight road,Level,Dry,Not Raining,Daylight,Right Turn,Traffic Signals
2018-4060-15/08/2019,1,1,Driver,Male,024,Driver,Not Thrown Out,Treated at Hospital,Fitted - Worn,Motor Cars - Sedan,Full,Stopped on Carriageway,2.0,3 Country,3,2,Saturday,02:15 pm,100,Not Divided,Straight road,Level,Dry,Not Raining,Daylight,Rear End,No Control
2018-4060-15/08/2019,1,2,Passenger,Female,024,Front Seat Left Passenger,Not Thrown Out,Treated at Hospital,Fitted - Worn,Motor Cars - Sedan,Full,Stopped on Carriageway,2.0,3 Country,3,2,Saturday,02:15 pm,100,Not Divided,Straight road,Level,Dry,Not Raining,Daylight,Rear End,No Control
2018-4061-15/08/2019,1,1,Passenger,Female,055,Passenger of Motorcycle,Thrown Out,Admitted to Hospital,,Motor Cycle,Full,Straight Ahead,2.0,2 Metropolitan,1,1,Sunday,03:30 pm,80,Not Divided,Straight road,Slope,Dry,Not Raining,Daylight,Other,No Control
2018-4070-15/08/2019,2,1,Pedestrian,Male,045,,,Admitted to Hospital,,Pedestrian on Road,,Walking on Road,,3 Country,2,1,Sunday,05:40 am,100,Not Divided,Straight road,Level,Dry,Not Raining,Night,Hit Pedestrian,No Control
2018-4071-15/08/2019,1,1,Driver,Female,053,Driver,Not Thrown Out,Treated at Hospital,Fitted - Worn,Motor Cars - Sedan,Provisional 1 ,Left Turn,1.0,2 Metropolitan,2,1,Saturday,01:30 pm,60,T-Junction,Straight road,Level,Dry,Not Raining,Daylight,Hit Fixed Object,No Control
2018-4075-15/08/2019,1,1,Driver,Female,032,Driver,Not Thrown Out,Treated at Hospital,Fitted - Worn,Motor Cars - Sedan,Full,Stopped on Carriageway,1.0,2 Metropolitan,2,1,Friday,01:00 pm,50,Not Divided,Straight road,Level,Dry,Not Raining,Daylight,Rear End,No Control
2018-4076-15/08/2019,2,1,Pedestrian,Male,035,,,Admitted to Hospital,,Pedestrian on Road,,Walking on Road,,3 Country,2,1,Sunday,11:00 am,110,Divided Road,Straight road,Level,Dry,Not Raining,Daylight,Hit Pedestrian,No Control
2018-4078-15/08/2019,1,1,Passenger,Female,052,Passenger of Motorcycle,Thrown Out,Treated at Hospital,,Motor Cycle,Full,Straight Ahead,2.0,3 Country,1,1,Sunday,01:30 pm,80,Rail Crossing,"CURVED, VIEW OPEN",Level,Dry,Not Raining,Daylight,Other,Rail Xing - Flashing
2018-4083-15/08/2019,1,1,Driver,Female,052,Driver,Not Thrown Out,Fatal,Fitted - Worn,Motor Cars - Sedan,Full,Straight Ahead,1.0,3 Country,2,1,Sunday,12:05 pm,100,Not Divided,Straight road,Level,Dry,Not Raining,Daylight,Hit Fixed Object,No Control
2018-4088-15/08/2019,1,1,Rider,Male,065,Rider of Motorcycle,Thrown Out,Treated at Hospital,,Motor Cycle,Full,Overtaking - on Right,1.0,2 Metropolitan,1,1,Sunday,02:30 pm,80,Not Divided,Straight road,Level,Dry,Not Raining,Daylight,Roll Over,No Control
2018-4089-15/08/2019,1,1,Driver,Male,024,Driver,Not Thrown Out,Admitted to Hospital,Fitted - Worn,Station Wagon,Full,Straight Ahead,3.0,2 Metropolitan,2,3,Sunday,05:45 pm,50,Not Divided,"CURVED, VIEW OPEN",Slope,Dry,Not Raining,Night,Hit Fixed Object,No Control
2018-4089-15/08/2019,1,2,Passenger,Male,023,Front Seat Left Passenger,Not Thrown Out,Admitted to Hospital,Fitted - Worn,Station Wagon,Full,Straight Ahead,3.0,2 Metropolitan,2,3,Sunday,05:45 pm,50,Not Divided,"CURVED, VIEW OPEN",Slope,Dry,Not Raining,Night,Hit Fixed Object,No Control
2018-4089-15/08/2019,1,3,Passenger,Male,022,Rear Seat Right Passenger,Not Thrown Out,Treated at Hospital,Fitted - Worn,Station Wagon,Full,Straight Ahead,3.0,2 Metropolitan,2,3,Sunday,05:45 pm,50,Not Divided,"CURVED, VIEW OPEN",Slope,Dry,Not Raining,Night,Hit Fixed Object,No Control
2018-4092-15/08/2019,1,1,Passenger,Female,029,Back Open Utility or Truck,Thrown Out,Admitted to Hospital,Not Applicable,Utility,Full,Right Turn,5.0,3 Country,1,1,Sunday,11:30 pm,50,T-Junction,Straight road,Level,Dry,Not Raining,Night,Other,No Control
2018-4094-15/08/2019,2,1,Driver,Female,060,Driver,Not Thrown Out,Treated at Hospital,Fitted - Worn,Station Wagon,Full,Stopped on Carriageway,1.0,2 Metropolitan,4,2,Monday,07:00 am,60,T-Junction,"CURVED, VIEW OPEN",Bottom of Hill,Dry,Not Raining,Daylight,Side Swipe,Traffic Signals
2018-4094-15/08/2019,3,1,Driver,Female,048,Driver,Not Thrown Out,Treated at Hospital,Fitted - Worn,Motor Cars - Sedan,Full,Stopped on Carriageway,1.0,2 Metropolitan,4,2,Monday,07:00 am,60,T-Junction,"CURVED, VIEW OPEN",Bottom of Hill,Dry,Not Raining,Daylight,Side Swipe,Traffic Signals
2018-4095-15/08/2019,2,1,Rider,Female,023,,,Treated at Hospital,,Pedal Cycle,,Straight Ahead,1.0,2 Metropolitan,2,1,Monday,07:59 am,60,T-Junction,Straight road,Level,Dry,Not Raining,Daylight,Right Turn,Stop Sign
2018-4097-15/08/2019,1,1,Driver,Female,040,Driver,Not Thrown Out,By Private,Fitted - Worn,Motor Cars - Sedan,Full,Stopped on Carriageway,1.0,2 Metropolitan,2,1,Monday,08:15 am,60,Cross Road,Straight road,Level,Dry,Not Raining,Daylight,Rear End,Traffic Signals
2018-4098-15/08/2019,1,1,Rider,Male,027,Rider of Motorcycle,Thrown Out,Admitted to Hospital,,Motor Cycle,Unlicenced,Straight Ahead,1.0,2 Metropolitan,2,1,Sunday,07:40 pm,50,Not Divided,"CURVED, VIEW OPEN",Slope,Dry,Not Raining,Night,Hit Fixed Object,No Control
2018-4099-15/08/2019,1,1,Driver,Female,024,Driver,Not Thrown Out,Treated at Hospital,Fitted - Worn,Motor Cars - Sedan,Full,Right Turn,1.0,2 Metropolitan,2,2,Monday,10:50 am,60,Cross Road,Straight road,Slope,Dry,Not Raining,Daylight,Right Turn,Traffic Signals
2018-4099-15/08/2019,2,1,Passenger,Female,074,Front Seat Left Passenger,Not Thrown Out,Treated at Hospital,Fitted - Worn,Motor Cars - Sedan,Full,Straight Ahead,2.0,2 Metropolitan,2,2,Monday,10:50 am,60,Cross Road,Straight road,Slope,Dry,Not Raining,Daylight,Right Turn,Traffic Signals
2018-4101-15/08/2019,1,1,Rider,Male,056,,Not Thrown Out,By Private,,Pedal Cycle,,Straight Ahead,1.0,2 Metropolitan,2,1,Saturday,09:00 am,50,Not Divided,Straight road,Level,Dry,Not Raining,Daylight,Rear End,No Control
2018-4104-15/08/2019,2,1,Pedestrian,Male,025,,,Treated at Hospital,,Pedestrian on Road,,Walking on Road,,2 Metropolitan,2,1,Monday,11:15 am,60,T-Junction,Straight road,Level,Dry,Not Raining,Daylight,Hit Pedestrian,No Control
2018-4105-15/08/2019,2,1,Driver,Female,017,Driver,Not Thrown Out,Treated at Hospital,Fitted - Worn,Motor Cars - Sedan,Provisional 1 ,Left Turn,2.0,3 Country,2,1,Monday,10:22 am,60,T-Junction,Straight road,Level,Dry,Not Raining,Daylight,Right Angle,No Control
2018-4106-15/08/2019,1,1,Driver,Male,067,Driver,Not Thrown Out,Treated at Hospital,Fitted - Worn,Motor Cars - Sedan,Full,Left Turn,1.0,2 Metropolitan,2,1,Monday,10:20 am,50,T-Junction,Straight road,Level,Dry,Not Raining,Daylight,Hit Fixed Object,No Control
2018-4109-15/08/2019,1,1,Passenger,Unknown,009,Rear Seat Right Passenger,Not Thrown Out,By Private,Fitted - Unknown if Worn,Station Wagon,Full,Straight Ahead,3.0,2 Metropolitan,2,1,Monday,11:10 am,50,T-Junction,"CURVED, VIEW OPEN",Level,Dry,Not Raining,Daylight,Right Turn,No Control
2018-4112-15/08/2019,1,1,Driver,Female,075,Driver,Not Thrown Out,By Private,Fitted - Worn,Motor Cars - Sedan,Full,Stopped on Carriageway,1.0,2 Metropolitan,3,2,Friday,12:00 pm,60,Rail Crossing,Straight road,Level,Dry,Not Raining,Daylight,Rear End,Rail Xing - Boom
2018-4112-15/08/2019,2,1,Driver,Female,032,Driver,Not Thrown Out,Treated at Hospital,Fitted - Worn,Forward Control Passenger Van,Full,Straight Ahead,3.0,2 Metropolitan,3,2,Friday,12:00 pm,60,Rail Crossing,Straight road,Level,Dry,Not Raining,Daylight,Rear End,Rail Xing - Boom
2018-4116-15/08/2019,2,1,Passenger,Female,031,Front Seat Left Passenger,Not Thrown Out,By Private,Fitted - Worn,Motor Cars - Sedan,Full,Stopped on Carriageway,4.0,2 Metropolitan,3,1,Monday,03:15 pm,80,T-Junction,Straight road,Level,Dry,Not Raining,Daylight,Rear End,Traffic Signals
2018-4119-15/08/2019,2,1,Rider,Male,077,Rider of Motorcycle,Thrown Out,Treated at Hospital,,Scooter,Full,Straight Ahead,1.0,2 Metropolitan,2,1,Monday,03:30 pm,50,Not Divided,Straight road,Level,Dry,Not Raining,Daylight,Right Angle,No Control
2018-4122-15/08/2019,1,1,Driver,Female,024,Driver,Not Thrown Out,Treated at Hospital,Fitted - Worn,Motor Cars - Sedan,Full,Straight Ahead,1.0,2 Metropolitan,2,1,Monday,02:50 pm,60,Not Divided,Straight road,Level,Dry,Not Raining,Daylight,Hit Parked Vehicle,No Control
2018-4124-15/08/2019,1,1,Driver,Female,059,Driver,Not Thrown Out,By Private,Fitted - Worn,Motor Cars - Tourer,Full,Straight Ahead,2.0,2 Metropolitan,2,1,Sunday,03:40 pm,60,T-Junction,Straight road,Level,Dry,Not Raining,Daylight,Right Angle,No Control
2018-4125-15/08/2019,1,1,Driver,Female,019,Driver,Not Thrown Out,Treated at Hospital,Fitted - Worn,Utility,Unknown,Straight Ahead,1.0,3 Country,2,1,Monday,03:54 pm,60,Cross Road,"CURVED, VIEW OPEN",Bottom of Hill,Dry,Not Raining,Daylight,Right Angle,Roundabout
2018-4127-15/08/2019,1,1,Driver,Male,029,Driver,Not Thrown Out,Treated at Hospital,Fitted - Worn,Motor Vehicle - Type Unknown,Full,Stopped on Carriageway,1.0,2 Metropolitan,2,1,Monday,06:30 pm,80,Divided Road,Straight road,Level,Dry,Not Raining,Night,Rear End,No Control
2018-4128-15/08/2019,1,1,Driver,Female,025,Driver,Not Thrown Out,Treated at Hospital,Fitted - Worn,Other Defined Special Vehicle,Unknown,Swerving,4.0,3 Country,2,5,Monday,06:30 pm,110,Not Divided,Straight road,Level,Dry,Not Raining,Night,Roll Over,No Control
2018-4128-15/08/2019,1,2,Passenger,Female,029,Back of Enclosed Van,Not Thrown Out,Admitted to Hospital,Fitted - Not Worn,Other Defined Special Vehicle,Unknown,Swerving,4.0,3 Country,2,5,Monday,06:30 pm,110,Not Divided,Straight road,Level,Dry,Not Raining,Night,Roll Over,No Control
2018-4128-15/08/2019,1,3,Passenger,Female,026,Back of Enclosed Van,Thrown Out,Fatal,Fitted - Not Worn,Other Defined Special Vehicle,Unknown,Swerving,4.0,3 Country,2,5,Monday,06:30 pm,110,Not Divided,Straight road,Level,Dry,Not Raining,Night,Roll Over,No Control
2018-4128-15/08/2019,1,4,Passenger,Female,029,Front Seat Left Passenger,Not Thrown Out,Treated at Hospital,Fitted - Worn,Other Defined Special Vehicle,Unknown,Swerving,4.0,3 Country,2,5,Monday,06:30 pm,110,Not Divided,Straight road,Level,Dry,Not Raining,Night,Roll Over,No Control
2018-4128-15/08/2019,2,1,Driver,Male,058,Driver,Not Thrown Out,Treated at Hospital,Fitted - Worn,Station Wagon,Full,Straight Ahead,1.0,3 Country,2,5,Monday,06:30 pm,110,Not Divided,Straight road,Level,Dry,Not Raining,Night,Roll Over,No Control
2018-4130-15/08/2019,2,1,Driver,Male,033,Driver,Not Thrown Out,Treated at Hospital,Fitted - Worn,Station Wagon,Provisional 2,Straight Ahead,1.0,2 Metropolitan,2,1,Monday,11:10 am,70,Not Divided,Straight road,Level,Dry,Not Raining,Daylight,Hit Parked Vehicle,No Control
2018-4134-15/08/2019,1,1,Driver,Female,037,Driver,Not Thrown Out,Treated at Hospital,Fitted - Worn,Motor Cars - Sedan,Full,Left Turn,1.0,3 Country,1,1,Tuesday,02:30 am,100,T-Junction,"CURVED, VIEW OPEN",Level,Wet,Raining,Night,Roll Over,No Control
2018-4137-15/08/2019,2,1,Driver,Female,048,Driver,Not Thrown Out,By Private,Fitted - Worn,Station Wagon,Full,Straight Ahead,1.0,2 Metropolitan,3,1,Tuesday,10:45 am,60,T-Junction,Straight road,Level,Wet,Not Raining,Daylight,Right Turn,Stop Sign
2018-4138-15/08/2019,2,1,Driver,Female,026,Driver,Not Thrown Out,By Private,Fitted - Unknown if Worn,Motor Cars - Sedan,Full,Straight Ahead,2.0,2 Metropolitan,3,2,Tuesday,10:36 am,60,Divided Road,Straight road,Slope,Wet,Not Raining,Daylight,Rear End,No Control
2018-4138-15/08/2019,2,2,Passenger,Male,027,Front Seat Left Passenger,Not Thrown Out,By Private,Fitted - Unknown if Worn,Motor Cars - Sedan,Full,Straight Ahead,2.0,2 Metropolitan,3,2,Tuesday,10:36 am,60,Divided Road,Straight road,Slope,Wet,Not Raining,Daylight,Rear End,No Control
2018-4140-15/08/2019,1,1,Driver,Male,021,Driver,Not Thrown Out,Treated at Hospital,Fitted - Worn,Motor Cars - Sedan,Provisional 2,Straight Ahead,1.0,2 Metropolitan,2,1,Tuesday,11:00 am,80,Not Divided,"CURVED, VIEW OBSCURED",Slope,Wet,Raining,Daylight,Hit Fixed Object,No Control
2018-4142-15/08/2019,1,1,Driver,Male,055,Driver,Not Thrown Out,By Private,Fitted - Worn,Utility,Full,Straight Ahead,1.0,2 Metropolitan,4,1,Tuesday,07:15 am,60,T-Junction,Straight road,Level,Wet,Not Raining,Daylight,Right Turn,No Control
2018-4145-15/08/2019,1,1,Driver,Male,018,Driver,Not Thrown Out,Treated at Hospital,Fitted - Worn,Motor Cars - Sedan,Full,Straight Ahead,2.0,2 Metropolitan,2,2,Tuesday,10:15 am,100,Not Divided,"CURVED, VIEW OPEN",Level,Wet,Not Raining,Daylight,Hit Fixed Object,No Control