REPORT_ID,UND_UNIT_NUMBER,CASUALTY_NUMBER,Casualty Type,Sex_x,AGE,Position In Veh,Thrown Out,Injury Extent,Seat Belt,Unit Type,Licence Type,Unit Movement,Number Occupants,Stats Area,Total Units,Total Cas,Day,Time,Area Speed,Position Type,Horizontal Align,Vertical Align,Moisture Cond,Weather Cond,DayNight,Crash Type,Traffic Ctrls
2018-4332-15/08/2019,2,1,Passenger,Female,008,Rear Seat Left Passenger,Not Thrown Out,Treated at Hospital,Fitted - Worn,Station Wagon,Full,Leaving Private Driveway,2.0,2 Metropolitan,2,1,Monday,05:20 pm,50,Not Divided,Straight road,Level,Dry,Not Raining,Daylight,Right Angle,No Control
2018-4333-15/08/2019,2,1,Pedestrian,Male,006,,,Treated at Hospital,,Pedestrian on Road,,Crossing without Control,,3 Country,2,1,Monday,04:48 pm,50,Divided Road,Straight road,Level,Dry,Not Raining,Daylight,Hit Pedestrian,No Control
2018-4336-15/08/2019,1,1,Driver,Female,032,Driver,Not Thrown Out,Treated at Hospital,Fitted - Worn,Utility,Full,Straight Ahead,1.0,2 Metropolitan,7,2,Monday,05:30 pm,80,Divided Road,Straight road,Level,Dry,Not Raining,Daylight,Rear End,No Control
2018-4336-15/08/2019,6,1,Driver,Female,034,Driver,Not Thrown Out,Treated at Hospital,Fitted - Worn,Station Wagon,Unknown,Stopped on Carriageway,1.0,2 Metropolitan,7,2,Monday,05:30 pm,80,Divided Road,Straight road,Level,Dry,Not Raining,Daylight,Rear End,No Control
2018-4337-15/08/2019,2,1,Rider,Male,032,,Thrown Out,Treated at Hospital,,Pedal Cycle,,Straight Ahead,1.0,3 Country,2,1,Monday,10:31 pm,50,Not Divided,Straight road,Slope,Dry,Not Raining,Night,Right Angle,No Control
2018-4338-15/08/2019,1,1,Driver,Male,040,Driver,Not Thrown Out,Admitted to Hospital,Fitted - Worn,Utility,Full,Swerving,2.0,3 Country,2,3,Monday,09:30 pm,110,Not Divided,Straight road,Level,Dry,Not Raining,Night,Rear End,No Control
2018-4338-15/08/2019,1,2,Passenger,Male,019,Front Seat Left Passenger,Not Thrown Out,Admitted to Hospital,Fitted - Worn,Utility,Full,Swerving,2.0,3 Country,2,3,Monday,09:30 pm,110,Not Divided,Straight road,Level,Dry,Not Raining,Night,Rear End,No Control
2018-4338-15/08/2019,2,1,Driver,Male,027,Driver,Not Thrown Out,Treated at Hospital,Fitted - Worn,Motor Cars - Sedan,Full,Straight Ahead,1.0,3 Country,2,3,Monday,09:30 pm,110,Not Divided,Straight road,Level,Dry,Not Raining,Night,Rear End,No Control
2018-4339-15/08/2019,1,1,Driver,Male,034,Driver,Not Thrown Out,Treated at Hospital,Fitted - Worn,Utility,Full,Straight Ahead,3.0,3 Country,2,1,Monday,05:30 pm,100,T-Junction,Straight road,Level,Dry,Not Raining,Daylight,Hit Fixed Object,Give Way Sign
2018-4344-15/08/2019,1,1,Rider,Male,020,Rider of Motorcycle,Thrown Out,Treated at Hospital,,Motor Cycle,Learners,Straight Ahead,1.0,2 Metropolitan,2,1,Tuesday,10:30 pm,50,Not Divided,Straight road,Level,Unknown,Unknown,Night,Hit Fixed Object,No Control
2018-4345-15/08/2019,1,1,Driver,Female,076,Driver,Not Thrown Out,Treated at Hospital,Fitted - Worn,Station Wagon,Full,Stopped on Carriageway,1.0,2 Metropolitan,3,2,Tuesday,09:47 am,60,T-Junction,Straight road,Level,Dry,Not Raining,Daylight,Rear End,No Control
2018-4345-15/08/2019,3,1,Driver,Female,022,Driver,Not Thrown Out,By Private,Fitted - Worn,Motor Cars - Sedan,Full,Straight Ahead,1.0,2 Metropolitan,3,2,Tuesday,09:47 am,60,T-Junction,Straight road,Level,Dry,Not Raining,Daylight,Rear End,No Control
2018-4346-15/08/2019,1,1,Driver,Male,029,Driver,Not Thrown Out,Treated at Hospital,Fitted - Worn,Motor Cars - Sedan,Full,Straight Ahead,2.0,3 Country,1,2,Monday,01:25 pm,110,Not Divided,Straight road,Level,Dry,Not Raining,Daylight,Roll Over,No Control
2018-4346-15/08/2019,1,2,Passenger,Female,021,Front Seat Left Passenger,Not Thrown Out,Treated at Hospital,Fitted - Worn,Motor Cars - Sedan,Full,Straight Ahead,2.0,3 Country,1,2,Monday,01:25 pm,110,Not Divided,Straight road,Level,Dry,Not Raining,Daylight,Roll Over,No Control
2018-4353-15/08/2019,1,1,Driver,Female,029,Driver,Not Thrown Out,By Private,Fitted - Worn,Station Wagon,Full,Straight Ahead,1.0,2 Metropolitan,2,1,Tuesday,11:55 am,60,T-Junction,Straight road,Level,Dry,Not Raining,Daylight,Rear End,No Control
2018-4355-15/08/2019,1,1,Driver,Female,022,Driver,Not Thrown Out,Treated at Hospital,Fitted - Worn,Motor Cars - Sedan,Full,Straight Ahead,2.0,3 Country,2,2,Monday,03:45 pm,80,Not Divided,"CURVED, VIEW OPEN",Level,Dry,Not Raining,Daylight,Roll Over,No Control
2018-4355-15/08/2019,1,2,Passenger,Male,024,Front Seat Left Passenger,Not Thrown Out,Treated at Hospital,Fitted - Worn,Motor Cars - Sedan,Full,Straight Ahead,2.0,3 Country,2,2,Monday,03:45 pm,80,Not Divided,"CURVED, VIEW OPEN",Level,Dry,Not Raining,Daylight,Roll Over,No Control
2018-4356-15/08/2019,1,1,Pedestrian,Male,051,,,Treated at Hospital,,Pedestrian on Road,,Walking on Road,,2 Metropolitan,2,1,Tuesday,01:40 pm,25,Not Divided,Straight road,Level,Dry,Not Raining,Daylight,Hit Pedestrian,No Control
2018-4357-15/08/2019,1,1,Driver,Male,046,Driver,Not Thrown Out,By Private,Fitted - Worn,Motor Cars - Sedan,Full,Stopped on Carriageway,1.0,2 Metropolitan,2,1,Tuesday,09:15 am,60,Divided Road,Straight road,Level,Dry,Not Raining,Daylight,Rear End,No Control
2018-4358-15/08/2019,2,1,Rider,Female,018,Rider of Motorcycle,Thrown Out,Treated at Hospital,,Motor Cycle,Provisional 2,Straight Ahead,1.0,2 Metropolitan,2,1,Tuesday,03:15 pm,60,Divided Road,Straight road,Level,Dry,Not Raining,Daylight,Right Angle,No Control
2018-4360-15/08/2019,1,1,Passenger,Female,066,Front Seat Left Passenger,Not Thrown Out,Treated at Hospital,Fitted - Worn,Motor Cars - Sedan,Full,Stopped on Carriageway,2.0,2 Metropolitan,2,1,Tuesday,03:30 pm,60,T-Junction,Straight road,Level,Dry,Not Raining,Daylight,Rear End,Give Way Sign
2018-4368-15/08/2019,1,1,Driver,Male,039,Driver,Not Thrown Out,Admitted to Hospital,Fitted - Worn,Motor Cars - Sedan,Probationary,Straight Ahead,1.0,2 Metropolitan,2,1,Tuesday,06:00 pm,50,Not Divided,Straight road,Level,Dry,Not Raining,Night,Hit Fixed Object,No Control
2018-4370-15/08/2019,1,1,Passenger,Male,020,Rear Seat Left Passenger,Not Thrown Out,Treated at Hospital,Fitted - Worn,Motor Cars - Sedan,Provisional 2,Swerving,5.0,3 Country,1,3,Tuesday,09:00 pm,100,Not Divided,"CURVED, VIEW OPEN",Slope,Dry,Not Raining,Night,Roll Over,No Control
2018-4370-15/08/2019,1,2,Passenger,Female,021,Front Seat Left Passenger,Not Thrown Out,Treated at Hospital,Fitted - Worn,Motor Cars - Sedan,Provisional 2,Swerving,5.0,3 Country,1,3,Tuesday,09:00 pm,100,Not Divided,"CURVED, VIEW OPEN",Slope,Dry,Not Raining,Night,Roll Over,No Control
2018-4370-15/08/2019,1,3,Passenger,Male,021,Rear Seat Middle Passenger,Not Thrown Out,Treated at Hospital,Fitted - Worn,Motor Cars - Sedan,Provisional 2,Swerving,5.0,3 Country,1,3,Tuesday,09:00 pm,100,Not Divided,"CURVED, VIEW OPEN",Slope,Dry,Not Raining,Night,Roll Over,No Control
2018-4371-15/08/2019,1,1,Driver,Female,075,Driver,Not Thrown Out,Treated at Hospital,Fitted - Not Worn,Motor Cars - Sedan,Full,Straight Ahead,1.0,2 Metropolitan,3,2,Tuesday,12:15 pm,60,T-Junction,Straight road,Level,Dry,Not Raining,Daylight,Rear End,Stop Sign
2018-4371-15/08/2019,2,1,Driver,Female,066,Driver,Not Thrown Out,Treated at Hospital,Fitted - Worn,Motor Cars - Sedan,Full,Stopped on Carriageway,1.0,2 Metropolitan,3,2,Tuesday,12:15 pm,60,T-Junction,Straight road,Level,Dry,Not Raining,Daylight,Rear End,Stop Sign
2018-4373-15/08/2019,1,1,Driver,Male,036,Driver,Not Thrown Out,By Private,Fitted - Worn,Utility,Full,Right Turn,1.0,2 Metropolitan,2,1,Tuesday,04:40 pm,70,T-Junction,Straight road,Level,Dry,Not Raining,Daylight,Right Angle,No Control
2018-4376-15/08/2019,2,1,Rider,Male,069,,Thrown Out,Treated at Hospital,,Pedal Cycle,,Straight Ahead,1.0,2 Metropolitan,2,1,Wednesday,08:20 am,60,T-Junction,Straight road,Level,Dry,Not Raining,Daylight,Right Turn,No Control
2018-4380-15/08/2019,1,1,Driver,Female,035,Driver,Not Thrown Out,Treated at Hospital,Fitted - Worn,Station Wagon,Full,Right Turn,2.0,2 Metropolitan,2,1,Tuesday,06:00 pm,60,T-Junction,Straight road,Level,Dry,Not Raining,Night,Right Turn,No Control
2018-4381-15/08/2019,1,1,Driver,Male,058,Driver,Not Thrown Out,Treated at Hospital,Fitted - Worn,Motor Cars - Tourer,Full,Straight Ahead,1.0,2 Metropolitan,2,1,Sunday,08:00 am,80,Not Divided,"CURVED, VIEW OPEN",Level,Dry,Not Raining,Daylight,Hit Animal,No Control
2018-4382-15/08/2019,2,1,Rider,Male,035,,Thrown Out,Treated at Hospital,,Pedal Cycle,,Straight Ahead,1.0,2 Metropolitan,3,1,Wednesday,07:45 am,50,Cross Road,Straight road,Level,Dry,Not Raining,Daylight,Right Turn,Stop Sign
2018-4386-15/08/2019,1,1,Driver,Female,025,Driver,Not Thrown Out,Treated at Hospital,Fitted - Worn,Motor Cars - Sedan,Full,Right Turn,1.0,2 Metropolitan,2,1,Tuesday,12:45 pm,50,T-Junction,Straight road,Slope,Dry,Not Raining,Daylight,Right Angle,No Control
2018-4389-15/08/2019,1,1,Driver,Female,028,Driver,Not Thrown Out,By Private,Fitted - Worn,Station Wagon,Full,Stopped on Carriageway,1.0,2 Metropolitan,2,1,Wednesday,08:50 am,60,Not Divided,Straight road,Level,Dry,Not Raining,Daylight,Rear End,No Control
2018-4393-15/08/2019,1,1,Driver,Female,036,Driver,Not Thrown Out,Treated at Hospital,Fitted - Worn,Motor Cars - Sedan,Full,Straight Ahead,2.0,2 Metropolitan,2,1,Wednesday,01:58 pm,100,Not Divided,Straight road,Slope,Dry,Not Raining,Daylight,Rear End,No Control
2018-4400-15/08/2019,1,1,Driver,Female,080,Driver,Not Thrown Out,Treated at Hospital,Fitted - Worn,Motor Cars - Sedan,Full,Straight Ahead,1.0,2 Metropolitan,3,1,Wednesday,04:02 pm,60,Divided Road,Straight road,Level,Dry,Not Raining,Daylight,Rear End,No Control
2018-4401-15/08/2019,2,1,Driver,Female,047,Driver,Not Thrown Out,By Private,Fitted - Worn,Motor Cars - Sedan,Full,Stopped on Carriageway,1.0,2 Metropolitan,2,1,Tuesday,06:49 pm,60,Divided Road,Straight road,Level,Dry,Not Raining,Night,Rear End,No Control
2018-4403-15/08/2019,1,1,Driver,Male,048,Driver,Not Thrown Out,Treated at Hospital,Fitted - Worn,Station Wagon,Full,Straight Ahead,1.0,3 Country,2,1,Wednesday,04:50 pm,110,Not Divided,Straight road,Level,Dry,Not Raining,Daylight,Hit Fixed Object,No Control
2018-4404-15/08/2019,2,1,Pedestrian,Male,061,,,Treated at Hospital,,Pedestrian on Road,,Crossing without Control,,2 Metropolitan,2,1,Wednesday,07:00 pm,60,Cross Road,Straight road,Level,Dry,Not Raining,Night,Hit Pedestrian,Give Way Sign
2018-4408-15/08/2019,1,1,Rider,Male,071,Rider of Motorcycle,Thrown Out,Treated at Hospital,,Motor Cycle,Full,Overtaking - on Right,1.0,3 Country,3,1,Wednesday,04:30 pm,110,Not Divided,Straight road,Level,Dry,Not Raining,Daylight,Side Swipe,No Control
2018-4409-15/08/2019,1,1,Driver,Female,049,Driver,Not Thrown Out,Admitted to Hospital,Fitted - Not Worn,Panel Van,Unlicenced,Straight Ahead,1.0,2 Metropolitan,2,1,Wednesday,08:11 pm,50,Not Divided,Straight road,Level,Dry,Not Raining,Night,Hit Fixed Object,No Control
2018-4411-15/08/2019,1,1,Driver,Male,019,Driver,Not Thrown Out,Treated at Hospital,Fitted - Worn,Motor Cars - Sedan,Provisional 2,Straight Ahead,1.0,2 Metropolitan,2,1,Thursday,02:30 am,50,Not Divided,Straight road,Level,Wet,Raining,Night,Hit Fixed Object,No Control
2018-4413-15/08/2019,2,1,Driver,Male,039,Driver,Not Thrown Out,Treated at Hospital,Fitted - Worn,Motor Cars - Sedan,Full,Straight Ahead,1.0,2 Metropolitan,3,1,Thursday,06:45 am,80,Divided Road,Straight road,Level,Wet,Raining,Night,Rear End,No Control
2018-4415-15/08/2019,4,1,Driver,Female,056,Driver,Not Thrown Out,By Private,Fitted - Worn,Motor Cars - Sedan,Full,Stopped on Carriageway,1.0,2 Metropolitan,4,1,Thursday,08:20 am,60,T-Junction,Straight road,Level,Wet,Raining,Daylight,Rear End,Traffic Signals
2018-4419-15/08/2019,2,1,Rider,Male,047,Rider of Motorcycle,Thrown Out,Treated at Hospital,,Motor Cycle,Full,Straight Ahead,1.0,2 Metropolitan,2,1,Thursday,08:00 am,60,T-Junction,Straight road,Level,Wet,Raining,Daylight,Right Turn,Stop Sign
2018-4421-15/08/2019,2,1,Driver,Female,034,Driver,Not Thrown Out,Treated at Hospital,Fitted - Worn,Motor Cars - Sedan,Full,Straight Ahead,1.0,2 Metropolitan,2,1,Thursday,09:21 am,60,Divided Road,Straight road,Level,Wet,Raining,Daylight,Rear End,No Control
2018-4427-15/08/2019,1,1,Rider,Female,052,Rider of Motorcycle,Thrown Out,Treated at Hospital,,Scooter,Full,Stopped on Carriageway,1.0,2 Metropolitan,2,1,Wednesday,11:30 am,60,Divided Road,Straight road,Level,Dry,Not Raining,Daylight,Rear End,No Control
2018-4429-15/08/2019,1,1,Driver,Female,028,Driver,Not Thrown Out,By Private,Fitted - Worn,Motor Cars - Sedan,Full,Straight Ahead,1.0,2 Metropolitan,2,1,Thursday,12:45 pm,60,T-Junction,Straight road,Level,Wet,Not Raining,Daylight,Right Turn,Traffic Signals
2018-4434-15/08/2019,1,1,Driver,Female,045,Driver,Not Thrown Out,By Private,Fitted - Worn,Utility,Full,Straight Ahead,1.0,2 Metropolitan,2,1,Thursday,08:15 am,80,Not Divided,"CURVED, VIEW OPEN",Level,Wet,Raining,Daylight,Hit Fixed Object,No Control
2018-4437-15/08/2019,1,1,Driver,Female,065,Driver,Not Thrown Out,By Private,Fitted - Worn,Station Wagon,Full,Straight Ahead,1.0,2 Metropolitan,2,1,Thursday,08:45 am,60,One Way,Straight road,Level,Wet,Raining,Daylight,Rear End,No Control
2018-4439-15/08/2019,2,1,Driver,Female,022,Driver,Not Thrown Out,Treated at Hospital,Fitted - Worn,Motor Cars - Sedan,Provisional 1 ,Straight Ahead,1.0,2 Metropolitan,2,1,Wednesday,05:48 pm,60,Rail Xing,Straight road,Level,Dry,Not Raining,Night,Rear End,Traffic Signals
2018-4441-15/08/2019,1,1,Driver,Male,026,Driver,Not Thrown Out,Treated at Hospital,Fitted - Unknown if Worn,Motor Cars - Sedan,Full,Straight Ahead,2.0,2 Metropolitan,3,2,Thursday,02:06 pm,60,Divided Road,Straight road,Level,Dry,Not Raining,Daylight,Right Turn,No Control
2018-4441-15/08/2019,1,2,Passenger,Female,034,Front Seat Left Passenger,Not Thrown Out,Treated at Hospital,Fitted - Unknown if Worn,Motor Cars - Sedan,Full,Straight Ahead,2.0,2 Metropolitan,3,2,Thursday,02:06 pm,60,Divided Road,Straight road,Level,Dry,Not Raining,Daylight,Right Turn,No Control
2018-4450-15/08/2019,1,1,Rider,Male,053,Rider of Motorcycle,Thrown Out,Admitted to Hospital,,Motor Cycle,Full,Straight Ahead,1.0,3 Country,2,1,Thursday,11:20 am,100,Not Divided,Straight road,Level,Dry,Not Raining,Daylight,Hit Animal,No Control
2018-4454-15/08/2019,2,1,Driver,Female,051,Driver,Not Thrown Out,Treated at Hospital,Fitted - Worn,Utility,Full,Stopped on Carriageway,1.0,2 Metropolitan,3,1,Thursday,04:28 pm,50,T-Junction,Straight road,Slope,Wet,Raining,Daylight,Rear End,Give Way Sign
2018-4455-15/08/2019,1,1,Driver,Male,038,Driver,Not Thrown Out,By Private,Fitted - Worn,Motor Cars - Sedan,Full,Stopped on Carriageway,1.0,2 Metropolitan,2,1,Wednesday,03:25 pm,60,Cross Road,Straight road,Level,Dry,Not Raining,Daylight,Rear End,Traffic Signals
2018-4456-15/08/2019,1,1,Pedestrian,Male,029,,,Treated at Hospital,,Small Wheel Vehicle User,,Crossing with Traffic Signals,,1 City,2,1,Wednesday,02:35 pm,50,Cross Road,Straight road,Level,Dry,Not Raining,Daylight,Hit Pedestrian,Traffic Signals
2018-4460-15/08/2019,1,1,Driver,Male,034,Driver,Not Thrown Out,Treated at Hospital,Fitted - Worn,Motor Cars - Sedan,Full,Straight Ahead,1.0,2 Metropolitan,2,1,Thursday,04:25 pm,80,Not Divided,"CURVED, VIEW OBSCURED",Slope,Wet,Raining,Daylight,Hit Fixed Object,No Control
2018-4461-15/08/2019,1,1,Driver,Male,024,Driver,Not Thrown Out,Treated at Hospital,Fitted - Worn,Motor Cars - Sedan,Full,Straight Ahead,1.0,2 Metropolitan,2,1,Thursday,07:50 pm,80,Divided Road,Straight road,Level,Wet,Raining,Night,Rear End,No Control
2018-4464-15/08/2019,1,1,Driver,Female,023,Driver,Not Thrown Out,Treated at Hospital,Fitted - Worn,Motor Cars - Sedan,Full,Straight Ahead,1.0,2 Metropolitan,2,1,Thursday,10:25 pm,70,Not Divided,"CURVED, VIEW OBSCURED",Slope,Wet,Raining,Night,Hit Fixed Object,No Control
2018-4472-15/08/2019,1,1,Driver,Male,034,Driver,Not Thrown Out,By Private,Fitted - Worn,Utility,Full,Stopped on Carriageway,1.0,2 Metropolitan,2,1,Thursday,03:45 pm,50,Cross Road,Straight road,Level,Dry,Not Raining,Daylight,Rear End,Traffic Signals
2018-4473-15/08/2019,2,1,Driver,Male,020,Driver,Not Thrown Out,Treated at Hospital,Fitted - Worn,Motor Cars - Sedan,Provisional 2,Stopped on Carriageway,1.0,2 Metropolitan,3,1,Thursday,02:00 pm,60,Divided Road,Straight road,Level,Wet,Unknown,Daylight,Rear End,No Control
2018-4474-15/08/2019,1,1,Driver,Male,051,Driver,Not Thrown Out,Treated at Hospital,Fitted - Worn,Motor Cars - Sedan,Full,Straight Ahead,1.0,2 Metropolitan,5,1,Friday,09:03 am,40,Cross Road,Straight road,Level,Wet,Not Raining,Daylight,Right Angle,Give Way Sign
2018-4477-15/08/2019,2,1,Passenger,Female,011,Front Seat Left Passenger,Not Thrown Out,Treated at Hospital,Fitted - Worn,Station Wagon,Full,Straight Ahead,4.0,2 Metropolitan,3,1,Friday,08:55 am,60,Cross Road,Straight road,Level,Wet,Not Raining,Daylight,Right Angle,Traffic Signals
2018-4478-15/08/2019,1,1,Driver,Female,032,Driver,Not Thrown Out,Treated at Hospital,Fitted - Worn,Station Wagon,Full,U Turn,4.0,3 Country,2,4,Friday,08:35 am,100,Not Divided,"CURVED, VIEW OBSCURED",Level,Dry,Not Raining,Daylight,Side Swipe,No Control
2018-4478-15/08/2019,1,2,Passenger,Male,003,Rear Seat Right Passenger,Not Thrown Out,Treated at Hospital,Child Restraint - Worn,Station Wagon,Full,U Turn,4.0,3 Country,2,4,Friday,08:35 am,100,Not Divided,"CURVED, VIEW OBSCURED",Level,Dry,Not Raining,Daylight,Side Swipe,No Control
2018-4478-15/08/2019,1,3,Passenger,Male,007,Front Seat Left Passenger,Not Thrown Out,Treated at Hospital,Fitted - Worn,Station Wagon,Full,U Turn,4.0,3 Country,2,4,Friday,08:35 am,100,Not Divided,"CURVED, VIEW OBSCURED",Level,Dry,Not Raining,Daylight,Side Swipe,No Control
2018-4478-15/08/2019,1,4,Passenger,Male,006,Rear Seat Left Passenger,Not Thrown Out,Treated at Hospital,Child Restraint - Worn,Station Wagon,Full,U Turn,4.0,3 Country,2,4,Friday,08:35 am,100,Not Divided,"CURVED, VIEW OBSCURED",Level,Dry,Not Raining,Daylight,Side Swipe,No Control
2018-4482-15/08/2019,2,1,Rider,Male,032,,Thrown Out,Treated at Hospital,,Pedal Cycle,,Straight Ahead,1.0,2 Metropolitan,2,1,Friday,11:59 am,50,Not Divided,Straight road,Level,Dry,Not Raining,Daylight,Hit Parked Vehicle,No Control
2018-4486-15/08/2019,1,1,Rider,Female,047,Rider of Motorcycle,Thrown Out,Treated at Hospital,,Scooter,Unknown,Straight Ahead,1.0,3 Country,2,1,Friday,12:40 pm,50,Not Divided,"CURVED, VIEW OPEN",Slope,Dry,Not Raining,Daylight,Hit Fixed Object,No Control
2018-4487-15/08/2019,2,1,Pedestrian,Female,092,,,Treated at Hospital,,Pedestrian on Road,,Crossing without Control,,2 Metropolitan,2,1,Friday,12:00 pm,40,Cross Road,Straight road,Level,Dry,Not Raining,Daylight,Hit Pedestrian,Stop Sign
2018-4488-15/08/2019,2,1,Driver,Male,038,Driver,Not Thrown Out,Treated at Hospital,Fitted - Worn,Motor Cars - Sedan,Full,Stopped on Carriageway,1.0,2 Metropolitan,3,2,Friday,09:50 am,90,Not Divided,Straight road,Level,Dry,Not Raining,Daylight,Rear End,No Control
2018-4488-15/08/2019,3,1,Driver,Male,063,Driver,Not Thrown Out,By Private,Fitted - Worn,Utility,Full,Stopped on Carriageway,1.0,2 Metropolitan,3,2,Friday,09:50 am,90,Not Divided,Straight road,Level,Dry,Not Raining,Daylight,Rear End,No Control
2018-4489-15/08/2019,1,1,Driver,Female,021,Driver,Not Thrown Out,Treated at Hospital,Fitted - Worn,Motor Cars - Sedan,Provisional 2,Straight Ahead,1.0,2 Metropolitan,1,1,Thursday,10:40 am,80,Not Divided,"CURVED, VIEW OBSCURED",Slope,Wet,Raining,Daylight,Roll Over,No Control
2018-4490-15/08/2019,1,1,Driver,Female,018,Driver,Not Thrown Out,Treated at Hospital,Fitted - Worn,Motor Cars - Sedan,Provisional 2,Straight Ahead,2.0,2 Metropolitan,2,1,Friday,03:40 pm,50,Not Divided,Straight road,Level,Dry,Not Raining,Daylight,Hit Parked Vehicle,No Control
2018-4491-15/08/2019,1,1,Driver,Female,052,Driver,Not Thrown Out,By Private,Fitted - Worn,Motor Cars - Sedan,Unknown,Stopped on Carriageway,2.0,2 Metropolitan,3,1,Friday,06:40 am,60,Divided Road,Straight road,Level,Wet,Raining,Night,Rear End,No Control
2018-4493-15/08/2019,2,1,Driver,Male,048,Driver,Not Thrown Out,Treated at Hospital,Fitted - Worn,Motor Cars - Sedan,Full,Stopped on Carriageway,1.0,2 Metropolitan,3,1,Friday,04:20 pm,60,Divided Road,Straight road,Level,Dry,Not Raining,Daylight,Rear End,No Control
2018-4501-15/08/2019,1,1,Driver,Female,018,Driver,Not Thrown Out,Treated at Hospital,Fitted - Worn,Motor Cars - Sedan,Provisional 2,Straight Ahead,1.0,2 Metropolitan,2,1,Friday,05:00 pm,50,Not Divided,"CURVED, VIEW OPEN",Slope,Dry,Not Raining,Daylight,Hit Fixed Object,No Control
2018-4506-15/08/2019,1,1,Driver,Female,025,Driver,Not Thrown Out,Treated at Hospital,Fitted - Worn,Motor Cars - Sedan,Full,Straight Ahead,1.0,2 Metropolitan,2,1,Friday,08:20 pm,60,Cross Road,Straight road,Level,Dry,Not Raining,Night,Right Angle,Roundabout
2018-4508-15/08/2019,1,1,Rider,Male,030,Rider of Motorcycle,Thrown Out,Admitted to Hospital,,Motor Cycle,Unlicenced,Right Turn,1.0,2 Metropolitan,1,1,Friday,09:26 pm,50,T-Junction,Straight road,Level,Dry,Not Raining,Night,Roll Over,No Control
2018-4509-15/08/2019,2,1,Pedestrian,Female,035,,,Treated at Hospital,,Pedestrian on Road,,Crossing with Traffic Signals,,1 City,2,1,Friday,11:41 pm,50,Cross Road,Straight road,Level,Dry,Not Raining,Night,Hit Pedestrian,Traffic Signals
2018-4510-15/08/2019,1,1,Driver,Male,052,Driver,Not Thrown Out,Treated at Hospital,Fitted - Worn,Motor Cars - Sedan,Full,Straight Ahead,1.0,2 Metropolitan,2,4,Saturday,06:10 am,60,Cross Road,Straight road,Level,Dry,Not Raining,Night,Right Angle,Stop Sign
2018-4510-15/08/2019,2,1,Driver,Male,045,Driver,Not Thrown Out,Treated at Hospital,Fitted - Worn,Motor Cars - Sedan,Unlicenced,Straight Ahead,3.0,2 Metropolitan,2,4,Saturday,06:10 am,60,Cross Road,Straight road,Level,Dry,Not Raining,Night,Right Angle,Stop Sign
2018-4510-15/08/2019,2,2,Passenger,Male,035,Front Seat Left Passenger,Not Thrown Out,Treated at Hospital,Fitted - Worn,Motor Cars - Sedan,Unlicenced,Straight Ahead,3.0,2 Metropolitan,2,4,Saturday,06:10 am,60,Cross Road,Straight road,Level,Dry,Not Raining,Night,Right Angle,Stop Sign
2018-4510-15/08/2019,2,3,Passenger,Male,022,Rear Seat Left Passenger,Not Thrown Out,Treated at Hospital,Fitted - Worn,Motor Cars - Sedan,Unlicenced,Straight Ahead,3.0,2 Metropolitan,2,4,Saturday,06:10 am,60,Cross Road,Straight road,Level,Dry,Not Raining,Night,Right Angle,Stop Sign
2018-4513-15/08/2019,2,1,Driver,Female,026,Driver,Not Thrown Out,By Private,Fitted - Worn,Motor Cars - Sedan,Full,Straight Ahead,1.0,2 Metropolitan,2,1,Saturday,09:30 am,60,Cross Road,Straight road,Level,Dry,Not Raining,Daylight,Right Turn,Traffic Signals
2018-4514-15/08/2019,1,1,Passenger,Male,XXX,Rear Seat Middle Passenger,Not Thrown Out,Treated at Hospital,Child Restraint - Worn,Motor Cars - Sedan,Full,Straight Ahead,3.0,2 Metropolitan,2,1,Saturday,09:30 am,50,Not Divided,Straight road,Level,Dry,Not Raining,Daylight,Hit Fixed Object,No Control
2018-4515-15/08/2019,1,1,Passenger,Female,064,Front Seat Left Passenger,Not Thrown Out,By Private,Fitted - Worn,Station Wagon,Full,Straight Ahead,2.0,2 Metropolitan,2,1,Friday,02:00 pm,60,Cross Road,Straight road,Level,Dry,Not Raining,Daylight,Rear End,Traffic Signals
2018-4516-15/08/2019,1,1,Driver,Male,019,Driver,Not Thrown Out,By Private,Fitted - Worn,Motor Cars - Sedan,Unknown,Straight Ahead,1.0,3 Country,2,1,Saturday,06:45 am,110,Not Divided,Straight road,Slope,Dry,Not Raining,Night,Hit Fixed Object,No Control
2018-4521-15/08/2019,1,1,Driver,Male,017,Driver,Not Thrown Out,Treated at Hospital,Fitted - Worn,Motor Cars - Sedan,Provisional 1 ,Straight Ahead,1.0,2 Metropolitan,2,1,Saturday,12:30 pm,50,Not Divided,Straight road,Level,Dry,Not Raining,Daylight,Hit Parked Vehicle,No Control
2018-4526-15/08/2019,2,1,Driver,Female,020,Driver,Not Thrown Out,Treated at Hospital,Fitted - Worn,Motor Cars - Sedan,Full,Straight Ahead,1.0,2 Metropolitan,2,1,Saturday,11:10 am,70,T-Junction,Straight road,Level,Dry,Not Raining,Daylight,Rear End,Traffic Signals
2018-4527-15/08/2019,1,1,Rider,Male,057,,Thrown Out,Treated at Hospital,,Pedal Cycle,,Right Turn,1.0,2 Metropolitan,1,1,Saturday,08:45 am,70,T-Junction,Straight road,Level,Dry,Not Raining,Daylight,Roll Over,No Control