REPORT_ID,UND_UNIT_NUMBER,CASUALTY_NUMBER,Casualty Type,Sex_x,AGE,Position In Veh,Thrown Out,Injury Extent,Seat Belt,Unit Type,Licence Type,Unit Movement,Number Occupants,Stats Area,Total Units,Total Cas,Day,Time,Area Speed,Position Type,Horizontal Align,Vertical Align,Moisture Cond,Weather Cond,DayNight,Crash Type,Traffic Ctrls
2018-4752-15/08/2019,1,1,Passenger,Female,067,Front Seat Left Passenger,Not Thrown Out,Treated at Hospital,Fitted - Worn,Motor Cars - Sedan,Full,Straight Ahead,2.0,2 Metropolitan,2,2,Friday,12:00 pm,80,Cross Road,Straight road,Level,Wet,Raining,Daylight,Right Angle,Traffic Signals
2018-4752-15/08/2019,2,1,Driver,Male,029,Driver,Not Thrown Out,Treated at Hospital,Fitted - Worn,Motor Cars - Sedan,Full,Straight Ahead,1.0,2 Metropolitan,2,2,Friday,12:00 pm,80,Cross Road,Straight road,Level,Wet,Raining,Daylight,Right Angle,Traffic Signals
2018-4756-15/08/2019,2,1,Driver,Female,031,Driver,Not Thrown Out,Treated at Hospital,Fitted - Worn,Station Wagon,Full,Right Turn,3.0,3 Country,2,1,Friday,03:21 pm,60,T-Junction,Straight road,Level,Dry,Not Raining,Daylight,Right Angle,No Control
2018-4763-15/08/2019,1,1,Driver,Female,049,Driver,Not Thrown Out,By Private,Fitted - Worn,Motor Cars - Sedan,Full,Stopped on Carriageway,1.0,2 Metropolitan,2,1,Thursday,11:00 pm,60,Cross Road,Straight road,Level,Wet,Not Raining,Night,Rear End,Stop Sign
2018-4765-15/08/2019,1,1,Driver,Male,021,Driver,Not Thrown Out,By Private,Fitted - Worn,Motor Cars - Sedan,Full,Straight Ahead,4.0,2 Metropolitan,2,2,Friday,03:30 pm,60,Divided Road,Straight road,Level,Dry,Not Raining,Daylight,Right Turn,No Control
2018-4765-15/08/2019,1,2,Passenger,Male,017,Front Seat Left Passenger,Not Thrown Out,By Private,Fitted - Worn,Motor Cars - Sedan,Full,Straight Ahead,4.0,2 Metropolitan,2,2,Friday,03:30 pm,60,Divided Road,Straight road,Level,Dry,Not Raining,Daylight,Right Turn,No Control
2018-4766-15/08/2019,1,1,Driver,Male,048,Driver,Not Thrown Out,By Private,Fitted - Worn,Station Wagon,Full,Stopped on Carriageway,1.0,2 Metropolitan,3,1,Friday,05:00 pm,60,T-Junction,Straight road,Level,Wet,Not Raining,Daylight,Rear End,Stop Sign
2018-4767-15/08/2019,1,1,Driver,Female,018,Driver,Not Thrown Out,By Private,Fitted - Worn,Motor Cars - Sedan,Provisional 2,Leaving Private Driveway,1.0,2 Metropolitan,2,2,Friday,04:35 pm,60,Not Divided,Straight road,Level,Dry,Not Raining,Daylight,Right Angle,No Control
2018-4767-15/08/2019,2,1,Driver,Male,043,Driver,Not Thrown Out,Treated at Hospital,Fitted - Worn,Motor Cars - Sedan,Full,Straight Ahead,1.0,2 Metropolitan,2,2,Friday,04:35 pm,60,Not Divided,Straight road,Level,Dry,Not Raining,Daylight,Right Angle,No Control
2018-4768-15/08/2019,1,1,Rider,Male,022,Rider of Motorcycle,Thrown Out,Treated at Hospital,,Motor Cycle,Learners,Straight Ahead,1.0,2 Metropolitan,1,1,Friday,07:11 pm,50,T-Junction,"CURVED, VIEW OPEN",Level,Dry,Not Raining,Night,Left Road - Out of Control,No Control
2018-4770-15/08/2019,2,1,Driver,Female,044,Driver,Not Thrown Out,Treated at Hospital,Fitted - Worn,Motor Cars - Sedan,Full,Straight Ahead,1.0,2 Metropolitan,2,1,Friday,06:35 pm,40,Cross Road,Straight road,Level,Dry,Not Raining,Night,Right Angle,Stop Sign
2018-4771-15/08/2019,1,1,Driver,Male,025,Driver,Not Thrown Out,Treated at Hospital,Fitted - Worn,Motor Cars - Sedan,Provisional 1 ,Left Turn,1.0,2 Metropolitan,2,1,Friday,03:45 pm,60,T-Junction,Straight road,Level,Dry,Not Raining,Daylight,Rear End,No Control
2018-4774-15/08/2019,1,1,Passenger,Female,017,Front Seat Left Passenger,Not Thrown Out,Treated at Hospital,Fitted - Worn,Motor Cars - Sedan,Provisional 1 ,Left Turn,1.0,2 Metropolitan,2,1,Friday,09:44 pm,60,Cross Road,"CURVED, VIEW OPEN",Level,Dry,Not Raining,Night,Right Angle,Traffic Signals
2018-4777-15/08/2019,1,1,Rider,Male,045,,Thrown Out,Treated at Hospital,,Pedal Cycle,,Straight Ahead,1.0,2 Metropolitan,2,2,Saturday,08:36 am,50,Divided Road,Straight road,Level,Dry,Not Raining,Daylight,Roll Over,No Control
2018-4777-15/08/2019,2,1,Rider,Female,030,,Thrown Out,Treated at Hospital,,Pedal Cycle,,Straight Ahead,1.0,2 Metropolitan,2,2,Saturday,08:36 am,50,Divided Road,Straight road,Level,Dry,Not Raining,Daylight,Roll Over,No Control
2018-4783-15/08/2019,2,1,Driver,Female,034,Driver,Not Thrown Out,Treated at Hospital,Fitted - Worn,Motor Cars - Sedan,Full,Straight Ahead,1.0,2 Metropolitan,2,1,Saturday,10:45 am,50,Cross Road,Straight road,Level,Dry,Not Raining,Daylight,Right Angle,Give Way Sign
2018-4785-15/08/2019,1,1,Driver,Male,055,Driver,Not Thrown Out,By Private,Fitted - Worn,Motor Cars - Sedan,Full,Stopped on Carriageway,1.0,2 Metropolitan,2,1,Friday,03:50 pm,70,T-Junction,Straight road,Level,Dry,Not Raining,Daylight,Rear End,No Control
2018-4792-15/08/2019,1,1,Driver,Male,070,Driver,Not Thrown Out,Treated at Hospital,Fitted - Not Worn,Motor Cars - Sedan,Full,Straight Ahead,1.0,2 Metropolitan,2,1,Saturday,12:05 pm,50,Divided Road,"CURVED, VIEW OPEN",Level,Dry,Not Raining,Daylight,Right Turn,No Control
2018-4793-15/08/2019,1,1,Passenger,Male,057,Passenger on Multi-Passenger Vehicle,Not Thrown Out,Admitted to Hospital,Not Fitted,OMNIBUS,Full,Straight Ahead,2.0,2 Metropolitan,1,1,Friday,01:20 pm,60,Not Divided,Straight road,Level,Dry,Not Raining,Daylight,Other,No Control
2018-4795-15/08/2019,3,1,Pedestrian,Male,038,,,Treated at Hospital,,Pedestrian on Footpath/Carpark,,Walking on Footpath,,2 Metropolitan,3,1,Saturday,11:44 am,50,Not Divided,Straight road,Slope,Dry,Not Raining,Daylight,Hit Parked Vehicle,No Control
2018-4796-15/08/2019,1,1,Rider,Male,016,Rider of Motorcycle,Thrown Out,Treated at Hospital,,Motor Cycle,Learners,Straight Ahead,1.0,3 Country,1,1,Friday,10:10 am,50,Not Divided,Straight road,Level,Dry,Not Raining,Daylight,Roll Over,No Control
2018-4797-15/08/2019,2,1,Passenger,Female,076,Front Seat Left Passenger,Not Thrown Out,Treated at Hospital,Fitted - Worn,Station Wagon,Full,Straight Ahead,3.0,2 Metropolitan,2,2,Saturday,01:54 pm,60,Cross Road,Straight road,Level,Dry,Not Raining,Daylight,Side Swipe,Traffic Signals
2018-4797-15/08/2019,2,2,Passenger,Male,XXX,Rear Seat Left Passenger,Not Thrown Out,Treated at Hospital,Fitted - Worn,Station Wagon,Full,Straight Ahead,3.0,2 Metropolitan,2,2,Saturday,01:54 pm,60,Cross Road,Straight road,Level,Dry,Not Raining,Daylight,Side Swipe,Traffic Signals
2018-4799-15/08/2019,2,1,Pedestrian,Male,014,,,Admitted to Hospital,,Pedestrian on Road,,Crossing without Control,,2 Metropolitan,2,1,Saturday,01:54 pm,50,Divided Road,Straight road,Level,Dry,Not Raining,Daylight,Hit Pedestrian,No Control
2018-4802-15/08/2019,1,1,Rider,Male,041,Rider of Motorcycle,Thrown Out,Treated at Hospital,,Motor Cycle,Full,Swerving,1.0,2 Metropolitan,1,1,Saturday,02:15 pm,50,Not Divided,"CURVED, VIEW OBSCURED",Slope,Dry,Not Raining,Daylight,Left Road - Out of Control,No Control
2018-4804-15/08/2019,1,1,Driver,Female,062,Driver,Not Thrown Out,Treated at Hospital,Fitted - Worn,Motor Cars - Sedan,Full,Straight Ahead,1.0,2 Metropolitan,2,1,Saturday,01:45 pm,60,Cross Road,Straight road,Level,Dry,Not Raining,Daylight,Rear End,Traffic Signals
2018-4805-15/08/2019,1,1,Rider,Male,020,,Thrown Out,Treated at Hospital,,Pedal Cycle,,Straight Ahead,1.0,2 Metropolitan,2,1,Saturday,10:00 am,80,Not Divided,Straight road,Level,Dry,Not Raining,Daylight,Side Swipe,No Control
2018-4807-15/08/2019,1,1,Passenger,Male,018,Front Seat Left Passenger,Not Thrown Out,By Private,Fitted - Unknown if Worn,Motor Cars - Sedan,Full,Straight Ahead,3.0,3 Country,2,1,Friday,11:30 pm,80,Not Divided,Straight road,Level,Unknown,Unknown,Night,Hit Animal,No Control
2018-4808-15/08/2019,1,1,Rider,Male,041,,Thrown Out,Treated at Hospital,,Power Asst. Bicycle,,Straight Ahead,1.0,2 Metropolitan,1,1,Saturday,01:30 pm,50,Not Divided,Straight road,Level,Dry,Not Raining,Daylight,Roll Over,No Control
2018-4811-15/08/2019,2,1,Driver,Male,028,Driver,Not Thrown Out,Treated at Hospital,Fitted - Worn,Station Wagon,Full,Straight Ahead,1.0,2 Metropolitan,3,1,Saturday,06:05 pm,60,Cross Road,Straight road,Level,Dry,Not Raining,Night,Right Angle,Traffic Signals
2018-4820-15/08/2019,1,1,Driver,Male,039,Driver,Not Thrown Out,Admitted to Hospital,Fitted - Worn,Motor Cars - Sedan,Unlicenced,Straight Ahead,1.0,3 Country,3,1,Sunday,07:25 am,50,T-Junction,Straight road,Level,Dry,Not Raining,Daylight,Hit Fixed Object,No Control
2018-4821-15/08/2019,2,1,Rider,Male,066,Rider of Motorcycle,Thrown Out,Treated at Hospital,,Motor Cycle,Unknown,Overtaking - on Left,1.0,3 Country,2,1,Saturday,09:55 am,60,T-Junction,Straight road,Bottom of Hill,Dry,Not Raining,Daylight,Side Swipe,No Control
2018-4823-15/08/2019,2,1,Rider,Male,069,,,Treated at Hospital,,Pedal Cycle,,Straight Ahead,1.0,2 Metropolitan,3,1,Sunday,09:10 am,60,Divided Road,Straight road,Level,Dry,Not Raining,Daylight,Side Swipe,No Control
2018-4824-15/08/2019,2,1,Driver,Male,022,Driver,Not Thrown Out,Treated at Hospital,Fitted - Worn,Motor Cars - Sedan,Full,Straight Ahead,1.0,2 Metropolitan,2,1,Saturday,01:35 pm,60,Not Divided,Straight road,Level,Dry,Not Raining,Daylight,Rear End,No Control
2018-4827-15/08/2019,1,1,Pedestrian,Male,085,,,Admitted to Hospital,,Pedestrian on Road,,Crossing with Traffic Signals,,2 Metropolitan,2,1,Sunday,06:35 am,60,Cross Road,Straight road,Level,Dry,Not Raining,Night,Hit Pedestrian,Traffic Signals
2018-4828-15/08/2019,1,1,Driver,Female,047,Driver,Not Thrown Out,By Private,Fitted - Worn,Station Wagon,Full,Right Turn,2.0,2 Metropolitan,2,1,Sunday,09:50 am,60,T-Junction,"CURVED, VIEW OPEN",Slope,Dry,Not Raining,Daylight,Right Angle,Traffic Signals
2018-4832-15/08/2019,1,1,Driver,Male,024,Driver,Not Thrown Out,By Private,Fitted - Worn,Motor Cars - Sedan,Provisional 2,Straight Ahead,1.0,2 Metropolitan,2,1,Sunday,11:40 am,60,Cross Road,Straight road,Level,Dry,Not Raining,Daylight,Rear End,Traffic Signals
2018-4834-15/08/2019,1,1,Driver,Male,063,Driver,Not Thrown Out,Treated at Hospital,Fitted - Worn,Motor Cars - Sedan,Unknown,Straight Ahead,2.0,3 Country,1,2,Sunday,10:30 am,100,Not Divided,"CURVED, VIEW OPEN",Level,Dry,Not Raining,Daylight,Roll Over,No Control
2018-4834-15/08/2019,1,2,Passenger,Male,043,Front Seat Left Passenger,Not Thrown Out,Treated at Hospital,Fitted - Worn,Motor Cars - Sedan,Unknown,Straight Ahead,2.0,3 Country,1,2,Sunday,10:30 am,100,Not Divided,"CURVED, VIEW OPEN",Level,Dry,Not Raining,Daylight,Roll Over,No Control
2018-4835-15/08/2019,1,1,Passenger,Female,015,Front Seat Left Passenger,Not Thrown Out,Fatal,Fitted - Worn,Station Wagon,Full,Straight Ahead,7.0,3 Country,1,6,Sunday,11:05 am,100,Not Divided,Straight road,Slope,Dry,Not Raining,Daylight,Roll Over,No Control
2018-4835-15/08/2019,1,2,Passenger,Female,004,Rear Seat Right Passenger,Not Thrown Out,Treated at Hospital,Fitted - Worn,Station Wagon,Full,Straight Ahead,7.0,3 Country,1,6,Sunday,11:05 am,100,Not Divided,Straight road,Slope,Dry,Not Raining,Daylight,Roll Over,No Control
2018-4835-15/08/2019,1,3,Passenger,Female,009,Other,Not Thrown Out,Treated at Hospital,Fitted - Worn,Station Wagon,Full,Straight Ahead,7.0,3 Country,1,6,Sunday,11:05 am,100,Not Divided,Straight road,Slope,Dry,Not Raining,Daylight,Roll Over,No Control
2018-4835-15/08/2019,1,4,Passenger,Male,007,Rear Seat Left Passenger,Not Thrown Out,Admitted to Hospital,Fitted - Unknown if Worn,Station Wagon,Full,Straight Ahead,7.0,3 Country,1,6,Sunday,11:05 am,100,Not Divided,Straight road,Slope,Dry,Not Raining,Daylight,Roll Over,No Control
2018-4835-15/08/2019,1,5,Passenger,Female,014,Other,Not Thrown Out,Treated at Hospital,Fitted - Worn,Station Wagon,Full,Straight Ahead,7.0,3 Country,1,6,Sunday,11:05 am,100,Not Divided,Straight road,Slope,Dry,Not Raining,Daylight,Roll Over,No Control
2018-4835-15/08/2019,1,6,Passenger,Female,011,Other,Not Thrown Out,Treated at Hospital,Fitted - Worn,Station Wagon,Full,Straight Ahead,7.0,3 Country,1,6,Sunday,11:05 am,100,Not Divided,Straight road,Slope,Dry,Not Raining,Daylight,Roll Over,No Control
2018-4836-15/08/2019,1,1,Rider,Male,053,Rider of Motorcycle,Thrown Out,Treated at Hospital,,Motor Cycle,Full,Straight Ahead,1.0,2 Metropolitan,2,1,Sunday,11:45 am,80,Not Divided,"CURVED, VIEW OBSCURED",Crest of Hill,Dry,Not Raining,Daylight,Hit Fixed Object,No Control
2018-4838-15/08/2019,1,1,Driver,Female,031,Driver,Thrown Out,Treated at Hospital,Fitted - Unknown if Worn,Motor Cars - Sedan,Full,Right Turn,1.0,3 Country,2,1,Sunday,01:45 am,100,T-Junction,"CURVED, VIEW OBSCURED",Level,Dry,Not Raining,Night,Hit Fixed Object,Give Way Sign
2018-4839-15/08/2019,1,1,Rider,Male,058,Rider of Motorcycle,Thrown Out,Treated at Hospital,,Motor Cycle,Full,Right Turn,1.0,2 Metropolitan,2,1,Sunday,01:25 pm,60,T-Junction,Straight road,Level,Dry,Not Raining,Daylight,Right Angle,Stop Sign
2018-4840-15/08/2019,1,1,Passenger,Female,093,Front Seat Left Passenger,Not Thrown Out,Admitted to Hospital,Fitted - Worn,Station Wagon,Full,Straight Ahead,2.0,2 Metropolitan,2,2,Sunday,03:50 pm,60,Not Divided,Straight road,Level,Dry,Not Raining,Daylight,Head On,No Control
2018-4840-15/08/2019,2,1,Passenger,Female,093,Front Seat Left Passenger,Not Thrown Out,Admitted to Hospital,Fitted - Worn,Motor Cars - Sedan,Full,Straight Ahead,2.0,2 Metropolitan,2,2,Sunday,03:50 pm,60,Not Divided,Straight road,Level,Dry,Not Raining,Daylight,Head On,No Control
2018-4841-15/08/2019,1,1,Driver,Female,021,Driver,Not Thrown Out,By Private,Fitted - Worn,Station Wagon,Full,Stopped on Carriageway,1.0,2 Metropolitan,2,1,Sunday,03:30 pm,60,Divided Road,Straight road,Slope,Dry,Not Raining,Daylight,Rear End,No Control
2018-4843-15/08/2019,1,1,Driver,Female,032,Driver,Not Thrown Out,By Private,Fitted - Worn,Station Wagon,Provisional 1 ,Stopped on Carriageway,1.0,2 Metropolitan,2,1,Friday,02:20 pm,50,Divided Road,Straight road,Level,Dry,Not Raining,Daylight,Rear End,No Control
2018-4844-15/08/2019,1,1,Rider,Male,028,Rider of Motorcycle,Thrown Out,By Private,,Motor Cycle,Learners,Straight Ahead,1.0,2 Metropolitan,2,1,Sunday,03:50 pm,70,Cross Road,Straight road,Level,Dry,Not Raining,Daylight,Right Angle,No Control
2018-4846-15/08/2019,2,1,Rider,Female,043,Rider of Motorcycle,Thrown Out,Treated at Hospital,,Scooter,Full,Straight Ahead,1.0,2 Metropolitan,2,1,Sunday,02:55 pm,50,Cross Road,Straight road,Level,Dry,Not Raining,Daylight,Right Angle,Stop Sign
2018-4848-15/08/2019,1,1,Driver,Male,069,Driver,Not Thrown Out,Treated at Hospital,Fitted - Worn,Station Wagon,Full,Straight Ahead,1.0,2 Metropolitan,2,1,Thursday,01:20 pm,50,Not Divided,Straight road,Level,Dry,Not Raining,Daylight,Hit Parked Vehicle,No Control
2018-4853-15/08/2019,2,1,Driver,Female,051,Driver,Not Thrown Out,Treated at Hospital,Fitted - Worn,Station Wagon,Full,Straight Ahead,3.0,2 Metropolitan,3,1,Friday,08:40 pm,60,Not Divided,Straight road,Level,Dry,Not Raining,Night,Rear End,No Control
2018-4855-15/08/2019,2,1,Pedestrian,Male,028,,,Treated at Hospital,,Pedestrian on Road,,Crossing without Control,,2 Metropolitan,2,1,Monday,03:47 am,50,Not Divided,Straight road,Level,Dry,Not Raining,Night,Hit Pedestrian,No Control
2018-4857-15/08/2019,1,1,Passenger,Female,018,Rear Seat Left Passenger,Not Thrown Out,Treated at Hospital,Fitted - Worn,Motor Cars - Sedan,Provisional 2,Straight Ahead,4.0,2 Metropolitan,2,1,Sunday,12:45 am,80,Not Divided,"CURVED, VIEW OPEN",Slope,Dry,Not Raining,Night,Hit Fixed Object,No Control
2018-4860-15/08/2019,1,1,Driver,Male,042,Driver,Not Thrown Out,By Private,Fitted - Worn,Station Wagon,Probationary,Stopped on Carriageway,4.0,2 Metropolitan,2,1,Monday,08:35 am,80,Divided Road,Straight road,Level,Dry,Not Raining,Daylight,Rear End,No Control
2018-4863-15/08/2019,1,1,Driver,Female,091,Driver,Not Thrown Out,By Private,Fitted - Worn,Motor Cars - Sedan,Full,Stopped on Carriageway,1.0,2 Metropolitan,2,1,Saturday,04:15 pm,50,Not Divided,Straight road,Level,Dry,Not Raining,Daylight,Rear End,No Control
2018-4870-15/08/2019,1,1,Driver,Female,021,Driver,Not Thrown Out,Treated at Hospital,Fitted - Worn,Motor Cars - Sedan,Full,Swerving,1.0,2 Metropolitan,2,1,Monday,01:20 pm,60,Divided Road,Straight road,Level,Dry,Not Raining,Daylight,Hit Fixed Object,No Control
2018-4872-15/08/2019,2,1,Driver,Female,035,Driver,Not Thrown Out,By Private,Fitted - Worn,Station Wagon,Full,Straight Ahead,1.0,2 Metropolitan,2,1,Monday,11:15 am,60,Cross Road,Straight road,Level,Dry,Not Raining,Daylight,Side Swipe,Traffic Signals
2018-4873-15/08/2019,1,1,Rider,Male,061,,Not Thrown Out,Treated at Hospital,,Pedal Cycle,,Swerving,1.0,2 Metropolitan,2,1,Monday,03:00 pm,60,Divided Road,Straight road,Level,Dry,Not Raining,Daylight,Side Swipe,No Control
2018-4875-15/08/2019,2,1,Driver,Male,039,Driver,Not Thrown Out,By Private,Fitted - Worn,Motor Cars - Sedan,Full,Straight Ahead,3.0,2 Metropolitan,2,1,Monday,03:15 pm,60,Cross Road,Straight road,Slope,Dry,Not Raining,Daylight,Right Angle,Stop Sign
2018-4876-15/08/2019,1,1,Passenger,Female,032,Front Seat Left Passenger,Not Thrown Out,Treated at Hospital,Fitted - Worn,Motor Cars - Sedan,Full,Straight Ahead,5.0,3 Country,2,1,Monday,03:15 pm,60,Cross Road,Straight road,Level,Dry,Not Raining,Daylight,Right Angle,Give Way Sign
2018-4878-15/08/2019,2,1,Driver,Female,044,Driver,Not Thrown Out,Treated at Hospital,Fitted - Worn,Motor Cars - Sedan,Full,Straight Ahead,1.0,2 Metropolitan,2,1,Monday,01:50 pm,50,Cross Road,Straight road,Level,Dry,Not Raining,Daylight,Side Swipe,Roundabout
2018-4879-15/08/2019,1,1,Driver,Female,024,Driver,Not Thrown Out,Treated at Hospital,Fitted - Worn,Motor Cars - Sedan,Provisional 2,Straight Ahead,1.0,2 Metropolitan,2,1,Monday,03:30 pm,50,Ramp On,"CURVED, VIEW OPEN",Slope,Dry,Not Raining,Daylight,Rear End,No Control
2018-4880-15/08/2019,1,1,Passenger,Female,032,Front Seat Left Passenger,Not Thrown Out,Treated at Hospital,Fitted - Unknown if Worn,Forward Control Passenger Van,Full,Straight Ahead,2.0,2 Metropolitan,3,1,Monday,04:39 pm,40,Not Divided,Straight road,Slope,Dry,Not Raining,Daylight,Rear End,No Control
2018-4883-15/08/2019,2,1,Rider,Male,066,,Thrown Out,Fatal,,Pedal Cycle,,Straight Ahead,1.0,3 Country,2,1,Monday,08:20 am,110,Not Divided,Straight road,Slope,Dry,Not Raining,Daylight,Rear End,No Control
2018-4886-15/08/2019,1,1,Driver,Male,023,Driver,Not Thrown Out,By Private,Fitted - Worn,Panel Van,Full,Straight Ahead,1.0,2 Metropolitan,2,1,Monday,04:45 pm,60,T-Junction,"CURVED, VIEW OPEN",Slope,Dry,Not Raining,Daylight,Rear End,No Control
2018-4890-15/08/2019,2,1,Pedestrian,Female,064,,,Treated at Hospital,,Pedestrian on Road,,Crossing with Traffic Signals,,2 Metropolitan,2,1,Monday,05:53 pm,60,Pedestrian Crossing,Straight road,Level,Dry,Not Raining,Night,Hit Pedestrian,Traffic Signals
2018-4891-15/08/2019,1,1,Driver,Male,025,Driver,Not Thrown Out,Treated at Hospital,Fitted - Worn,Motor Cars - Sedan,Full,Straight Ahead,1.0,2 Metropolitan,2,1,Monday,08:24 pm,50,Not Divided,Straight road,Level,Dry,Not Raining,Night,Hit Fixed Object,No Control
2018-4897-15/08/2019,2,1,Driver,Male,040,Driver,Not Thrown Out,Treated at Hospital,Fitted - Worn,Motor Cars - Sedan,Full,Entering Private Driveway,1.0,2 Metropolitan,3,1,Tuesday,07:46 am,60,Not Divided,Straight road,Level,Dry,Not Raining,Daylight,Side Swipe,No Control
2018-4904-15/08/2019,1,1,Driver,Female,068,Driver,Not Thrown Out,By Private,Fitted - Worn,Motor Cars - Sedan,Full,Straight Ahead,1.0,2 Metropolitan,2,1,Monday,03:30 pm,60,Divided Road,Straight road,Level,Dry,Not Raining,Daylight,Side Swipe,No Control
2018-4905-15/08/2019,1,1,Driver,Female,054,Driver,Not Thrown Out,By Private,Fitted - Worn,Station Wagon,Full,Stopped on Carriageway,1.0,2 Metropolitan,2,1,Tuesday,09:30 am,60,Cross Road,Straight road,Level,Dry,Not Raining,Daylight,Rear End,Give Way Sign
2018-4908-15/08/2019,2,1,Driver,Female,035,Driver,Not Thrown Out,Treated at Hospital,Fitted - Worn,Station Wagon,Full,Straight Ahead,1.0,3 Country,2,1,Tuesday,12:15 pm,50,Divided Road,Straight road,Level,Wet,Raining,Daylight,Right Angle,No Control
2018-4909-15/08/2019,1,1,Driver,Female,080,Driver,Not Thrown Out,Treated at Hospital,Fitted - Worn,Motor Cars - Sedan,Full,Straight Ahead,1.0,2 Metropolitan,2,1,Tuesday,01:15 pm,60,Not Divided,Straight road,Level,Dry,Not Raining,Daylight,Hit Parked Vehicle,No Control
2018-4911-15/08/2019,1,1,Passenger,Female,023,Front Seat Left Passenger,Not Thrown Out,Treated at Hospital,Fitted - Not Worn,Motor Cars - Sedan,Full,Stopped on Carriageway,2.0,2 Metropolitan,2,1,Tuesday,01:30 pm,60,T-Junction,Straight road,Level,Wet,Not Raining,Daylight,Rear End,Traffic Signals
2018-4914-15/08/2019,1,1,Driver,Female,040,Driver,Not Thrown Out,By Private,Fitted - Worn,Motor Cars - Sedan,Full,Straight Ahead,1.0,2 Metropolitan,2,1,Tuesday,03:00 pm,60,T-Junction,Straight road,Level,Dry,Not Raining,Daylight,Right Angle,No Control
2018-4915-15/08/2019,3,1,Driver,Male,038,Driver,Not Thrown Out,Treated at Hospital,Fitted - Worn,Station Wagon,Full,Stopped on Carriageway,3.0,2 Metropolitan,3,1,Tuesday,04:09 pm,60,T-Junction,Straight road,Level,Dry,Not Raining,Daylight,Rear End,No Control
2018-4917-15/08/2019,2,1,Pedestrian,Female,059,,,By Private,,Pedestrian on Road,,Other (e.g. Police on Traffic Control),,2 Metropolitan,3,1,Monday,09:10 pm,60,Divided Road,Straight road,Level,Dry,Not Raining,Night,Hit Pedestrian,No Control
2018-4921-15/08/2019,2,1,Driver,Female,057,Driver,Not Thrown Out,Treated at Hospital,Fitted - Worn,Station Wagon,Full,Straight Ahead,1.0,2 Metropolitan,3,2,Tuesday,06:25 pm,100,Freeway,Straight road,Level,Dry,Not Raining,Night,Rear End,No Control
2018-4921-15/08/2019,3,1,Passenger,Female,010,Rear Seat Left Passenger,Not Thrown Out,By Private,Fitted - Worn,Motor Cars - Sedan,Full,Stopped on Carriageway,3.0,2 Metropolitan,3,2,Tuesday,06:25 pm,100,Freeway,Straight road,Level,Dry,Not Raining,Night,Rear End,No Control
2018-4924-15/08/2019,1,1,Driver,Female,019,Driver,Not Thrown Out,Admitted to Hospital,Fitted - Worn,Motor Cars - Sedan,Provisional 1 ,Straight Ahead,1.0,3 Country,2,1,Tuesday,06:30 pm,110,Not Divided,Straight road,Level,Wet,Raining,Night,Hit Fixed Object,No Control
2018-4925-15/08/2019,1,1,Driver,Female,017,Driver,Not Thrown Out,Treated at Hospital,Fitted - Worn,Motor Cars - Sedan,Provisional 1 ,Right Turn,1.0,2 Metropolitan,2,2,Tuesday,09:00 pm,80,Cross Road,Straight road,Level,Dry,Not Raining,Night,Right Turn,Traffic Signals
2018-4925-15/08/2019,2,1,Driver,Male,044,Driver,Not Thrown Out,Treated at Hospital,Fitted - Worn,Motor Cars - Sedan,Full,Straight Ahead,1.0,2 Metropolitan,2,2,Tuesday,09:00 pm,80,Cross Road,Straight road,Level,Dry,Not Raining,Night,Right Turn,Traffic Signals
2018-4927-15/08/2019,1,1,Rider,Female,029,Rider of Motorcycle,Thrown Out,Treated at Hospital,,Scooter,Full,Straight Ahead,1.0,3 Country,2,1,Wednesday,07:10 am,60,Not Divided,Straight road,Level,Dry,Not Raining,Daylight,Hit Animal,No Control
2018-4928-15/08/2019,1,1,Driver,Female,036,Driver,Not Thrown Out,Admitted to Hospital,Fitted - Worn,Motor Cars - Sedan,Provisional 2,Straight Ahead,1.0,3 Country,2,1,Tuesday,12:00 pm,110,Not Divided,Straight road,Level,Dry,Not Raining,Daylight,Rear End,No Control
2018-4931-15/08/2019,1,1,Rider,Female,044,,Thrown Out,By Private,,Pedal Cycle,,Straight Ahead,1.0,1 City,2,1,Tuesday,09:00 am,50,Not Divided,Straight road,Level,Dry,Not Raining,Daylight,Hit Parked Vehicle,No Control
2018-4933-15/08/2019,3,1,Driver,Male,053,Driver,Not Thrown Out,By Private,Fitted - Worn,Station Wagon,Full,Stopped on Carriageway,1.0,2 Metropolitan,3,1,Wednesday,06:27 am,60,Divided Road,Straight road,Level,Dry,Not Raining,Night,Rear End,No Control
2018-4934-15/08/2019,2,1,Passenger,Female,018,Front Seat Left Passenger,Not Thrown Out,By Private,Fitted - Worn,Motor Cars - Sedan,Provisional 2,Right Turn,2.0,2 Metropolitan,2,1,Wednesday,08:50 am,50,T-Junction,Straight road,Slope,Dry,Not Raining,Daylight,Right Angle,No Control
2018-4935-15/08/2019,1,1,Rider,Male,052,Rider of Motorcycle,Thrown Out,By Private,,Motor Cycle,Full,Straight Ahead,1.0,2 Metropolitan,2,1,Wednesday,09:00 am,40,Not Divided,Straight road,Level,Dry,Not Raining,Daylight,Side Swipe,No Control
2018-4938-15/08/2019,1,1,Rider,Female,046,Rider of Motorcycle,Thrown Out,By Private,,Motor Cycle,Full,Left Turn,1.0,2 Metropolitan,2,1,Wednesday,06:35 am,60,Cross Road,Straight road,Level,Dry,Not Raining,Night,Rear End,Traffic Signals