REPORT_ID,UND_UNIT_NUMBER,CASUALTY_NUMBER,Casualty Type,Sex_x,AGE,Position In Veh,Thrown Out,Injury Extent,Seat Belt,Unit Type,Licence Type,Unit Movement,Number Occupants,Stats Area,Total Units,Total Cas,Day,Time,Area Speed,Position Type,Horizontal Align,Vertical Align,Moisture Cond,Weather Cond,DayNight,Crash Type,Traffic Ctrls
2018-4939-15/08/2019,1,1,Driver,Female,040,Driver,Not Thrown Out,By Private,Fitted - Worn,Motor Cars - Sedan,Full,Straight Ahead,1.0,2 Metropolitan,2,1,Tuesday,02:15 pm,50,Divided Road,Straight road,Level,Dry,Not Raining,Daylight,Right Turn,No Control
2018-4940-15/08/2019,1,1,Driver,Female,033,Driver,Not Thrown Out,By Private,Fitted - Worn,Station Wagon,Full,Straight Ahead,2.0,2 Metropolitan,2,1,Monday,12:00 pm,60,T-Junction,Straight road,Level,Dry,Not Raining,Daylight,Rear End,Stop Sign
2018-4941-15/08/2019,2,1,Rider,Male,084,,Thrown Out,By Private,,Pedal Cycle,,Straight Ahead,1.0,2 Metropolitan,2,1,Wednesday,10:15 am,50,Not Divided,Straight road,Level,Dry,Not Raining,Daylight,Hit Parked Vehicle,No Control
2018-4942-15/08/2019,1,1,Driver,Female,039,Driver,Not Thrown Out,By Private,Fitted - Worn,Station Wagon,Full,Right Turn,2.0,2 Metropolitan,3,1,Wednesday,08:40 am,60,T-Junction,Straight road,Level,Dry,Not Raining,Daylight,Right Angle,No Control
2018-4945-15/08/2019,1,1,Driver,Male,022,Driver,Not Thrown Out,Treated at Hospital,Fitted - Worn,Motor Cars - Sedan,Full,Straight Ahead,1.0,2 Metropolitan,2,1,Tuesday,03:45 pm,60,Divided Road,Straight road,Level,Wet,Not Raining,Daylight,Rear End,No Control
2018-4949-15/08/2019,1,1,Driver,Female,081,Driver,Not Thrown Out,By Private,Fitted - Worn,Motor Cars - Sedan,Full,Straight Ahead,1.0,2 Metropolitan,2,1,Wednesday,12:40 pm,60,T-Junction,Straight road,Level,Dry,Not Raining,Daylight,Right Angle,No Control
2018-4952-15/08/2019,1,1,Driver,Female,027,Driver,Not Thrown Out,By Private,Fitted - Worn,Motor Cars - Sedan,Full,Stopped on Carriageway,1.0,2 Metropolitan,3,1,Tuesday,08:15 am,60,Not Divided,Straight road,Level,Dry,Not Raining,Daylight,Rear End,No Control
2018-4958-15/08/2019,1,1,Driver,Female,038,Driver,Not Thrown Out,Treated at Hospital,Fitted - Worn,Motor Cars - Sedan,Full,Stopped on Carriageway,1.0,2 Metropolitan,2,1,Wednesday,04:55 pm,60,Cross Road,Straight road,Slope,Dry,Not Raining,Daylight,Rear End,Traffic Signals
2018-4961-15/08/2019,2,1,Rider,Male,022,Rider of Motorcycle,Thrown Out,Treated at Hospital,,Motor Cycle,Full,Straight Ahead,1.0,2 Metropolitan,2,1,Wednesday,03:55 pm,60,Cross Road,Straight road,Level,Dry,Not Raining,Daylight,Rear End,Traffic Signals
2018-4964-15/08/2019,2,1,Rider,Male,020,,Thrown Out,Admitted to Hospital,,Pedal Cycle,,Straight Ahead,1.0,2 Metropolitan,2,1,Wednesday,06:45 pm,70,Cross Road,Straight road,Level,Dry,Not Raining,Night,Right Angle,Traffic Signals
2018-4968-15/08/2019,2,1,Driver,Male,039,Driver,Not Thrown Out,Treated at Hospital,Fitted - Worn,Motor Cars - Sedan,Full,Stopped on Carriageway,1.0,2 Metropolitan,3,1,Wednesday,05:10 pm,60,Divided Road,Straight road,Level,Dry,Not Raining,Daylight,Rear End,No Control
2018-4969-15/08/2019,1,1,Driver,Female,022,Driver,Not Thrown Out,Treated at Hospital,Fitted - Worn,Motor Cars - Sedan,Provisional 1 ,Straight Ahead,1.0,2 Metropolitan,2,1,Wednesday,09:00 pm,60,Divided Road,Straight road,Level,Dry,Not Raining,Night,Rear End,No Control
2018-4971-15/08/2019,1,1,Driver,Female,075,Driver,Not Thrown Out,Admitted to Hospital,Fitted - Worn,Motor Cars - Sedan,Full,Straight Ahead,1.0,3 Country,2,1,Wednesday,04:15 pm,100,Not Divided,Straight road,Slope,Dry,Not Raining,Daylight,Roll Over,No Control
2018-4973-15/08/2019,2,1,Rider,Male,060,,Thrown Out,Treated at Hospital,,Pedal Cycle,,Straight Ahead,1.0,2 Metropolitan,2,1,Wednesday,05:50 pm,50,T-Junction,Straight road,Level,Dry,Not Raining,Night,Right Angle,Roundabout
2018-4978-15/08/2019,1,1,Driver,Female,047,Driver,Not Thrown Out,Treated at Hospital,Fitted - Unknown if Worn,Motor Cars - Sedan,Full,Straight Ahead,1.0,3 Country,2,2,Thursday,09:00 am,50,Not Divided,Straight road,Bottom of Hill,Dry,Not Raining,Daylight,Rear End,No Control
2018-4978-15/08/2019,2,1,Driver,Female,046,Driver,Not Thrown Out,Treated at Hospital,Fitted - Unknown if Worn,Motor Cars - Sedan,Full,Straight Ahead,3.0,3 Country,2,2,Thursday,09:00 am,50,Not Divided,Straight road,Bottom of Hill,Dry,Not Raining,Daylight,Rear End,No Control
2018-4981-15/08/2019,1,1,Driver,Female,061,Driver,Not Thrown Out,Admitted to Hospital,Fitted - Worn,Motor Cars - Sedan,Full,Straight Ahead,1.0,3 Country,2,1,Thursday,08:50 am,100,Not Divided,Straight road,Level,Dry,Not Raining,Daylight,Hit Fixed Object,No Control
2018-4984-15/08/2019,1,1,Rider,Male,067,Rider of Motorcycle,Thrown Out,Admitted to Hospital,,Motor Cycle,Full,Straight Ahead,1.0,2 Metropolitan,2,1,Thursday,12:40 pm,80,T-Junction,"CURVED, VIEW OBSCURED",Level,Dry,Not Raining,Daylight,Right Angle,Stop Sign
2018-4988-15/08/2019,2,1,Driver,Female,050,Driver,Not Thrown Out,By Private,Fitted - Worn,Station Wagon,Full,Straight Ahead,1.0,3 Country,2,1,Thursday,01:50 pm,60,Cross Road,Straight road,Level,Dry,Not Raining,Daylight,Side Swipe,Give Way Sign
2018-4990-15/08/2019,1,1,Passenger,Female,021,Rear Seat Left Passenger,Not Thrown Out,By Private,Fitted - Worn,Motor Cars - Sedan,Full,Straight Ahead,3.0,1 City,2,2,Thursday,06:02 pm,50,T-Junction,Straight road,Level,Dry,Not Raining,Night,Rear End,Traffic Signals
2018-4990-15/08/2019,1,2,Passenger,Female,054,Front Seat Left Passenger,Not Thrown Out,By Private,Fitted - Worn,Motor Cars - Sedan,Full,Straight Ahead,3.0,1 City,2,2,Thursday,06:02 pm,50,T-Junction,Straight road,Level,Dry,Not Raining,Night,Rear End,Traffic Signals
2018-4992-15/08/2019,2,1,Driver,Female,018,Driver,Not Thrown Out,Treated at Hospital,Fitted - Worn,Motor Cars - Sedan,Provisional 2,Straight Ahead,2.0,1 City,3,1,Thursday,06:00 pm,60,Divided Road,Straight road,Level,Dry,Not Raining,Night,Rear End,No Control
2018-4993-15/08/2019,2,1,Driver,Male,030,Driver,Not Thrown Out,Treated at Hospital,Fitted - Worn,Motor Cars - Sedan,Full,Straight Ahead,1.0,2 Metropolitan,2,1,Thursday,10:00 am,60,T-Junction,Straight road,Level,Dry,Not Raining,Daylight,Right Angle,Give Way Sign
2018-4995-15/08/2019,2,1,Driver,Female,070,Driver,Not Thrown Out,Treated at Hospital,Fitted - Worn,Motor Cars - Sedan,Full,Stopped on Carriageway,2.0,2 Metropolitan,2,1,Thursday,06:26 pm,80,Cross Road,Straight road,Level,Dry,Not Raining,Night,Rear End,Give Way Sign
2018-4996-15/08/2019,2,1,Driver,Male,030,Driver,Not Thrown Out,Treated at Hospital,Fitted - Worn,Motor Cars - Sedan,Provisional 1 ,Straight Ahead,1.0,2 Metropolitan,2,1,Thursday,05:12 pm,60,Not Divided,"CURVED, VIEW OBSCURED",Level,Dry,Not Raining,Daylight,Head On,No Control
2018-5000-15/08/2019,1,1,Driver,Male,024,Driver,Not Thrown Out,By Private,Fitted - Worn,Motor Cars - Sedan,Full,Right Turn,1.0,2 Metropolitan,2,1,Thursday,07:30 am,50,T-Junction,Straight road,Level,Dry,Not Raining,Daylight,Right Angle,No Control
2018-5007-15/08/2019,2,1,Rider,Male,050,,Thrown Out,Treated at Hospital,,Pedal Cycle,,Straight Ahead,1.0,2 Metropolitan,2,1,Friday,06:45 am,60,Not Divided,Straight road,Level,Wet,Raining,Night,Hit Parked Vehicle,No Control
2018-5015-15/08/2019,1,1,Driver,Female,067,Driver,Not Thrown Out,By Private,Fitted - Worn,Station Wagon,Full,Straight Ahead,1.0,2 Metropolitan,3,1,Friday,11:27 am,50,Not Divided,Straight road,Level,Wet,Raining,Daylight,Right Turn,No Control
2018-5017-15/08/2019,2,1,Driver,Female,025,Driver,Not Thrown Out,By Private,Fitted - Worn,Motor Cars - Sedan,Full,Straight Ahead,1.0,2 Metropolitan,2,1,Friday,08:00 am,70,T-Junction,Straight road,Level,Wet,Not Raining,Daylight,Right Angle,No Control
2018-5019-15/08/2019,1,1,Driver,Male,026,Driver,Not Thrown Out,Treated at Hospital,Fitted - Worn,Panel Van,Full,Straight Ahead,1.0,2 Metropolitan,2,2,Friday,12:15 pm,50,Not Divided,Straight road,Level,Wet,Raining,Daylight,Side Swipe,No Control
2018-5019-15/08/2019,2,1,Driver,Female,021,Driver,Not Thrown Out,Treated at Hospital,Fitted - Worn,Motor Cars - Sedan,Full,U Turn,1.0,2 Metropolitan,2,2,Friday,12:15 pm,50,Not Divided,Straight road,Level,Wet,Raining,Daylight,Side Swipe,No Control
2018-5020-15/08/2019,2,1,Driver,Female,035,Driver,Not Thrown Out,Treated at Hospital,Fitted - Worn,Motor Cars - Sedan,Full,Stopped on Carriageway,3.0,2 Metropolitan,2,3,Friday,12:39 pm,80,T-Junction,Straight road,Level,Wet,Not Raining,Daylight,Rear End,Traffic Signals
2018-5020-15/08/2019,2,2,Passenger,Female,001,Rear Seat Right Passenger,Not Thrown Out,Treated at Hospital,Fitted - Worn,Motor Cars - Sedan,Full,Stopped on Carriageway,3.0,2 Metropolitan,2,3,Friday,12:39 pm,80,T-Junction,Straight road,Level,Wet,Not Raining,Daylight,Rear End,Traffic Signals
2018-5020-15/08/2019,2,3,Passenger,Male,003,Rear Seat Left Passenger,Not Thrown Out,Treated at Hospital,Fitted - Worn,Motor Cars - Sedan,Full,Stopped on Carriageway,3.0,2 Metropolitan,2,3,Friday,12:39 pm,80,T-Junction,Straight road,Level,Wet,Not Raining,Daylight,Rear End,Traffic Signals
2018-5032-15/08/2019,1,1,Driver,Female,052,Driver,Not Thrown Out,Treated at Hospital,Fitted - Worn,Motor Cars - Sedan,Probationary,Straight Ahead,1.0,3 Country,2,1,Friday,03:12 pm,100,Not Divided,Straight road,Level,Wet,Not Raining,Daylight,Hit Fixed Object,No Control
2018-5034-15/08/2019,2,1,Pedestrian,Male,056,,,By Private,,Pedestrian on Road,,Crossing with Traffic Signals,,2 Metropolitan,2,1,Friday,05:10 pm,50,Cross Road,Straight road,Unknown,Wet,Raining,Daylight,Hit Pedestrian,Traffic Signals
2018-5041-15/08/2019,1,1,Driver,Male,044,Driver,Not Thrown Out,Treated at Hospital,Fitted - Worn,Motor Cars - Sedan,Full,Straight Ahead,1.0,2 Metropolitan,2,2,Friday,07:12 pm,60,Not Divided,"CURVED, VIEW OBSCURED",Slope,Wet,Raining,Night,Head On,No Control
2018-5041-15/08/2019,2,1,Driver,Female,033,Driver,Not Thrown Out,Treated at Hospital,Fitted - Worn,Motor Cars - Sedan,Full,Straight Ahead,3.0,2 Metropolitan,2,2,Friday,07:12 pm,60,Not Divided,"CURVED, VIEW OBSCURED",Slope,Wet,Raining,Night,Head On,No Control
2018-5045-15/08/2019,1,1,Pedestrian,Female,032,,,Treated at Hospital,,Pedestrian on Road,,Alighted from Parked Vehicle,,2 Metropolitan,2,1,Friday,08:30 pm,60,Not Divided,Straight road,Level,Wet,Raining,Night,Hit Pedestrian,No Control
2018-5047-15/08/2019,2,1,Pedestrian,Male,022,,,Treated at Hospital,,Pedestrian on Road,,Crossing with Traffic Signals,,2 Metropolitan,3,2,Saturday,04:44 am,60,Cross Road,Straight road,Level,Wet,Raining,Night,Hit Pedestrian,Traffic Signals
2018-5047-15/08/2019,3,1,Pedestrian,Female,021,,,Treated at Hospital,,Pedestrian on Road,,Crossing with Traffic Signals,,2 Metropolitan,3,2,Saturday,04:44 am,60,Cross Road,Straight road,Level,Wet,Raining,Night,Hit Pedestrian,Traffic Signals
2018-5050-15/08/2019,1,1,Driver,Male,023,Driver,Not Thrown Out,Fatal,Fitted - Worn,Motor Cars - Sedan,Full,Straight Ahead,1.0,2 Metropolitan,2,1,Saturday,01:42 am,80,Not Divided,Straight road,Level,Wet,Raining,Night,Roll Over,No Control
2018-5054-15/08/2019,1,1,Driver,Male,057,Driver,Not Thrown Out,Treated at Hospital,Fitted - Worn,Motor Cars - Sedan,Full,Stopped on Carriageway,1.0,1 City,2,1,Saturday,10:40 am,60,Divided Road,Straight road,Level,Wet,Raining,Daylight,Rear End,No Control
2018-5055-15/08/2019,1,1,Driver,Female,029,Driver,Not Thrown Out,By Private,Fitted - Worn,Motor Cars - Sedan,Full,Right Turn,1.0,2 Metropolitan,2,2,Friday,03:50 pm,50,T-Junction,Straight road,Level,Wet,Not Raining,Daylight,Right Angle,No Control
2018-5055-15/08/2019,2,1,Driver,Male,035,Driver,Not Thrown Out,By Private,Fitted - Worn,Motor Cars - Sedan,Full,Straight Ahead,1.0,2 Metropolitan,2,2,Friday,03:50 pm,50,T-Junction,Straight road,Level,Wet,Not Raining,Daylight,Right Angle,No Control
2018-5056-15/08/2019,2,1,Driver,Female,084,Driver,Not Thrown Out,Treated at Hospital,Fitted - Worn,Motor Cars - Sedan,Full,Straight Ahead,1.0,2 Metropolitan,2,1,Saturday,11:05 am,60,T-Junction,Straight road,Level,Dry,Not Raining,Daylight,Right Angle,No Control
2018-5057-15/08/2019,1,1,Driver,Female,041,Driver,Not Thrown Out,Treated at Hospital,Fitted - Worn,Motor Cars - Sedan,Full,Straight Ahead,2.0,2 Metropolitan,2,2,Saturday,09:40 am,80,Not Divided,"CURVED, VIEW OBSCURED",Slope,Wet,Not Raining,Daylight,Hit Fixed Object,No Control
2018-5057-15/08/2019,1,2,Passenger,Male,009,Front Seat Left Passenger,Not Thrown Out,Treated at Hospital,Fitted - Worn,Motor Cars - Sedan,Full,Straight Ahead,2.0,2 Metropolitan,2,2,Saturday,09:40 am,80,Not Divided,"CURVED, VIEW OBSCURED",Slope,Wet,Not Raining,Daylight,Hit Fixed Object,No Control
2018-5058-15/08/2019,1,1,Driver,Female,093,Driver,Not Thrown Out,Treated at Hospital,Fitted - Worn,Motor Cars - Sedan,Full,Straight Ahead,1.0,2 Metropolitan,2,1,Saturday,11:40 am,60,Divided Road,Straight road,Level,Dry,Not Raining,Daylight,Hit Parked Vehicle,No Control
2018-5061-15/08/2019,1,1,Driver,Female,045,Driver,Not Thrown Out,By Private,Fitted - Worn,Motor Cars - Sedan,Full,Straight Ahead,2.0,2 Metropolitan,2,2,Friday,08:30 pm,50,Cross Road,Straight road,Level,Wet,Raining,Night,Right Angle,Stop Sign
2018-5061-15/08/2019,1,2,Passenger,Female,050,Front Seat Left Passenger,Not Thrown Out,By Private,Fitted - Worn,Motor Cars - Sedan,Full,Straight Ahead,2.0,2 Metropolitan,2,2,Friday,08:30 pm,50,Cross Road,Straight road,Level,Wet,Raining,Night,Right Angle,Stop Sign
2018-5063-15/08/2019,2,1,Rider,Male,053,,,Treated at Hospital,,Pedal Cycle,,Straight Ahead,1.0,2 Metropolitan,2,1,Saturday,02:00 pm,60,T-Junction,Straight road,Level,Dry,Not Raining,Daylight,Side Swipe,No Control
2018-5073-15/08/2019,1,1,Driver,Male,072,Driver,Not Thrown Out,Treated at Hospital,Fitted - Worn,Station Wagon,Full,Straight Ahead,2.0,2 Metropolitan,2,2,Saturday,05:14 pm,80,Ramp Off,Straight road,Level,Dry,Not Raining,Daylight,Hit Fixed Object,No Control
2018-5073-15/08/2019,1,2,Passenger,Female,069,Front Seat Left Passenger,Not Thrown Out,Treated at Hospital,Fitted - Worn,Station Wagon,Full,Straight Ahead,2.0,2 Metropolitan,2,2,Saturday,05:14 pm,80,Ramp Off,Straight road,Level,Dry,Not Raining,Daylight,Hit Fixed Object,No Control
2018-5075-15/08/2019,1,1,Driver,Male,018,Driver,Not Thrown Out,Treated at Hospital,Fitted - Worn,Motor Cars - Sedan,Provisional 2,Right Turn,1.0,2 Metropolitan,2,2,Saturday,05:07 pm,50,T-Junction,Straight road,Slope,Dry,Not Raining,Daylight,Right Turn,No Control
2018-5075-15/08/2019,2,1,Driver,Female,040,Driver,Not Thrown Out,Treated at Hospital,Fitted - Worn,Motor Cars - Sedan,Full,Straight Ahead,1.0,2 Metropolitan,2,2,Saturday,05:07 pm,50,T-Junction,Straight road,Slope,Dry,Not Raining,Daylight,Right Turn,No Control
2018-5076-15/08/2019,1,1,Driver,Male,026,Driver,Not Thrown Out,Treated at Hospital,Fitted - Worn,Utility,Full,Straight Ahead,1.0,3 Country,2,1,Friday,07:08 pm,110,Not Divided,Straight road,Level,Dry,Not Raining,Night,Hit Fixed Object,No Control
2018-5077-15/08/2019,1,1,Driver,Female,052,Driver,Not Thrown Out,Treated at Hospital,Fitted - Worn,Station Wagon,Full,Straight Ahead,1.0,2 Metropolitan,2,1,Saturday,06:03 pm,50,Not Divided,Straight road,Level,Dry,Not Raining,Night,Hit Parked Vehicle,No Control
2018-5079-15/08/2019,1,1,Driver,Male,051,Driver,Not Thrown Out,Treated at Hospital,Fitted - Worn,Station Wagon,Full,Straight Ahead,1.0,2 Metropolitan,2,1,Saturday,09:08 pm,80,Not Divided,Straight road,Level,Dry,Not Raining,Night,Hit Fixed Object,No Control
2018-5090-15/08/2019,1,1,Driver,Female,028,Driver,Not Thrown Out,Treated at Hospital,Fitted - Worn,Motor Cars - Sedan,Full,Stopped on Carriageway,2.0,2 Metropolitan,2,1,Saturday,01:10 pm,60,Divided Road,Straight road,Level,Dry,Not Raining,Daylight,Rear End,No Control
2018-5091-15/08/2019,1,1,Driver,Male,047,Driver,Not Thrown Out,Admitted to Hospital,Fitted - Worn,Station Wagon,Unlicenced,Straight Ahead,1.0,3 Country,1,1,Sunday,02:00 am,100,Not Divided,Straight road,Level,Dry,Not Raining,Night,Roll Over,No Control
2018-5092-15/08/2019,1,1,Driver,Female,055,Driver,Not Thrown Out,By Private,Fitted - Worn,Motor Cars - Sedan,Full,Straight Ahead,1.0,2 Metropolitan,2,1,Sunday,12:35 pm,80,Divided Road,Straight road,Level,Dry,Not Raining,Daylight,Rear End,No Control
2018-5093-15/08/2019,1,1,Passenger,Female,067,Front Seat Left Passenger,Not Thrown Out,By Private,Fitted - Worn,Motor Cars - Sedan,Full,Left Turn,2.0,2 Metropolitan,2,1,Saturday,04:25 pm,60,Cross Road,Straight road,Level,Dry,Not Raining,Daylight,Rear End,Traffic Signals
2018-5095-15/08/2019,1,1,Rider,Male,015,,,By Private,,Pedal Cycle,,Swerving,1.0,2 Metropolitan,1,1,Sunday,09:50 am,50,Not Divided,"CURVED, VIEW OPEN",Slope,Dry,Not Raining,Daylight,Roll Over,No Control
2018-5100-15/08/2019,2,1,Pedestrian,Male,021,,,Treated at Hospital,,Pedestrian on Road,,Crossing with Traffic Signals,,3 Country,3,1,Thursday,06:30 pm,50,Cross Road,Straight road,Level,Wet,Raining,Night,Hit Pedestrian,Traffic Signals
2018-5101-15/08/2019,1,1,Driver,Female,023,Driver,Not Thrown Out,By Private,Fitted - Worn,Motor Cars - Sedan,Full,Right Turn,1.0,2 Metropolitan,2,1,Friday,09:10 pm,60,T-Junction,Straight road,Level,Wet,Not Raining,Night,Right Angle,No Control
2018-5106-15/08/2019,2,1,Pedestrian,Female,076,,,Admitted to Hospital,,Pedestrian on Road,,Crossing without Control,,3 Country,2,1,Friday,06:11 pm,50,T-Junction,Straight road,Level,Dry,Not Raining,Night,Hit Pedestrian,Stop Sign
2018-5113-15/08/2019,1,1,Driver,Male,044,Driver,Not Thrown Out,By Private,Fitted - Worn,Motor Cars - Sedan,Full,Straight Ahead,1.0,2 Metropolitan,2,1,Monday,07:50 am,50,T-Junction,"CURVED, VIEW OBSCURED",Slope,Dry,Not Raining,Daylight,Right Angle,Give Way Sign
2018-5114-15/08/2019,1,1,Driver,Female,041,Driver,Not Thrown Out,By Private,Fitted - Worn,Station Wagon,Full,Straight Ahead,1.0,2 Metropolitan,2,1,Monday,06:45 am,90,Divided Road,Straight road,Level,Dry,Not Raining,Night,Rear End,No Control
2018-5117-15/08/2019,1,1,Driver,Female,027,Driver,Not Thrown Out,Treated at Hospital,Fitted - Worn,Motor Cars - Sedan,Provisional 2,Straight Ahead,1.0,2 Metropolitan,2,1,Monday,11:20 am,50,Not Divided,Straight road,Level,Dry,Not Raining,Daylight,Hit Fixed Object,No Control
2018-5119-15/08/2019,1,1,Pedestrian,Female,064,,,By Private,,Pedestrian on Road,,Crossing with Traffic Signals,,2 Metropolitan,2,1,Tuesday,04:00 pm,50,Cross Road,Straight road,Level,Dry,Not Raining,Daylight,Hit Pedestrian,Traffic Signals
2018-5124-15/08/2019,1,1,Driver,Female,066,Driver,Not Thrown Out,By Private,Fitted - Worn,Station Wagon,Full,Straight Ahead,1.0,2 Metropolitan,2,1,Monday,08:40 am,80,Divided Road,Straight road,Level,Dry,Not Raining,Daylight,Rear End,No Control
2018-5130-15/08/2019,1,1,Driver,Male,062,Driver,Not Thrown Out,Treated at Hospital,Fitted - Worn,Panel Van,Full,Swerving,1.0,2 Metropolitan,4,1,Monday,03:15 pm,60,Divided Road,Straight road,Level,Dry,Not Raining,Daylight,Side Swipe,No Control
2018-5134-15/08/2019,1,1,Driver,Male,046,Driver,Not Thrown Out,By Private,Fitted - Worn,Station Wagon,Full,Stopped on Carriageway,2.0,1 City,2,2,Friday,12:30 pm,50,One Way,Straight road,Level,Dry,Not Raining,Daylight,Rear End,No Control
2018-5134-15/08/2019,1,2,Passenger,Male,048,Front Seat Left Passenger,Not Thrown Out,By Private,Fitted - Worn,Station Wagon,Full,Stopped on Carriageway,2.0,1 City,2,2,Friday,12:30 pm,50,One Way,Straight road,Level,Dry,Not Raining,Daylight,Rear End,No Control
2018-5137-15/08/2019,1,1,Driver,Female,017,Driver,Not Thrown Out,Treated at Hospital,Fitted - Worn,Station Wagon,Provisional 1 ,Left Turn,4.0,3 Country,1,4,Saturday,09:15 pm,100,Cross Road,Straight road,Level,Dry,Not Raining,Night,Roll Over,Give Way Sign
2018-5137-15/08/2019,1,2,Passenger,Female,017,Front Seat Left Passenger,Not Thrown Out,Treated at Hospital,Fitted - Worn,Station Wagon,Provisional 1 ,Left Turn,4.0,3 Country,1,4,Saturday,09:15 pm,100,Cross Road,Straight road,Level,Dry,Not Raining,Night,Roll Over,Give Way Sign
2018-5137-15/08/2019,1,3,Passenger,Female,017,Rear Seat Right Passenger,Not Thrown Out,Treated at Hospital,Fitted - Worn,Station Wagon,Provisional 1 ,Left Turn,4.0,3 Country,1,4,Saturday,09:15 pm,100,Cross Road,Straight road,Level,Dry,Not Raining,Night,Roll Over,Give Way Sign
2018-5137-15/08/2019,1,4,Passenger,Female,017,Rear Seat Left Passenger,Not Thrown Out,Treated at Hospital,Fitted - Worn,Station Wagon,Provisional 1 ,Left Turn,4.0,3 Country,1,4,Saturday,09:15 pm,100,Cross Road,Straight road,Level,Dry,Not Raining,Night,Roll Over,Give Way Sign
2018-5143-15/08/2019,1,1,Driver,Female,040,Driver,Not Thrown Out,By Private,Fitted - Worn,Station Wagon,Full,Stopped on Carriageway,1.0,2 Metropolitan,2,1,Monday,05:35 pm,80,Cross Road,Straight road,Level,Dry,Not Raining,Night,Rear End,Traffic Signals
2018-5148-15/08/2019,1,1,Driver,Male,037,Driver,Not Thrown Out,Treated at Hospital,Fitted - Worn,Station Wagon,Full,Straight Ahead,1.0,2 Metropolitan,2,1,Monday,10:45 pm,60,Not Divided,Straight road,Level,Dry,Not Raining,Night,Hit Fixed Object,No Control
2018-5152-15/08/2019,1,1,Rider,Male,019,Rider of Motorcycle,Not Thrown Out,Treated at Hospital,,Motor Cycle,Learners,Straight Ahead,1.0,2 Metropolitan,2,1,Sunday,02:00 pm,100,Not Divided,"CURVED, VIEW OPEN",Slope,Dry,Not Raining,Daylight,Hit Fixed Object,No Control
2018-5154-15/08/2019,1,1,Driver,Male,056,Driver,Not Thrown Out,By Private,Fitted - Worn,Station Wagon,Full,Stopped on Carriageway,1.0,2 Metropolitan,4,1,Tuesday,07:43 am,60,Divided Road,Straight road,Level,Dry,Not Raining,Daylight,Rear End,No Control
2018-5155-15/08/2019,2,1,Rider,Male,064,,Thrown Out,By Private,,Pedal Cycle,,Straight Ahead,1.0,2 Metropolitan,2,1,Monday,08:00 am,50,Not Divided,Straight road,Level,Dry,Not Raining,Daylight,Right Angle,No Control
2018-5158-15/08/2019,1,1,Driver,Female,020,Driver,Not Thrown Out,Treated at Hospital,Fitted - Worn,Motor Cars - Sedan,Provisional 1 ,Straight Ahead,1.0,3 Country,2,1,Tuesday,11:05 am,100,Not Divided,"CURVED, VIEW OPEN",Level,Dry,Not Raining,Daylight,Hit Fixed Object,No Control
2018-5171-15/08/2019,1,1,Rider,Male,025,,Thrown Out,Treated at Hospital,,Pedal Cycle,,Straight Ahead,1.0,1 City,2,1,Monday,02:54 pm,50,Not Divided,Straight road,Level,Dry,Not Raining,Daylight,Hit Parked Vehicle,No Control
2018-5174-15/08/2019,1,1,Rider,Male,061,Rider of Motorcycle,Thrown Out,Admitted to Hospital,,Motor Cycle,Full,Straight Ahead,1.0,3 Country,2,1,Tuesday,01:20 pm,110,Not Divided,Straight road,Level,Dry,Not Raining,Daylight,Head On,No Control
2018-5176-15/08/2019,3,1,Driver,Female,057,Driver,Not Thrown Out,Treated at Hospital,Fitted - Worn,Motor Cars - Sedan,Full,Stopped on Carriageway,1.0,2 Metropolitan,3,1,Tuesday,05:10 pm,50,Cross Road,Straight road,Level,Wet,Not Raining,Daylight,Right Angle,Stop Sign
2018-5180-15/08/2019,1,1,Passenger,Male,002,Rear Seat Left Passenger,Not Thrown Out,Treated at Hospital,Fitted - Worn,Motor Cars - Sedan,Full,Stopped on Carriageway,4.0,2 Metropolitan,2,3,Tuesday,05:35 pm,70,Divided Road,Straight road,Level,Wet,Raining,Night,Rear End,No Control
2018-5180-15/08/2019,2,1,Driver,Female,023,Driver,Not Thrown Out,Treated at Hospital,Fitted - Worn,Motor Cars - Sedan,Provisional 1 ,Straight Ahead,3.0,2 Metropolitan,2,3,Tuesday,05:35 pm,70,Divided Road,Straight road,Level,Wet,Raining,Night,Rear End,No Control
2018-5180-15/08/2019,2,2,Passenger,Female,003,Rear Seat Left Passenger,Not Thrown Out,Treated at Hospital,Fitted - Worn,Motor Cars - Sedan,Provisional 1 ,Straight Ahead,3.0,2 Metropolitan,2,3,Tuesday,05:35 pm,70,Divided Road,Straight road,Level,Wet,Raining,Night,Rear End,No Control
2018-5181-15/08/2019,2,1,Driver,Female,026,Driver,Not Thrown Out,Treated at Hospital,Fitted - Worn,Motor Cars - Sedan,Full,Stopped on Carriageway,1.0,2 Metropolitan,3,1,Tuesday,05:45 pm,60,Divided Road,Straight road,Level,Dry,Not Raining,Night,Rear End,No Control
2018-5182-15/08/2019,2,1,Driver,Female,024,Driver,Not Thrown Out,Treated at Hospital,Fitted - Worn,Motor Cars - Sedan,Full,Straight Ahead,1.0,2 Metropolitan,3,1,Tuesday,05:50 pm,60,T-Junction,Straight road,Level,Wet,Not Raining,Night,Rear End,No Control