REPORT_ID,UND_UNIT_NUMBER,CASUALTY_NUMBER,Casualty Type,Sex_x,AGE,Position In Veh,Thrown Out,Injury Extent,Seat Belt,Unit Type,Licence Type,Unit Movement,Number Occupants,Stats Area,Total Units,Total Cas,Day,Time,Area Speed,Position Type,Horizontal Align,Vertical Align,Moisture Cond,Weather Cond,DayNight,Crash Type,Traffic Ctrls
2018-5183-15/08/2019,1,1,Passenger,Female,036,Rear Seat Right Passenger,Not Thrown Out,By Private,Fitted - Worn,Motor Cars - Sedan,Full,Stopped on Carriageway,5.0,2 Metropolitan,2,2,Tuesday,06:00 pm,60,Divided Road,Straight road,Level,Wet,Raining,Night,Rear End,No Control
2018-5183-15/08/2019,1,2,Passenger,Female,009,Rear Seat Middle Passenger,Not Thrown Out,By Private,Fitted - Worn,Motor Cars - Sedan,Full,Stopped on Carriageway,5.0,2 Metropolitan,2,2,Tuesday,06:00 pm,60,Divided Road,Straight road,Level,Wet,Raining,Night,Rear End,No Control
2018-5186-15/08/2019,1,1,Rider,Male,017,Rider of Motorcycle,Thrown Out,Treated at Hospital,,Motor Cycle,Learners,Straight Ahead,1.0,2 Metropolitan,2,1,Tuesday,06:53 pm,50,Not Divided,"CURVED, VIEW OPEN",Level,Wet,Not Raining,Night,Roll Over,No Control
2018-5189-15/08/2019,1,1,Driver,Female,018,Driver,Not Thrown Out,By Private,Fitted - Worn,Motor Cars - Sedan,Provisional 2,Straight Ahead,2.0,2 Metropolitan,2,1,Tuesday,08:43 pm,40,Cross Road,Straight road,Level,Wet,Not Raining,Night,Right Angle,Traffic Signals
2018-5196-15/08/2019,1,1,Driver,Female,058,Driver,Not Thrown Out,By Private,Fitted - Worn,Motor Cars - Sedan,Full,Stopped on Carriageway,2.0,2 Metropolitan,2,1,Friday,01:00 pm,60,Cross Road,"CURVED, VIEW OPEN",Level,Dry,Not Raining,Daylight,Rear End,Traffic Signals
2018-5197-15/08/2019,1,1,Driver,Female,066,Driver,Not Thrown Out,Treated at Hospital,Fitted - Worn,Motor Cars - Sedan,Full,Straight Ahead,1.0,2 Metropolitan,2,1,Wednesday,09:14 am,60,Divided Road,Straight road,Level,Dry,Not Raining,Daylight,Rear End,No Control
2018-5201-15/08/2019,2,1,Driver,Male,038,Driver,Not Thrown Out,Treated at Hospital,Fitted - Worn,Utility,Full,Straight Ahead,1.0,2 Metropolitan,2,1,Wednesday,09:57 am,60,Cross Road,Straight road,Level,Dry,Not Raining,Daylight,Rear End,Traffic Signals
2018-5202-15/08/2019,2,1,Driver,Male,092,Driver,Not Thrown Out,Treated at Hospital,Fitted - Worn,Motor Cars - Sedan,Full,Straight Ahead,1.0,2 Metropolitan,2,1,Wednesday,12:16 pm,60,Divided Road,Straight road,Level,Dry,Not Raining,Daylight,Right Angle,No Control
2018-5204-15/08/2019,1,1,Rider,Male,046,Rider of Motorcycle,Thrown Out,Treated at Hospital,,Motor Cycle,Full,Straight Ahead,1.0,2 Metropolitan,2,1,Wednesday,02:44 pm,50,Cross Road,Straight road,Level,Dry,Not Raining,Daylight,Right Angle,Give Way Sign
2018-5205-15/08/2019,1,1,Driver,Male,048,Driver,Not Thrown Out,Treated at Hospital,Fitted - Worn,Motor Cars - Sedan,Full,Swerving,1.0,2 Metropolitan,1,1,Tuesday,06:30 pm,80,Not Divided,"CURVED, VIEW OBSCURED",Level,Dry,Not Raining,Night,Left Road - Out of Control,No Control
2018-5206-15/08/2019,1,1,Driver,Female,040,Driver,Not Thrown Out,By Private,Fitted - Worn,Motor Cars - Sedan,Full,Stopped on Carriageway,1.0,2 Metropolitan,2,1,Wednesday,02:00 pm,60,Cross Road,Straight road,Level,Dry,Not Raining,Daylight,Rear End,Traffic Signals
2018-5208-15/08/2019,1,1,Driver,Male,063,Driver,Not Thrown Out,By Private,Fitted - Worn,Motor Cars - Sedan,Full,Stopped on Carriageway,1.0,2 Metropolitan,2,1,Wednesday,09:25 am,60,Divided Road,Straight road,Level,Dry,Not Raining,Daylight,Rear End,No Control
2018-5211-15/08/2019,3,1,Driver,Female,063,Driver,Not Thrown Out,Treated at Hospital,Fitted - Worn,Station Wagon,Full,Straight Ahead,2.0,2 Metropolitan,3,2,Wednesday,03:34 pm,80,Divided Road,Straight road,Level,Dry,Not Raining,Daylight,Rear End,No Control
2018-5211-15/08/2019,3,2,Passenger,Female,009,Front Seat Left Passenger,Not Thrown Out,Treated at Hospital,Fitted - Worn,Station Wagon,Full,Straight Ahead,2.0,2 Metropolitan,3,2,Wednesday,03:34 pm,80,Divided Road,Straight road,Level,Dry,Not Raining,Daylight,Rear End,No Control
2018-5215-15/08/2019,2,1,Pedestrian,Male,061,,,Treated at Hospital,,Pedestrian on Road,,Crossing without Control,,3 Country,2,1,Wednesday,04:30 pm,50,Not Divided,Straight road,Level,Dry,Not Raining,Daylight,Hit Pedestrian,No Control
2018-5216-15/08/2019,1,1,Driver,Female,042,Driver,Not Thrown Out,Treated at Hospital,Fitted - Worn,Station Wagon,Full,Stopped on Carriageway,1.0,2 Metropolitan,2,1,Wednesday,04:20 pm,70,Cross Road,Straight road,Level,Dry,Not Raining,Daylight,Rear End,Roundabout
2018-5219-15/08/2019,1,1,Rider,Male,034,,Thrown Out,Admitted to Hospital,,Pedal Cycle,,Straight Ahead,1.0,2 Metropolitan,2,1,Wednesday,05:40 pm,60,T-Junction,Straight road,Level,Dry,Not Raining,Night,Right Angle,No Control
2018-5223-15/08/2019,2,1,Rider,Male,030,,Thrown Out,Treated at Hospital,,Pedal Cycle,,Straight Ahead,1.0,2 Metropolitan,2,1,Wednesday,04:40 pm,50,T-Junction,"CURVED, VIEW OPEN",Level,Dry,Not Raining,Daylight,Right Angle,Give Way Sign
2018-5224-15/08/2019,1,1,Driver,Female,036,Driver,Not Thrown Out,Treated at Hospital,Fitted - Worn,Station Wagon,Full,Stopped on Carriageway,1.0,2 Metropolitan,2,1,Wednesday,02:40 pm,50,Cross Road,Straight road,Level,Dry,Not Raining,Daylight,Rear End,Roundabout
2018-5232-15/08/2019,2,1,Pedestrian,Male,028,,,Admitted to Hospital,,Pedestrian on Road,,Walking on Road,,2 Metropolitan,2,1,Thursday,01:30 am,25,Divided Road,Straight road,Level,Dry,Not Raining,Night,Hit Pedestrian,No Control
2018-5233-15/08/2019,1,1,Driver,Male,046,Driver,Not Thrown Out,Treated at Hospital,Fitted - Worn,BDOUBLE - ROAD TRAIN,Full,Straight Ahead,1.0,3 Country,2,1,Thursday,02:00 am,110,Not Divided,"CURVED, VIEW OPEN",Slope,Dry,Not Raining,Night,Hit Fixed Object,No Control
2018-5235-15/08/2019,1,1,Passenger,Female,028,Front Seat Left Passenger,Not Thrown Out,By Private,Fitted - Worn,Motor Cars - Sedan,Unknown,Stopped on Carriageway,2.0,2 Metropolitan,2,1,Thursday,10:50 am,50,Cross Road,Straight road,Level,Dry,Not Raining,Daylight,Rear End,Give Way Sign
2018-5241-15/08/2019,1,1,Driver,Female,049,Driver,Not Thrown Out,By Private,Fitted - Worn,Motor Cars - Sedan,Full,Straight Ahead,1.0,2 Metropolitan,2,1,Wednesday,12:32 pm,60,Cross Road,Straight road,Level,Dry,Not Raining,Daylight,Rear End,Traffic Signals
2018-5242-15/08/2019,1,1,Driver,Male,058,Driver,Not Thrown Out,By Private,Fitted - Worn,SEMI TRAILER,Full,Straight Ahead,1.0,2 Metropolitan,2,1,Thursday,10:30 am,90,T-Junction,Straight road,Level,Dry,Not Raining,Daylight,Roll Over,Roundabout
2018-5243-15/08/2019,2,1,Driver,Female,047,Driver,Not Thrown Out,Admitted to Hospital,Fitted - Worn,Motor Cars - Sedan,Full,Right Turn,2.0,2 Metropolitan,2,2,Thursday,09:40 am,70,T-Junction,Straight road,Level,Dry,Not Raining,Daylight,Right Turn,Traffic Signals
2018-5243-15/08/2019,2,2,Passenger,Female,018,Front Seat Left Passenger,Not Thrown Out,Admitted to Hospital,Fitted - Worn,Motor Cars - Sedan,Full,Right Turn,2.0,2 Metropolitan,2,2,Thursday,09:40 am,70,T-Junction,Straight road,Level,Dry,Not Raining,Daylight,Right Turn,Traffic Signals
2018-5249-15/08/2019,1,1,Driver,Female,031,Driver,Not Thrown Out,By Private,Fitted - Worn,Motor Cars - Sedan,Full,Entering Private Driveway,1.0,3 Country,2,1,Thursday,11:42 am,60,Not Divided,Straight road,Level,Dry,Not Raining,Daylight,Rear End,No Control
2018-5253-15/08/2019,2,1,Driver,Male,056,Driver,Not Thrown Out,Treated at Hospital,Fitted - Unknown if Worn,Motor Cars - Sedan,Full,Straight Ahead,2.0,2 Metropolitan,3,1,Thursday,03:20 pm,60,T-Junction,Straight road,Slope,Dry,Not Raining,Daylight,Right Angle,No Control
2018-5259-15/08/2019,1,1,Driver,Female,029,Driver,Not Thrown Out,Treated at Hospital,Fitted - Worn,Motor Cars - Sedan,Provisional 2,Straight Ahead,1.0,2 Metropolitan,2,2,Thursday,04:50 pm,80,Not Divided,Straight road,Slope,Dry,Not Raining,Daylight,Right Angle,No Control
2018-5259-15/08/2019,2,1,Driver,Male,054,Driver,Not Thrown Out,Treated at Hospital,Fitted - Worn,Motor Cars - Sedan,Full,Leaving Private Driveway,1.0,2 Metropolitan,2,2,Thursday,04:50 pm,80,Not Divided,Straight road,Slope,Dry,Not Raining,Daylight,Right Angle,No Control
2018-5265-15/08/2019,2,1,Driver,Male,018,Driver,Not Thrown Out,Treated at Hospital,Fitted - Worn,Motor Cars - Sedan,Provisional 2,Stopped on Carriageway,1.0,2 Metropolitan,4,1,Thursday,05:44 pm,60,Divided Road,Straight road,Level,Dry,Not Raining,Night,Rear End,No Control
2018-5270-15/08/2019,1,1,Rider,Male,028,Rider of Motorcycle,Thrown Out,By Private,,Motor Cycle,Full,Straight Ahead,1.0,2 Metropolitan,1,1,Thursday,06:30 pm,80,T-Junction,Straight road,Level,Dry,Not Raining,Night,Roll Over,No Control
2018-5271-15/08/2019,1,1,Rider,Male,027,Rider of Motorcycle,Thrown Out,By Private,,Motor Cycle,Full,Stopped on Carriageway,1.0,2 Metropolitan,2,1,Thursday,06:00 pm,60,T-Junction,Straight road,Level,Dry,Not Raining,Night,Rear End,Traffic Signals
2018-5274-15/08/2019,1,1,Driver,Female,035,Driver,Not Thrown Out,Treated at Hospital,Fitted - Worn,Motor Cars - Sedan,Full,Straight Ahead,1.0,2 Metropolitan,2,1,Thursday,05:30 pm,80,Not Divided,"CURVED, VIEW OPEN",Level,Dry,Not Raining,Night,Hit Fixed Object,No Control
2018-5276-15/08/2019,2,1,Rider,Male,017,,Thrown Out,Treated at Hospital,,Pedal Cycle,,Straight Ahead,1.0,2 Metropolitan,2,1,Thursday,04:47 pm,60,Cross Road,Straight road,Level,Dry,Not Raining,Daylight,Right Turn,Stop Sign
2018-5278-15/08/2019,2,1,Driver,Female,049,Driver,Not Thrown Out,By Private,Fitted - Worn,Motor Cars - Sedan,Full,Straight Ahead,1.0,2 Metropolitan,2,1,Thursday,09:10 pm,50,Cross Road,Straight road,Level,Dry,Not Raining,Night,Right Angle,Roundabout
2018-5282-15/08/2019,1,1,Driver,Male,031,Driver,Not Thrown Out,By Private,Fitted - Worn,Utility,Full,Straight Ahead,1.0,2 Metropolitan,3,1,Friday,06:30 am,60,Divided Road,Straight road,Level,Dry,Not Raining,Night,Rear End,No Control
2018-5284-15/08/2019,1,1,Driver,Female,053,Driver,Not Thrown Out,By Private,Fitted - Worn,Station Wagon,Full,Entering Private Driveway,1.0,2 Metropolitan,2,2,Friday,06:50 am,60,Divided Road,Straight road,Level,Dry,Not Raining,Night,Rear End,No Control
2018-5284-15/08/2019,2,1,Driver,Male,020,Driver,Not Thrown Out,By Private,Fitted - Worn,Motor Cars - Sedan,Provisional 2,Straight Ahead,1.0,2 Metropolitan,2,2,Friday,06:50 am,60,Divided Road,Straight road,Level,Dry,Not Raining,Night,Rear End,No Control
2018-5287-15/08/2019,2,1,Driver,Male,041,Driver,Not Thrown Out,Treated at Hospital,Fitted - Worn,Panel Van,Full,Straight Ahead,1.0,2 Metropolitan,2,1,Friday,08:59 am,50,Cross Road,Straight road,Level,Dry,Not Raining,Daylight,Right Angle,Give Way Sign
2018-5289-15/08/2019,2,1,Rider,Female,019,Rider of Motorcycle,Thrown Out,By Private,,Scooter,Provisional 2,Straight Ahead,1.0,2 Metropolitan,2,1,Friday,09:26 am,50,Not Divided,Straight road,Level,Dry,Not Raining,Daylight,Right Angle,No Control
2018-5291-15/08/2019,1,1,Driver,Male,018,Driver,Not Thrown Out,Treated at Hospital,Fitted - Worn,Motor Cars - Sedan,Provisional 1 ,Straight Ahead,1.0,2 Metropolitan,2,1,Friday,10:15 am,50,Not Divided,Straight road,Slope,Dry,Not Raining,Daylight,Hit Fixed Object,No Control
2018-5295-15/08/2019,1,1,Rider,Female,049,,,By Private,,Pedal Cycle,,Swerving,1.0,1 City,2,1,Monday,08:15 am,60,Divided Road,Straight road,Level,Dry,Not Raining,Daylight,Side Swipe,No Control
2018-5296-15/08/2019,1,1,Rider,Male,054,,Thrown Out,By Private,,Pedal Cycle,,Swerving,1.0,2 Metropolitan,1,1,Friday,06:30 am,50,Cross Road,Straight road,Level,Dry,Not Raining,Night,Roll Over,Roundabout
2018-5300-15/08/2019,2,1,Pedestrian,Male,081,,,Treated at Hospital,,Wheelchair / Elec. Wheelchair,,Crossing without Control,,2 Metropolitan,2,1,Friday,02:24 pm,60,T-Junction,Straight road,Level,Dry,Not Raining,Daylight,Hit Pedestrian,No Control
2018-5305-15/08/2019,2,1,Rider,Male,049,,Thrown Out,Treated at Hospital,,Pedal Cycle,,Straight Ahead,1.0,2 Metropolitan,2,1,Friday,02:04 pm,60,Not Divided,Straight road,Level,Dry,Not Raining,Daylight,Right Angle,No Control
2018-5310-15/08/2019,2,1,Driver,Male,080,Driver,Not Thrown Out,Treated at Hospital,Fitted - Worn,Station Wagon,Full,Straight Ahead,4.0,1 City,4,1,Friday,11:30 am,50,T-Junction,Straight road,Level,Dry,Not Raining,Daylight,Right Turn,Traffic Signals
2018-5311-15/08/2019,2,1,Driver,Female,035,Driver,Not Thrown Out,By Private,Fitted - Worn,Station Wagon,Full,Straight Ahead,1.0,2 Metropolitan,2,1,Friday,04:15 pm,90,Freeway,Straight road,Level,Dry,Not Raining,Daylight,Rear End,No Control
2018-5313-15/08/2019,2,1,Driver,Female,027,Driver,Not Thrown Out,By Private,Fitted - Worn,Station Wagon,Full,Stopped on Carriageway,2.0,2 Metropolitan,3,1,Friday,03:45 pm,60,T-Junction,Straight road,Level,Dry,Not Raining,Daylight,Rear End,Traffic Signals
2018-5315-15/08/2019,2,1,Driver,Male,033,Driver,Not Thrown Out,Treated at Hospital,Fitted - Worn,Motor Cars - Sedan,Provisional 2,Straight Ahead,2.0,2 Metropolitan,2,1,Friday,05:45 pm,50,T-Junction,Straight road,Level,Dry,Not Raining,Night,Right Angle,Give Way Sign
2018-5327-15/08/2019,1,1,Driver,Male,023,Driver,Not Thrown Out,Treated at Hospital,Fitted - Worn,Motor Cars - Sedan,Provisional 2,Straight Ahead,1.0,2 Metropolitan,2,1,Saturday,05:50 am,50,Not Divided,Straight road,Level,Dry,Not Raining,Night,Hit Fixed Object,No Control
2018-5333-15/08/2019,1,1,Driver,Female,073,Driver,Not Thrown Out,Treated at Hospital,Fitted - Worn,Utility,Full,Straight Ahead,2.0,3 Country,1,2,Saturday,10:36 am,100,Divided Road,Straight road,Level,Dry,Not Raining,Daylight,Roll Over,No Control
2018-5333-15/08/2019,1,2,Passenger,Male,078,Front Seat Left Passenger,Not Thrown Out,Treated at Hospital,Fitted - Worn,Utility,Full,Straight Ahead,2.0,3 Country,1,2,Saturday,10:36 am,100,Divided Road,Straight road,Level,Dry,Not Raining,Daylight,Roll Over,No Control
2018-5341-15/08/2019,1,1,Driver,Female,070,Driver,Not Thrown Out,Treated at Hospital,Fitted - Worn,Motor Cars - Sedan,Full,Straight Ahead,1.0,2 Metropolitan,3,1,Saturday,04:10 pm,50,Divided Road,Straight road,Level,Dry,Not Raining,Daylight,Hit Fixed Object,No Control
2018-5342-15/08/2019,1,1,Driver,Male,020,Driver,Not Thrown Out,Admitted to Hospital,Fitted - Worn,Motor Cars - Sedan,Provisional 2,Straight Ahead,1.0,3 Country,1,1,Saturday,12:30 pm,100,Multiple,Straight road,Level,Dry,Not Raining,Daylight,Roll Over,Give Way Sign
2018-5344-15/08/2019,1,1,Passenger,Male,081,Front Seat Left Passenger,Not Thrown Out,By Private,Fitted - Worn,Motor Cars - Sedan,Full,Straight Ahead,2.0,2 Metropolitan,3,1,Saturday,05:15 pm,70,Divided Road,Straight road,Level,Dry,Not Raining,Night,Rear End,No Control
2018-5345-15/08/2019,1,1,Driver,Male,056,Driver,Not Thrown Out,By Private,Fitted - Worn,Station Wagon,Full,Straight Ahead,2.0,2 Metropolitan,2,2,Saturday,05:46 pm,60,Cross Road,Straight road,Level,Dry,Not Raining,Night,Right Turn,Traffic Signals
2018-5345-15/08/2019,1,2,Passenger,Female,045,Front Seat Left Passenger,Not Thrown Out,By Private,Fitted - Worn,Station Wagon,Full,Straight Ahead,2.0,2 Metropolitan,2,2,Saturday,05:46 pm,60,Cross Road,Straight road,Level,Dry,Not Raining,Night,Right Turn,Traffic Signals
2018-5349-15/08/2019,1,1,Rider,Male,039,Rider of Motorcycle,Thrown Out,Treated at Hospital,,Motor Cycle,Full,Straight Ahead,1.0,3 Country,2,1,Saturday,06:34 pm,110,Cross Road,Straight road,Level,Dry,Not Raining,Night,Right Angle,Give Way Sign
2018-5350-15/08/2019,1,1,Rider,Male,046,Rider of Motorcycle,Thrown Out,Treated at Hospital,,Motor Cycle,Full,Straight Ahead,1.0,2 Metropolitan,2,1,Friday,03:12 pm,60,Divided Road,Straight road,Level,Dry,Not Raining,Daylight,Rear End,No Control
2018-5351-15/08/2019,1,1,Driver,Female,066,Driver,Not Thrown Out,Treated at Hospital,Fitted - Unknown if Worn,Motor Cars - Sedan,Full,Straight Ahead,1.0,3 Country,2,1,Friday,11:00 pm,50,Not Divided,Straight road,Slope,Dry,Not Raining,Night,Hit Parked Vehicle,No Control
2018-5353-15/08/2019,1,1,Rider,Male,041,Rider of Motorcycle,Thrown Out,Treated at Hospital,,Motor Cycle,Full,Straight Ahead,1.0,3 Country,2,1,Saturday,02:00 am,50,Cross Road,Straight road,Slope,Dry,Not Raining,Night,Right Angle,Roundabout
2018-5360-15/08/2019,2,1,Driver,Male,062,Driver,Not Thrown Out,Treated at Hospital,Fitted - Worn,Motor Cars - Sedan,Full,Straight Ahead,1.0,2 Metropolitan,2,1,Saturday,11:00 pm,60,Not Divided,Straight road,Level,Dry,Not Raining,Night,Rear End,No Control
2018-5362-15/08/2019,1,1,Passenger,Female,XXX,Front Seat Left Passenger,Not Thrown Out,Treated at Hospital,Fitted - Unknown if Worn,Station Wagon,Full,Stopped on Carriageway,2.0,2 Metropolitan,2,1,Sunday,11:30 am,60,Pedestrian Crossing,Straight road,Level,Wet,Raining,Daylight,Rear End,No Control
2018-5364-15/08/2019,1,1,Driver,Female,025,Driver,Not Thrown Out,Treated at Hospital,Fitted - Worn,Motor Cars - Sedan,Full,Straight Ahead,1.0,2 Metropolitan,3,1,Saturday,09:50 pm,70,Cross Road,"CURVED, VIEW OPEN",Level,Dry,Not Raining,Night,Rear End,Give Way Sign
2018-5365-15/08/2019,1,1,Pedestrian,Female,057,,,By Private,,Pedestrian on Road,,Crossing with Traffic Signals,,1 City,2,1,Saturday,01:34 pm,50,Pedestrian Crossing,Straight road,Level,Dry,Not Raining,Daylight,Hit Pedestrian,No Control
2018-5369-15/08/2019,1,1,Driver,Male,040,Driver,Not Thrown Out,Treated at Hospital,Fitted - Worn,Utility,Full,Swerving,1.0,3 Country,1,1,Saturday,05:30 pm,100,Not Divided,Straight road,Level,Dry,Not Raining,Night,Roll Over,No Control
2018-5374-15/08/2019,1,1,Driver,Male,031,Driver,Not Thrown Out,By Private,Fitted - Worn,Motor Cars - Sedan,Full,Straight Ahead,2.0,2 Metropolitan,2,1,Saturday,06:15 pm,50,Cross Road,"CURVED, VIEW OPEN",Level,Dry,Not Raining,Night,Right Angle,Roundabout
2018-5377-15/08/2019,1,1,Driver,Female,018,Driver,Not Thrown Out,Treated at Hospital,Fitted - Worn,Motor Cars - Sedan,Provisional 2,Straight Ahead,1.0,2 Metropolitan,2,1,Sunday,07:35 pm,60,Multiple,Straight road,Level,Dry,Not Raining,Night,Right Turn,Traffic Signals
2018-5379-15/08/2019,1,1,Driver,Male,020,Driver,Not Thrown Out,Treated at Hospital,Fitted - Worn,Motor Cars - Sedan,Unknown,Straight Ahead,1.0,3 Country,2,1,Sunday,09:45 pm,110,Not Divided,Straight road,Level,Dry,Not Raining,Night,Hit Fixed Object,No Control
2018-5383-15/08/2019,1,1,Driver,Female,030,Driver,Not Thrown Out,By Private,Fitted - Worn,Motor Cars - Sedan,Full,Straight Ahead,1.0,2 Metropolitan,2,1,Monday,08:30 am,60,Divided Road,Straight road,Level,Dry,Not Raining,Daylight,Rear End,No Control
2018-5388-15/08/2019,2,1,Driver,Female,054,Driver,Not Thrown Out,Treated at Hospital,Fitted - Worn,Station Wagon,Full,Straight Ahead,1.0,2 Metropolitan,2,1,Monday,07:40 am,60,T-Junction,Straight road,Level,Dry,Not Raining,Daylight,Right Turn,Traffic Signals
2018-5391-15/08/2019,1,1,Driver,Male,037,Driver,Not Thrown Out,Admitted to Hospital,Fitted - Unknown if Worn,Motor Cars - Sedan,Unlicenced,Straight Ahead,2.0,3 Country,2,2,Monday,07:50 am,110,Freeway,"CURVED, VIEW OPEN",Level,Dry,Not Raining,Daylight,Hit Fixed Object,No Control
2018-5391-15/08/2019,1,2,Passenger,Male,031,Front Seat Left Passenger,Not Thrown Out,Admitted to Hospital,Fitted - Unknown if Worn,Motor Cars - Sedan,Unlicenced,Straight Ahead,2.0,3 Country,2,2,Monday,07:50 am,110,Freeway,"CURVED, VIEW OPEN",Level,Dry,Not Raining,Daylight,Hit Fixed Object,No Control
2018-5392-15/08/2019,2,1,Driver,Female,069,Driver,Not Thrown Out,By Private,Fitted - Worn,Motor Cars - Sedan,Full,Straight Ahead,1.0,2 Metropolitan,2,1,Monday,10:56 am,60,Divided Road,Straight road,Level,Dry,Not Raining,Daylight,Side Swipe,No Control
2018-5396-15/08/2019,1,1,Driver,Female,024,Driver,Not Thrown Out,By Private,Fitted - Worn,Motor Cars - Sedan,Full,Straight Ahead,2.0,2 Metropolitan,2,1,Thursday,03:30 pm,60,T-Junction,Straight road,Level,Dry,Not Raining,Daylight,Right Angle,Stop Sign
2018-5398-15/08/2019,3,1,Driver,Female,054,Driver,Not Thrown Out,By Private,Fitted - Worn,Station Wagon,Full,Stopped on Carriageway,1.0,2 Metropolitan,3,1,Monday,08:55 am,60,Multiple,"CURVED, VIEW OPEN",Level,Dry,Not Raining,Daylight,Rear End,Traffic Signals
2018-5405-15/08/2019,2,1,Driver,Female,073,Driver,Not Thrown Out,Treated at Hospital,Fitted - Worn,Motor Cars - Sedan,Full,Stopped on Carriageway,1.0,2 Metropolitan,4,1,Monday,03:55 pm,70,Not Divided,Straight road,Crest of Hill,Dry,Not Raining,Daylight,Rear End,No Control
2018-5409-15/08/2019,1,1,Passenger,Female,025,Rear Seat Left Passenger,Not Thrown Out,By Private,Fitted - Worn,Station Wagon,Full,Straight Ahead,3.0,2 Metropolitan,2,2,Monday,06:10 pm,50,Cross Road,Straight road,Level,Wet,Raining,Night,Rear End,Roundabout
2018-5409-15/08/2019,1,2,Passenger,Female,013,Front Seat Left Passenger,Not Thrown Out,By Private,Fitted - Worn,Station Wagon,Full,Straight Ahead,3.0,2 Metropolitan,2,2,Monday,06:10 pm,50,Cross Road,Straight road,Level,Wet,Raining,Night,Rear End,Roundabout
2018-5410-15/08/2019,1,1,Driver,Female,026,Driver,Not Thrown Out,By Private,Fitted - Worn,Motor Cars - Sedan,Full,Stopped on Carriageway,1.0,2 Metropolitan,2,1,Monday,01:45 pm,60,Divided Road,Straight road,Level,Dry,Not Raining,Daylight,Rear End,No Control
2018-5418-15/08/2019,1,1,Driver,Male,058,Driver,Not Thrown Out,Fatal,Fitted - Unknown if Worn,Station Wagon,Full,Overtaking - on Right,1.0,3 Country,2,2,Monday,06:30 pm,110,Not Divided,Straight road,Level,Wet,Raining,Night,Head On,No Control
2018-5418-15/08/2019,2,1,Driver,Male,026,Driver,Not Thrown Out,Treated at Hospital,Fitted - Worn,Utility,Full,Straight Ahead,1.0,3 Country,2,2,Monday,06:30 pm,110,Not Divided,Straight road,Level,Wet,Raining,Night,Head On,No Control
2018-5419-15/08/2019,1,1,Passenger,Female,065,Front Seat Left Passenger,Not Thrown Out,By Private,Fitted - Worn,Motor Cars - Sedan,Full,Stopped on Carriageway,4.0,2 Metropolitan,3,1,Monday,05:00 pm,60,Divided Road,Straight road,Level,Dry,Not Raining,Daylight,Rear End,No Control
2018-5420-15/08/2019,2,1,Driver,Female,XXX,Driver,Not Thrown Out,Treated at Hospital,Fitted - Unknown if Worn,Motor Cars - Sedan,Unlicenced,Straight Ahead,1.0,2 Metropolitan,2,1,Monday,09:00 pm,60,Cross Road,Straight road,Level,Wet,Raining,Night,Rear End,Traffic Signals
2018-5423-15/08/2019,1,1,Driver,Male,026,Driver,Not Thrown Out,Treated at Hospital,Fitted - Not Worn,Motor Cars - Sedan,Full,Straight Ahead,1.0,2 Metropolitan,3,1,Tuesday,03:00 am,60,Not Divided,Straight road,Level,Wet,Not Raining,Night,Hit Fixed Object,No Control
2018-5428-15/08/2019,1,1,Driver,Male,065,Driver,Not Thrown Out,By Private,Fitted - Worn,Station Wagon,Full,Straight Ahead,1.0,2 Metropolitan,3,1,Tuesday,06:15 am,25,Divided Road,Straight road,Level,Dry,Not Raining,Night,Rear End,No Control
2018-5430-15/08/2019,1,1,Driver,Male,051,Driver,Not Thrown Out,By Private,Fitted - Worn,Motor Cars - Sedan,Full,Stopped on Carriageway,1.0,2 Metropolitan,2,1,Monday,05:45 am,60,Not Divided,Straight road,Level,Wet,Not Raining,Night,Rear End,No Control
2018-5431-15/08/2019,1,1,Driver,Female,028,Driver,Not Thrown Out,Treated at Hospital,Fitted - Worn,Motor Cars - Sedan,Full,Stopped on Carriageway,1.0,2 Metropolitan,2,1,Monday,03:00 pm,60,T-Junction,Straight road,Level,Dry,Not Raining,Daylight,Rear End,Traffic Signals
2018-5433-15/08/2019,1,1,Driver,Female,045,Driver,Not Thrown Out,By Private,Fitted - Worn,Motor Cars - Sedan,Full,Stopped on Carriageway,1.0,2 Metropolitan,2,1,Monday,02:00 pm,60,Not Divided,Straight road,Level,Dry,Not Raining,Daylight,Rear End,No Control
2018-5438-15/08/2019,1,1,Driver,Female,025,Driver,Not Thrown Out,Treated at Hospital,Fitted - Worn,Motor Cars - Sedan,Full,Straight Ahead,1.0,2 Metropolitan,3,1,Tuesday,10:50 am,110,Divided Road,Straight road,Level,Dry,Not Raining,Daylight,Rear End,No Control
2018-5439-15/08/2019,1,1,Driver,Male,031,Driver,Not Thrown Out,Treated at Hospital,Fitted - Worn,RIGID TRUCK LGE GE 4.5T,Full,Straight Ahead,1.0,2 Metropolitan,5,3,Tuesday,09:01 am,60,Rail Xing,Straight road,Crest of Hill,Dry,Not Raining,Daylight,Rear End,Traffic Signals