REPORT_ID,UND_UNIT_NUMBER,CASUALTY_NUMBER,Casualty Type,Sex_x,AGE,Position In Veh,Thrown Out,Injury Extent,Seat Belt,Unit Type,Licence Type,Unit Movement,Number Occupants,Stats Area,Total Units,Total Cas,Day,Time,Area Speed,Position Type,Horizontal Align,Vertical Align,Moisture Cond,Weather Cond,DayNight,Crash Type,Traffic Ctrls
2018-5439-15/08/2019,2,1,Driver,Male,041,Driver,Not Thrown Out,Treated at Hospital,Fitted - Worn,Utility,Full,Straight Ahead,1.0,2 Metropolitan,5,3,Tuesday,09:01 am,60,Rail Xing,Straight road,Crest of Hill,Dry,Not Raining,Daylight,Rear End,Traffic Signals
2018-5439-15/08/2019,4,1,Driver,Female,058,Driver,Not Thrown Out,Treated at Hospital,Fitted - Worn,Motor Cars - Sedan,Full,Straight Ahead,1.0,2 Metropolitan,5,3,Tuesday,09:01 am,60,Rail Xing,Straight road,Crest of Hill,Dry,Not Raining,Daylight,Rear End,Traffic Signals
2018-5442-15/08/2019,1,1,Driver,Female,032,Driver,Not Thrown Out,By Private,Fitted - Worn,Motor Cars - Sedan,Full,Stopped on Carriageway,1.0,2 Metropolitan,2,1,Tuesday,11:30 am,60,T-Junction,Straight road,Level,Dry,Not Raining,Daylight,Rear End,Stop Sign
2018-5444-15/08/2019,1,1,Driver,Male,056,Driver,Not Thrown Out,Treated at Hospital,Fitted - Worn,Station Wagon,Full,Straight Ahead,1.0,2 Metropolitan,2,3,Tuesday,08:55 am,50,Cross Road,Straight road,Slope,Dry,Not Raining,Daylight,Right Angle,Give Way Sign
2018-5444-15/08/2019,2,1,Driver,Female,064,Driver,Not Thrown Out,Treated at Hospital,Fitted - Worn,Station Wagon,Full,Straight Ahead,3.0,2 Metropolitan,2,3,Tuesday,08:55 am,50,Cross Road,Straight road,Slope,Dry,Not Raining,Daylight,Right Angle,Give Way Sign
2018-5444-15/08/2019,2,2,Passenger,Female,004,Rear Seat Right Passenger,Not Thrown Out,Treated at Hospital,Child Restraint - Worn,Station Wagon,Full,Straight Ahead,3.0,2 Metropolitan,2,3,Tuesday,08:55 am,50,Cross Road,Straight road,Slope,Dry,Not Raining,Daylight,Right Angle,Give Way Sign
2018-5445-15/08/2019,1,1,Driver,Female,029,Driver,Not Thrown Out,Treated at Hospital,Fitted - Worn,Station Wagon,Full,Swerving,1.0,2 Metropolitan,2,1,Tuesday,10:20 am,60,Not Divided,"CURVED, VIEW OBSCURED",Slope,Unknown,Unknown,Daylight,Hit Fixed Object,No Control
2018-5449-15/08/2019,1,1,Driver,Female,056,Driver,Not Thrown Out,By Private,Fitted - Worn,Motor Cars - Sedan,Full,Leaving Private Driveway,1.0,1 City,2,1,Monday,12:00 pm,50,One Way,Straight road,Level,Dry,Not Raining,Daylight,Right Angle,No Control
2018-5451-15/08/2019,1,1,Driver,Female,045,Driver,Not Thrown Out,Treated at Hospital,Fitted - Worn,Station Wagon,Full,Straight Ahead,1.0,3 Country,2,1,Monday,06:45 pm,100,Not Divided,"CURVED, VIEW OPEN",Level,Dry,Not Raining,Night,Head On,No Control
2018-5454-15/08/2019,2,1,Driver,Female,048,Driver,Not Thrown Out,Treated at Hospital,Fitted - Worn,Station Wagon,Full,Stopped on Carriageway,2.0,2 Metropolitan,3,1,Tuesday,03:30 pm,60,Divided Road,Straight road,Level,Dry,Not Raining,Daylight,Rear End,No Control
2018-5456-15/08/2019,1,1,Driver,Male,022,Driver,Not Thrown Out,Fatal,Fitted - Worn,Motor Cars - Sedan,Provisional 2,Straight Ahead,1.0,3 Country,2,1,Tuesday,01:40 pm,100,Not Divided,"CURVED, VIEW OPEN",Slope,Wet,Unknown,Daylight,Hit Fixed Object,No Control
2018-5457-15/08/2019,1,1,Rider,Male,024,,,By Private,,Pedal Cycle,,Straight Ahead,1.0,2 Metropolitan,2,1,Sunday,12:15 pm,50,Divided Road,Straight road,Level,Dry,Not Raining,Daylight,Side Swipe,No Control
2018-5458-15/08/2019,2,1,Passenger,Male,024,Rear Seat Left Passenger,Not Thrown Out,Treated at Hospital,Fitted - Worn,Motor Cars - Sedan,Full,Straight Ahead,3.0,2 Metropolitan,2,2,Tuesday,04:18 pm,70,T-Junction,Straight road,Level,Dry,Not Raining,Daylight,Rear End,Traffic Signals
2018-5458-15/08/2019,2,2,Passenger,Male,032,Unknown,Not Thrown Out,Treated at Hospital,Fitted - Worn,Motor Cars - Sedan,Full,Straight Ahead,3.0,2 Metropolitan,2,2,Tuesday,04:18 pm,70,T-Junction,Straight road,Level,Dry,Not Raining,Daylight,Rear End,Traffic Signals
2018-5460-15/08/2019,1,1,Passenger,Male,010,Front Seat Left Passenger,Not Thrown Out,Treated at Hospital,Fitted - Worn,Motor Cars - Sedan,Full,Stopped on Carriageway,3.0,2 Metropolitan,2,1,Tuesday,03:45 pm,100,T-Junction,"CURVED, VIEW OBSCURED",Slope,Dry,Not Raining,Daylight,Rear End,No Control
2018-5461-15/08/2019,1,1,Rider,Female,059,Rider of Motorcycle,Not Thrown Out,Treated at Hospital,,Motor Cycle,Full,Straight Ahead,1.0,2 Metropolitan,2,1,Tuesday,04:25 pm,50,Cross Road,Straight road,Level,Dry,Not Raining,Daylight,Right Angle,Roundabout
2018-5462-15/08/2019,1,1,Driver,Female,XXX,Driver,Not Thrown Out,Treated at Hospital,Fitted - Worn,Motor Cars - Sedan,Full,Left Turn,2.0,2 Metropolitan,2,1,Tuesday,05:02 pm,50,T-Junction,Straight road,Level,Dry,Not Raining,Daylight,Right Angle,No Control
2018-5466-15/08/2019,1,1,Driver,Female,022,Driver,Not Thrown Out,By Private,Fitted - Worn,Motor Cars - Sedan,Full,Stopped on Carriageway,1.0,2 Metropolitan,2,1,Tuesday,06:10 pm,60,Not Divided,Straight road,Level,Wet,Not Raining,Night,Rear End,No Control
2018-5470-15/08/2019,2,1,Driver,Male,060,Driver,Not Thrown Out,Admitted to Hospital,Fitted - Worn,Utility,Full,Straight Ahead,1.0,3 Country,2,1,Tuesday,06:08 pm,60,Cross Road,Straight road,Level,Wet,Raining,Night,Right Angle,Give Way Sign
2018-5472-15/08/2019,1,1,Rider,Male,021,Rider of Motorcycle,Not Thrown Out,Treated at Hospital,,Motor Cycle,Full,Straight Ahead,1.0,1 City,1,1,Friday,09:36 am,50,Cross Road,Straight road,Level,Dry,Not Raining,Daylight,Left Road - Out of Control,Traffic Signals
2018-5477-15/08/2019,2,1,Driver,Female,030,Driver,Not Thrown Out,By Private,Fitted - Worn,Motor Cars - Sedan,Full,Stopped on Carriageway,1.0,2 Metropolitan,3,1,Wednesday,08:45 am,60,Cross Road,Straight road,Slope,Wet,Not Raining,Daylight,Rear End,Traffic Signals
2018-5478-15/08/2019,1,1,Rider,Female,024,,,By Private,,Pedal Cycle,,Straight Ahead,1.0,2 Metropolitan,2,1,Wednesday,07:00 am,60,T-Junction,Straight road,Level,Dry,Not Raining,Night,Right Angle,No Control
2018-5479-15/08/2019,2,1,Rider,Male,042,,,Treated at Hospital,,Pedal Cycle,,Straight Ahead,1.0,2 Metropolitan,2,1,Wednesday,08:25 am,50,Cross Road,Straight road,Level,Dry,Not Raining,Daylight,Right Angle,Roundabout
2018-5480-15/08/2019,2,1,Driver,Female,041,Driver,Not Thrown Out,Treated at Hospital,Fitted - Worn,Motor Cars - Sedan,Full,Stopped on Carriageway,1.0,2 Metropolitan,2,1,Wednesday,08:45 am,60,Cross Road,"CURVED, VIEW OPEN",Level,Dry,Not Raining,Daylight,Rear End,Traffic Signals
2018-5481-15/08/2019,1,1,Driver,Female,026,Driver,Not Thrown Out,By Private,Fitted - Worn,Station Wagon,Full,Stopped on Carriageway,2.0,2 Metropolitan,2,1,Wednesday,09:00 am,50,Not Divided,Straight road,Level,Dry,Not Raining,Daylight,Rear End,No Control
2018-5487-15/08/2019,1,1,Driver,Female,051,Driver,Not Thrown Out,By Private,Fitted - Worn,Motor Cars - Sedan,Full,Stopped on Carriageway,2.0,2 Metropolitan,2,1,Wednesday,08:00 am,60,Cross Road,Straight road,Level,Dry,Not Raining,Daylight,Rear End,Traffic Signals
2018-5488-15/08/2019,1,1,Driver,Female,080,Driver,Not Thrown Out,Treated at Hospital,Fitted - Unknown if Worn,Motor Cars - Sedan,Full,Straight Ahead,1.0,2 Metropolitan,2,1,Wednesday,01:35 am,40,Not Divided,Straight road,Level,Dry,Not Raining,Night,Hit Fixed Object,No Control
2018-5490-15/08/2019,2,1,Rider,Female,018,,,Treated at Hospital,,Pedal Cycle,,Straight Ahead,1.0,2 Metropolitan,2,1,Wednesday,12:10 pm,60,Cross Road,Straight road,Level,Dry,Not Raining,Daylight,Right Angle,Roundabout
2018-5496-15/08/2019,1,1,Driver,Female,032,Driver,Not Thrown Out,By Private,Fitted - Worn,Motor Cars - Sedan,Full,Stopped on Carriageway,2.0,2 Metropolitan,2,1,Wednesday,09:35 pm,60,Cross Road,Straight road,Level,Dry,Not Raining,Night,Rear End,Traffic Signals
2018-5497-15/08/2019,2,1,Driver,Female,052,Driver,Not Thrown Out,Treated at Hospital,Fitted - Worn,Motor Cars - Sedan,Full,Stopped on Carriageway,1.0,2 Metropolitan,3,1,Wednesday,03:24 pm,80,Divided Road,Straight road,Level,Dry,Not Raining,Daylight,Rear End,No Control
2018-5498-15/08/2019,1,1,Rider,Male,034,Rider of Motorcycle,Thrown Out,Admitted to Hospital,,Motor Cycle,Full,Straight Ahead,1.0,3 Country,1,1,Wednesday,04:00 pm,100,Not Divided,Straight road,Bottom of Hill,Dry,Not Raining,Daylight,Roll Over,No Control
2018-5503-15/08/2019,2,1,Rider,Male,023,Rider of Motorcycle,Thrown Out,Treated at Hospital,,Motor Cycle,Provisional 2,Swerving,1.0,2 Metropolitan,2,1,Wednesday,05:19 pm,80,Divided Road,Straight road,Level,Dry,Not Raining,Night,Rear End,No Control
2018-5504-15/08/2019,2,1,Passenger,Female,055,Front Seat Left Passenger,Not Thrown Out,By Private,Fitted - Worn,Utility,Full,Straight Ahead,2.0,2 Metropolitan,3,1,Wednesday,05:29 pm,60,Divided Road,Straight road,Slope,Dry,Not Raining,Night,Rear End,No Control
2018-5508-15/08/2019,1,1,Pedestrian,Female,035,,,By Private,,Pedestrian on Road,,Crossing without Control,,2 Metropolitan,2,1,Wednesday,05:30 pm,60,T-Junction,Straight road,Level,Dry,Not Raining,Night,Hit Pedestrian,No Control
2018-5509-15/08/2019,1,1,Driver,Female,041,Driver,Not Thrown Out,Treated at Hospital,Fitted - Worn,Utility,Full,Straight Ahead,1.0,2 Metropolitan,2,1,Wednesday,05:25 pm,80,Not Divided,Straight road,Level,Dry,Not Raining,Night,Hit Fixed Object,No Control
2018-5510-15/08/2019,1,1,Driver,Female,057,Driver,Not Thrown Out,Treated at Hospital,Fitted - Worn,Station Wagon,Full,Straight Ahead,1.0,3 Country,3,1,Wednesday,06:20 pm,50,Not Divided,Straight road,Level,Dry,Not Raining,Night,Hit Parked Vehicle,No Control
2018-5512-15/08/2019,2,1,Driver,Male,034,Driver,Not Thrown Out,Treated at Hospital,Fitted - Worn,Motor Cars - Sedan,Full,Stopped on Carriageway,1.0,2 Metropolitan,3,1,Wednesday,05:40 pm,100,Ramp On,Straight road,Slope,Dry,Not Raining,Night,Rear End,No Control
2018-5513-15/08/2019,1,1,Driver,Male,088,Driver,Not Thrown Out,Admitted to Hospital,Fitted - Worn,Motor Cars - Sedan,Full,Straight Ahead,1.0,3 Country,2,2,Wednesday,06:00 pm,110,Not Divided,Straight road,Level,Dry,Not Raining,Night,Head On,No Control
2018-5513-15/08/2019,2,1,Driver,Female,052,Driver,Not Thrown Out,Treated at Hospital,Fitted - Worn,Motor Cars - Sedan,Full,Straight Ahead,1.0,3 Country,2,2,Wednesday,06:00 pm,110,Not Divided,Straight road,Level,Dry,Not Raining,Night,Head On,No Control
2018-5516-15/08/2019,1,1,Driver,Male,032,Driver,Not Thrown Out,Treated at Hospital,Fitted - Unknown if Worn,Motor Cars - Sedan,Full,Straight Ahead,1.0,2 Metropolitan,2,1,Wednesday,08:58 pm,60,Divided Road,Straight road,Level,Dry,Not Raining,Night,Hit Fixed Object,No Control
2018-5518-15/08/2019,3,1,Driver,Female,036,Driver,Not Thrown Out,By Private,Fitted - Worn,Motor Cars - Sedan,Full,Stopped on Carriageway,1.0,2 Metropolitan,3,1,Thursday,07:30 am,60,Divided Road,Straight road,Slope,Dry,Not Raining,Daylight,Rear End,No Control
2018-5520-15/08/2019,1,1,Driver,Male,028,Driver,Not Thrown Out,Treated at Hospital,Fitted - Worn,Motor Cars - Sedan,Full,Stopped on Carriageway,1.0,2 Metropolitan,2,1,Thursday,09:01 am,50,Cross Road,Straight road,Level,Dry,Not Raining,Daylight,Rear End,Stop Sign
2018-5521-15/08/2019,1,1,Driver,Female,051,Driver,Not Thrown Out,By Private,Fitted - Worn,Motor Cars - Sedan,Full,Right Turn,1.0,2 Metropolitan,2,1,Thursday,08:30 am,60,T-Junction,Straight road,Level,Wet,Not Raining,Daylight,Right Angle,No Control
2018-5524-15/08/2019,2,1,Pedestrian,Male,019,,,By Private,,Pedestrian on Road,,Crossing with Traffic Signals,,1 City,2,1,Thursday,08:55 am,50,T-Junction,Straight road,Level,Dry,Not Raining,Daylight,Hit Pedestrian,Traffic Signals
2018-5525-15/08/2019,1,1,Driver,Male,045,Driver,Not Thrown Out,Treated at Hospital,Fitted - Worn,Utility,Full,Stopped on Carriageway,1.0,2 Metropolitan,2,1,Thursday,08:50 am,50,Not Divided,Straight road,Slope,Dry,Not Raining,Daylight,Rear End,No Control
2018-5529-15/08/2019,2,1,Driver,Female,048,Driver,Not Thrown Out,By Private,Fitted - Worn,Station Wagon,Full,Straight Ahead,1.0,2 Metropolitan,2,1,Monday,10:15 am,60,Divided Road,Straight road,Slope,Dry,Not Raining,Daylight,Rear End,No Control
2018-5530-15/08/2019,1,1,Driver,Female,036,Driver,Not Thrown Out,By Private,Fitted - Worn,Motor Cars - Sedan,Full,Stopped on Carriageway,1.0,2 Metropolitan,2,1,Thursday,06:55 am,60,Divided Road,Straight road,Level,Wet,Not Raining,Night,Rear End,No Control
2018-5538-15/08/2019,1,1,Driver,Female,024,Driver,Not Thrown Out,By Private,Fitted - Worn,Motor Cars - Sedan,Full,Stopped on Carriageway,1.0,2 Metropolitan,2,1,Friday,07:50 am,60,Pedestrian Crossing,Straight road,Level,Dry,Not Raining,Daylight,Rear End,Traffic Signals
2018-5540-15/08/2019,2,1,Rider,Male,022,Rider of Motorcycle,Thrown Out,Treated at Hospital,,Motor Cycle,Learners,Straight Ahead,1.0,2 Metropolitan,2,1,Wednesday,07:00 pm,50,Cross Road,Straight road,Level,Wet,Raining,Night,Right Angle,Give Way Sign
2018-5541-15/08/2019,1,1,Rider,Male,041,,Thrown Out,Fatal,,Pedal Cycle,,Straight Ahead,1.0,3 Country,1,1,Wednesday,11:04 pm,10,Other,"CURVED, VIEW OPEN",Bottom of Hill,Dry,Not Raining,Night,Roll Over,No Control
2018-5544-15/08/2019,1,1,Driver,Female,057,Driver,Not Thrown Out,By Private,Fitted - Worn,Station Wagon,Full,Left Turn,1.0,2 Metropolitan,2,1,Thursday,07:45 am,60,T-Junction,Straight road,Level,Dry,Not Raining,Daylight,Rear End,No Control
2018-5545-15/08/2019,2,1,Driver,Female,047,Driver,Not Thrown Out,Treated at Hospital,Fitted - Unknown if Worn,Motor Cars - Sedan,Full,Right Turn,1.0,2 Metropolitan,2,1,Thursday,08:15 am,60,Cross Road,Straight road,Level,Dry,Not Raining,Daylight,Right Turn,Traffic Signals
2018-5547-15/08/2019,1,1,Driver,Male,054,Driver,Not Thrown Out,By Private,Fitted - Worn,Station Wagon,Full,Straight Ahead,1.0,2 Metropolitan,2,1,Thursday,10:30 am,60,T-Junction,Straight road,Level,Dry,Not Raining,Daylight,Right Angle,No Control
2018-5551-15/08/2019,1,1,Driver,Male,065,Driver,Not Thrown Out,By Private,Fitted - Worn,Motor Cars - Sedan,Full,Stopped on Carriageway,1.0,2 Metropolitan,2,1,Wednesday,05:55 pm,60,Not Divided,Straight road,Slope,Dry,Not Raining,Night,Rear End,No Control
2018-5553-15/08/2019,1,1,Driver,Female,033,Driver,Not Thrown Out,Treated at Hospital,Fitted - Worn,Motor Cars - Sedan,Full,Stopped on Carriageway,1.0,2 Metropolitan,2,1,Thursday,03:45 pm,50,Not Divided,Straight road,Slope,Dry,Not Raining,Daylight,Rear End,No Control
2018-5555-15/08/2019,1,1,Rider,Male,022,Rider of Motorcycle,Thrown Out,Treated at Hospital,,Motor Cycle,Full,Straight Ahead,1.0,2 Metropolitan,2,1,Thursday,05:30 pm,60,Divided Road,Straight road,Level,Dry,Not Raining,Night,Hit Fixed Object,No Control
2018-5558-15/08/2019,1,1,Passenger,Male,009,Front Seat Left Passenger,Not Thrown Out,By Private,Fitted - Worn,Motor Cars - Sedan,Full,Stopped on Carriageway,3.0,2 Metropolitan,2,2,Thursday,06:00 pm,60,Not Divided,Straight road,Level,Dry,Not Raining,Night,Rear End,No Control
2018-5558-15/08/2019,1,2,Passenger,Male,011,Rear Seat Middle Passenger,Not Thrown Out,By Private,Fitted - Worn,Motor Cars - Sedan,Full,Stopped on Carriageway,3.0,2 Metropolitan,2,2,Thursday,06:00 pm,60,Not Divided,Straight road,Level,Dry,Not Raining,Night,Rear End,No Control
2018-5562-15/08/2019,1,1,Driver,Male,035,Driver,Not Thrown Out,Treated at Hospital,Fitted - Worn,Utility,Full,Straight Ahead,2.0,3 Country,1,1,Wednesday,03:00 pm,100,Not Divided,Straight road,Level,Dry,Not Raining,Daylight,Roll Over,No Control
2018-5566-15/08/2019,2,1,Driver,Female,067,Driver,Not Thrown Out,Treated at Hospital,Fitted - Worn,Motor Cars - Sedan,Full,Right Turn,1.0,2 Metropolitan,2,1,Friday,07:16 am,60,T-Junction,"CURVED, VIEW OPEN",Level,Dry,Not Raining,Daylight,Right Angle,Give Way Sign
2018-5569-15/08/2019,1,1,Driver,Male,062,Driver,Not Thrown Out,Treated at Hospital,Fitted - Worn,SEMI TRAILER,Full,Straight Ahead,1.0,3 Country,1,1,Thursday,01:00 pm,100,Not Divided,"CURVED, VIEW OPEN",Level,Dry,Not Raining,Daylight,Roll Over,No Control
2018-5576-15/08/2019,1,1,Driver,Female,041,Driver,Not Thrown Out,By Private,Fitted - Worn,Motor Cars - Sedan,Full,Right Turn,1.0,2 Metropolitan,2,1,Friday,05:50 am,60,Cross Road,"CURVED, VIEW OPEN",Level,Dry,Not Raining,Night,Right Angle,Roundabout
2018-5585-15/08/2019,2,1,Passenger,Female,086,Front Seat Left Passenger,Not Thrown Out,Treated at Hospital,Fitted - Worn,Forward Control Passenger Van,Full,U Turn,2.0,2 Metropolitan,2,1,Friday,03:55 pm,60,Not Divided,Straight road,Level,Dry,Not Raining,Daylight,Side Swipe,No Control
2018-5587-15/08/2019,1,1,Passenger,Female,030,Front Seat Left Passenger,Not Thrown Out,By Private,Fitted - Worn,Motor Cars - Sedan,Full,Stopped on Carriageway,3.0,2 Metropolitan,2,1,Saturday,05:40 pm,60,Divided Road,Straight road,Level,Dry,Not Raining,Night,Rear End,No Control
2018-5595-15/08/2019,1,1,Driver,Female,048,Driver,Not Thrown Out,Treated at Hospital,Fitted - Worn,Station Wagon,Full,Stopped on Carriageway,2.0,2 Metropolitan,2,2,Friday,04:00 pm,60,Cross Road,Straight road,Level,Dry,Not Raining,Daylight,Rear End,Traffic Signals
2018-5595-15/08/2019,1,2,Passenger,Female,014,Front Seat Left Passenger,Not Thrown Out,Treated at Hospital,Fitted - Worn,Station Wagon,Full,Stopped on Carriageway,2.0,2 Metropolitan,2,2,Friday,04:00 pm,60,Cross Road,Straight road,Level,Dry,Not Raining,Daylight,Rear End,Traffic Signals
2018-5597-15/08/2019,1,1,Driver,Male,081,Driver,Not Thrown Out,Treated at Hospital,Fitted - Worn,Motor Cars - Sedan,Full,Straight Ahead,2.0,2 Metropolitan,2,1,Friday,07:30 pm,60,Not Divided,Straight road,Slope,Dry,Not Raining,Night,Hit Parked Vehicle,No Control
2018-5598-15/08/2019,1,1,Rider,Male,045,,Thrown Out,Admitted to Hospital,,Pedal Cycle,,Straight Ahead,1.0,2 Metropolitan,2,1,Friday,04:30 pm,60,T-Junction,Straight road,Level,Dry,Not Raining,Daylight,Right Turn,No Control
2018-5604-15/08/2019,2,1,Driver,Male,024,Driver,Not Thrown Out,Treated at Hospital,Fitted - Worn,Utility,Full,Straight Ahead,1.0,2 Metropolitan,2,1,Saturday,02:00 am,60,Cross Road,Straight road,Level,Dry,Not Raining,Night,Rear End,Traffic Signals
2018-5605-15/08/2019,1,1,Passenger,Male,026,Front Seat Left Passenger,Not Thrown Out,Treated at Hospital,Fitted - Unknown if Worn,Motor Cars - Sedan,Unlicenced,Straight Ahead,2.0,1 City,4,1,Saturday,02:15 am,50,Not Divided,Straight road,Slope,Dry,Not Raining,Night,Hit Parked Vehicle,No Control
2018-5607-15/08/2019,1,1,Driver,Male,046,Driver,Not Thrown Out,Treated at Hospital,Fitted - Worn,Station Wagon,Full,Straight Ahead,1.0,2 Metropolitan,3,1,Saturday,07:05 am,60,Divided Road,Straight road,Level,Dry,Not Raining,Night,Hit Fixed Object,No Control
2018-5608-15/08/2019,1,1,Rider,Male,054,,Thrown Out,Treated at Hospital,,Pedal Cycle,,Right Turn,1.0,2 Metropolitan,1,1,Saturday,07:59 am,60,Cross Road,Straight road,Level,Dry,Not Raining,Daylight,Roll Over,Roundabout
2018-5611-15/08/2019,1,1,Driver,Male,031,Driver,Not Thrown Out,By Private,Fitted - Worn,Motor Cars - Sedan,Full,Straight Ahead,1.0,2 Metropolitan,3,1,Friday,05:30 pm,60,T-Junction,Straight road,Level,Dry,Not Raining,Night,Right Angle,No Control
2018-5613-15/08/2019,1,1,Driver,Female,057,Driver,Not Thrown Out,By Private,Fitted - Worn,Station Wagon,Full,Stopped on Carriageway,1.0,2 Metropolitan,2,1,Wednesday,07:30 am,60,Divided Road,Straight road,Level,Dry,Not Raining,Daylight,Rear End,No Control
2018-5615-15/08/2019,1,1,Driver,Male,017,Driver,Not Thrown Out,Treated at Hospital,Fitted - Worn,Utility,Learners,Straight Ahead,2.0,3 Country,1,2,Saturday,07:20 am,100,T-Junction,"CURVED, VIEW OPEN",Level,Dry,Not Raining,Daylight,Roll Over,No Control
2018-5615-15/08/2019,1,2,Passenger,Male,050,Front Seat Left Passenger,Not Thrown Out,Fatal,Fitted - Worn,Utility,Learners,Straight Ahead,2.0,3 Country,1,2,Saturday,07:20 am,100,T-Junction,"CURVED, VIEW OPEN",Level,Dry,Not Raining,Daylight,Roll Over,No Control
2018-5627-15/08/2019,1,1,Passenger,Female,021,Front Seat Left Passenger,Not Thrown Out,Treated at Hospital,Fitted - Worn,Motor Cars - Sedan,Provisional 2,Straight Ahead,2.0,2 Metropolitan,2,1,Saturday,05:10 pm,60,T-Junction,Straight road,Level,Dry,Not Raining,Daylight,Right Turn,Traffic Signals
2018-5639-15/08/2019,2,1,Driver,Male,037,Driver,Not Thrown Out,Treated at Hospital,Fitted - Worn,Motor Cars - Sedan,Full,Straight Ahead,1.0,3 Country,3,2,Saturday,01:45 pm,100,Not Divided,Straight road,Level,Dry,Not Raining,Daylight,Head On,No Control
2018-5639-15/08/2019,3,1,Driver,Female,029,Driver,Not Thrown Out,Treated at Hospital,Fitted - Worn,Station Wagon,Full,Straight Ahead,3.0,3 Country,3,2,Saturday,01:45 pm,100,Not Divided,Straight road,Level,Dry,Not Raining,Daylight,Head On,No Control
2018-5641-15/08/2019,1,1,Rider,Female,046,,Thrown Out,Treated at Hospital,,Pedal Cycle,,Stopped on Carriageway,1.0,2 Metropolitan,2,1,Sunday,09:21 am,60,Divided Road,"CURVED, VIEW OPEN",Level,Dry,Not Raining,Daylight,Rear End,No Control
2018-5645-15/08/2019,1,1,Driver,Female,084,Driver,Not Thrown Out,Treated at Hospital,Fitted - Worn,Motor Cars - Sedan,Full,Straight Ahead,1.0,2 Metropolitan,2,1,Sunday,11:12 am,60,T-Junction,Straight road,Level,Dry,Not Raining,Daylight,Right Angle,Stop Sign
2018-5648-15/08/2019,1,1,Driver,Male,021,Driver,Not Thrown Out,Treated at Hospital,Fitted - Worn,Utility,Full,Swerving,1.0,3 Country,1,1,Sunday,12:24 pm,110,Not Divided,Straight road,Level,Dry,Not Raining,Daylight,Left Road - Out of Control,No Control
2018-5649-15/08/2019,2,1,Rider,Male,077,,Thrown Out,Treated at Hospital,,Pedal Cycle,,Straight Ahead,1.0,2 Metropolitan,2,1,Sunday,03:00 pm,50,Cross Road,Straight road,Level,Dry,Not Raining,Daylight,Right Angle,Give Way Sign
2018-5650-15/08/2019,1,1,Rider,Male,046,Rider of Motorcycle,Thrown Out,Treated at Hospital,,Motor Cycle,Full,Straight Ahead,1.0,3 Country,1,1,Sunday,03:05 pm,100,Not Divided,"CURVED, VIEW OPEN",Level,Dry,Not Raining,Daylight,Roll Over,No Control
2018-5651-15/08/2019,3,1,Passenger,Male,001,Rear Seat Middle Passenger,Not Thrown Out,Treated at Hospital,Child Restraint - Worn,Station Wagon,Full,Straight Ahead,2.0,2 Metropolitan,3,1,Sunday,03:42 pm,60,Not Divided,"CURVED, VIEW OBSCURED",Slope,Dry,Not Raining,Daylight,Rear End,No Control
2018-5654-15/08/2019,2,1,Driver,Male,029,Driver,Not Thrown Out,Treated at Hospital,Fitted - Worn,Motor Cars - Sedan,Full,Right Turn,2.0,2 Metropolitan,2,2,Sunday,03:57 pm,60,Cross Road,Straight road,Slope,Dry,Not Raining,Daylight,Right Turn,Traffic Signals
2018-5654-15/08/2019,2,2,Passenger,Female,033,Front Seat Left Passenger,Not Thrown Out,Treated at Hospital,Fitted - Worn,Motor Cars - Sedan,Full,Right Turn,2.0,2 Metropolitan,2,2,Sunday,03:57 pm,60,Cross Road,Straight road,Slope,Dry,Not Raining,Daylight,Right Turn,Traffic Signals
2018-5657-15/08/2019,1,1,Driver,Male,059,Driver,Not Thrown Out,Admitted to Hospital,Fitted - Worn,Station Wagon,Full,Straight Ahead,2.0,2 Metropolitan,6,5,Sunday,01:51 pm,50,Not Divided,Straight road,Slope,Dry,Not Raining,Daylight,Hit Parked Vehicle,No Control
2018-5657-15/08/2019,1,2,Passenger,Male,031,Front Seat Left Passenger,Not Thrown Out,Treated at Hospital,Fitted - Worn,Station Wagon,Full,Straight Ahead,2.0,2 Metropolitan,6,5,Sunday,01:51 pm,50,Not Divided,Straight road,Slope,Dry,Not Raining,Daylight,Hit Parked Vehicle,No Control
2018-5657-15/08/2019,2,1,Driver,Female,065,Driver,Not Thrown Out,Admitted to Hospital,Fitted - Unknown if Worn,Motor Cars - Sedan,Full,Parked,2.0,2 Metropolitan,6,5,Sunday,01:51 pm,50,Not Divided,Straight road,Slope,Dry,Not Raining,Daylight,Hit Parked Vehicle,No Control
2018-5657-15/08/2019,3,1,Pedestrian,Female,041,,,Treated at Hospital,,Pedestrian on Road,,Alighted from Parked Vehicle,,2 Metropolitan,6,5,Sunday,01:51 pm,50,Not Divided,Straight road,Slope,Dry,Not Raining,Daylight,Hit Parked Vehicle,No Control
2018-5657-15/08/2019,4,1,Pedestrian,Male,011,,,Admitted to Hospital,,Pedestrian on Road,,Alighted from Parked Vehicle,,2 Metropolitan,6,5,Sunday,01:51 pm,50,Not Divided,Straight road,Slope,Dry,Not Raining,Daylight,Hit Parked Vehicle,No Control
2018-5660-15/08/2019,2,1,Rider,Female,057,,,Treated at Hospital,,Pedal Cycle,,Straight Ahead,1.0,2 Metropolitan,2,1,Monday,07:35 am,60,Cross Road,Straight road,Level,Dry,Unknown,Daylight,Right Angle,Give Way Sign