REPORT_ID,UND_UNIT_NUMBER,CASUALTY_NUMBER,Casualty Type,Sex_x,AGE,Position In Veh,Thrown Out,Injury Extent,Seat Belt,Unit Type,Licence Type,Unit Movement,Number Occupants,Stats Area,Total Units,Total Cas,Day,Time,Area Speed,Position Type,Horizontal Align,Vertical Align,Moisture Cond,Weather Cond,DayNight,Crash Type,Traffic Ctrls
2018-5661-15/08/2019,2,1,Rider,Male,053,,,Treated at Hospital,,Pedal Cycle,,Straight Ahead,1.0,1 City,2,1,Monday,07:25 am,50,T-Junction,Straight road,Level,Dry,Not Raining,Daylight,Right Angle,Give Way Sign
2018-5662-15/08/2019,1,1,Driver,Male,XXX,Driver,Not Thrown Out,By Private,Fitted - Worn,Panel Van,Full,Stopped on Carriageway,1.0,2 Metropolitan,2,1,Monday,07:54 am,60,T-Junction,Straight road,Level,Dry,Not Raining,Daylight,Rear End,Traffic Signals
2018-5664-15/08/2019,2,1,Driver,Male,040,Driver,Not Thrown Out,By Private,Fitted - Worn,Panel Van,Full,Stopped on Carriageway,1.0,2 Metropolitan,2,1,Sunday,10:00 am,60,Cross Road,Straight road,Level,Dry,Not Raining,Daylight,Rear End,Traffic Signals
2018-5668-15/08/2019,1,1,Driver,Female,038,Driver,Not Thrown Out,By Private,Fitted - Worn,Station Wagon,Full,Stopped on Carriageway,4.0,2 Metropolitan,2,1,Friday,08:40 am,60,T-Junction,Straight road,Level,Dry,Not Raining,Daylight,Rear End,Traffic Signals
2018-5670-15/08/2019,2,1,Passenger,Female,054,Front Seat Left Passenger,Not Thrown Out,Treated at Hospital,Fitted - Worn,Station Wagon,Full,Stopped on Carriageway,2.0,2 Metropolitan,3,1,Sunday,01:10 pm,60,Cross Road,Straight road,Level,Dry,Not Raining,Daylight,Rear End,Traffic Signals
2018-5671-15/08/2019,1,1,Driver,Male,074,Driver,Not Thrown Out,By Private,Fitted - Worn,Utility,Full,Straight Ahead,2.0,2 Metropolitan,2,2,Sunday,02:30 pm,50,Not Divided,Straight road,Level,Dry,Not Raining,Daylight,Rear End,No Control
2018-5671-15/08/2019,2,1,Driver,Female,039,Driver,Not Thrown Out,Treated at Hospital,Fitted - Worn,Station Wagon,Full,Straight Ahead,2.0,2 Metropolitan,2,2,Sunday,02:30 pm,50,Not Divided,Straight road,Level,Dry,Not Raining,Daylight,Rear End,No Control
2018-5677-15/08/2019,2,1,Rider,Male,018,,,Treated at Hospital,,Pedal Cycle,,Straight Ahead,1.0,2 Metropolitan,2,1,Monday,08:45 am,60,T-Junction,"CURVED, VIEW OPEN",Slope,Dry,Not Raining,Daylight,Right Turn,No Control
2018-5678-15/08/2019,1,1,Driver,Male,042,Driver,Not Thrown Out,Treated at Hospital,Fitted - Worn,Motor Cars - Sedan,Full,Left Turn,1.0,2 Metropolitan,2,1,Monday,11:01 am,60,Cross Road,Straight road,Level,Dry,Not Raining,Daylight,Hit Fixed Object,Traffic Signals
2018-5682-15/08/2019,1,1,Driver,Female,033,Driver,Not Thrown Out,Treated at Hospital,Fitted - Worn,Motor Cars - Sedan,Full,Straight Ahead,1.0,2 Metropolitan,5,2,Monday,02:18 pm,40,Divided Road,Straight road,Level,Dry,Not Raining,Daylight,Hit Parked Vehicle,No Control
2018-5682-15/08/2019,3,1,Pedestrian,Male,XXX,,,By Private,,Pedestrian on Footpath/Carpark,,Walking on Footpath,,2 Metropolitan,5,2,Monday,02:18 pm,40,Divided Road,Straight road,Level,Dry,Not Raining,Daylight,Hit Parked Vehicle,No Control
2018-5687-15/08/2019,1,1,Driver,Male,059,Driver,Not Thrown Out,Treated at Hospital,Fitted - Worn,Motor Cars - Sedan,Full,Stopped on Carriageway,1.0,2 Metropolitan,2,1,Monday,04:15 pm,60,Cross Road,Straight road,Level,Dry,Not Raining,Daylight,Right Angle,Traffic Signals
2018-5690-15/08/2019,2,1,Driver,Male,046,Driver,Not Thrown Out,Treated at Hospital,Fitted - Worn,Motor Cars - Sedan,Full,Straight Ahead,1.0,2 Metropolitan,2,1,Monday,05:45 pm,60,Not Divided,Straight road,Level,Dry,Not Raining,Night,Right Turn,No Control
2018-5693-15/08/2019,1,1,Driver,Male,038,Driver,Not Thrown Out,Admitted to Hospital,Fitted - Unknown if Worn,Utility,Full,Swerving,3.0,2 Metropolitan,2,3,Monday,08:19 pm,100,Freeway,"CURVED, VIEW OPEN",Level,Dry,Not Raining,Night,Side Swipe,No Control
2018-5693-15/08/2019,1,2,Passenger,Female,037,Front Seat Left Passenger,Not Thrown Out,Treated at Hospital,Fitted - Unknown if Worn,Utility,Full,Swerving,3.0,2 Metropolitan,2,3,Monday,08:19 pm,100,Freeway,"CURVED, VIEW OPEN",Level,Dry,Not Raining,Night,Side Swipe,No Control
2018-5693-15/08/2019,1,3,Passenger,Female,001,Rear Seat Left Passenger,Not Thrown Out,Treated at Hospital,Fitted - Worn,Utility,Full,Swerving,3.0,2 Metropolitan,2,3,Monday,08:19 pm,100,Freeway,"CURVED, VIEW OPEN",Level,Dry,Not Raining,Night,Side Swipe,No Control
2018-5703-15/08/2019,1,1,Driver,Female,023,Driver,Not Thrown Out,Treated at Hospital,Fitted - Worn,Motor Cars - Sedan,Full,Stopped on Carriageway,1.0,2 Metropolitan,3,2,Tuesday,08:15 am,60,Pedestrian Crossing,Straight road,Level,Dry,Not Raining,Daylight,Rear End,Traffic Signals
2018-5703-15/08/2019,3,1,Driver,Male,021,Driver,Not Thrown Out,By Private,Fitted - Worn,Motor Cars - Sedan,Full,Stopped on Carriageway,1.0,2 Metropolitan,3,2,Tuesday,08:15 am,60,Pedestrian Crossing,Straight road,Level,Dry,Not Raining,Daylight,Rear End,Traffic Signals
2018-5707-15/08/2019,1,1,Driver,Male,048,Driver,Not Thrown Out,Admitted to Hospital,Fitted - Worn,Utility,Full,Straight Ahead,1.0,2 Metropolitan,3,2,Monday,09:40 am,110,Freeway,Straight road,Slope,Dry,Not Raining,Daylight,Head On,No Control
2018-5707-15/08/2019,2,1,Driver,Female,047,Driver,Not Thrown Out,Admitted to Hospital,Fitted - Worn,Motor Cars - Sedan,Full,Straight Ahead,1.0,2 Metropolitan,3,2,Monday,09:40 am,110,Freeway,Straight road,Slope,Dry,Not Raining,Daylight,Head On,No Control
2018-5709-15/08/2019,1,1,Driver,Female,041,Driver,Not Thrown Out,By Private,Fitted - Worn,Motor Cars - Sedan,Full,Stopped on Carriageway,1.0,2 Metropolitan,2,1,Monday,03:55 pm,60,Divided Road,Straight road,Level,Dry,Not Raining,Daylight,Rear End,No Control
2018-5710-15/08/2019,1,1,Rider,Male,069,Rider of Motorcycle,Thrown Out,Treated at Hospital,,Motor Cycle,Full,Left Turn,1.0,2 Metropolitan,1,1,Tuesday,10:30 am,60,T-Junction,Straight road,Slope,Dry,Not Raining,Daylight,Roll Over,Traffic Signals
2018-5713-15/08/2019,1,1,Driver,Female,055,Driver,Not Thrown Out,By Private,Fitted - Worn,Station Wagon,Full,Straight Ahead,1.0,2 Metropolitan,2,1,Tuesday,01:30 pm,70,Divided Road,Straight road,Slope,Dry,Not Raining,Daylight,Side Swipe,No Control
2018-5716-15/08/2019,1,1,Driver,Male,038,Driver,Not Thrown Out,By Private,Fitted - Unknown if Worn,Utility,Unknown,Straight Ahead,2.0,3 Country,1,1,Monday,10:00 am,100,Divided Road,Straight road,Level,Unknown,Not Raining,Daylight,Roll Over,No Control
2018-5720-15/08/2019,1,1,Driver,Female,018,Driver,Not Thrown Out,Treated at Hospital,Fitted - Worn,Motor Cars - Sedan,Full,Left Turn,1.0,3 Country,2,1,Tuesday,04:40 pm,110,T-Junction,Straight road,Level,Dry,Not Raining,Daylight,Rear End,No Control
2018-5722-15/08/2019,2,1,Rider,Male,042,,Thrown Out,Treated at Hospital,,Pedal Cycle,,Straight Ahead,1.0,2 Metropolitan,2,1,Tuesday,04:26 pm,60,Divided Road,Straight road,Level,Dry,Not Raining,Daylight,Side Swipe,No Control
2018-5723-15/08/2019,1,1,Driver,Female,020,Driver,Not Thrown Out,By Private,Fitted - Unknown if Worn,Motor Cars - Sedan,Full,Straight Ahead,1.0,2 Metropolitan,2,1,Tuesday,04:40 pm,60,T-Junction,Straight road,Level,Dry,Not Raining,Daylight,Right Angle,No Control
2018-5724-15/08/2019,4,1,Driver,Female,075,Driver,Not Thrown Out,Treated at Hospital,Fitted - Worn,Motor Cars - Sedan,Full,Straight Ahead,1.0,2 Metropolitan,5,2,Tuesday,06:43 pm,60,T-Junction,Straight road,Slope,Dry,Not Raining,Night,Rear End,No Control
2018-5724-15/08/2019,5,1,Driver,Female,018,Driver,Not Thrown Out,Treated at Hospital,Fitted - Worn,Motor Cars - Sedan,Provisional 2,Stopped on Carriageway,2.0,2 Metropolitan,5,2,Tuesday,06:43 pm,60,T-Junction,Straight road,Slope,Dry,Not Raining,Night,Rear End,No Control
2018-5725-15/08/2019,1,1,Driver,Male,037,Driver,Not Thrown Out,Admitted to Hospital,Fitted - Worn,Station Wagon,Full,Overtaking - on Right,2.0,3 Country,1,2,Tuesday,01:19 pm,110,Not Divided,Straight road,Level,Dry,Not Raining,Daylight,Roll Over,No Control
2018-5725-15/08/2019,1,2,Passenger,Male,032,Front Seat Left Passenger,Thrown Out,Fatal,Fitted - Worn,Station Wagon,Full,Overtaking - on Right,2.0,3 Country,1,2,Tuesday,01:19 pm,110,Not Divided,Straight road,Level,Dry,Not Raining,Daylight,Roll Over,No Control
2018-5726-15/08/2019,2,1,Pedestrian,Male,053,,,Treated at Hospital,,Pedestrian on Road,,Crossing without Control,,2 Metropolitan,2,1,Tuesday,05:48 pm,50,T-Junction,Straight road,Level,Dry,Not Raining,Night,Hit Pedestrian,No Control
2018-5730-15/08/2019,2,1,Rider,Male,039,,Thrown Out,Treated at Hospital,,Pedal Cycle,,Straight Ahead,1.0,2 Metropolitan,2,1,Wednesday,08:10 am,50,Cross Road,Straight road,Level,Dry,Not Raining,Daylight,Right Angle,Roundabout
2018-5733-15/08/2019,1,1,Driver,Male,059,Driver,Not Thrown Out,By Private,Fitted - Worn,Utility,Full,Straight Ahead,1.0,3 Country,1,1,Tuesday,03:15 pm,100,Not Divided,"CURVED, VIEW OBSCURED",Slope,Dry,Not Raining,Daylight,Roll Over,No Control
2018-5740-15/08/2019,1,1,Driver,Female,047,Driver,Not Thrown Out,By Private,Fitted - Worn,Motor Cars - Sedan,Full,Stopped on Carriageway,2.0,2 Metropolitan,2,1,Tuesday,06:45 pm,60,Cross Road,Straight road,Slope,Dry,Not Raining,Night,Rear End,Roundabout
2018-5741-15/08/2019,2,1,Rider,Male,027,Rider of Motorcycle,Thrown Out,Treated at Hospital,,Motor Cycle,Full,Straight Ahead,1.0,2 Metropolitan,2,1,Wednesday,07:10 am,60,Cross Road,Straight road,Slope,Dry,Not Raining,Night,Right Angle,Traffic Signals
2018-5744-15/08/2019,2,1,Driver,Female,026,Driver,Not Thrown Out,Treated at Hospital,Fitted - Worn,Motor Cars - Sedan,Full,Stopped on Carriageway,3.0,2 Metropolitan,5,3,Wednesday,09:20 am,60,Divided Road,Straight road,Level,Dry,Not Raining,Daylight,Rear End,No Control
2018-5744-15/08/2019,2,2,Passenger,Male,053,Rear Seat Right Passenger,Not Thrown Out,Treated at Hospital,Fitted - Worn,Motor Cars - Sedan,Full,Stopped on Carriageway,3.0,2 Metropolitan,5,3,Wednesday,09:20 am,60,Divided Road,Straight road,Level,Dry,Not Raining,Daylight,Rear End,No Control
2018-5744-15/08/2019,2,3,Passenger,Female,055,Front Seat Left Passenger,Not Thrown Out,Treated at Hospital,Fitted - Worn,Motor Cars - Sedan,Full,Stopped on Carriageway,3.0,2 Metropolitan,5,3,Wednesday,09:20 am,60,Divided Road,Straight road,Level,Dry,Not Raining,Daylight,Rear End,No Control
2018-5747-15/08/2019,1,1,Driver,Male,048,Driver,Not Thrown Out,Treated at Hospital,Fitted - Worn,Motor Cars - Sedan,Unlicenced,Straight Ahead,1.0,2 Metropolitan,3,1,Tuesday,08:30 pm,60,Not Divided,Straight road,Level,Dry,Not Raining,Night,Hit Parked Vehicle,No Control
2018-5752-15/08/2019,1,1,Driver,Female,029,Driver,Not Thrown Out,Treated at Hospital,Fitted - Worn,Station Wagon,Full,Straight Ahead,2.0,3 Country,2,2,Wednesday,11:15 am,50,Not Divided,Straight road,Crest of Hill,Dry,Not Raining,Daylight,Hit Fixed Object,No Control
2018-5752-15/08/2019,1,2,Passenger,Male,003,Rear Seat Left Passenger,Not Thrown Out,Treated at Hospital,Child Restraint - Worn,Station Wagon,Full,Straight Ahead,2.0,3 Country,2,2,Wednesday,11:15 am,50,Not Divided,Straight road,Crest of Hill,Dry,Not Raining,Daylight,Hit Fixed Object,No Control
2018-5754-15/08/2019,1,1,Rider,Male,043,Rider of Motorcycle,Thrown Out,Admitted to Hospital,,Motor Cycle,Full,Straight Ahead,1.0,3 Country,1,1,Wednesday,10:00 am,100,Not Divided,Straight road,Level,Wet,Not Raining,Daylight,Roll Over,No Control
2018-5762-15/08/2019,2,1,Driver,Male,064,Driver,Not Thrown Out,By Private,Fitted - Worn,Motor Cars - Sedan,Full,Stopped on Carriageway,1.0,2 Metropolitan,4,1,Wednesday,03:40 pm,60,Cross Road,Straight road,Level,Dry,Not Raining,Daylight,Rear End,Traffic Signals
2018-5767-15/08/2019,2,1,Driver,Female,070,Driver,Not Thrown Out,Treated at Hospital,Fitted - Worn,Motor Cars - Sedan,Full,Stopped on Carriageway,1.0,2 Metropolitan,3,1,Wednesday,04:28 pm,80,Divided Road,Straight road,Level,Dry,Not Raining,Daylight,Rear End,No Control
2018-5768-15/08/2019,2,1,Driver,Female,020,Driver,Not Thrown Out,Treated at Hospital,Fitted - Unknown if Worn,Motor Cars - Sedan,Full,Straight Ahead,1.0,2 Metropolitan,2,1,Wednesday,03:20 pm,50,Not Divided,Straight road,Slope,Dry,Not Raining,Daylight,Head On,No Control
2018-5773-15/08/2019,1,1,Driver,Female,022,Driver,Not Thrown Out,Treated at Hospital,Fitted - Worn,Motor Cars - Sedan,Full,Straight Ahead,1.0,2 Metropolitan,2,1,Wednesday,04:20 pm,50,Not Divided,Straight road,Level,Dry,Not Raining,Daylight,Hit Parked Vehicle,No Control
2018-5775-15/08/2019,2,1,Driver,Male,027,Driver,Not Thrown Out,Treated at Hospital,Fitted - Worn,Station Wagon,Full,Leaving Private Driveway,1.0,2 Metropolitan,2,1,Wednesday,06:35 pm,50,Divided Road,Straight road,Level,Dry,Not Raining,Night,Right Angle,No Control
2018-5776-15/08/2019,1,1,Driver,Female,063,Driver,Not Thrown Out,Admitted to Hospital,Fitted - Worn,Motor Cars - Sedan,Full,Straight Ahead,1.0,2 Metropolitan,2,2,Wednesday,09:29 pm,60,Cross Road,Straight road,Slope,Dry,Not Raining,Night,Right Angle,Traffic Signals
2018-5776-15/08/2019,2,1,Driver,Male,024,Driver,Not Thrown Out,Treated at Hospital,Fitted - Worn,Motor Cars - Sedan,Full,Straight Ahead,1.0,2 Metropolitan,2,2,Wednesday,09:29 pm,60,Cross Road,Straight road,Slope,Dry,Not Raining,Night,Right Angle,Traffic Signals
2018-5779-15/08/2019,3,1,Pedestrian,Female,016,,,Treated at Hospital,,Pedestrian on Road,,Walking on Road,,2 Metropolitan,3,1,Wednesday,10:50 pm,50,Not Divided,Straight road,Level,Dry,Not Raining,Night,Hit Parked Vehicle,No Control
2018-5785-15/08/2019,1,1,Driver,Female,059,Driver,Not Thrown Out,Treated at Hospital,Fitted - Worn,Motor Cars - Sedan,Full,Stopped on Carriageway,1.0,2 Metropolitan,3,1,Thursday,08:15 am,60,Cross Road,Straight road,Level,Dry,Not Raining,Daylight,Rear End,Traffic Signals
2018-5788-15/08/2019,1,1,Rider,Male,053,,Thrown Out,By Private,,Pedal Cycle,,Straight Ahead,1.0,1 City,2,1,Wednesday,03:45 pm,50,Not Divided,Straight road,Level,Dry,Not Raining,Daylight,Hit Parked Vehicle,No Control
2018-5789-15/08/2019,1,1,Rider,Female,024,,Thrown Out,Treated at Hospital,,Pedal Cycle,,Straight Ahead,1.0,2 Metropolitan,2,1,Wednesday,08:20 am,60,Divided Road,Straight road,Level,Dry,Not Raining,Daylight,Hit Fixed Object,No Control
2018-5791-15/08/2019,2,1,Driver,Female,059,Driver,Not Thrown Out,Treated at Hospital,Fitted - Worn,Station Wagon,Full,Straight Ahead,3.0,2 Metropolitan,2,1,Thursday,11:15 am,80,Cross Road,Straight road,Level,Dry,Not Raining,Daylight,Right Angle,Stop Sign
2018-5792-15/08/2019,1,1,Driver,Female,041,Driver,Not Thrown Out,By Private,Fitted - Worn,Station Wagon,Full,Stopped on Carriageway,2.0,2 Metropolitan,2,1,Thursday,09:45 am,60,Cross Road,"CURVED, VIEW OPEN",Level,Dry,Not Raining,Daylight,Rear End,Roundabout
2018-5793-15/08/2019,1,1,Rider,Male,040,,,Admitted to Hospital,,Pedal Cycle,,Straight Ahead,1.0,2 Metropolitan,1,1,Thursday,12:20 pm,50,Not Divided,Straight road,Level,Dry,Not Raining,Daylight,Roll Over,No Control
2018-5796-15/08/2019,1,1,Driver,Male,047,Driver,Not Thrown Out,Treated at Hospital,Fitted - Worn,Station Wagon,Full,Straight Ahead,1.0,3 Country,2,1,Thursday,12:40 pm,60,Cross Road,Straight road,Level,Dry,Not Raining,Daylight,Right Angle,Give Way Sign
2018-5797-15/08/2019,1,1,Driver,Male,039,Driver,Not Thrown Out,Treated at Hospital,Fitted - Worn,Motor Cars - Sedan,Full,Straight Ahead,1.0,2 Metropolitan,2,1,Thursday,02:45 pm,50,Not Divided,Straight road,Level,Dry,Not Raining,Daylight,Hit Fixed Object,No Control
2018-5799-15/08/2019,1,1,Rider,Male,016,,Thrown Out,Treated at Hospital,,Pedal Cycle,,Entering Private Driveway,1.0,2 Metropolitan,1,1,Thursday,02:10 pm,60,Divided Road,Straight road,Slope,Dry,Not Raining,Daylight,Roll Over,No Control
2018-5807-15/08/2019,1,1,Rider,Female,025,,,By Private,,Pedal Cycle,,Straight Ahead,1.0,2 Metropolitan,2,1,Wednesday,05:30 pm,50,T-Junction,Straight road,Level,Dry,Not Raining,Night,Right Angle,No Control
2018-5808-15/08/2019,1,1,Driver,Female,061,Driver,Not Thrown Out,Treated at Hospital,Fitted - Worn,Motor Cars - Sedan,Full,Straight Ahead,1.0,2 Metropolitan,2,1,Thursday,05:58 pm,50,Cross Road,Straight road,Level,Wet,Raining,Night,Right Angle,Give Way Sign
2018-5810-15/08/2019,1,1,Driver,Male,057,Driver,Not Thrown Out,Treated at Hospital,Fitted - Worn,Station Wagon,Unlicenced,Leaving Private Driveway,1.0,2 Metropolitan,3,2,Thursday,03:15 pm,60,Divided Road,Straight road,Level,Dry,Not Raining,Daylight,Right Angle,No Control
2018-5810-15/08/2019,2,1,Driver,Male,030,Driver,Not Thrown Out,Treated at Hospital,Fitted - Worn,Light Truck LT 4.5T,Full,Straight Ahead,1.0,2 Metropolitan,3,2,Thursday,03:15 pm,60,Divided Road,Straight road,Level,Dry,Not Raining,Daylight,Right Angle,No Control
2018-5816-15/08/2019,1,1,Driver,Male,060,Driver,Not Thrown Out,By Private,Fitted - Worn,Motor Cars - Sedan,Full,Straight Ahead,1.0,2 Metropolitan,2,1,Monday,03:00 pm,50,T-Junction,Straight road,Level,Dry,Not Raining,Daylight,Right Angle,No Control
2018-5817-15/08/2019,1,1,Driver,Male,057,Driver,Not Thrown Out,Treated at Hospital,Fitted - Worn,Station Wagon,Unlicenced,Left Turn,1.0,2 Metropolitan,3,1,Thursday,03:17 pm,60,T-Junction,Straight road,Level,Dry,Not Raining,Daylight,Right Angle,No Control
2018-5819-15/08/2019,1,1,Driver,Female,022,Driver,Not Thrown Out,By Private,Fitted - Worn,Motor Cars - Sedan,Provisional 2,Stopped on Carriageway,1.0,2 Metropolitan,2,1,Tuesday,12:55 pm,60,Not Divided,Straight road,Level,Dry,Not Raining,Daylight,Rear End,No Control
2018-5820-15/08/2019,1,1,Passenger,Female,027,Front Seat Left Passenger,Not Thrown Out,Treated at Hospital,Fitted - Worn,Motor Cars - Sedan,Full,Straight Ahead,2.0,1 City,2,1,Thursday,07:35 pm,50,Cross Road,Straight road,Level,Wet,Raining,Night,Right Angle,Traffic Signals
2018-5825-15/08/2019,2,1,Rider,Female,029,,,Admitted to Hospital,,Pedal Cycle,,Straight Ahead,1.0,1 City,2,1,Thursday,09:30 am,50,Not Divided,Straight road,Level,Dry,Not Raining,Daylight,Right Angle,No Control
2018-5828-15/08/2019,1,1,Rider,Female,030,Rider of Motorcycle,Thrown Out,By Private,,Motor Cycle,Full,Straight Ahead,1.0,2 Metropolitan,1,1,Thursday,04:18 pm,60,Cross Road,"CURVED, VIEW OPEN",Level,Dry,Not Raining,Daylight,Roll Over,Roundabout
2018-5830-15/08/2019,1,1,Driver,Female,029,Driver,Not Thrown Out,Treated at Hospital,Fitted - Worn,Motor Cars - Sedan,Full,Stopped on Carriageway,1.0,2 Metropolitan,2,1,Friday,12:40 pm,60,T-Junction,Straight road,Level,Dry,Not Raining,Daylight,Rear End,No Control
2018-5833-15/08/2019,1,1,Passenger,Female,035,Front Seat Left Passenger,Not Thrown Out,Treated at Hospital,Fitted - Worn,Station Wagon,Full,Straight Ahead,2.0,2 Metropolitan,4,2,Friday,12:00 pm,60,T-Junction,"CURVED, VIEW OPEN",Slope,Wet,Raining,Daylight,Side Swipe,No Control
2018-5833-15/08/2019,3,1,Driver,Male,021,Driver,Not Thrown Out,Treated at Hospital,Fitted - Worn,Motor Cars - Sedan,Full,Straight Ahead,1.0,2 Metropolitan,4,2,Friday,12:00 pm,60,T-Junction,"CURVED, VIEW OPEN",Slope,Wet,Raining,Daylight,Side Swipe,No Control
2018-5840-15/08/2019,1,1,Pedestrian,Female,025,,,Treated at Hospital,,Pedestrian on Road,,Crossing with Traffic Signals,,1 City,2,1,Thursday,06:00 pm,50,Cross Road,Straight road,Level,Wet,Raining,Night,Hit Pedestrian,Traffic Signals
2018-5842-15/08/2019,1,1,Driver,Female,067,Driver,Not Thrown Out,By Private,Fitted - Worn,Motor Cars - Sedan,Full,Straight Ahead,1.0,2 Metropolitan,2,1,Friday,01:45 pm,50,T-Junction,Straight road,Level,Dry,Not Raining,Daylight,Right Angle,No Control
2018-5857-15/08/2019,2,1,Driver,Male,035,Driver,Not Thrown Out,Treated at Hospital,Fitted - Worn,Motor Cars - Sedan,Full,Straight Ahead,1.0,2 Metropolitan,3,1,Friday,04:40 pm,60,T-Junction,Straight road,Level,Wet,Raining,Daylight,Right Turn,No Control
2018-5858-15/08/2019,1,1,Driver,Female,061,Driver,Not Thrown Out,By Private,Fitted - Worn,Motor Cars - Sedan,Full,Stopped on Carriageway,1.0,2 Metropolitan,2,1,Friday,07:40 am,60,Divided Road,Straight road,Level,Dry,Not Raining,Daylight,Rear End,No Control
2018-5860-15/08/2019,2,1,Driver,Female,046,Driver,Not Thrown Out,Treated at Hospital,Fitted - Worn,Station Wagon,Full,Straight Ahead,2.0,2 Metropolitan,3,3,Friday,07:02 pm,60,T-Junction,Straight road,Level,Wet,Not Raining,Night,Right Angle,No Control
2018-5860-15/08/2019,2,2,Passenger,Female,018,Front Seat Left Passenger,Not Thrown Out,Treated at Hospital,Fitted - Worn,Station Wagon,Full,Straight Ahead,2.0,2 Metropolitan,3,3,Friday,07:02 pm,60,T-Junction,Straight road,Level,Wet,Not Raining,Night,Right Angle,No Control
2018-5860-15/08/2019,3,1,Passenger,Female,037,Passenger on Multi-Passenger Vehicle,Not Thrown Out,Treated at Hospital,Not Fitted,OMNIBUS,Full,Stopped on Carriageway,9.0,2 Metropolitan,3,3,Friday,07:02 pm,60,T-Junction,Straight road,Level,Wet,Not Raining,Night,Right Angle,No Control
2018-5862-15/08/2019,2,1,Driver,Female,054,Driver,Not Thrown Out,Treated at Hospital,Fitted - Worn,Station Wagon,Full,Straight Ahead,4.0,2 Metropolitan,3,4,Friday,07:00 pm,60,Cross Road,Straight road,Level,Dry,Not Raining,Night,Right Angle,Stop Sign
2018-5862-15/08/2019,2,2,Passenger,Female,033,Rear Seat Left Passenger,Not Thrown Out,Treated at Hospital,Fitted - Not Worn,Station Wagon,Full,Straight Ahead,4.0,2 Metropolitan,3,4,Friday,07:00 pm,60,Cross Road,Straight road,Level,Dry,Not Raining,Night,Right Angle,Stop Sign
2018-5862-15/08/2019,2,3,Passenger,Male,010,Front Seat Left Passenger,Not Thrown Out,Treated at Hospital,Fitted - Worn,Station Wagon,Full,Straight Ahead,4.0,2 Metropolitan,3,4,Friday,07:00 pm,60,Cross Road,Straight road,Level,Dry,Not Raining,Night,Right Angle,Stop Sign
2018-5862-15/08/2019,3,1,Driver,Male,030,Driver,Not Thrown Out,Treated at Hospital,Fitted - Worn,Motor Cars - Sedan,Full,Stopped on Carriageway,1.0,2 Metropolitan,3,4,Friday,07:00 pm,60,Cross Road,Straight road,Level,Dry,Not Raining,Night,Right Angle,Stop Sign
2018-5863-15/08/2019,1,1,Driver,Male,041,Driver,Not Thrown Out,Treated at Hospital,Fitted - Worn,Motor Cars - Sedan,Full,Right Turn,5.0,2 Metropolitan,2,2,Friday,06:35 pm,60,Cross Road,Straight road,Level,Dry,Not Raining,Night,Right Turn,Traffic Signals
2018-5863-15/08/2019,1,2,Passenger,Female,024,Rear Seat Left Passenger,Not Thrown Out,Treated at Hospital,Fitted - Worn,Motor Cars - Sedan,Full,Right Turn,5.0,2 Metropolitan,2,2,Friday,06:35 pm,60,Cross Road,Straight road,Level,Dry,Not Raining,Night,Right Turn,Traffic Signals
2018-5864-15/08/2019,2,1,Driver,Female,062,Driver,Not Thrown Out,Treated at Hospital,Fitted - Worn,Motor Cars - Sedan,Full,Stopped on Carriageway,1.0,2 Metropolitan,2,1,Friday,04:25 pm,60,Cross Road,Straight road,Level,Dry,Not Raining,Daylight,Rear End,Traffic Signals
2018-5869-15/08/2019,1,1,Driver,Male,053,Driver,Not Thrown Out,Treated at Hospital,Fitted - Unknown if Worn,Utility,Full,Straight Ahead,1.0,3 Country,1,1,Friday,09:00 pm,100,Not Divided,Straight road,Level,Wet,Raining,Night,Roll Over,No Control
2018-5872-15/08/2019,1,1,Driver,Male,019,Driver,Not Thrown Out,Treated at Hospital,Fitted - Worn,Motor Cars - Sedan,Full,Straight Ahead,1.0,2 Metropolitan,2,1,Saturday,03:35 am,60,Not Divided,"CURVED, VIEW OBSCURED",Slope,Wet,Not Raining,Night,Hit Fixed Object,No Control
2018-5873-15/08/2019,1,1,Driver,Male,057,Driver,Not Thrown Out,Treated at Hospital,Fitted - Worn,Taxi Cab,Full,Straight Ahead,1.0,2 Metropolitan,2,1,Saturday,05:50 am,60,Divided Road,Straight road,Level,Dry,Not Raining,Night,Hit Parked Vehicle,No Control
2018-5879-15/08/2019,1,1,Passenger,Female,063,Front Seat Left Passenger,Not Thrown Out,Treated at Hospital,Fitted - Worn,Station Wagon,Full,Straight Ahead,2.0,3 Country,2,1,Friday,10:00 am,100,Not Divided,"CURVED, VIEW OBSCURED",Level,Wet,Raining,Daylight,Hit Fixed Object,No Control
2018-5883-15/08/2019,1,1,Driver,Female,064,Driver,Not Thrown Out,Treated at Hospital,Fitted - Worn,Station Wagon,Full,U Turn,1.0,2 Metropolitan,2,1,Saturday,11:10 am,50,Not Divided,Straight road,Level,Dry,Not Raining,Daylight,Side Swipe,No Control