REPORT_ID,UND_UNIT_NUMBER,CASUALTY_NUMBER,Casualty Type,Sex_x,AGE,Position In Veh,Thrown Out,Injury Extent,Seat Belt,Unit Type,Licence Type,Unit Movement,Number Occupants,Stats Area,Total Units,Total Cas,Day,Time,Area Speed,Position Type,Horizontal Align,Vertical Align,Moisture Cond,Weather Cond,DayNight,Crash Type,Traffic Ctrls
2018-6322-15/08/2019,1,1,Driver,Female,058,Driver,Not Thrown Out,Admitted to Hospital,Fitted - Worn,Station Wagon,Full,Straight Ahead,1.0,3 Country,1,1,Thursday,01:15 pm,100,Not Divided,"CURVED, VIEW OPEN",Slope,Dry,Not Raining,Daylight,Roll Over,No Control
2018-6327-15/08/2019,1,1,Rider,Male,031,Rider of Motorcycle,Thrown Out,Treated at Hospital,,Motor Cycle,Unlicenced,Straight Ahead,2.0,2 Metropolitan,1,1,Friday,07:50 am,50,Not Divided,"CURVED, VIEW OPEN",Level,Dry,Not Raining,Daylight,Roll Over,No Control
2018-6329-15/08/2019,1,1,Driver,Male,027,Driver,Not Thrown Out,Admitted to Hospital,Fitted - Worn,Station Wagon,Full,Straight Ahead,1.0,3 Country,2,1,Friday,05:30 am,110,Not Divided,Straight road,Crest of Hill,Dry,Not Raining,Night,Hit Animal,No Control
2018-6340-15/08/2019,1,1,Driver,Female,038,Driver,Not Thrown Out,By Private,Fitted - Not Worn,Station Wagon,Full,Stopped on Carriageway,1.0,2 Metropolitan,2,1,Thursday,08:10 am,60,Cross Road,Straight road,Level,Wet,Raining,Daylight,Rear End,Traffic Signals
2018-6345-15/08/2019,1,1,Driver,Female,067,Driver,Not Thrown Out,By Private,Fitted - Worn,Motor Cars - Sedan,Full,Stopped on Carriageway,1.0,2 Metropolitan,2,1,Wednesday,10:00 am,60,Cross Road,Straight road,Level,Dry,Not Raining,Daylight,Rear End,Traffic Signals
2018-6346-15/08/2019,2,1,Driver,Male,047,Driver,Not Thrown Out,Treated at Hospital,Fitted - Worn,Taxi Cab,Full,Straight Ahead,3.0,2 Metropolitan,2,1,Thursday,10:09 pm,60,Cross Road,Straight road,Level,Dry,Not Raining,Night,Right Turn,Traffic Signals
2018-6350-15/08/2019,1,1,Driver,Female,020,Driver,Not Thrown Out,Treated at Hospital,Fitted - Unknown if Worn,Motor Cars - Sedan,Provisional 1 ,Straight Ahead,1.0,2 Metropolitan,3,3,Friday,03:15 pm,50,Divided Road,Straight road,Level,Dry,Not Raining,Daylight,Hit Parked Vehicle,No Control
2018-6350-15/08/2019,2,1,Driver,Female,034,Driver,Not Thrown Out,Treated at Hospital,Fitted - Unknown if Worn,Motor Cars - Sedan,Full,Parked,2.0,2 Metropolitan,3,3,Friday,03:15 pm,50,Divided Road,Straight road,Level,Dry,Not Raining,Daylight,Hit Parked Vehicle,No Control
2018-6350-15/08/2019,2,2,Passenger,Female,002,Rear Seat Left Passenger,Not Thrown Out,Treated at Hospital,Fitted - Worn,Motor Cars - Sedan,Full,Parked,2.0,2 Metropolitan,3,3,Friday,03:15 pm,50,Divided Road,Straight road,Level,Dry,Not Raining,Daylight,Hit Parked Vehicle,No Control
2018-6352-15/08/2019,1,1,Driver,Male,032,Driver,Not Thrown Out,Treated at Hospital,Fitted - Worn,Motor Cars - Sedan,Provisional 1 ,Straight Ahead,1.0,2 Metropolitan,2,1,Thursday,08:30 pm,60,Cross Road,Straight road,Level,Dry,Not Raining,Night,Right Angle,Traffic Signals
2018-6355-15/08/2019,1,1,Driver,Male,017,Driver,Not Thrown Out,Treated at Hospital,Fitted - Worn,Utility,Provisional 1 ,Straight Ahead,1.0,3 Country,2,1,Friday,03:24 pm,100,Not Divided,Straight road,Crest of Hill,Dry,Not Raining,Daylight,Hit Fixed Object,No Control
2018-6356-15/08/2019,2,1,Driver,Male,042,Driver,Not Thrown Out,By Private,Fitted - Worn,Utility,Full,Stopped on Carriageway,1.0,2 Metropolitan,3,1,Friday,01:45 pm,60,T-Junction,Straight road,Level,Dry,Not Raining,Daylight,Rear End,No Control
2018-6358-15/08/2019,1,1,Driver,Female,023,Driver,Not Thrown Out,Admitted to Hospital,Fitted - Worn,Motor Cars - Sedan,Full,Right Turn,1.0,2 Metropolitan,2,1,Friday,06:50 pm,60,T-Junction,Straight road,Level,Dry,Not Raining,Night,Right Angle,Give Way Sign
2018-6359-15/08/2019,1,1,Driver,Male,046,Driver,Not Thrown Out,By Private,Fitted - Worn,Motor Cars - Sedan,Full,Straight Ahead,1.0,2 Metropolitan,2,1,Friday,05:40 pm,80,Freeway,Straight road,Level,Dry,Not Raining,Night,Rear End,No Control
2018-6363-15/08/2019,1,1,Driver,Female,034,Driver,Not Thrown Out,By Private,Fitted - Worn,Motor Cars - Sedan,Full,Right Turn,1.0,2 Metropolitan,2,1,Friday,07:00 pm,60,T-Junction,Straight road,Level,Dry,Not Raining,Night,Right Angle,No Control
2018-6371-15/08/2019,2,1,Driver,Female,054,Driver,Not Thrown Out,Treated at Hospital,Fitted - Worn,Motor Cars - Sedan,Full,Straight Ahead,1.0,2 Metropolitan,2,1,Saturday,06:52 am,60,Cross Road,Straight road,Level,Dry,Not Raining,Night,Right Turn,Traffic Signals
2018-6375-15/08/2019,2,1,Driver,Female,049,Driver,Not Thrown Out,Treated at Hospital,Fitted - Worn,Motor Cars - Sedan,Full,Stopped on Carriageway,1.0,2 Metropolitan,3,1,Saturday,09:16 am,60,Not Divided,Straight road,Level,Dry,Not Raining,Daylight,Rear End,No Control
2018-6376-15/08/2019,1,1,Driver,Male,053,Driver,Not Thrown Out,By Private,Fitted - Worn,Motor Cars - Sedan,Full,Stopped on Carriageway,1.0,2 Metropolitan,2,1,Friday,11:30 am,60,Not Divided,Straight road,Level,Dry,Not Raining,Daylight,Rear End,No Control
2018-6379-15/08/2019,2,1,Passenger,Female,012,Rear Seat Left Passenger,Not Thrown Out,Treated at Hospital,Fitted - Worn,Motor Cars - Sedan,Full,Stopped on Carriageway,3.0,1 City,2,1,Saturday,12:10 pm,50,Divided Road,Straight road,Level,Dry,Not Raining,Daylight,Side Swipe,No Control
2018-6380-15/08/2019,1,1,Driver,Female,027,Driver,Not Thrown Out,Treated at Hospital,Fitted - Worn,Motor Cars - Sedan,Full,Straight Ahead,1.0,2 Metropolitan,2,1,Saturday,11:05 am,60,Cross Road,Straight road,Level,Dry,Not Raining,Daylight,Right Turn,Traffic Signals
2018-6383-15/08/2019,2,1,Passenger,Female,024,Front Seat Left Passenger,Not Thrown Out,Treated at Hospital,Fitted - Worn,Utility,Full,Straight Ahead,2.0,3 Country,2,1,Saturday,12:20 pm,60,T-Junction,Straight road,Level,Wet,Raining,Daylight,Right Angle,No Control
2018-6384-15/08/2019,1,1,Rider,Male,039,Rider of Motorcycle,Thrown Out,Treated at Hospital,,Motor Cycle,Full,Straight Ahead,1.0,2 Metropolitan,2,1,Friday,06:20 pm,60,Divided Road,Straight road,Level,Dry,Not Raining,Night,Side Swipe,No Control
2018-6385-15/08/2019,1,1,Rider,Male,061,Rider of Motorcycle,Thrown Out,Treated at Hospital,,Motor Cycle,Full,Right Turn,1.0,3 Country,1,1,Saturday,04:45 pm,50,T-Junction,Straight road,Level,Dry,Not Raining,Daylight,Roll Over,No Control
2018-6386-15/08/2019,1,1,Rider,Male,025,Rider of Motorcycle,Thrown Out,Treated at Hospital,,Scooter,Provisional 2,Swerving,1.0,2 Metropolitan,1,1,Saturday,04:50 pm,60,Divided Road,Straight road,Level,Dry,Not Raining,Daylight,Roll Over,No Control
2018-6388-15/08/2019,2,1,Passenger,Female,009,Rear Seat Left Passenger,Not Thrown Out,Treated at Hospital,Fitted - Worn,Motor Cars - Sedan,Full,Straight Ahead,3.0,2 Metropolitan,2,2,Saturday,06:00 pm,60,Cross Road,Straight road,Level,Dry,Not Raining,Night,Right Angle,Roundabout
2018-6388-15/08/2019,2,2,Passenger,Female,035,Front Seat Left Passenger,Not Thrown Out,Treated at Hospital,Fitted - Worn,Motor Cars - Sedan,Full,Straight Ahead,3.0,2 Metropolitan,2,2,Saturday,06:00 pm,60,Cross Road,Straight road,Level,Dry,Not Raining,Night,Right Angle,Roundabout
2018-6391-15/08/2019,1,1,Driver,Male,086,Driver,Not Thrown Out,Treated at Hospital,Fitted - Worn,Motor Cars - Sedan,Full,Straight Ahead,2.0,2 Metropolitan,2,2,Saturday,06:30 pm,50,Not Divided,Straight road,Level,Dry,Not Raining,Night,Hit Fixed Object,No Control
2018-6391-15/08/2019,1,2,Passenger,Female,078,Front Seat Left Passenger,Not Thrown Out,Treated at Hospital,Fitted - Worn,Motor Cars - Sedan,Full,Straight Ahead,2.0,2 Metropolitan,2,2,Saturday,06:30 pm,50,Not Divided,Straight road,Level,Dry,Not Raining,Night,Hit Fixed Object,No Control
2018-6395-15/08/2019,2,1,Pedestrian,Female,037,,,By Private,,Pedestrian on Road,,Crossing without Control,,2 Metropolitan,2,1,Saturday,06:15 pm,60,Divided Road,Straight road,Level,Dry,Not Raining,Night,Hit Pedestrian,No Control
2018-6402-15/08/2019,1,1,Driver,Male,070,Driver,Not Thrown Out,Treated at Hospital,Fitted - Worn,Station Wagon,Full,Straight Ahead,2.0,3 Country,5,2,Saturday,02:30 pm,50,Not Divided,Straight road,Level,Dry,Not Raining,Daylight,Hit Parked Vehicle,No Control
2018-6402-15/08/2019,1,2,Passenger,Female,065,Front Seat Left Passenger,Not Thrown Out,Treated at Hospital,Fitted - Worn,Station Wagon,Full,Straight Ahead,2.0,3 Country,5,2,Saturday,02:30 pm,50,Not Divided,Straight road,Level,Dry,Not Raining,Daylight,Hit Parked Vehicle,No Control
2018-6404-15/08/2019,1,1,Driver,Male,042,Driver,Not Thrown Out,Fatal,Fitted - Worn,Motor Cars - Sedan,Unlicenced,Straight Ahead,1.0,2 Metropolitan,2,1,Sunday,05:45 am,80,Not Divided,Straight road,Slope,Dry,Not Raining,Night,Hit Fixed Object,No Control
2018-6405-15/08/2019,1,1,Rider,Male,019,Rider of Motorcycle,Thrown Out,Fatal,,Motor Cycle,Unlicenced,Straight Ahead,2.0,2 Metropolitan,2,2,Sunday,02:35 am,50,Not Divided,Straight road,Level,Dry,Not Raining,Night,Hit Fixed Object,No Control
2018-6405-15/08/2019,1,2,Passenger,Male,016,Passenger of Motorcycle,Thrown Out,Admitted to Hospital,,Motor Cycle,Unlicenced,Straight Ahead,2.0,2 Metropolitan,2,2,Sunday,02:35 am,50,Not Divided,Straight road,Level,Dry,Not Raining,Night,Hit Fixed Object,No Control
2018-6407-15/08/2019,1,1,Driver,Male,020,Driver,Not Thrown Out,Fatal,Fitted - Worn,Utility,Full,Straight Ahead,1.0,3 Country,1,1,Saturday,11:50 pm,100,Not Divided,Straight road,Level,Dry,Not Raining,Night,Roll Over,No Control
2018-6409-15/08/2019,2,1,Driver,Male,039,Driver,Not Thrown Out,Treated at Hospital,Fitted - Unknown if Worn,Station Wagon,Full,Straight Ahead,1.0,2 Metropolitan,3,1,Sunday,12:25 pm,60,Cross Road,Straight road,Level,Dry,Not Raining,Daylight,Rear End,Traffic Signals
2018-6412-15/08/2019,2,1,Passenger,Female,049,Front Seat Left Passenger,Not Thrown Out,Treated at Hospital,Fitted - Worn,Motor Cars - Sedan,Full,Stopped on Carriageway,3.0,2 Metropolitan,3,1,Sunday,01:50 pm,60,Divided Road,Straight road,Level,Dry,Not Raining,Daylight,Rear End,No Control
2018-6413-15/08/2019,1,1,Pedestrian,Female,072,,,Admitted to Hospital,,Pedestrian on Footpath/Carpark,,Walking on Footpath,,2 Metropolitan,2,1,Friday,03:30 pm,50,Not Divided,Straight road,Level,Dry,Not Raining,Daylight,Hit Pedestrian,No Control
2018-6416-15/08/2019,1,1,Driver,Female,061,Driver,Not Thrown Out,Treated at Hospital,Fitted - Worn,Motor Cars - Sedan,Full,Entering Private Driveway,1.0,2 Metropolitan,2,1,Sunday,05:15 pm,40,Not Divided,Straight road,Level,Dry,Not Raining,Night,Hit Fixed Object,No Control
2018-6417-15/08/2019,3,1,Driver,Female,019,Driver,Not Thrown Out,By Private,Fitted - Worn,Motor Cars - Sedan,Provisional 2,Stopped on Carriageway,2.0,2 Metropolitan,3,1,Sunday,05:25 pm,60,Cross Road,Straight road,Level,Dry,Not Raining,Night,Rear End,Traffic Signals
2018-6423-15/08/2019,1,1,Driver,Male,069,Driver,Not Thrown Out,Treated at Hospital,Fitted - Worn,Motor Cars - Sedan,Full,Straight Ahead,1.0,2 Metropolitan,2,1,Sunday,08:00 pm,80,Not Divided,"CURVED, VIEW OPEN",Level,Wet,Not Raining,Night,Hit Fixed Object,No Control
2018-6425-15/08/2019,1,1,Driver,Female,031,Driver,Not Thrown Out,Treated at Hospital,Fitted - Worn,Motor Cars - Sedan,Full,Straight Ahead,1.0,2 Metropolitan,2,1,Sunday,08:16 pm,50,Not Divided,Straight road,Level,Dry,Not Raining,Night,Rear End,No Control
2018-6427-15/08/2019,1,1,Driver,Male,036,Driver,Not Thrown Out,Treated at Hospital,Fitted - Worn,Utility,Full,Straight Ahead,1.0,2 Metropolitan,2,1,Sunday,11:45 pm,50,Not Divided,"CURVED, VIEW OPEN",Slope,Wet,Not Raining,Night,Hit Fixed Object,No Control
2018-6429-15/08/2019,1,1,Driver,Female,054,Driver,Not Thrown Out,Treated at Hospital,Fitted - Worn,Motor Cars - Sedan,Full,Right Turn,1.0,2 Metropolitan,2,2,Monday,07:38 am,70,T-Junction,Straight road,Level,Dry,Not Raining,Daylight,Right Angle,No Control
2018-6429-15/08/2019,2,1,Driver,Male,049,Driver,Not Thrown Out,By Private,Fitted - Worn,Utility,Full,Straight Ahead,1.0,2 Metropolitan,2,2,Monday,07:38 am,70,T-Junction,Straight road,Level,Dry,Not Raining,Daylight,Right Angle,No Control
2018-6432-15/08/2019,1,1,Driver,Male,037,Driver,Not Thrown Out,By Private,Fitted - Worn,Station Wagon,Full,Straight Ahead,1.0,2 Metropolitan,2,1,Monday,08:40 am,50,Cross Road,Straight road,Level,Dry,Not Raining,Daylight,Right Angle,Stop Sign
2018-6434-15/08/2019,1,1,Driver,Female,052,Driver,Not Thrown Out,By Private,Fitted - Worn,Motor Cars - Sedan,Full,Stopped on Carriageway,1.0,2 Metropolitan,2,1,Sunday,12:30 pm,60,T-Junction,Straight road,Level,Dry,Not Raining,Daylight,Rear End,Traffic Signals
2018-6435-15/08/2019,1,1,Driver,Male,058,Driver,Not Thrown Out,By Private,Fitted - Unknown if Worn,Station Wagon,Full,U Turn,1.0,2 Metropolitan,2,1,Monday,08:30 am,60,T-Junction,Straight road,Slope,Dry,Not Raining,Daylight,Rear End,No Control
2018-6436-15/08/2019,1,1,Driver,Female,044,Driver,Not Thrown Out,Admitted to Hospital,Fitted - Worn,Motor Cars - Sedan,Full,Stopped on Carriageway,2.0,2 Metropolitan,2,1,Wednesday,05:20 pm,60,Not Divided,Straight road,Slope,Wet,Not Raining,Night,Rear End,No Control
2018-6440-15/08/2019,1,1,Driver,Female,042,Driver,Not Thrown Out,Treated at Hospital,Fitted - Worn,Station Wagon,Full,Straight Ahead,1.0,2 Metropolitan,2,1,Monday,09:00 am,60,Not Divided,"CURVED, VIEW OBSCURED",Slope,Dry,Not Raining,Daylight,Head On,No Control
2018-6445-15/08/2019,2,1,Driver,Male,044,Driver,Not Thrown Out,Treated at Hospital,Fitted - Worn,Motor Cars - Sedan,Full,Parked,1.0,2 Metropolitan,2,1,Monday,12:23 pm,80,Not Divided,Straight road,Level,Dry,Not Raining,Daylight,Hit Parked Vehicle,No Control
2018-6446-15/08/2019,1,1,Passenger,Female,052,Front Seat Left Passenger,Not Thrown Out,By Private,Fitted - Not Worn,Motor Cars - Sedan,Full,Parked,2.0,3 Country,2,1,Saturday,10:58 am,50,Not Divided,Straight road,Level,Dry,Not Raining,Daylight,Hit Parked Vehicle,No Control
2018-6447-15/08/2019,1,1,Driver,Female,021,Driver,Not Thrown Out,Treated at Hospital,Fitted - Worn,Motor Cars - Sedan,Provisional 2,Straight Ahead,1.0,3 Country,1,1,Monday,10:50 am,110,Not Divided,Straight road,Level,Dry,Not Raining,Daylight,Left Road - Out of Control,No Control
2018-6450-15/08/2019,1,1,Driver,Female,025,Driver,Not Thrown Out,By Private,Fitted - Worn,Motor Cars - Sedan,Full,Stopped on Carriageway,1.0,2 Metropolitan,2,1,Tuesday,01:40 pm,60,Cross Road,Straight road,Level,Dry,Not Raining,Daylight,Rear End,Give Way Sign
2018-6451-15/08/2019,1,1,Driver,Male,027,Driver,Not Thrown Out,Treated at Hospital,Fitted - Worn,Motor Cars - Sedan,Full,Straight Ahead,1.0,2 Metropolitan,2,1,Monday,03:13 pm,60,Cross Road,Straight road,Level,Dry,Not Raining,Daylight,Right Angle,Traffic Signals
2018-6454-15/08/2019,1,1,Driver,Male,035,Driver,Not Thrown Out,By Private,Fitted - Worn,Utility,Full,Straight Ahead,1.0,2 Metropolitan,2,1,Monday,09:30 am,80,Cross Road,"CURVED, VIEW OPEN",Level,Dry,Not Raining,Daylight,Right Angle,Give Way Sign
2018-6465-15/08/2019,1,1,Rider,Male,030,Rider of Motorcycle,Thrown Out,Treated at Hospital,,Scooter,Full,Straight Ahead,1.0,2 Metropolitan,2,1,Monday,04:37 pm,60,T-Junction,Straight road,Level,Dry,Not Raining,Daylight,Right Turn,Stop Sign
2018-6474-15/08/2019,1,1,Driver,Male,029,Driver,Not Thrown Out,By Private,Fitted - Worn,Motor Cars - Sedan,Full,Straight Ahead,1.0,2 Metropolitan,2,1,Tuesday,06:45 am,60,Cross Road,Straight road,Level,Dry,Not Raining,Night,Rear End,Traffic Signals
2018-6475-15/08/2019,2,1,Rider,Female,032,,Thrown Out,Treated at Hospital,,Pedal Cycle,,Straight Ahead,1.0,2 Metropolitan,2,1,Tuesday,03:30 pm,60,T-Junction,Straight road,Level,Dry,Not Raining,Daylight,Right Angle,No Control
2018-6477-15/08/2019,1,1,Driver,Male,079,Driver,Not Thrown Out,Treated at Hospital,Fitted - Worn,Motor Cars - Sedan,Full,Leaving Private Driveway,1.0,2 Metropolitan,2,1,Tuesday,10:10 am,60,Not Divided,Straight road,Level,Dry,Not Raining,Daylight,Hit Fixed Object,No Control
2018-6479-15/08/2019,1,1,Driver,Female,044,Driver,Not Thrown Out,By Private,Fitted - Worn,Motor Cars - Sedan,Full,Stopped on Carriageway,1.0,2 Metropolitan,2,1,Tuesday,10:00 am,60,Divided Road,Straight road,Crest of Hill,Dry,Not Raining,Daylight,Rear End,No Control
2018-6480-15/08/2019,1,1,Driver,Female,049,Driver,Not Thrown Out,By Private,Fitted - Worn,Motor Cars - Sedan,Full,Right Turn,1.0,2 Metropolitan,2,1,Tuesday,11:20 am,60,T-Junction,Straight road,Level,Dry,Not Raining,Daylight,Right Angle,Give Way Sign
2018-6486-15/08/2019,1,1,Driver,Female,020,Driver,Not Thrown Out,Treated at Hospital,Fitted - Worn,Motor Cars - Sedan,Full,Stopped on Carriageway,1.0,2 Metropolitan,2,1,Monday,03:30 pm,60,Divided Road,Straight road,Level,Dry,Not Raining,Daylight,Rear End,No Control
2018-6487-15/08/2019,2,1,Driver,Male,054,Driver,Not Thrown Out,Admitted to Hospital,Fitted - Worn,Station Wagon,Unlicenced,Straight Ahead,1.0,2 Metropolitan,2,1,Tuesday,02:30 pm,100,Rail Crossing,Straight road,Slope,Dry,Not Raining,Daylight,Right Angle,Stop Sign
2018-6490-15/08/2019,1,1,Driver,Male,051,Driver,Not Thrown Out,Treated at Hospital,Fitted - Worn,RIGID TRUCK LGE GE 4.5T,Full,Straight Ahead,1.0,2 Metropolitan,2,2,Tuesday,02:40 pm,60,Cross Road,Straight road,Level,Dry,Not Raining,Daylight,Right Angle,Traffic Signals
2018-6490-15/08/2019,2,1,Driver,Female,052,Driver,Not Thrown Out,Admitted to Hospital,Fitted - Worn,Station Wagon,Full,Straight Ahead,1.0,2 Metropolitan,2,2,Tuesday,02:40 pm,60,Cross Road,Straight road,Level,Dry,Not Raining,Daylight,Right Angle,Traffic Signals
2018-6491-15/08/2019,1,1,Driver,Female,036,Driver,Not Thrown Out,Treated at Hospital,Fitted - Worn,RIGID TRUCK LGE GE 4.5T,Full,Straight Ahead,1.0,3 Country,3,1,Tuesday,02:30 pm,50,Not Divided,Straight road,Level,Dry,Not Raining,Daylight,Hit Fixed Object,No Control
2018-6493-15/08/2019,1,1,Driver,Female,047,Driver,Not Thrown Out,By Private,Fitted - Worn,Motor Cars - Sedan,Full,Stopped on Carriageway,1.0,2 Metropolitan,2,1,Monday,05:30 pm,60,T-Junction,Straight road,Level,Dry,Not Raining,Night,Rear End,Stop Sign
2018-6494-15/08/2019,2,1,Passenger,Female,027,Front Seat Left Passenger,Not Thrown Out,Treated at Hospital,Fitted - Worn,Motor Cars - Sedan,Full,Straight Ahead,3.0,2 Metropolitan,2,1,Tuesday,06:10 pm,80,Divided Road,Straight road,Level,Dry,Not Raining,Night,Rear End,No Control
2018-6495-15/08/2019,1,1,Driver,Male,025,Driver,Not Thrown Out,By Private,Fitted - Worn,Motor Cars - Sedan,Full,Straight Ahead,1.0,2 Metropolitan,2,1,Tuesday,05:50 pm,60,T-Junction,Straight road,Level,Dry,Not Raining,Night,Right Angle,No Control
2018-6496-15/08/2019,1,1,Passenger,Female,067,Front Seat Left Passenger,Not Thrown Out,Treated at Hospital,Fitted - Worn,Station Wagon,Full,Straight Ahead,3.0,2 Metropolitan,2,1,Tuesday,02:52 pm,60,Not Divided,Straight road,Level,Dry,Not Raining,Daylight,Rear End,No Control
2018-6497-15/08/2019,2,1,Rider,Male,020,Rider of Motorcycle,Thrown Out,Admitted to Hospital,,Motor Cycle,Unlicenced,Straight Ahead,1.0,2 Metropolitan,2,1,Tuesday,05:20 pm,50,T-Junction,Straight road,Slope,Dry,Not Raining,Night,Right Turn,No Control
2018-6498-15/08/2019,2,1,Rider,Female,036,,Thrown Out,Treated at Hospital,,Pedal Cycle,,Straight Ahead,1.0,2 Metropolitan,2,1,Tuesday,05:52 pm,60,Divided Road,Straight road,Level,Dry,Not Raining,Night,Side Swipe,No Control
2018-6499-15/08/2019,1,1,Rider,Male,019,Rider of Motorcycle,Thrown Out,Treated at Hospital,,Motor Cycle,Learners,Swerving,1.0,2 Metropolitan,2,1,Tuesday,05:05 pm,60,Cross Road,"CURVED, VIEW OPEN",Slope,Dry,Not Raining,Daylight,Right Angle,Roundabout
2018-6508-15/08/2019,1,1,Driver,Female,025,Driver,Not Thrown Out,Treated at Hospital,Fitted - Worn,Motor Cars - Sedan,Provisional 1 ,Straight Ahead,1.0,2 Metropolitan,2,1,Tuesday,10:20 pm,100,Freeway,"CURVED, VIEW OPEN",Slope,Dry,Not Raining,Night,Rear End,No Control
2018-6509-15/08/2019,1,1,Driver,Male,061,Driver,Not Thrown Out,Treated at Hospital,Fitted - Worn,Station Wagon,Full,U Turn,2.0,3 Country,2,1,Tuesday,09:22 pm,60,Cross Road,Straight road,Level,Dry,Not Raining,Night,Right Angle,Give Way Sign
2018-6510-15/08/2019,2,1,Driver,Male,039,Driver,Not Thrown Out,Admitted to Hospital,Fitted - Worn,RIGID TRUCK LGE GE 4.5T,Full,Straight Ahead,1.0,2 Metropolitan,3,1,Wednesday,01:32 am,110,Freeway,Straight road,Level,Dry,Not Raining,Night,Rear End,No Control
2018-6511-15/08/2019,1,1,Driver,Female,031,Driver,Not Thrown Out,Treated at Hospital,Fitted - Worn,Motor Cars - Sedan,Full,Straight Ahead,1.0,2 Metropolitan,3,1,Tuesday,02:15 pm,50,Not Divided,Straight road,Slope,Dry,Not Raining,Daylight,Hit Parked Vehicle,No Control
2018-6516-15/08/2019,1,1,Driver,Male,039,Driver,Not Thrown Out,By Private,Fitted - Worn,Motor Cars - Sedan,Full,Stopped on Carriageway,1.0,2 Metropolitan,3,1,Tuesday,06:10 pm,60,Cross Road,Straight road,Level,Dry,Not Raining,Night,Rear End,Traffic Signals
2018-6517-15/08/2019,1,1,Driver,Female,041,Driver,Not Thrown Out,Treated at Hospital,Fitted - Unknown if Worn,Motor Cars - Sedan,Full,Straight Ahead,2.0,2 Metropolitan,3,1,Wednesday,08:56 am,60,Not Divided,"CURVED, VIEW OPEN",Slope,Dry,Not Raining,Daylight,Rear End,No Control
2018-6518-15/08/2019,2,1,Rider,Male,022,Rider of Motorcycle,Thrown Out,Treated at Hospital,,Motor Cycle,Unlicenced,Straight Ahead,1.0,2 Metropolitan,2,1,Wednesday,09:50 am,60,Divided Road,Straight road,Level,Dry,Not Raining,Daylight,Rear End,No Control
2018-6519-15/08/2019,1,1,Driver,Female,028,Driver,Not Thrown Out,Treated at Hospital,Fitted - Worn,Motor Cars - Sedan,Full,Straight Ahead,1.0,2 Metropolitan,2,4,Wednesday,08:55 am,60,Cross Road,Straight road,Level,Dry,Not Raining,Daylight,Right Turn,Traffic Signals
2018-6519-15/08/2019,2,1,Driver,Female,034,Driver,Not Thrown Out,Treated at Hospital,Fitted - Worn,Station Wagon,Full,Right Turn,3.0,2 Metropolitan,2,4,Wednesday,08:55 am,60,Cross Road,Straight road,Level,Dry,Not Raining,Daylight,Right Turn,Traffic Signals
2018-6519-15/08/2019,2,2,Passenger,Male,002,Rear Seat Right Passenger,Not Thrown Out,Treated at Hospital,Child Restraint - Worn,Station Wagon,Full,Right Turn,3.0,2 Metropolitan,2,4,Wednesday,08:55 am,60,Cross Road,Straight road,Level,Dry,Not Raining,Daylight,Right Turn,Traffic Signals
2018-6519-15/08/2019,2,3,Passenger,Male,004,Rear Seat Left Passenger,Not Thrown Out,Treated at Hospital,Child Restraint - Worn,Station Wagon,Full,Right Turn,3.0,2 Metropolitan,2,4,Wednesday,08:55 am,60,Cross Road,Straight road,Level,Dry,Not Raining,Daylight,Right Turn,Traffic Signals
2018-6520-15/08/2019,1,1,Driver,Male,035,Driver,Not Thrown Out,Treated at Hospital,Fitted - Worn,Motor Cars - Sedan,Full,Stopped on Carriageway,1.0,2 Metropolitan,2,1,Wednesday,08:10 am,60,Divided Road,Straight road,Level,Dry,Not Raining,Daylight,Rear End,No Control
2018-6521-15/08/2019,2,1,Rider,Female,058,,,Treated at Hospital,,Pedal Cycle,,Straight Ahead,1.0,2 Metropolitan,2,1,Wednesday,07:45 am,50,Cross Road,Straight road,Slope,Dry,Not Raining,Daylight,Right Angle,Roundabout
2018-6522-15/08/2019,1,1,Driver,Male,027,Driver,Not Thrown Out,By Private,Fitted - Worn,Utility,Provisional 2,Straight Ahead,1.0,2 Metropolitan,2,1,Tuesday,02:10 pm,60,Cross Road,"CURVED, VIEW OPEN",Level,Dry,Not Raining,Daylight,Right Angle,Roundabout
2018-6524-15/08/2019,1,1,Passenger,Female,022,Front Seat Left Passenger,Not Thrown Out,By Private,Fitted - Worn,Motor Cars - Sedan,Full,Stopped on Carriageway,2.0,2 Metropolitan,2,1,Friday,06:05 pm,60,Cross Road,Straight road,Level,Dry,Not Raining,Night,Rear End,Roundabout
2018-6525-15/08/2019,1,1,Driver,Male,068,Driver,Not Thrown Out,By Private,Fitted - Worn,Motor Cars - Sedan,Full,Right Turn,1.0,3 Country,2,1,Wednesday,10:30 am,50,T-Junction,Straight road,Level,Dry,Not Raining,Daylight,Right Angle,No Control
2018-6526-15/08/2019,2,1,Driver,Female,051,Driver,Not Thrown Out,By Private,Fitted - Worn,Motor Cars - Sedan,Full,Stopped on Carriageway,1.0,2 Metropolitan,3,1,Wednesday,11:00 am,60,T-Junction,Straight road,Level,Dry,Not Raining,Daylight,Rear End,Traffic Signals
2018-6531-15/08/2019,1,1,Driver,Female,020,Driver,Not Thrown Out,Treated at Hospital,Fitted - Worn,Motor Vehicle - Type Unknown,Provisional 2,Straight Ahead,1.0,3 Country,2,1,Wednesday,12:30 pm,110,Not Divided,Straight road,Level,Dry,Not Raining,Daylight,Hit Fixed Object,No Control