REPORT_ID,UND_UNIT_NUMBER,CASUALTY_NUMBER,Casualty Type,Sex_x,AGE,Position In Veh,Thrown Out,Injury Extent,Seat Belt,Unit Type,Licence Type,Unit Movement,Number Occupants,Stats Area,Total Units,Total Cas,Day,Time,Area Speed,Position Type,Horizontal Align,Vertical Align,Moisture Cond,Weather Cond,DayNight,Crash Type,Traffic Ctrls
2018-6709-15/08/2019,1,2,Passenger,Female,030,Front Seat Left Passenger,Not Thrown Out,By Private,Fitted - Worn,Motor Cars - Sedan,Full,Stopped on Carriageway,2.0,2 Metropolitan,2,2,Monday,08:10 am,80,T-Junction,Straight road,Slope,Dry,Not Raining,Daylight,Rear End,Traffic Signals
2018-6710-15/08/2019,1,1,Driver,Female,023,Driver,Not Thrown Out,By Private,Fitted - Worn,Station Wagon,Full,Stopped on Carriageway,1.0,2 Metropolitan,2,1,Sunday,05:05 pm,90,Divided Road,Straight road,Level,Dry,Not Raining,Daylight,Rear End,No Control
2018-6713-15/08/2019,1,1,Driver,Female,055,Driver,Not Thrown Out,Treated at Hospital,Fitted - Worn,Motor Cars - Sedan,Full,Straight Ahead,3.0,3 Country,2,4,Monday,02:06 pm,60,Cross Road,Straight road,Level,Dry,Not Raining,Daylight,Right Angle,Traffic Signals
2018-6713-15/08/2019,1,2,Passenger,Male,004,Rear Seat Left Passenger,Not Thrown Out,Treated at Hospital,Fitted - Worn,Motor Cars - Sedan,Full,Straight Ahead,3.0,3 Country,2,4,Monday,02:06 pm,60,Cross Road,Straight road,Level,Dry,Not Raining,Daylight,Right Angle,Traffic Signals
2018-6713-15/08/2019,1,3,Passenger,Male,011,Front Seat Left Passenger,Not Thrown Out,Treated at Hospital,Fitted - Worn,Motor Cars - Sedan,Full,Straight Ahead,3.0,3 Country,2,4,Monday,02:06 pm,60,Cross Road,Straight road,Level,Dry,Not Raining,Daylight,Right Angle,Traffic Signals
2018-6713-15/08/2019,2,1,Driver,Male,028,Driver,Not Thrown Out,Treated at Hospital,Fitted - Worn,Motor Cars - Sedan,Full,Straight Ahead,1.0,3 Country,2,4,Monday,02:06 pm,60,Cross Road,Straight road,Level,Dry,Not Raining,Daylight,Right Angle,Traffic Signals
2018-6714-15/08/2019,1,1,Driver,Female,070,Driver,Not Thrown Out,Treated at Hospital,Fitted - Worn,Motor Cars - Sedan,Full,Straight Ahead,1.0,2 Metropolitan,5,1,Monday,01:30 pm,50,T-Junction,Straight road,Level,Dry,Not Raining,Daylight,Hit Fixed Object,No Control
2018-6717-15/08/2019,1,1,Driver,Female,022,Driver,Not Thrown Out,Treated at Hospital,Fitted - Worn,Motor Cars - Sedan,Full,Right Turn,2.0,2 Metropolitan,2,1,Monday,02:40 pm,60,Cross Road,Straight road,Level,Dry,Not Raining,Daylight,Right Angle,Traffic Signals
2018-6718-15/08/2019,1,1,Driver,Male,086,Driver,Not Thrown Out,Treated at Hospital,Fitted - Worn,Motor Cars - Sedan,Full,Straight Ahead,1.0,3 Country,4,1,Monday,01:34 pm,50,Cross Road,Straight road,Level,Dry,Not Raining,Daylight,Right Angle,Roundabout
2018-6721-15/08/2019,1,1,Driver,Male,020,Driver,Not Thrown Out,Treated at Hospital,Fitted - Worn,Motor Cars - Sedan,Full,Right Turn,1.0,2 Metropolitan,2,1,Monday,04:28 pm,50,T-Junction,Straight road,Level,Dry,Not Raining,Daylight,Hit Fixed Object,No Control
2018-6723-15/08/2019,2,1,Pedestrian,Female,012,,,Admitted to Hospital,,Pedestrian on Road,,Crossing without Control,,2 Metropolitan,2,1,Monday,03:10 pm,50,Not Divided,Straight road,Level,Dry,Not Raining,Daylight,Hit Pedestrian,No Control
2018-6726-15/08/2019,2,1,Pedestrian,Female,004,,,Treated at Hospital,,Pedestrian on Road,,Crossing without Control,,2 Metropolitan,2,1,Monday,02:00 pm,50,Not Divided,Straight road,Level,Dry,Not Raining,Daylight,Hit Pedestrian,No Control
2018-6728-15/08/2019,1,1,Driver,Male,XXX,Driver,Not Thrown Out,Treated at Hospital,Fitted - Worn,Panel Van,Full,Left Turn,1.0,2 Metropolitan,2,1,Monday,06:11 pm,60,T-Junction,Straight road,Slope,Dry,Not Raining,Night,Right Angle,No Control
2018-6730-15/08/2019,1,1,Driver,Male,050,Driver,Not Thrown Out,Treated at Hospital,Fitted - Unknown if Worn,RIGID TRUCK LGE GE 4.5T,Unknown,Straight Ahead,1.0,3 Country,1,1,Monday,06:00 pm,50,Not Divided,"CURVED, VIEW OPEN",Level,Dry,Not Raining,Night,Roll Over,No Control
2018-6732-15/08/2019,1,1,Driver,Male,025,Driver,Not Thrown Out,By Private,Fitted - Unknown if Worn,Station Wagon,Unknown,Straight Ahead,1.0,2 Metropolitan,3,1,Monday,10:28 pm,60,Not Divided,Straight road,Level,Dry,Not Raining,Night,Hit Parked Vehicle,No Control
2018-6734-15/08/2019,1,1,Driver,Male,XXX,Driver,Not Thrown Out,Treated at Hospital,Fitted - Worn,Station Wagon,Full,Straight Ahead,1.0,2 Metropolitan,3,1,Tuesday,04:10 am,50,Not Divided,Straight road,Level,Dry,Not Raining,Night,Hit Parked Vehicle,No Control
2018-6736-15/08/2019,2,1,Driver,Male,045,Driver,Not Thrown Out,Treated at Hospital,Fitted - Worn,Station Wagon,Full,Straight Ahead,1.0,2 Metropolitan,2,1,Tuesday,07:58 am,60,T-Junction,Straight road,Level,Dry,Not Raining,Daylight,Right Angle,Give Way Sign
2018-6738-15/08/2019,1,1,Driver,Male,051,Driver,Not Thrown Out,By Private,Fitted - Worn,SEMI TRAILER,Full,Stopped on Carriageway,2.0,2 Metropolitan,2,1,Tuesday,07:30 am,90,Divided Road,Straight road,Level,Dry,Not Raining,Daylight,Rear End,No Control
2018-6740-15/08/2019,2,1,Driver,Male,039,Driver,Not Thrown Out,By Private,Fitted - Worn,Panel Van,Full,Stopped on Carriageway,2.0,2 Metropolitan,3,1,Tuesday,08:50 am,50,Not Divided,Straight road,Level,Dry,Not Raining,Daylight,Rear End,No Control
2018-6744-15/08/2019,2,1,Rider,Female,025,,Thrown Out,Treated at Hospital,,Pedal Cycle,,Straight Ahead,1.0,2 Metropolitan,2,1,Tuesday,09:05 am,50,T-Junction,Straight road,Level,Dry,Not Raining,Daylight,Right Angle,Give Way Sign
2018-6746-15/08/2019,1,1,Driver,Male,056,Driver,Not Thrown Out,Treated at Hospital,Fitted - Worn,Station Wagon,Full,Straight Ahead,3.0,3 Country,2,4,Monday,09:30 am,110,T-Junction,"CURVED, VIEW OPEN",Slope,Dry,Not Raining,Daylight,Right Angle,No Control
2018-6746-15/08/2019,1,2,Passenger,Female,085,Rear Seat Right Passenger,Not Thrown Out,Treated at Hospital,Fitted - Worn,Station Wagon,Full,Straight Ahead,3.0,3 Country,2,4,Monday,09:30 am,110,T-Junction,"CURVED, VIEW OPEN",Slope,Dry,Not Raining,Daylight,Right Angle,No Control
2018-6746-15/08/2019,1,3,Passenger,Female,049,Front Seat Left Passenger,Not Thrown Out,Treated at Hospital,Fitted - Worn,Station Wagon,Full,Straight Ahead,3.0,3 Country,2,4,Monday,09:30 am,110,T-Junction,"CURVED, VIEW OPEN",Slope,Dry,Not Raining,Daylight,Right Angle,No Control
2018-6746-15/08/2019,2,1,Driver,Male,065,Driver,Not Thrown Out,Treated at Hospital,Fitted - Worn,Utility,Full,Right Turn,1.0,3 Country,2,4,Monday,09:30 am,110,T-Junction,"CURVED, VIEW OPEN",Slope,Dry,Not Raining,Daylight,Right Angle,No Control
2018-6751-15/08/2019,1,1,Rider,Male,041,Rider of Motorcycle,Thrown Out,By Private,,Motor Cycle,Full,Leaving Private Driveway,1.0,2 Metropolitan,2,1,Tuesday,11:30 am,50,Not Divided,Straight road,Level,Dry,Not Raining,Daylight,Hit Parked Vehicle,No Control
2018-6753-15/08/2019,2,1,Rider,Male,047,,Thrown Out,Admitted to Hospital,,Pedal Cycle,,Straight Ahead,1.0,2 Metropolitan,2,1,Monday,05:30 pm,50,Cross Road,Straight road,Level,Dry,Not Raining,Night,Right Angle,Roundabout
2018-6754-15/08/2019,1,1,Passenger,Female,048,Front Seat Left Passenger,Not Thrown Out,By Private,Fitted - Worn,Motor Cars - Sedan,Provisional 2,Right Turn,2.0,2 Metropolitan,2,1,Tuesday,12:00 pm,50,Cross Road,Straight road,Slope,Dry,Not Raining,Daylight,Side Swipe,Stop Sign
2018-6756-15/08/2019,1,1,Driver,Female,037,Driver,Not Thrown Out,Treated at Hospital,Fitted - Worn,Motor Cars - Sedan,Full,Straight Ahead,1.0,2 Metropolitan,2,1,Saturday,11:55 am,60,Not Divided,Straight road,Level,Dry,Not Raining,Daylight,Side Swipe,No Control
2018-6757-15/08/2019,3,1,Driver,Female,XXX,Driver,Not Thrown Out,By Private,Fitted - Worn,Motor Cars - Sedan,Full,Straight Ahead,1.0,2 Metropolitan,3,1,Tuesday,02:00 pm,60,Cross Road,Straight road,Level,Dry,Not Raining,Daylight,Side Swipe,Traffic Signals
2018-6758-15/08/2019,1,1,Driver,Female,019,Driver,Not Thrown Out,Treated at Hospital,Fitted - Worn,Motor Cars - Sedan,Provisional 2,Straight Ahead,1.0,2 Metropolitan,2,1,Monday,10:00 am,80,Not Divided,"CURVED, VIEW OPEN",Slope,Dry,Not Raining,Daylight,Hit Fixed Object,No Control
2018-6759-15/08/2019,1,1,Driver,Male,019,Driver,Not Thrown Out,Treated at Hospital,Fitted - Worn,Motor Cars - Sedan,Provisional 1 ,Straight Ahead,2.0,2 Metropolitan,2,2,Tuesday,03:20 pm,50,Not Divided,Straight road,Slope,Dry,Not Raining,Daylight,Rear End,No Control
2018-6759-15/08/2019,2,1,Driver,Male,067,Driver,Not Thrown Out,Treated at Hospital,Fitted - Worn,Station Wagon,Full,Stopped on Carriageway,1.0,2 Metropolitan,2,2,Tuesday,03:20 pm,50,Not Divided,Straight road,Slope,Dry,Not Raining,Daylight,Rear End,No Control
2018-6762-15/08/2019,1,1,Driver,Female,XXX,Driver,Not Thrown Out,Treated at Hospital,Fitted - Worn,Motor Cars - Sedan,Provisional 1 ,Right Turn,3.0,2 Metropolitan,2,7,Tuesday,03:30 pm,50,Cross Road,Straight road,Slope,Dry,Not Raining,Daylight,Right Angle,Roundabout
2018-6762-15/08/2019,1,2,Passenger,Male,XXX,Rear Seat Left Passenger,Not Thrown Out,Treated at Hospital,Child Restraint - Worn,Motor Cars - Sedan,Provisional 1 ,Right Turn,3.0,2 Metropolitan,2,7,Tuesday,03:30 pm,50,Cross Road,Straight road,Slope,Dry,Not Raining,Daylight,Right Angle,Roundabout
2018-6762-15/08/2019,1,3,Passenger,Female,006,Front Seat Left Passenger,Not Thrown Out,Treated at Hospital,Fitted - Unknown if Worn,Motor Cars - Sedan,Provisional 1 ,Right Turn,3.0,2 Metropolitan,2,7,Tuesday,03:30 pm,50,Cross Road,Straight road,Slope,Dry,Not Raining,Daylight,Right Angle,Roundabout
2018-6762-15/08/2019,2,1,Driver,Female,025,Driver,Not Thrown Out,Treated at Hospital,Fitted - Worn,Station Wagon,Full,Straight Ahead,4.0,2 Metropolitan,2,7,Tuesday,03:30 pm,50,Cross Road,Straight road,Slope,Dry,Not Raining,Daylight,Right Angle,Roundabout
2018-6762-15/08/2019,2,2,Passenger,Male,005,Rear Seat Left Passenger,Not Thrown Out,Treated at Hospital,Fitted - Worn,Station Wagon,Full,Straight Ahead,4.0,2 Metropolitan,2,7,Tuesday,03:30 pm,50,Cross Road,Straight road,Slope,Dry,Not Raining,Daylight,Right Angle,Roundabout
2018-6762-15/08/2019,2,3,Passenger,Male,003,Rear Seat Right Passenger,Not Thrown Out,Treated at Hospital,Fitted - Worn,Station Wagon,Full,Straight Ahead,4.0,2 Metropolitan,2,7,Tuesday,03:30 pm,50,Cross Road,Straight road,Slope,Dry,Not Raining,Daylight,Right Angle,Roundabout
2018-6762-15/08/2019,2,4,Passenger,Male,001,Rear Seat Middle Passenger,Not Thrown Out,Treated at Hospital,Fitted - Worn,Station Wagon,Full,Straight Ahead,4.0,2 Metropolitan,2,7,Tuesday,03:30 pm,50,Cross Road,Straight road,Slope,Dry,Not Raining,Daylight,Right Angle,Roundabout
2018-6765-15/08/2019,1,1,Driver,Female,026,Driver,Not Thrown Out,Treated at Hospital,Fitted - Worn,Motor Cars - Sedan,Full,Straight Ahead,1.0,2 Metropolitan,2,1,Tuesday,05:00 pm,60,Cross Road,Straight road,Level,Dry,Not Raining,Daylight,Right Turn,Traffic Signals
2018-6767-15/08/2019,1,1,Driver,Female,085,Driver,Not Thrown Out,Treated at Hospital,Fitted - Worn,Motor Cars - Sedan,Full,Straight Ahead,1.0,2 Metropolitan,2,1,Tuesday,06:05 pm,50,Divided Road,"CURVED, VIEW OPEN",Level,Dry,Not Raining,Night,Hit Fixed Object,No Control
2018-6768-15/08/2019,1,1,Driver,Female,055,Driver,Not Thrown Out,By Private,Fitted - Worn,Motor Cars - Sedan,Full,Entering Private Driveway,1.0,2 Metropolitan,2,1,Tuesday,02:25 pm,60,Divided Road,Straight road,Level,Dry,Not Raining,Daylight,Rear End,No Control
2018-6769-15/08/2019,2,1,Driver,Female,XXX,Driver,Not Thrown Out,By Private,Fitted - Worn,Motor Cars - Sedan,Full,Straight Ahead,1.0,2 Metropolitan,2,1,Tuesday,02:50 pm,50,Not Divided,Straight road,Level,Dry,Not Raining,Daylight,Side Swipe,No Control
2018-6772-15/08/2019,2,1,Driver,Male,044,Driver,Not Thrown Out,Treated at Hospital,Fitted - Worn,Motor Cars - Sedan,Full,Straight Ahead,3.0,2 Metropolitan,2,3,Tuesday,05:00 pm,80,Cross Road,Straight road,Level,Dry,Not Raining,Daylight,Rear End,Traffic Signals
2018-6772-15/08/2019,2,2,Passenger,Male,010,Rear Seat Right Passenger,Not Thrown Out,Treated at Hospital,Fitted - Worn,Motor Cars - Sedan,Full,Straight Ahead,3.0,2 Metropolitan,2,3,Tuesday,05:00 pm,80,Cross Road,Straight road,Level,Dry,Not Raining,Daylight,Rear End,Traffic Signals
2018-6772-15/08/2019,2,3,Passenger,Female,044,Front Seat Left Passenger,Not Thrown Out,Treated at Hospital,Fitted - Worn,Motor Cars - Sedan,Full,Straight Ahead,3.0,2 Metropolitan,2,3,Tuesday,05:00 pm,80,Cross Road,Straight road,Level,Dry,Not Raining,Daylight,Rear End,Traffic Signals
2018-6774-15/08/2019,2,1,Pedestrian,Male,052,,,Treated at Hospital,,Pedestrian on Road,,On Pedestrian Crossing,,2 Metropolitan,2,1,Tuesday,07:00 pm,50,Not Divided,Straight road,Level,Dry,Not Raining,Night,Hit Pedestrian,No Control
2018-6776-15/08/2019,1,1,Driver,Female,055,Driver,Not Thrown Out,Treated at Hospital,Fitted - Worn,Motor Cars - Sedan,Full,Straight Ahead,3.0,3 Country,2,1,Tuesday,06:55 pm,50,T-Junction,Straight road,Level,Dry,Not Raining,Night,Rear End,No Control
2018-6778-15/08/2019,1,1,Driver,Female,031,Driver,Not Thrown Out,By Private,Fitted - Worn,Motor Cars - Sedan,Full,Straight Ahead,1.0,2 Metropolitan,2,1,Wednesday,06:00 am,80,Not Divided,Straight road,Level,Dry,Not Raining,Night,Hit Fixed Object,No Control
2018-6783-15/08/2019,2,1,Driver,Male,060,Driver,Not Thrown Out,By Private,Fitted - Worn,Motor Cars - Sedan,Full,Stopped on Carriageway,1.0,2 Metropolitan,3,1,Tuesday,07:40 pm,60,T-Junction,Straight road,Level,Dry,Not Raining,Night,Rear End,No Control
2018-6784-15/08/2019,1,1,Pedestrian,Female,019,,,By Private,,Pedestrian on Road,,On Pedestrian Crossing,,2 Metropolitan,2,1,Tuesday,03:00 pm,50,Pedestrian Crossing,Straight road,Level,Dry,Not Raining,Daylight,Hit Pedestrian,No Control
2018-6786-15/08/2019,1,1,Rider,Female,062,,Not Thrown Out,Treated at Hospital,,Pedal Cycle,,Straight Ahead,1.0,2 Metropolitan,1,1,Wednesday,11:44 am,50,Not Divided,Straight road,Level,Dry,Not Raining,Daylight,Roll Over,No Control
2018-6791-15/08/2019,1,1,Driver,Female,059,Driver,Not Thrown Out,Treated at Hospital,Fitted - Worn,Motor Cars - Sedan,Full,Straight Ahead,1.0,2 Metropolitan,2,1,Wednesday,04:00 pm,80,Divided Road,Straight road,Level,Dry,Not Raining,Daylight,Side Swipe,No Control
2018-6793-15/08/2019,2,1,Rider,Male,034,,,Treated at Hospital,,Pedal Cycle,,Straight Ahead,1.0,2 Metropolitan,2,1,Wednesday,04:40 pm,60,Cross Road,Straight road,Level,Dry,Not Raining,Daylight,Right Angle,Roundabout
2018-6805-15/08/2019,1,1,Driver,Female,069,Driver,Not Thrown Out,Treated at Hospital,Fitted - Worn,Panel Van,Full,Overtaking - on Right,1.0,2 Metropolitan,3,1,Thursday,09:20 am,50,T-Junction,Straight road,Level,Dry,Not Raining,Daylight,Side Swipe,No Control
2018-6807-15/08/2019,1,1,Rider,Male,016,,,By Private,,Pedal Cycle,,Straight Ahead,1.0,2 Metropolitan,3,1,Tuesday,08:30 am,50,Not Divided,Straight road,Level,Dry,Not Raining,Daylight,Side Swipe,No Control
2018-6809-15/08/2019,2,1,Driver,Female,088,Driver,Not Thrown Out,Treated at Hospital,Fitted - Worn,Motor Cars - Sedan,Full,Straight Ahead,1.0,3 Country,2,1,Sunday,11:40 am,50,Cross Road,Straight road,Level,Dry,Not Raining,Daylight,Right Angle,Give Way Sign
2018-6814-15/08/2019,1,1,Passenger,Female,034,Rear Seat Right Passenger,Not Thrown Out,Treated at Hospital,Fitted - Worn,Motor Cars - Sedan,Full,Stopped on Carriageway,3.0,2 Metropolitan,2,1,Wednesday,06:48 pm,60,T-Junction,"CURVED, VIEW OPEN",Slope,Dry,Not Raining,Night,Rear End,Give Way Sign
2018-6817-15/08/2019,1,1,Driver,Male,033,Driver,Not Thrown Out,Treated at Hospital,Fitted - Not Worn,Motor Cars - Sedan,Full,Straight Ahead,1.0,3 Country,2,1,Thursday,02:38 pm,90,Not Divided,Straight road,Slope,Dry,Not Raining,Daylight,Hit Fixed Object,No Control
2018-6821-15/08/2019,1,1,Driver,Female,031,Driver,Not Thrown Out,By Private,Fitted - Worn,Motor Cars - Sedan,Full,Straight Ahead,2.0,1 City,2,2,Thursday,12:41 pm,50,Not Divided,Straight road,Level,Dry,Not Raining,Daylight,Side Swipe,No Control
2018-6821-15/08/2019,1,2,Passenger,Female,058,Front Seat Left Passenger,Not Thrown Out,By Private,Fitted - Worn,Motor Cars - Sedan,Full,Straight Ahead,2.0,1 City,2,2,Thursday,12:41 pm,50,Not Divided,Straight road,Level,Dry,Not Raining,Daylight,Side Swipe,No Control
2018-6824-15/08/2019,1,1,Pedestrian,Female,059,,,By Private,,Pedestrian on Road,,Crossing without Control,,2 Metropolitan,2,1,Thursday,01:00 pm,50,Cross Road,Straight road,Level,Dry,Not Raining,Daylight,Hit Pedestrian,Roundabout
2018-6828-15/08/2019,2,1,Driver,Male,050,Driver,Not Thrown Out,By Private,Fitted - Worn,Motor Cars - Sedan,Full,Stopped on Carriageway,1.0,2 Metropolitan,2,1,Thursday,07:10 pm,60,T-Junction,Straight road,Level,Dry,Not Raining,Night,Rear End,Traffic Signals
2018-6831-15/08/2019,1,1,Driver,Female,XXX,Driver,Not Thrown Out,Treated at Hospital,Fitted - Worn,Motor Cars - Sedan,Full,Straight Ahead,1.0,2 Metropolitan,2,1,Friday,01:40 am,80,Not Divided,"CURVED, VIEW OPEN",Slope,Wet,Raining,Night,Hit Object on Road,No Control
2018-6840-15/08/2019,3,1,Driver,Female,023,Driver,Not Thrown Out,Treated at Hospital,Fitted - Worn,Motor Cars - Sedan,Full,Straight Ahead,1.0,2 Metropolitan,3,1,Friday,08:00 am,60,T-Junction,"CURVED, VIEW OPEN",Level,Wet,Raining,Daylight,Right Angle,Give Way Sign
2018-6844-15/08/2019,1,1,Driver,Female,026,Driver,Not Thrown Out,By Private,Fitted - Worn,Utility,Full,Right Turn,1.0,2 Metropolitan,2,1,Friday,03:30 pm,50,T-Junction,Straight road,Level,Dry,Not Raining,Daylight,Right Angle,No Control
2018-6846-15/08/2019,1,1,Driver,Female,018,Driver,Not Thrown Out,Treated at Hospital,Fitted - Worn,Motor Cars - Sedan,Provisional 1 ,Swerving,1.0,3 Country,2,1,Thursday,06:00 pm,100,Not Divided,"CURVED, VIEW OBSCURED",Level,Wet,Unknown,Night,Roll Over,No Control
2018-6849-15/08/2019,1,1,Driver,Male,086,Driver,Not Thrown Out,Treated at Hospital,Fitted - Worn,Motor Cars - Sedan,Full,Right Turn,2.0,2 Metropolitan,2,1,Friday,10:25 am,60,T-Junction,Straight road,Level,Dry,Not Raining,Daylight,Hit Fixed Object,No Control
2018-6851-15/08/2019,1,1,Driver,Male,067,Driver,Not Thrown Out,By Private,Fitted - Worn,Station Wagon,Full,Straight Ahead,1.0,2 Metropolitan,2,1,Friday,10:50 am,60,Divided Road,Straight road,Level,Dry,Not Raining,Daylight,Rear End,No Control
2018-6854-15/08/2019,1,1,Driver,Female,019,Driver,Not Thrown Out,Admitted to Hospital,Fitted - Worn,Motor Cars - Sedan,Provisional 2,Straight Ahead,1.0,3 Country,2,1,Friday,08:30 am,100,Not Divided,"CURVED, VIEW OBSCURED",Crest of Hill,Wet,Not Raining,Daylight,Hit Fixed Object,No Control
2018-6855-15/08/2019,1,1,Driver,Female,023,Driver,Not Thrown Out,Treated at Hospital,Fitted - Worn,Motor Cars - Sedan,Full,Stopped on Carriageway,3.0,2 Metropolitan,2,1,Friday,01:24 pm,50,Not Divided,Straight road,Level,Wet,Not Raining,Daylight,Rear End,No Control
2018-6857-15/08/2019,2,1,Driver,Male,060,Driver,Not Thrown Out,Treated at Hospital,Fitted - Worn,Motor Cars - Sedan,Full,Right Turn,1.0,2 Metropolitan,2,1,Friday,01:50 pm,60,T-Junction,Straight road,Level,Dry,Not Raining,Daylight,Right Angle,No Control
2018-6858-15/08/2019,1,1,Passenger,Male,084,Front Seat Left Passenger,Not Thrown Out,By Private,Fitted - Worn,Motor Cars - Sedan,Full,Straight Ahead,2.0,2 Metropolitan,2,1,Friday,12:15 pm,60,Cross Road,Straight road,Level,Dry,Not Raining,Daylight,Right Angle,Traffic Signals
2018-6859-15/08/2019,1,1,Driver,Male,020,Driver,Not Thrown Out,Treated at Hospital,Fitted - Worn,Motor Cars - Sedan,Provisional 2,Straight Ahead,1.0,2 Metropolitan,2,1,Thursday,11:45 pm,60,Cross Road,Straight road,Level,Wet,Raining,Night,Right Turn,Traffic Signals
2018-6861-15/08/2019,1,1,Driver,Male,022,Driver,Not Thrown Out,Treated at Hospital,Fitted - Worn,Station Wagon,Full,Straight Ahead,1.0,2 Metropolitan,2,1,Thursday,05:45 pm,50,Not Divided,Straight road,Level,Dry,Not Raining,Night,Hit Fixed Object,No Control
2018-6865-15/08/2019,2,1,Pedestrian,Female,029,,,Treated at Hospital,,Pedestrian on Footpath/Carpark,,Walking on Footpath,,2 Metropolitan,2,1,Friday,01:10 pm,60,Divided Road,Straight road,Level,Dry,Not Raining,Daylight,Hit Pedestrian,No Control
2018-6866-15/08/2019,2,1,Passenger,Female,078,Front Seat Left Passenger,Not Thrown Out,Treated at Hospital,Fitted - Worn,Motor Cars - Sedan,Full,Straight Ahead,2.0,2 Metropolitan,2,1,Friday,04:10 pm,40,Cross Road,Straight road,Level,Dry,Not Raining,Daylight,Right Turn,Traffic Signals
2018-6870-15/08/2019,1,1,Driver,Female,030,Driver,Not Thrown Out,Treated at Hospital,Fitted - Worn,Motor Cars - Sedan,Full,Stopped on Carriageway,1.0,2 Metropolitan,2,1,Friday,05:00 pm,60,Cross Road,Straight road,Level,Dry,Not Raining,Daylight,Rear End,Traffic Signals
2018-6873-15/08/2019,2,1,Pedestrian,Male,054,,,Admitted to Hospital,,Pedestrian on Road,,Crossing without Control,,2 Metropolitan,2,1,Friday,05:30 pm,60,Pedestrian Crossing,Straight road,Level,Dry,Not Raining,Night,Hit Pedestrian,Traffic Signals
2018-6874-15/08/2019,2,1,Driver,Female,053,Driver,Not Thrown Out,Treated at Hospital,Fitted - Worn,Motor Cars - Sedan,Full,Right Turn,1.0,2 Metropolitan,2,1,Friday,03:51 pm,60,Cross Road,Straight road,Level,Dry,Not Raining,Daylight,Right Turn,Traffic Signals
2018-6875-15/08/2019,2,1,Rider,Male,041,Rider of Motorcycle,Thrown Out,By Private,,Scooter,Full,Straight Ahead,1.0,1 City,2,1,Friday,06:00 pm,50,Cross Road,Straight road,Level,Dry,Not Raining,Night,Right Turn,Traffic Signals
2018-6878-15/08/2019,2,1,Passenger,Female,045,Front Seat Left Passenger,Not Thrown Out,Treated at Hospital,Fitted - Worn,Station Wagon,Full,Straight Ahead,2.0,2 Metropolitan,2,1,Friday,06:29 pm,90,Not Divided,Straight road,Level,Dry,Not Raining,Night,Side Swipe,No Control
2018-6879-15/08/2019,1,1,Driver,Female,030,Driver,Not Thrown Out,By Private,Fitted - Worn,Motor Cars - Sedan,Full,Straight Ahead,1.0,2 Metropolitan,2,1,Saturday,11:30 am,60,Divided Road,Straight road,Slope,Dry,Not Raining,Daylight,Rear End,No Control
2018-6880-15/08/2019,1,1,Driver,Female,073,Driver,Not Thrown Out,Treated at Hospital,Fitted - Worn,Motor Cars - Sedan,Full,Straight Ahead,1.0,3 Country,1,1,Friday,08:40 pm,100,Not Divided,Straight road,Level,Dry,Not Raining,Night,Roll Over,No Control
2018-6892-15/08/2019,1,1,Driver,Male,025,Driver,Not Thrown Out,Treated at Hospital,Fitted - Worn,Motor Cars - Sedan,Full,Straight Ahead,1.0,2 Metropolitan,2,1,Thursday,09:50 pm,60,Cross Road,Straight road,Level,Wet,Not Raining,Night,Right Angle,Roundabout
2018-6893-15/08/2019,1,1,Driver,Female,056,Driver,Not Thrown Out,Treated at Hospital,Fitted - Worn,Station Wagon,Full,Straight Ahead,1.0,3 Country,1,1,Saturday,06:30 am,80,Not Divided,"CURVED, VIEW OBSCURED",Level,Wet,Raining,Night,Roll Over,No Control
2018-6896-15/08/2019,1,1,Rider,Male,052,Rider of Motorcycle,Thrown Out,Treated at Hospital,,Motor Cycle,Full,Overtaking - on Right,1.0,2 Metropolitan,3,1,Saturday,10:05 am,100,Not Divided,Straight road,Level,Wet,Raining,Daylight,Side Swipe,No Control
2018-6900-15/08/2019,1,1,Passenger,Female,060,Rear Seat Right Passenger,Not Thrown Out,Treated at Hospital,Fitted - Unknown if Worn,Utility,Full,Stopped on Carriageway,3.0,2 Metropolitan,2,1,Saturday,02:21 pm,70,Divided Road,Straight road,Level,Wet,Raining,Daylight,Rear End,No Control
2018-6907-15/08/2019,1,1,Rider,Male,041,Rider of Motorcycle,Thrown Out,By Private,,Motor Cycle,Full,Swerving,1.0,2 Metropolitan,1,1,Saturday,03:00 pm,25,Cross Road,Straight road,Level,Wet,Raining,Daylight,Roll Over,Traffic Signals
2018-6910-15/08/2019,1,1,Driver,Male,055,Driver,Not Thrown Out,Treated at Hospital,Fitted - Worn,Motor Cars - Sedan,Provisional 1 ,Straight Ahead,2.0,2 Metropolitan,2,2,Saturday,04:06 pm,60,Not Divided,Straight road,Level,Dry,Not Raining,Daylight,Hit Fixed Object,No Control
2018-6910-15/08/2019,1,2,Passenger,Male,044,Front Seat Left Passenger,Not Thrown Out,Treated at Hospital,Fitted - Worn,Motor Cars - Sedan,Provisional 1 ,Straight Ahead,2.0,2 Metropolitan,2,2,Saturday,04:06 pm,60,Not Divided,Straight road,Level,Dry,Not Raining,Daylight,Hit Fixed Object,No Control
2018-6911-15/08/2019,1,1,Driver,Female,049,Driver,Not Thrown Out,By Private,Fitted - Worn,Station Wagon,Full,Stopped on Carriageway,1.0,2 Metropolitan,2,1,Friday,01:00 pm,60,Not Divided,Straight road,Level,Wet,Not Raining,Daylight,Rear End,No Control