REPORT_ID,UND_UNIT_NUMBER,CASUALTY_NUMBER,Casualty Type,Sex_x,AGE,Position In Veh,Thrown Out,Injury Extent,Seat Belt,Unit Type,Licence Type,Unit Movement,Number Occupants,Stats Area,Total Units,Total Cas,Day,Time,Area Speed,Position Type,Horizontal Align,Vertical Align,Moisture Cond,Weather Cond,DayNight,Crash Type,Traffic Ctrls
2018-6915-15/08/2019,1,1,Driver,Male,042,Driver,Not Thrown Out,Treated at Hospital,Fitted - Not Worn,Motor Cars - Sedan,Unlicenced,Straight Ahead,2.0,3 Country,3,2,Saturday,11:17 pm,60,Not Divided,"CURVED, VIEW OPEN",Crest of Hill,Wet,Raining,Night,Hit Parked Vehicle,No Control
2018-6915-15/08/2019,1,2,Passenger,Male,039,Front Seat Left Passenger,Not Thrown Out,Treated at Hospital,Fitted - Not Worn,Motor Cars - Sedan,Unlicenced,Straight Ahead,2.0,3 Country,3,2,Saturday,11:17 pm,60,Not Divided,"CURVED, VIEW OPEN",Crest of Hill,Wet,Raining,Night,Hit Parked Vehicle,No Control
2018-6924-15/08/2019,3,1,Passenger,Female,027,Rear Seat Left Passenger,Not Thrown Out,Treated at Hospital,Fitted - Worn,Utility,Full,Stopped on Carriageway,3.0,2 Metropolitan,3,1,Sunday,11:00 am,60,T-Junction,Straight road,Level,Dry,Not Raining,Daylight,Rear End,No Control
2018-6930-15/08/2019,1,1,Driver,Male,082,Driver,Not Thrown Out,By Private,Fitted - Worn,Motor Cars - Sedan,Full,Straight Ahead,2.0,2 Metropolitan,2,1,Sunday,12:30 pm,60,Divided Road,Straight road,Level,Dry,Not Raining,Daylight,Rear End,No Control
2018-6937-15/08/2019,1,1,Driver,Male,070,Driver,Not Thrown Out,By Private,Fitted - Not Worn,Station Wagon,Full,Straight Ahead,2.0,2 Metropolitan,2,1,Sunday,04:00 pm,50,Cross Road,Straight road,Level,Dry,Not Raining,Daylight,Right Turn,Traffic Signals
2018-6938-15/08/2019,1,1,Passenger,Female,013,Rear Seat Right Passenger,Not Thrown Out,Treated at Hospital,Fitted - Worn,Motor Cars - Sedan,Learners,Straight Ahead,3.0,2 Metropolitan,2,1,Sunday,07:18 pm,60,Cross Road,Straight road,Level,Dry,Not Raining,Night,Right Angle,Roundabout
2018-6939-15/08/2019,1,1,Driver,Male,052,Driver,Not Thrown Out,Treated at Hospital,Fitted - Worn,Motor Cars - Sedan,Full,Straight Ahead,2.0,2 Metropolitan,2,1,Sunday,06:50 pm,60,T-Junction,Straight road,Level,Dry,Not Raining,Night,Right Angle,Stop Sign
2018-6940-15/08/2019,1,1,Driver,Female,XXX,Driver,Not Thrown Out,Admitted to Hospital,Fitted - Worn,Motor Vehicle - Type Unknown,Full,Straight Ahead,2.0,2 Metropolitan,2,2,Sunday,06:47 pm,60,Not Divided,Straight road,Level,Dry,Not Raining,Night,Hit Fixed Object,No Control
2018-6940-15/08/2019,1,2,Passenger,Male,030,Front Seat Left Passenger,Not Thrown Out,Admitted to Hospital,Fitted - Worn,Motor Vehicle - Type Unknown,Full,Straight Ahead,2.0,2 Metropolitan,2,2,Sunday,06:47 pm,60,Not Divided,Straight road,Level,Dry,Not Raining,Night,Hit Fixed Object,No Control
2018-6941-15/08/2019,1,1,Driver,Female,018,Driver,Not Thrown Out,Treated at Hospital,Fitted - Worn,Station Wagon,Provisional 2,Straight Ahead,1.0,3 Country,2,1,Sunday,10:30 pm,100,Not Divided,Straight road,Slope,Dry,Not Raining,Night,Hit Fixed Object,No Control
2018-6950-15/08/2019,2,1,Driver,Male,060,Driver,Not Thrown Out,Treated at Hospital,Fitted - Worn,Taxi Cab,Full,Straight Ahead,1.0,3 Country,2,1,Monday,10:25 am,50,Cross Road,Straight road,Level,Dry,Not Raining,Daylight,Right Angle,Stop Sign
2018-6951-15/08/2019,1,1,Driver,Female,017,Driver,Not Thrown Out,Treated at Hospital,Fitted - Worn,Motor Cars - Sedan,Provisional 1 ,Straight Ahead,2.0,2 Metropolitan,3,2,Sunday,10:40 pm,80,Not Divided,"CURVED, VIEW OPEN",Level,Dry,Not Raining,Night,Hit Fixed Object,No Control
2018-6951-15/08/2019,1,2,Passenger,Female,027,Front Seat Left Passenger,Not Thrown Out,Treated at Hospital,Fitted - Worn,Motor Cars - Sedan,Provisional 1 ,Straight Ahead,2.0,2 Metropolitan,3,2,Sunday,10:40 pm,80,Not Divided,"CURVED, VIEW OPEN",Level,Dry,Not Raining,Night,Hit Fixed Object,No Control
2018-6956-15/08/2019,2,1,Rider,Female,060,,Thrown Out,Treated at Hospital,,Pedal Cycle,,Straight Ahead,1.0,2 Metropolitan,2,1,Monday,02:20 pm,60,T-Junction,Straight road,Level,Dry,Not Raining,Daylight,Right Angle,No Control
2018-6958-15/08/2019,1,1,Pedestrian,Male,028,,,By Private,,Pedestrian on Road,,Crossing without Control,,2 Metropolitan,2,1,Wednesday,11:00 pm,60,T-Junction,Straight road,Level,Dry,Not Raining,Night,Hit Pedestrian,No Control
2018-6959-15/08/2019,1,1,Driver,Male,078,Driver,Not Thrown Out,Treated at Hospital,Fitted - Worn,Station Wagon,Full,Swerving,1.0,2 Metropolitan,2,1,Monday,02:50 pm,100,Interchange,Straight road,Level,Dry,Not Raining,Daylight,Hit Fixed Object,No Control
2018-6967-15/08/2019,1,1,Passenger,Female,022,Front Seat Left Passenger,Not Thrown Out,Treated at Hospital,Fitted - Worn,Motor Cars - Sedan,Full,Straight Ahead,2.0,2 Metropolitan,2,1,Friday,12:20 pm,50,Cross Road,"CURVED, VIEW OPEN",Level,Dry,Not Raining,Daylight,Right Angle,Roundabout
2018-6968-15/08/2019,1,1,Driver,Male,XXX,Driver,Not Thrown Out,Treated at Hospital,Fitted - Unknown if Worn,Motor Cars - Sedan,Full,Straight Ahead,1.0,2 Metropolitan,2,6,Monday,09:26 pm,90,Not Divided,"CURVED, VIEW OBSCURED",Slope,Dry,Not Raining,Night,Head On,No Control
2018-6968-15/08/2019,2,1,Driver,Female,026,Driver,Not Thrown Out,Treated at Hospital,Fitted - Worn,Station Wagon,Full,Straight Ahead,5.0,2 Metropolitan,2,6,Monday,09:26 pm,90,Not Divided,"CURVED, VIEW OBSCURED",Slope,Dry,Not Raining,Night,Head On,No Control
2018-6968-15/08/2019,2,2,Passenger,Male,037,Front Seat Left Passenger,Not Thrown Out,Treated at Hospital,Fitted - Worn,Station Wagon,Full,Straight Ahead,5.0,2 Metropolitan,2,6,Monday,09:26 pm,90,Not Divided,"CURVED, VIEW OBSCURED",Slope,Dry,Not Raining,Night,Head On,No Control
2018-6968-15/08/2019,2,3,Passenger,Male,001,Rear Seat Left Passenger,Not Thrown Out,Treated at Hospital,Fitted - Worn,Station Wagon,Full,Straight Ahead,5.0,2 Metropolitan,2,6,Monday,09:26 pm,90,Not Divided,"CURVED, VIEW OBSCURED",Slope,Dry,Not Raining,Night,Head On,No Control
2018-6968-15/08/2019,2,4,Passenger,Female,007,Rear Seat Middle Passenger,Not Thrown Out,Treated at Hospital,Fitted - Worn,Station Wagon,Full,Straight Ahead,5.0,2 Metropolitan,2,6,Monday,09:26 pm,90,Not Divided,"CURVED, VIEW OBSCURED",Slope,Dry,Not Raining,Night,Head On,No Control
2018-6968-15/08/2019,2,5,Passenger,Female,004,Rear Seat Right Passenger,Not Thrown Out,Treated at Hospital,Fitted - Worn,Station Wagon,Full,Straight Ahead,5.0,2 Metropolitan,2,6,Monday,09:26 pm,90,Not Divided,"CURVED, VIEW OBSCURED",Slope,Dry,Not Raining,Night,Head On,No Control
2018-6969-15/08/2019,1,1,Rider,Male,XXX,Rider of Motorcycle,Thrown Out,Treated at Hospital,,Motor Cycle,Learners,Straight Ahead,1.0,3 Country,1,1,Monday,04:28 pm,100,Not Divided,Straight road,Level,Dry,Not Raining,Daylight,Roll Over,No Control
2018-6971-15/08/2019,1,1,Driver,Male,036,Driver,Not Thrown Out,Treated at Hospital,Fitted - Worn,Motor Cars - Sedan,Unlicenced,Overtaking - on Right,1.0,2 Metropolitan,3,1,Monday,11:50 pm,60,Not Divided,"CURVED, VIEW OBSCURED",Slope,Dry,Not Raining,Night,Head On,No Control
2018-6972-15/08/2019,1,1,Driver,Male,025,Driver,Not Thrown Out,Admitted to Hospital,Fitted - Not Worn,Utility,Full,Straight Ahead,1.0,3 Country,2,1,Monday,11:45 pm,50,Not Divided,Straight road,Level,Dry,Not Raining,Night,Hit Fixed Object,No Control
2018-6973-15/08/2019,2,1,Driver,Male,063,Driver,Not Thrown Out,Treated at Hospital,Fitted - Worn,Motor Cars - Sedan,Full,Straight Ahead,1.0,2 Metropolitan,2,1,Tuesday,06:35 am,90,Divided Road,Straight road,Level,Dry,Not Raining,Night,Rear End,No Control
2018-6979-15/08/2019,2,1,Driver,Female,050,Driver,Not Thrown Out,By Private,Fitted - Worn,Motor Cars - Sedan,Full,Straight Ahead,1.0,2 Metropolitan,2,1,Tuesday,09:52 am,60,Not Divided,Straight road,Level,Dry,Not Raining,Daylight,Side Swipe,No Control
2018-6980-15/08/2019,1,1,Driver,Male,054,Driver,Not Thrown Out,By Private,Fitted - Worn,Motor Cars - Sedan,Full,Stopped on Carriageway,1.0,2 Metropolitan,2,1,Tuesday,09:45 am,60,Multiple,Straight road,Level,Dry,Not Raining,Daylight,Rear End,Traffic Signals
2018-6983-15/08/2019,2,1,Driver,Female,039,Driver,Not Thrown Out,Treated at Hospital,Fitted - Worn,Station Wagon,Full,Straight Ahead,1.0,2 Metropolitan,2,1,Tuesday,10:40 am,50,T-Junction,Straight road,Level,Dry,Not Raining,Daylight,Right Angle,No Control
2018-6984-15/08/2019,1,1,Driver,Male,XXX,Driver,Not Thrown Out,Treated at Hospital,Fitted - Worn,Motor Cars - Sedan,Full,Straight Ahead,1.0,2 Metropolitan,2,1,Tuesday,01:00 pm,90,Divided Road,Straight road,Level,Dry,Not Raining,Daylight,Hit Fixed Object,No Control
2018-6990-15/08/2019,1,1,Driver,Female,023,Driver,Not Thrown Out,Treated at Hospital,Fitted - Worn,Motor Cars - Sedan,Full,Stopped on Carriageway,2.0,2 Metropolitan,2,1,Thursday,11:30 am,60,Divided Road,Straight road,Level,Dry,Not Raining,Daylight,Rear End,No Control
2018-6992-15/08/2019,1,1,Driver,Male,033,Driver,Not Thrown Out,By Private,Fitted - Worn,Motor Cars - Sedan,Full,Straight Ahead,1.0,2 Metropolitan,2,2,Tuesday,02:45 pm,60,T-Junction,Straight road,Level,Dry,Not Raining,Daylight,Right Angle,Give Way Sign
2018-6992-15/08/2019,2,1,Driver,Female,079,Driver,Not Thrown Out,By Private,Fitted - Worn,Motor Cars - Sedan,Full,Left Turn,1.0,2 Metropolitan,2,2,Tuesday,02:45 pm,60,T-Junction,Straight road,Level,Dry,Not Raining,Daylight,Right Angle,Give Way Sign
2018-6993-15/08/2019,1,1,Rider,Male,031,Rider of Motorcycle,Thrown Out,Treated at Hospital,,Motor Cycle,Full,Left Turn,1.0,2 Metropolitan,1,1,Thursday,04:00 am,50,Cross Road,Straight road,Level,Wet,Raining,Night,Roll Over,Stop Sign
2018-6994-15/08/2019,2,1,Driver,Female,047,Driver,Not Thrown Out,Treated at Hospital,Fitted - Worn,Motor Cars - Sedan,Full,Straight Ahead,1.0,2 Metropolitan,2,1,Monday,08:10 pm,60,Cross Road,Straight road,Level,Dry,Not Raining,Night,Right Turn,Traffic Signals
2018-6995-15/08/2019,1,1,Driver,Female,056,Driver,Not Thrown Out,Treated at Hospital,Fitted - Worn,Motor Cars - Sedan,Full,Stopped on Carriageway,1.0,2 Metropolitan,2,1,Tuesday,02:55 pm,60,Cross Road,"CURVED, VIEW OPEN",Level,Dry,Not Raining,Daylight,Rear End,Traffic Signals
2018-7005-15/08/2019,1,1,Driver,Male,020,Driver,Not Thrown Out,Treated at Hospital,Fitted - Worn,Motor Cars - Sedan,Provisional 1 ,Straight Ahead,1.0,2 Metropolitan,3,1,Tuesday,06:04 pm,50,T-Junction,Straight road,Level,Dry,Not Raining,Night,Rear End,Traffic Signals
2018-7007-15/08/2019,1,1,Rider,Male,043,Rider of Motorcycle,Thrown Out,Treated at Hospital,,Motor Cycle,Unlicenced,Straight Ahead,1.0,2 Metropolitan,2,1,Tuesday,03:15 pm,80,Not Divided,"CURVED, VIEW OBSCURED",Slope,Dry,Not Raining,Daylight,Hit Fixed Object,No Control
2018-7011-15/08/2019,1,1,Driver,Male,028,Driver,Not Thrown Out,Treated at Hospital,Fitted - Worn,Motor Cars - Sedan,Unlicenced,Straight Ahead,1.0,2 Metropolitan,1,1,Wednesday,12:03 am,80,Not Divided,"CURVED, VIEW OBSCURED",Slope,Dry,Not Raining,Night,Roll Over,No Control
2018-7012-15/08/2019,2,1,Rider,Female,028,Rider of Motorcycle,Thrown Out,Treated at Hospital,,Scooter,Learners,Straight Ahead,1.0,2 Metropolitan,2,1,Wednesday,05:50 am,50,T-Junction,Straight road,Level,Dry,Not Raining,Night,Right Turn,No Control
2018-7018-15/08/2019,1,1,Driver,Male,064,Driver,Not Thrown Out,Treated at Hospital,Fitted - Worn,Station Wagon,Full,Straight Ahead,2.0,2 Metropolitan,2,1,Wednesday,10:00 am,90,Divided Road,Straight road,Level,Wet,Not Raining,Daylight,Hit Animal,No Control
2018-7020-15/08/2019,1,1,Driver,Female,052,Driver,Not Thrown Out,By Private,Fitted - Worn,Motor Cars - Sedan,Full,Swerving,2.0,2 Metropolitan,2,1,Wednesday,10:15 am,60,Cross Road,Straight road,Level,Wet,Not Raining,Daylight,Side Swipe,Traffic Signals
2018-7022-15/08/2019,1,1,Driver,Female,027,Driver,Not Thrown Out,Treated at Hospital,Fitted - Worn,Motor Cars - Sedan,Full,Straight Ahead,1.0,3 Country,2,1,Wednesday,10:30 am,100,Not Divided,Straight road,Level,Wet,Not Raining,Daylight,Hit Fixed Object,No Control
2018-7026-15/08/2019,1,1,Driver,Male,018,Driver,Not Thrown Out,Treated at Hospital,Fitted - Worn,Motor Cars - Sedan,Provisional 2,Straight Ahead,1.0,2 Metropolitan,3,1,Wednesday,01:05 pm,60,Not Divided,Straight road,Level,Wet,Not Raining,Daylight,Hit Fixed Object,No Control
2018-7028-15/08/2019,2,1,Rider,Male,052,Rider of Motorcycle,Thrown Out,Treated at Hospital,,Motor Cycle,Provisional 1 ,Straight Ahead,1.0,3 Country,2,1,Wednesday,02:35 pm,50,T-Junction,Straight road,Level,Dry,Not Raining,Daylight,Right Turn,No Control
2018-7032-15/08/2019,2,1,Rider,Male,023,,Thrown Out,Treated at Hospital,,Power Asst. Bicycle,,Right Turn,1.0,2 Metropolitan,2,1,Wednesday,03:20 pm,80,T-Junction,Straight road,Level,Dry,Not Raining,Daylight,Right Angle,No Control
2018-7034-15/08/2019,2,1,Rider,Male,064,Rider of Motorcycle,Thrown Out,Treated at Hospital,,Motor Cycle,Full,Straight Ahead,1.0,2 Metropolitan,2,1,Wednesday,04:18 pm,80,T-Junction,Straight road,Level,Dry,Not Raining,Daylight,Right Angle,No Control
2018-7039-15/08/2019,2,1,Driver,Female,053,Driver,Not Thrown Out,Treated at Hospital,Fitted - Worn,Motor Cars - Sedan,Full,Straight Ahead,1.0,2 Metropolitan,2,1,Wednesday,04:30 pm,60,T-Junction,Straight road,Level,Dry,Not Raining,Daylight,Right Angle,No Control
2018-7042-15/08/2019,2,1,Driver,Female,025,Driver,Not Thrown Out,Treated at Hospital,Fitted - Worn,Motor Cars - Sedan,Full,Straight Ahead,1.0,2 Metropolitan,2,1,Wednesday,06:50 pm,80,Cross Road,Straight road,Level,Dry,Not Raining,Night,Rear End,Traffic Signals
2018-7043-15/08/2019,1,1,Driver,Female,086,Driver,Not Thrown Out,Treated at Hospital,Fitted - Worn,Motor Cars - Sedan,Full,Straight Ahead,1.0,2 Metropolitan,2,1,Wednesday,02:35 pm,60,Cross Road,Straight road,Level,Dry,Not Raining,Daylight,Right Angle,Traffic Signals
2018-7047-15/08/2019,1,1,Driver,Female,027,Driver,Not Thrown Out,Treated at Hospital,Fitted - Unknown if Worn,Motor Cars - Sedan,Probationary,Straight Ahead,1.0,3 Country,2,1,Wednesday,05:50 pm,50,Not Divided,Straight road,Slope,Dry,Not Raining,Night,Hit Fixed Object,No Control
2018-7054-15/08/2019,1,1,Driver,Male,052,Driver,Not Thrown Out,Treated at Hospital,Fitted - Worn,Station Wagon,Full,Stopped on Carriageway,1.0,2 Metropolitan,2,1,Wednesday,04:50 pm,60,Divided Road,Straight road,Level,Dry,Not Raining,Daylight,Rear End,No Control
2018-7055-15/08/2019,1,1,Driver,Female,043,Driver,Not Thrown Out,By Private,Fitted - Worn,Motor Cars - Sedan,Full,Stopped on Carriageway,3.0,2 Metropolitan,2,1,Wednesday,04:25 pm,60,Divided Road,Straight road,Level,Dry,Not Raining,Daylight,Rear End,No Control
2018-7058-15/08/2019,2,1,Driver,Female,019,Driver,Not Thrown Out,Treated at Hospital,Fitted - Worn,Motor Cars - Sedan,Provisional 1 ,Straight Ahead,2.0,2 Metropolitan,2,1,Thursday,08:35 am,50,Cross Road,Straight road,Level,Dry,Not Raining,Daylight,Right Angle,Give Way Sign
2018-7060-15/08/2019,1,1,Driver,Female,060,Driver,Not Thrown Out,Treated at Hospital,Fitted - Worn,Motor Cars - Sedan,Full,Straight Ahead,1.0,2 Metropolitan,2,1,Thursday,08:05 am,60,T-Junction,Straight road,Level,Wet,Not Raining,Daylight,Right Turn,Traffic Signals
2018-7062-15/08/2019,1,1,Driver,Male,059,Driver,Not Thrown Out,By Private,Fitted - Worn,Motor Cars - Sedan,Full,Straight Ahead,2.0,1 City,2,1,Wednesday,05:45 pm,60,Not Divided,Straight road,Level,Dry,Not Raining,Night,Rear End,No Control
2018-7063-15/08/2019,1,1,Driver,Female,044,Driver,Not Thrown Out,By Private,Fitted - Worn,Station Wagon,Full,Straight Ahead,2.0,1 City,2,1,Saturday,05:20 am,60,Divided Road,Straight road,Level,Dry,Not Raining,Night,Rear End,No Control
2018-7065-15/08/2019,1,1,Rider,Female,023,Rider of Motorcycle,Thrown Out,Treated at Hospital,,Motor Cycle,Full,Straight Ahead,1.0,2 Metropolitan,2,1,Tuesday,01:13 pm,80,Not Divided,"CURVED, VIEW OBSCURED",Slope,Dry,Not Raining,Daylight,Hit Fixed Object,No Control
2018-7068-15/08/2019,3,1,Driver,Female,031,Driver,Not Thrown Out,By Private,Fitted - Worn,Motor Cars - Sedan,Full,Stopped on Carriageway,1.0,2 Metropolitan,3,1,Thursday,08:40 am,60,Divided Road,Straight road,Level,Dry,Not Raining,Daylight,Rear End,No Control
2018-7070-15/08/2019,2,1,Rider,Male,079,,Thrown Out,Admitted to Hospital,,Pedal Cycle,,Straight Ahead,1.0,2 Metropolitan,2,1,Thursday,12:45 pm,60,Divided Road,Straight road,Level,Dry,Not Raining,Daylight,Side Swipe,No Control
2018-7071-15/08/2019,1,1,Passenger,Female,058,Rear Seat Left Passenger,Not Thrown Out,Treated at Hospital,Fitted - Worn,Motor Cars - Sedan,Full,Right Turn,3.0,2 Metropolitan,2,1,Wednesday,05:05 pm,60,Cross Road,Straight road,Level,Dry,Not Raining,Daylight,Rear End,Traffic Signals
2018-7074-15/08/2019,2,1,Driver,Female,051,Driver,Not Thrown Out,Treated at Hospital,Fitted - Worn,Motor Cars - Sedan,Full,Straight Ahead,1.0,2 Metropolitan,2,1,Thursday,02:15 pm,100,Freeway,"CURVED, VIEW OBSCURED",Slope,Wet,Not Raining,Daylight,Rear End,No Control
2018-7077-15/08/2019,2,1,Passenger,Female,056,Front Seat Left Passenger,Not Thrown Out,By Private,Fitted - Worn,Station Wagon,Full,Straight Ahead,6.0,1 City,2,2,Thursday,03:45 pm,60,Not Divided,Straight road,Level,Dry,Not Raining,Daylight,Side Swipe,No Control
2018-7077-15/08/2019,2,2,Passenger,Male,009,Rear Seat Left Passenger,Not Thrown Out,By Private,Fitted - Worn,Station Wagon,Full,Straight Ahead,6.0,1 City,2,2,Thursday,03:45 pm,60,Not Divided,Straight road,Level,Dry,Not Raining,Daylight,Side Swipe,No Control
2018-7078-15/08/2019,2,1,Driver,Female,090,Driver,Not Thrown Out,Treated at Hospital,Fitted - Worn,Motor Cars - Sedan,Full,Right Turn,1.0,2 Metropolitan,2,1,Thursday,04:50 pm,70,T-Junction,Straight road,Slope,Dry,Not Raining,Daylight,Right Angle,No Control
2018-7082-15/08/2019,2,1,Pedestrian,Male,XXX,,,Admitted to Hospital,,Pedestrian on Road,,Crossing without Control,,2 Metropolitan,2,1,Thursday,05:40 pm,60,T-Junction,Straight road,Level,Dry,Not Raining,Night,Hit Pedestrian,Stop Sign
2018-7084-15/08/2019,2,1,Pedestrian,Male,046,,,Fatal,,Pedestrian on Road,,Crossing without Control,,1 City,2,1,Thursday,08:32 pm,25,Divided Road,Straight road,Slope,Dry,Not Raining,Night,Hit Pedestrian,No Control
2018-7085-15/08/2019,1,1,Driver,Female,019,Driver,Not Thrown Out,Treated at Hospital,Fitted - Unknown if Worn,Motor Cars - Sedan,Provisional 2,Straight Ahead,2.0,2 Metropolitan,2,2,Friday,01:30 am,50,Not Divided,"CURVED, VIEW OPEN",Slope,Dry,Not Raining,Night,Hit Fixed Object,No Control
2018-7085-15/08/2019,1,2,Passenger,Male,026,Front Seat Left Passenger,Not Thrown Out,Treated at Hospital,Fitted - Unknown if Worn,Motor Cars - Sedan,Provisional 2,Straight Ahead,2.0,2 Metropolitan,2,2,Friday,01:30 am,50,Not Divided,"CURVED, VIEW OPEN",Slope,Dry,Not Raining,Night,Hit Fixed Object,No Control
2018-7087-15/08/2019,2,1,Driver,Female,046,Driver,Not Thrown Out,Treated at Hospital,Fitted - Worn,Motor Cars - Sedan,Unknown,Stopped on Carriageway,2.0,2 Metropolitan,3,2,Thursday,01:08 pm,60,Divided Road,Straight road,Level,Dry,Not Raining,Daylight,Rear End,No Control
2018-7087-15/08/2019,2,2,Passenger,Female,030,Front Seat Left Passenger,Not Thrown Out,Treated at Hospital,Fitted - Worn,Motor Cars - Sedan,Unknown,Stopped on Carriageway,2.0,2 Metropolitan,3,2,Thursday,01:08 pm,60,Divided Road,Straight road,Level,Dry,Not Raining,Daylight,Rear End,No Control
2018-7088-15/08/2019,1,1,Driver,Male,020,Driver,Not Thrown Out,Treated at Hospital,Fitted - Worn,Motor Cars - Sedan,Provisional 2,Straight Ahead,1.0,2 Metropolitan,3,2,Friday,07:20 am,50,Cross Road,Straight road,Level,Dry,Not Raining,Night,Right Angle,Give Way Sign
2018-7088-15/08/2019,2,1,Driver,Male,050,Driver,Not Thrown Out,Treated at Hospital,Fitted - Worn,Motor Cars - Sedan,Full,Straight Ahead,1.0,2 Metropolitan,3,2,Friday,07:20 am,50,Cross Road,Straight road,Level,Dry,Not Raining,Night,Right Angle,Give Way Sign
2018-7089-15/08/2019,1,1,Driver,Male,045,Driver,Not Thrown Out,Admitted to Hospital,Fitted - Worn,Motor Cars - Sedan,Full,Straight Ahead,2.0,3 Country,2,2,Thursday,08:45 am,100,Not Divided,"CURVED, VIEW OPEN",Level,Dry,Not Raining,Daylight,Hit Fixed Object,No Control
2018-7089-15/08/2019,1,2,Passenger,Male,024,Front Seat Left Passenger,Not Thrown Out,Treated at Hospital,Fitted - Worn,Motor Cars - Sedan,Full,Straight Ahead,2.0,3 Country,2,2,Thursday,08:45 am,100,Not Divided,"CURVED, VIEW OPEN",Level,Dry,Not Raining,Daylight,Hit Fixed Object,No Control
2018-7090-15/08/2019,1,1,Passenger,Male,007,Rear Seat Right Passenger,Not Thrown Out,Treated at Hospital,Fitted - Worn,Motor Cars - Sedan,Full,Straight Ahead,3.0,2 Metropolitan,2,4,Friday,08:27 am,60,T-Junction,Straight road,Level,Wet,Not Raining,Daylight,Right Angle,No Control
2018-7090-15/08/2019,1,2,Passenger,Female,005,Rear Seat Left Passenger,Not Thrown Out,Treated at Hospital,Fitted - Worn,Motor Cars - Sedan,Full,Straight Ahead,3.0,2 Metropolitan,2,4,Friday,08:27 am,60,T-Junction,Straight road,Level,Wet,Not Raining,Daylight,Right Angle,No Control
2018-7090-15/08/2019,2,1,Passenger,Male,004,Rear Seat Right Passenger,Not Thrown Out,Treated at Hospital,Fitted - Worn,Station Wagon,Full,Right Turn,3.0,2 Metropolitan,2,4,Friday,08:27 am,60,T-Junction,Straight road,Level,Wet,Not Raining,Daylight,Right Angle,No Control
2018-7090-15/08/2019,2,2,Passenger,Male,003,Rear Seat Left Passenger,Not Thrown Out,Treated at Hospital,Fitted - Worn,Station Wagon,Full,Right Turn,3.0,2 Metropolitan,2,4,Friday,08:27 am,60,T-Junction,Straight road,Level,Wet,Not Raining,Daylight,Right Angle,No Control
2018-7093-15/08/2019,1,1,Driver,Male,063,Driver,Not Thrown Out,By Private,Fitted - Worn,Motor Cars - Sedan,Full,Straight Ahead,1.0,2 Metropolitan,2,1,Friday,07:50 am,60,T-Junction,Straight road,Level,Dry,Not Raining,Daylight,Right Angle,No Control
2018-7094-15/08/2019,1,1,Rider,Male,050,Rider of Motorcycle,Not Thrown Out,Treated at Hospital,,Motor Cycle,Full,Left Turn,1.0,2 Metropolitan,2,1,Friday,10:15 am,60,Cross Road,Straight road,Level,Dry,Not Raining,Daylight,Hit Fixed Object,Traffic Signals
2018-7095-15/08/2019,1,1,Driver,Female,039,Driver,Not Thrown Out,By Private,Fitted - Worn,Motor Cars - Sedan,Full,Straight Ahead,1.0,2 Metropolitan,2,2,Friday,09:40 am,60,T-Junction,Straight road,Level,Dry,Not Raining,Daylight,Right Angle,Roundabout
2018-7095-15/08/2019,2,1,Driver,Male,023,Driver,Not Thrown Out,Treated at Hospital,Fitted - Worn,Motor Cars - Sedan,Full,Right Turn,1.0,2 Metropolitan,2,2,Friday,09:40 am,60,T-Junction,Straight road,Level,Dry,Not Raining,Daylight,Right Angle,Roundabout
2018-7103-15/08/2019,1,1,Passenger,Male,067,Rear Seat Left Passenger,Not Thrown Out,Treated at Hospital,Fitted - Worn,Station Wagon,Full,Straight Ahead,4.0,3 Country,2,2,Friday,02:20 pm,80,Cross Road,Straight road,Level,Dry,Not Raining,Daylight,Right Angle,Stop Sign
2018-7103-15/08/2019,1,2,Passenger,Female,062,Front Seat Left Passenger,Not Thrown Out,Treated at Hospital,Fitted - Worn,Station Wagon,Full,Straight Ahead,4.0,3 Country,2,2,Friday,02:20 pm,80,Cross Road,Straight road,Level,Dry,Not Raining,Daylight,Right Angle,Stop Sign
2018-7105-15/08/2019,2,1,Driver,Male,051,Driver,Not Thrown Out,Treated at Hospital,Fitted - Worn,Motor Cars - Sedan,Full,U Turn,1.0,2 Metropolitan,2,1,Friday,03:25 pm,60,Not Divided,Straight road,Level,Dry,Not Raining,Daylight,Side Swipe,No Control
2018-7108-15/08/2019,1,1,Driver,Male,068,Driver,Not Thrown Out,Treated at Hospital,Fitted - Worn,Station Wagon,Full,Straight Ahead,1.0,3 Country,1,1,Friday,03:30 pm,100,Not Divided,Straight road,Level,Dry,Not Raining,Daylight,Roll Over,No Control
2018-7109-15/08/2019,1,1,Driver,Male,017,Driver,Not Thrown Out,Treated at Hospital,Fitted - Worn,Motor Cars - Sedan,Provisional 1 ,Straight Ahead,1.0,2 Metropolitan,2,1,Friday,06:04 pm,60,Divided Road,Straight road,Level,Dry,Not Raining,Night,Hit Fixed Object,No Control
2018-7110-15/08/2019,1,1,Driver,Female,065,Driver,Not Thrown Out,Treated at Hospital,Fitted - Worn,Station Wagon,Full,Straight Ahead,1.0,2 Metropolitan,2,1,Friday,03:23 pm,80,Not Divided,"CURVED, VIEW OBSCURED",Level,Dry,Not Raining,Daylight,Hit Fixed Object,No Control