REPORT_ID,UND_UNIT_NUMBER,CASUALTY_NUMBER,Casualty Type,Sex_x,AGE,Position In Veh,Thrown Out,Injury Extent,Seat Belt,Unit Type,Licence Type,Unit Movement,Number Occupants,Stats Area,Total Units,Total Cas,Day,Time,Area Speed,Position Type,Horizontal Align,Vertical Align,Moisture Cond,Weather Cond,DayNight,Crash Type,Traffic Ctrls
2018-7117-15/08/2019,2,1,Rider,Male,027,Rider of Motorcycle,Thrown Out,Treated at Hospital,,Motor Cycle,Provisional 2,Straight Ahead,1.0,2 Metropolitan,2,1,Friday,11:36 pm,25,Divided Road,Straight road,Level,Dry,Not Raining,Night,Side Swipe,No Control
2018-7118-15/08/2019,3,1,Driver,Male,031,Driver,Not Thrown Out,Treated at Hospital,Fitted - Worn,Motor Cars - Sedan,Full,Straight Ahead,2.0,2 Metropolitan,3,2,Friday,09:00 pm,50,Not Divided,Straight road,Level,Dry,Not Raining,Night,Right Angle,No Control
2018-7118-15/08/2019,3,2,Passenger,Female,022,Front Seat Left Passenger,Not Thrown Out,Treated at Hospital,Fitted - Worn,Motor Cars - Sedan,Full,Straight Ahead,2.0,2 Metropolitan,3,2,Friday,09:00 pm,50,Not Divided,Straight road,Level,Dry,Not Raining,Night,Right Angle,No Control
2018-7119-15/08/2019,1,1,Driver,Male,045,Driver,Not Thrown Out,By Private,Fitted - Worn,Motor Cars - Sedan,Full,Right Turn,1.0,2 Metropolitan,2,1,Saturday,12:23 am,60,T-Junction,Straight road,Level,Dry,Not Raining,Night,Hit Fixed Object,No Control
2018-7120-15/08/2019,2,1,Pedestrian,Male,041,,,By Private,,Pedestrian on Road,,Alighted from Parked Vehicle,,2 Metropolitan,2,1,Saturday,01:00 am,60,Divided Road,Straight road,Level,Dry,Not Raining,Night,Hit Pedestrian,No Control
2018-7124-15/08/2019,2,1,Rider,Male,070,,Thrown Out,Treated at Hospital,,Pedal Cycle,,Straight Ahead,1.0,2 Metropolitan,2,1,Saturday,10:00 am,110,T-Junction,Straight road,Level,Dry,Not Raining,Daylight,Right Angle,Roundabout
2018-7132-15/08/2019,2,1,Pedestrian,Male,012,,,Treated at Hospital,,Pedestrian on Road,,Crossing without Control,,2 Metropolitan,2,1,Saturday,12:19 pm,50,Not Divided,Straight road,Level,Dry,Not Raining,Daylight,Hit Pedestrian,No Control
2018-7135-15/08/2019,1,1,Driver,Female,025,Driver,Not Thrown Out,Treated at Hospital,Fitted - Worn,Motor Cars - Sedan,Full,Straight Ahead,1.0,3 Country,2,1,Saturday,10:20 am,100,Not Divided,"CURVED, VIEW OPEN",Level,Dry,Not Raining,Daylight,Hit Fixed Object,No Control
2018-7136-15/08/2019,1,1,Rider,Male,057,Rider of Motorcycle,Thrown Out,Fatal,,Motor Cycle,Full,Overtaking - on Right,1.0,2 Metropolitan,2,1,Saturday,12:25 pm,60,Not Divided,"CURVED, VIEW OBSCURED",Slope,Dry,Not Raining,Daylight,Head On,No Control
2018-7142-15/08/2019,1,1,Driver,Female,022,Driver,Not Thrown Out,Treated at Hospital,Fitted - Worn,Motor Cars - Sedan,Full,Straight Ahead,1.0,2 Metropolitan,2,1,Saturday,04:45 pm,80,Cross Road,Straight road,Level,Dry,Not Raining,Daylight,Right Angle,Traffic Signals
2018-7145-15/08/2019,2,1,Driver,Male,037,Driver,Not Thrown Out,Treated at Hospital,Fitted - Worn,Motor Cars - Sedan,Unknown,Straight Ahead,1.0,2 Metropolitan,2,1,Saturday,06:45 pm,70,T-Junction,"CURVED, VIEW OPEN",Level,Dry,Not Raining,Night,Right Angle,No Control
2018-7147-15/08/2019,3,1,Passenger,Male,004,Rear Seat Right Passenger,Not Thrown Out,Treated at Hospital,Fitted - Worn,Motor Cars - Sedan,Provisional 2,Straight Ahead,3.0,2 Metropolitan,5,2,Saturday,03:45 pm,80,Divided Road,Straight road,Level,Dry,Not Raining,Daylight,Rear End,No Control
2018-7147-15/08/2019,3,2,Passenger,Female,005,Rear Seat Left Passenger,Not Thrown Out,Treated at Hospital,Fitted - Worn,Motor Cars - Sedan,Provisional 2,Straight Ahead,3.0,2 Metropolitan,5,2,Saturday,03:45 pm,80,Divided Road,Straight road,Level,Dry,Not Raining,Daylight,Rear End,No Control
2018-7148-15/08/2019,1,1,Driver,Female,037,Driver,Not Thrown Out,By Private,Fitted - Worn,Motor Cars - Sedan,Full,Straight Ahead,1.0,2 Metropolitan,3,1,Saturday,05:21 pm,60,T-Junction,Straight road,Level,Dry,Not Raining,Daylight,Rear End,No Control
2018-7156-15/08/2019,1,1,Driver,Male,020,Driver,Not Thrown Out,Treated at Hospital,Fitted - Worn,Motor Cars - Sedan,Full,Straight Ahead,1.0,2 Metropolitan,3,2,Saturday,12:15 pm,60,Cross Road,Straight road,Level,Dry,Not Raining,Daylight,Rear End,Traffic Signals
2018-7156-15/08/2019,2,1,Driver,Female,024,Driver,Not Thrown Out,Treated at Hospital,Fitted - Worn,Motor Cars - Sedan,Full,Stopped on Carriageway,1.0,2 Metropolitan,3,2,Saturday,12:15 pm,60,Cross Road,Straight road,Level,Dry,Not Raining,Daylight,Rear End,Traffic Signals
2018-7161-15/08/2019,1,1,Rider,Male,027,Rider of Motorcycle,Thrown Out,Treated at Hospital,,Motor Cycle,Provisional 2,Left Turn,1.0,2 Metropolitan,1,1,Thursday,04:25 pm,60,T-Junction,"CURVED, VIEW OPEN",Level,Dry,Not Raining,Daylight,Roll Over,Traffic Signals
2018-7171-15/08/2019,1,1,Passenger,Male,XXX,Rear Seat Left Passenger,Not Thrown Out,Treated at Hospital,Fitted - Worn,Station Wagon,Full,Stopped on Carriageway,3.0,2 Metropolitan,2,1,Sunday,06:00 pm,60,Cross Road,Straight road,Level,Dry,Not Raining,Night,Rear End,Give Way Sign
2018-7172-15/08/2019,1,1,Driver,Male,018,Driver,Not Thrown Out,Treated at Hospital,Fitted - Worn,Motor Cars - Sedan,Provisional 1 ,Straight Ahead,2.0,2 Metropolitan,2,1,Sunday,02:56 pm,70,Not Divided,"CURVED, VIEW OBSCURED",Slope,Dry,Not Raining,Daylight,Roll Over,No Control
2018-7174-15/08/2019,1,1,Driver,Male,021,Driver,Not Thrown Out,Treated at Hospital,Fitted - Worn,Station Wagon,Full,Straight Ahead,1.0,2 Metropolitan,2,1,Sunday,02:35 pm,90,T-Junction,"CURVED, VIEW OPEN",Slope,Dry,Not Raining,Daylight,Head On,Give Way Sign
2018-7175-15/08/2019,1,1,Driver,Male,020,Driver,Not Thrown Out,Treated at Hospital,Fitted - Unknown if Worn,Utility,Provisional 2,Straight Ahead,1.0,3 Country,1,1,Sunday,01:00 am,110,Not Divided,Straight road,Level,Unknown,Unknown,Night,Roll Over,No Control
2018-7176-15/08/2019,2,1,Driver,Male,054,Driver,Not Thrown Out,Treated at Hospital,Fitted - Worn,Station Wagon,Full,Straight Ahead,1.0,2 Metropolitan,2,1,Sunday,05:50 pm,60,Cross Road,Straight road,Level,Dry,Not Raining,Night,Right Angle,Stop Sign
2018-7177-15/08/2019,1,1,Driver,Female,038,Driver,Not Thrown Out,Treated at Hospital,Fitted - Worn,Utility,Full,Straight Ahead,3.0,3 Country,1,3,Sunday,02:00 pm,100,Not Divided,Straight road,Slope,Dry,Not Raining,Daylight,Roll Over,No Control
2018-7177-15/08/2019,1,2,Passenger,Male,039,Front Seat Left Passenger,Not Thrown Out,Treated at Hospital,Fitted - Worn,Utility,Full,Straight Ahead,3.0,3 Country,1,3,Sunday,02:00 pm,100,Not Divided,Straight road,Slope,Dry,Not Raining,Daylight,Roll Over,No Control
2018-7177-15/08/2019,1,3,Passenger,Male,001,Rear Seat Left Passenger,Not Thrown Out,Treated at Hospital,Child Restraint - Worn,Utility,Full,Straight Ahead,3.0,3 Country,1,3,Sunday,02:00 pm,100,Not Divided,Straight road,Slope,Dry,Not Raining,Daylight,Roll Over,No Control
2018-7185-15/08/2019,1,1,Driver,Female,042,Driver,Not Thrown Out,Treated at Hospital,Fitted - Worn,Motor Cars - Sedan,Full,Straight Ahead,1.0,2 Metropolitan,1,1,Sunday,12:23 pm,60,Not Divided,"CURVED, VIEW OPEN",Level,Dry,Not Raining,Daylight,Roll Over,No Control
2018-7190-15/08/2019,1,1,Passenger,Female,019,Front Seat Left Passenger,Not Thrown Out,Treated at Hospital,Fitted - Worn,Station Wagon,Full,Straight Ahead,2.0,2 Metropolitan,3,1,Sunday,03:42 pm,80,Not Divided,"CURVED, VIEW OBSCURED",Slope,Dry,Not Raining,Daylight,Hit Fixed Object,No Control
2018-7191-15/08/2019,1,1,Driver,Female,021,Driver,Not Thrown Out,By Private,Fitted - Worn,Motor Cars - Sedan,Full,Swerving,1.0,3 Country,2,1,Sunday,06:00 am,80,Not Divided,Straight road,Level,Dry,Not Raining,Night,Roll Over,No Control
2018-7193-15/08/2019,3,1,Driver,Female,037,Driver,Not Thrown Out,By Private,Fitted - Worn,Motor Cars - Sedan,Full,Stopped on Carriageway,1.0,1 City,3,1,Monday,08:00 am,50,T-Junction,"CURVED, VIEW OPEN",Level,Dry,Not Raining,Daylight,Rear End,Give Way Sign
2018-7195-15/08/2019,1,1,Driver,Female,030,Driver,Not Thrown Out,Treated at Hospital,Fitted - Worn,Motor Cars - Sedan,Full,Straight Ahead,1.0,3 Country,2,2,Monday,12:25 pm,80,T-Junction,Straight road,Level,Dry,Not Raining,Daylight,Rear End,No Control
2018-7195-15/08/2019,2,1,Driver,Female,050,Driver,Not Thrown Out,Treated at Hospital,Fitted - Worn,Motor Cars - Sedan,Full,Stopped on Carriageway,1.0,3 Country,2,2,Monday,12:25 pm,80,T-Junction,Straight road,Level,Dry,Not Raining,Daylight,Rear End,No Control
2018-7197-15/08/2019,2,1,Rider,Male,015,,Thrown Out,Admitted to Hospital,,Pedal Cycle,,Leaving Private Driveway,1.0,3 Country,2,1,Monday,01:30 pm,100,Not Divided,Straight road,Level,Dry,Not Raining,Daylight,Right Angle,No Control
2018-7199-15/08/2019,2,1,Pedestrian,Female,XXX,,,Treated at Hospital,,Pedestrian on Road,,Crossing with Traffic Signals,,2 Metropolitan,2,1,Monday,04:16 pm,60,T-Junction,Straight road,Level,Dry,Not Raining,Daylight,Hit Pedestrian,Traffic Signals
2018-7203-15/08/2019,1,1,Rider,Male,055,Rider of Motorcycle,Not Thrown Out,Treated at Hospital,,Motor Cycle,Full,Straight Ahead,1.0,2 Metropolitan,2,1,Monday,05:25 pm,60,T-Junction,Straight road,Level,Dry,Not Raining,Night,Right Turn,Give Way Sign
2018-7204-15/08/2019,1,1,Passenger,Female,054,Passenger of Motorcycle,Not Thrown Out,By Private,,Motor Cycle,Full,Stopped on Carriageway,2.0,2 Metropolitan,2,1,Sunday,10:13 am,80,T-Junction,Straight road,Slope,Dry,Not Raining,Daylight,Rear End,Stop Sign
2018-7205-15/08/2019,1,1,Rider,Male,023,Rider of Motorcycle,Thrown Out,By Private,,Motor Cycle,Full,Straight Ahead,1.0,2 Metropolitan,2,1,Monday,06:15 pm,60,T-Junction,Straight road,Level,Dry,Not Raining,Night,Right Angle,No Control
2018-7207-15/08/2019,2,1,Driver,Male,081,Driver,Not Thrown Out,Fatal,Fitted - Worn,Motor Cars - Sedan,Full,Right Turn,1.0,2 Metropolitan,2,1,Monday,04:30 pm,60,Cross Road,Straight road,Level,Dry,Not Raining,Daylight,Right Turn,Traffic Signals
2018-7210-15/08/2019,1,1,Driver,Male,034,Driver,Not Thrown Out,Treated at Hospital,Fitted - Worn,Motor Cars - Sedan,Full,Stopped on Carriageway,1.0,2 Metropolitan,2,2,Monday,11:15 pm,60,Not Divided,Straight road,Level,Dry,Not Raining,Night,Rear End,No Control
2018-7210-15/08/2019,2,1,Driver,Female,050,Driver,Not Thrown Out,Treated at Hospital,Fitted - Worn,Utility,Full,Straight Ahead,1.0,2 Metropolitan,2,2,Monday,11:15 pm,60,Not Divided,Straight road,Level,Dry,Not Raining,Night,Rear End,No Control
2018-7214-15/08/2019,2,1,Pedestrian,Female,029,,,By Private,,Pedestrian on Road,,Crossing with Traffic Signals,,1 City,2,1,Monday,11:45 am,50,Cross Road,Straight road,Level,Dry,Not Raining,Daylight,Hit Pedestrian,Traffic Signals
2018-7216-15/08/2019,2,1,Rider,Male,XXX,,Thrown Out,By Private,,Pedal Cycle,,Straight Ahead,1.0,1 City,2,1,Monday,05:58 pm,50,T-Junction,Straight road,Level,Dry,Not Raining,Night,Right Angle,No Control
2018-7217-15/08/2019,3,1,Driver,Male,044,Driver,Not Thrown Out,Treated at Hospital,Fitted - Worn,Motor Cars - Sedan,Full,Stopped on Carriageway,1.0,2 Metropolitan,4,1,Tuesday,05:46 am,90,Divided Road,Straight road,Level,Dry,Not Raining,Night,Rear End,No Control
2018-7219-15/08/2019,1,1,Driver,Female,092,Driver,Not Thrown Out,Treated at Hospital,Fitted - Worn,Motor Cars - Sedan,Full,Right Turn,1.0,2 Metropolitan,2,1,Tuesday,10:26 am,60,Cross Road,Straight road,Level,Wet,Raining,Daylight,Right Turn,Traffic Signals
2018-7220-15/08/2019,2,1,Pedestrian,Female,XXX,,,Treated at Hospital,,Pedestrian on Road,,Walking on Road,,2 Metropolitan,2,1,Tuesday,10:28 am,60,Cross Road,"CURVED, VIEW OPEN",Level,Wet,Not Raining,Daylight,Hit Pedestrian,Roundabout
2018-7223-15/08/2019,2,1,Driver,Female,073,Driver,Not Thrown Out,Treated at Hospital,Fitted - Worn,Motor Cars - Sedan,Full,Straight Ahead,1.0,2 Metropolitan,2,1,Tuesday,08:03 am,70,Cross Road,Straight road,Level,Dry,Not Raining,Daylight,Right Turn,Traffic Signals
2018-7224-15/08/2019,2,1,Driver,Female,020,Driver,Not Thrown Out,Treated at Hospital,Fitted - Worn,Station Wagon,Full,Stopped on Carriageway,1.0,2 Metropolitan,3,1,Tuesday,01:10 pm,60,Pedestrian Crossing,Straight road,Level,Wet,Not Raining,Daylight,Rear End,Traffic Signals
2018-7226-15/08/2019,2,1,Driver,Female,064,Driver,Not Thrown Out,By Private,Fitted - Worn,Station Wagon,Full,Stopped on Carriageway,3.0,2 Metropolitan,3,2,Tuesday,02:20 pm,60,Divided Road,Straight road,Level,Dry,Not Raining,Daylight,Rear End,No Control
2018-7226-15/08/2019,2,2,Passenger,Female,046,Front Seat Left Passenger,Not Thrown Out,By Private,Fitted - Worn,Station Wagon,Full,Stopped on Carriageway,3.0,2 Metropolitan,3,2,Tuesday,02:20 pm,60,Divided Road,Straight road,Level,Dry,Not Raining,Daylight,Rear End,No Control
2018-7229-15/08/2019,1,1,Driver,Female,028,Driver,Not Thrown Out,Treated at Hospital,Fitted - Worn,Station Wagon,Full,Straight Ahead,1.0,2 Metropolitan,3,2,Tuesday,11:30 am,80,Divided Road,Straight road,Level,Wet,Raining,Daylight,Rear End,No Control
2018-7229-15/08/2019,3,1,Driver,Male,074,Driver,Not Thrown Out,Treated at Hospital,Fitted - Worn,Station Wagon,Full,Stopped on Carriageway,1.0,2 Metropolitan,3,2,Tuesday,11:30 am,80,Divided Road,Straight road,Level,Wet,Raining,Daylight,Rear End,No Control
2018-7233-15/08/2019,1,1,Passenger,Female,052,Front Seat Left Passenger,Not Thrown Out,By Private,Fitted - Worn,Station Wagon,Full,Straight Ahead,2.0,2 Metropolitan,2,1,Tuesday,04:20 pm,60,Cross Road,Straight road,Level,Dry,Not Raining,Daylight,Right Turn,Traffic Signals
2018-7237-15/08/2019,1,1,Driver,Female,018,Driver,Not Thrown Out,Treated at Hospital,Fitted - Worn,Motor Cars - Sedan,Provisional 2,Straight Ahead,1.0,2 Metropolitan,2,1,Tuesday,06:02 pm,60,Divided Road,Straight road,Slope,Dry,Not Raining,Night,Hit Fixed Object,No Control
2018-7240-15/08/2019,1,1,Passenger,Female,048,Front Seat Left Passenger,Not Thrown Out,Treated at Hospital,Fitted - Worn,Motor Cars - Sedan,Provisional 2,Right Turn,2.0,2 Metropolitan,2,1,Tuesday,06:07 pm,50,Cross Road,"CURVED, VIEW OPEN",Level,Wet,Not Raining,Night,Right Angle,Roundabout
2018-7243-15/08/2019,2,1,Driver,Male,035,Driver,Not Thrown Out,Treated at Hospital,Fitted - Worn,Utility,Full,Straight Ahead,4.0,3 Country,2,1,Tuesday,05:39 pm,100,Not Divided,Straight road,Level,Dry,Not Raining,Night,Head On,No Control
2018-7246-15/08/2019,2,1,Pedestrian,Male,028,,,Treated at Hospital,,Pedestrian on Road,,Crossing without Control,,2 Metropolitan,2,1,Tuesday,07:44 pm,60,Not Divided,Straight road,Slope,Dry,Not Raining,Night,Hit Pedestrian,No Control
2018-7247-15/08/2019,3,1,Driver,Female,047,Driver,Not Thrown Out,Treated at Hospital,Fitted - Worn,Motor Cars - Sedan,Full,Stopped on Carriageway,1.0,2 Metropolitan,4,1,Tuesday,06:00 pm,60,Cross Road,"CURVED, VIEW OPEN",Level,Dry,Not Raining,Night,Right Angle,Roundabout
2018-7251-15/08/2019,2,1,Passenger,Female,006,Rear Seat Left Passenger,Not Thrown Out,Treated at Hospital,Fitted - Worn,Motor Cars - Sedan,Full,Right Turn,2.0,2 Metropolitan,2,1,Tuesday,07:20 pm,60,Cross Road,Straight road,Level,Dry,Not Raining,Night,Right Angle,Traffic Signals
2018-7256-15/08/2019,1,1,Driver,Male,032,Driver,Not Thrown Out,Treated at Hospital,Fitted - Worn,Motor Cars - Sedan,Full,Straight Ahead,1.0,3 Country,2,1,Wednesday,05:25 am,100,T-Junction,Straight road,Level,Dry,Not Raining,Night,Head On,No Control
2018-7258-15/08/2019,1,1,Driver,Female,055,Driver,Not Thrown Out,By Private,Fitted - Worn,Motor Cars - Sedan,Full,Straight Ahead,1.0,2 Metropolitan,2,1,Wednesday,08:35 am,70,Divided Road,Straight road,Level,Dry,Not Raining,Daylight,Side Swipe,No Control
2018-7266-15/08/2019,1,1,Driver,Female,032,Driver,Not Thrown Out,Treated at Hospital,Fitted - Worn,Motor Cars - Sedan,Full,Straight Ahead,1.0,2 Metropolitan,2,2,Wednesday,01:30 pm,50,Not Divided,Straight road,Level,Dry,Not Raining,Daylight,Rear End,No Control
2018-7266-15/08/2019,2,1,Driver,Male,053,Driver,Not Thrown Out,Treated at Hospital,Fitted - Unknown if Worn,Utility,Full,Straight Ahead,1.0,2 Metropolitan,2,2,Wednesday,01:30 pm,50,Not Divided,Straight road,Level,Dry,Not Raining,Daylight,Rear End,No Control
2018-7267-15/08/2019,2,1,Driver,Female,018,Driver,Not Thrown Out,Treated at Hospital,Fitted - Worn,Station Wagon,Provisional 2,Right Turn,1.0,2 Metropolitan,2,1,Wednesday,01:10 pm,60,T-Junction,Straight road,Level,Dry,Not Raining,Daylight,Rear End,Traffic Signals
2018-7269-15/08/2019,2,1,Rider,Female,054,,Thrown Out,By Private,,Pedal Cycle,,Straight Ahead,1.0,2 Metropolitan,2,1,Tuesday,05:55 pm,60,T-Junction,Straight road,Level,Dry,Not Raining,Night,Right Angle,Traffic Signals
2018-7271-15/08/2019,2,1,Driver,Female,039,Driver,Not Thrown Out,Treated at Hospital,Fitted - Worn,Station Wagon,Full,Straight Ahead,1.0,2 Metropolitan,2,1,Wednesday,01:07 pm,60,Cross Road,Straight road,Level,Dry,Not Raining,Daylight,Right Angle,Stop Sign
2018-7273-15/08/2019,1,1,Passenger,Female,051,Front Seat Left Passenger,Not Thrown Out,By Private,Fitted - Worn,Motor Cars - Sedan,Full,Swerving,2.0,2 Metropolitan,2,1,Wednesday,08:45 am,60,Not Divided,Straight road,Level,Dry,Not Raining,Daylight,Hit Fixed Object,No Control
2018-7275-15/08/2019,1,1,Driver,Male,025,Driver,Not Thrown Out,Treated at Hospital,Fitted - Worn,Motor Cars - Sedan,Full,Straight Ahead,1.0,3 Country,2,1,Wednesday,03:20 pm,100,Not Divided,Straight road,Level,Dry,Not Raining,Daylight,Hit Fixed Object,No Control
2018-7276-15/08/2019,1,1,Driver,Female,045,Driver,Not Thrown Out,By Private,Fitted - Worn,Station Wagon,Full,Stopped on Carriageway,1.0,3 Country,2,1,Monday,02:30 pm,60,Cross Road,Straight road,Level,Dry,Not Raining,Daylight,Rear End,Roundabout
2018-7278-15/08/2019,2,1,Driver,Female,054,Driver,Not Thrown Out,Treated at Hospital,Fitted - Worn,Station Wagon,Full,Straight Ahead,1.0,2 Metropolitan,3,1,Wednesday,04:50 pm,90,Divided Road,Straight road,Level,Dry,Not Raining,Daylight,Rear End,No Control
2018-7282-15/08/2019,1,1,Rider,Male,052,Rider of Motorcycle,Thrown Out,Treated at Hospital,,Motor Cycle,Full,Straight Ahead,1.0,1 City,2,1,Wednesday,05:49 pm,50,Cross Road,Straight road,Level,Dry,Not Raining,Night,Right Turn,Traffic Signals
2018-7284-15/08/2019,2,1,Rider,Male,077,Rider of Motorcycle,Thrown Out,Admitted to Hospital,,Motor Cycle,Full,Right Turn,2.0,3 Country,2,2,Wednesday,03:05 pm,50,T-Junction,Straight road,Level,Dry,Not Raining,Daylight,Right Turn,No Control
2018-7284-15/08/2019,2,2,Passenger,Female,074,Passenger of Motorcycle,Thrown Out,Admitted to Hospital,,Motor Cycle,Full,Right Turn,2.0,3 Country,2,2,Wednesday,03:05 pm,50,T-Junction,Straight road,Level,Dry,Not Raining,Daylight,Right Turn,No Control
2018-7286-15/08/2019,1,1,Driver,Female,XXX,Driver,Not Thrown Out,Treated at Hospital,Fitted - Worn,Station Wagon,Unknown,Straight Ahead,2.0,3 Country,1,2,Wednesday,04:00 pm,110,Not Divided,Straight road,Level,Dry,Not Raining,Daylight,Roll Over,No Control
2018-7286-15/08/2019,1,2,Passenger,Male,XXX,Front Seat Left Passenger,Not Thrown Out,Treated at Hospital,Fitted - Worn,Station Wagon,Unknown,Straight Ahead,2.0,3 Country,1,2,Wednesday,04:00 pm,110,Not Divided,Straight road,Level,Dry,Not Raining,Daylight,Roll Over,No Control
2018-7288-15/08/2019,1,1,Driver,Female,065,Driver,Not Thrown Out,Treated at Hospital,Fitted - Worn,Utility,Unlicenced,Stopped on Carriageway,1.0,3 Country,2,1,Wednesday,07:00 pm,50,Not Divided,Straight road,Level,Dry,Not Raining,Night,Rear End,No Control
2018-7289-15/08/2019,1,1,Passenger,Female,032,Front Seat Left Passenger,Not Thrown Out,Treated at Hospital,Fitted - Worn,Motor Cars - Sedan,Full,Straight Ahead,2.0,2 Metropolitan,2,1,Tuesday,03:30 pm,80,Not Divided,"CURVED, VIEW OBSCURED",Level,Wet,Raining,Daylight,Hit Fixed Object,No Control
2018-7292-15/08/2019,1,1,Driver,Male,027,Driver,Not Thrown Out,Treated at Hospital,Fitted - Worn,Motor Cars - Sedan,Full,Straight Ahead,2.0,1 City,2,1,Thursday,06:30 am,60,Divided Road,Straight road,Level,Dry,Not Raining,Night,Side Swipe,No Control
2018-7294-15/08/2019,1,1,Driver,Female,092,Driver,Not Thrown Out,Treated at Hospital,Fitted - Worn,Motor Cars - Sedan,Full,Leaving Private Driveway,1.0,3 Country,3,1,Thursday,08:20 am,50,Not Divided,Straight road,Level,Dry,Not Raining,Daylight,Right Angle,No Control
2018-7296-15/08/2019,2,1,Passenger,Female,056,Passenger on Multi-Passenger Vehicle,Not Thrown Out,By Private,,Tram,,Straight Ahead,60.0,1 City,2,1,Thursday,09:05 am,50,Cross Road,Straight road,Slope,Dry,Not Raining,Daylight,Side Swipe,Traffic Signals
2018-7299-15/08/2019,1,1,Rider,Male,049,Rider of Motorcycle,Thrown Out,By Private,,Motor Cycle,Full,Straight Ahead,1.0,2 Metropolitan,2,1,Thursday,05:35 pm,50,Cross Road,Straight road,Level,Dry,Not Raining,Night,Right Angle,Roundabout
2018-7300-15/08/2019,2,1,Driver,Female,019,Driver,Not Thrown Out,By Private,Fitted - Worn,Motor Cars - Sedan,Provisional 2,Straight Ahead,1.0,2 Metropolitan,2,1,Thursday,09:30 am,50,Not Divided,Straight road,Level,Wet,Raining,Daylight,Side Swipe,No Control
2018-7302-15/08/2019,2,1,Driver,Female,079,Driver,Not Thrown Out,Treated at Hospital,Fitted - Worn,Motor Cars - Sedan,Full,Straight Ahead,1.0,2 Metropolitan,2,1,Thursday,12:43 pm,60,Cross Road,Straight road,Level,Wet,Raining,Daylight,Head On,Stop Sign
2018-7304-15/08/2019,1,1,Driver,Male,020,Driver,Not Thrown Out,Treated at Hospital,Fitted - Worn,Motor Cars - Sedan,Provisional 2,Straight Ahead,3.0,2 Metropolitan,2,1,Thursday,12:30 pm,60,T-Junction,Straight road,Level,Wet,Raining,Daylight,Right Angle,No Control
2018-7322-15/08/2019,1,1,Driver,Female,073,Driver,Not Thrown Out,Treated at Hospital,Fitted - Worn,Motor Cars - Sedan,Full,U Turn,1.0,3 Country,2,1,Thursday,04:25 pm,50,Not Divided,Straight road,Level,Wet,Raining,Daylight,Side Swipe,No Control
2018-7323-15/08/2019,1,1,Driver,Male,077,Driver,Not Thrown Out,Treated at Hospital,Fitted - Worn,Motor Cars - Sedan,Full,Straight Ahead,2.0,2 Metropolitan,2,1,Thursday,04:30 pm,60,T-Junction,Straight road,Level,Wet,Raining,Daylight,Right Turn,No Control
2018-7325-15/08/2019,1,1,Driver,Male,033,Driver,Not Thrown Out,Admitted to Hospital,Fitted - Worn,Motor Cars - Sedan,Provisional 2,Overtaking - on Left,2.0,3 Country,2,1,Wednesday,08:00 am,110,Not Divided,Straight road,Level,Dry,Not Raining,Daylight,Hit Fixed Object,No Control
2018-7328-15/08/2019,1,1,Driver,Female,031,Driver,Not Thrown Out,By Private,Fitted - Worn,Station Wagon,Full,Stopped on Carriageway,2.0,2 Metropolitan,3,2,Thursday,05:10 pm,60,Cross Road,Straight road,Level,Wet,Raining,Daylight,Rear End,Traffic Signals
2018-7328-15/08/2019,3,1,Driver,Female,029,Driver,Not Thrown Out,By Private,Fitted - Worn,Motor Cars - Sedan,Full,Stopped on Carriageway,1.0,2 Metropolitan,3,2,Thursday,05:10 pm,60,Cross Road,Straight road,Level,Wet,Raining,Daylight,Rear End,Traffic Signals
2018-7330-15/08/2019,1,1,Passenger,Male,001,Rear Seat Middle Passenger,Not Thrown Out,Treated at Hospital,Fitted - Worn,Motor Cars - Sedan,Full,Straight Ahead,2.0,2 Metropolitan,2,2,Thursday,06:06 pm,80,Cross Road,Straight road,Level,Wet,Raining,Night,Rear End,Traffic Signals
2018-7330-15/08/2019,2,1,Driver,Female,035,Driver,Not Thrown Out,Treated at Hospital,Fitted - Worn,Motor Cars - Sedan,Full,Straight Ahead,3.0,2 Metropolitan,2,2,Thursday,06:06 pm,80,Cross Road,Straight road,Level,Wet,Raining,Night,Rear End,Traffic Signals
2018-7331-15/08/2019,1,1,Driver,Male,020,Driver,Not Thrown Out,Treated at Hospital,Fitted - Worn,Motor Cars - Sedan,Full,Straight Ahead,1.0,2 Metropolitan,2,1,Thursday,05:45 pm,60,Divided Road,Straight road,Level,Wet,Raining,Night,Hit Fixed Object,No Control
2018-7333-15/08/2019,1,1,Passenger,Female,041,Front Seat Left Passenger,Not Thrown Out,Treated at Hospital,Fitted - Worn,Station Wagon,Full,Stopped on Carriageway,2.0,3 Country,2,2,Thursday,06:40 pm,90,Not Divided,Straight road,Level,Wet,Raining,Night,Rear End,No Control
2018-7333-15/08/2019,2,1,Driver,Female,018,Driver,Not Thrown Out,Treated at Hospital,Fitted - Worn,Motor Cars - Sedan,Provisional 2,Straight Ahead,1.0,3 Country,2,2,Thursday,06:40 pm,90,Not Divided,Straight road,Level,Wet,Raining,Night,Rear End,No Control