REPORT_ID,UND_UNIT_NUMBER,CASUALTY_NUMBER,Casualty Type,Sex_x,AGE,Position In Veh,Thrown Out,Injury Extent,Seat Belt,Unit Type,Licence Type,Unit Movement,Number Occupants,Stats Area,Total Units,Total Cas,Day,Time,Area Speed,Position Type,Horizontal Align,Vertical Align,Moisture Cond,Weather Cond,DayNight,Crash Type,Traffic Ctrls
2018-7577-15/08/2019,2,1,Driver,Female,035,Driver,Not Thrown Out,Treated at Hospital,Fitted - Worn,Motor Cars - Sedan,Full,Straight Ahead,2.0,2 Metropolitan,2,1,Thursday,05:36 pm,50,T-Junction,Straight road,Slope,Dry,Not Raining,Night,Right Angle,No Control
2018-7579-15/08/2019,2,1,Driver,Female,021,Driver,Not Thrown Out,Treated at Hospital,Fitted - Worn,Motor Cars - Sedan,Full,Straight Ahead,1.0,2 Metropolitan,2,1,Thursday,06:00 pm,50,T-Junction,Straight road,Level,Dry,Not Raining,Night,Right Angle,Stop Sign
2018-7580-15/08/2019,1,1,Driver,Female,044,Driver,Not Thrown Out,By Private,Fitted - Worn,Station Wagon,Full,Straight Ahead,1.0,2 Metropolitan,2,1,Tuesday,09:00 am,60,Divided Road,Straight road,Level,Dry,Not Raining,Daylight,Rear End,No Control
2018-7581-15/08/2019,2,1,Passenger,Male,023,Rear Seat Left Passenger,Not Thrown Out,Treated at Hospital,Fitted - Worn,Motor Cars - Sedan,Full,Straight Ahead,4.0,2 Metropolitan,2,2,Thursday,07:10 pm,60,Cross Road,"CURVED, VIEW OPEN",Level,Dry,Not Raining,Night,Right Angle,Roundabout
2018-7581-15/08/2019,2,2,Passenger,Female,026,Rear Seat Right Passenger,Not Thrown Out,Treated at Hospital,Fitted - Worn,Motor Cars - Sedan,Full,Straight Ahead,4.0,2 Metropolitan,2,2,Thursday,07:10 pm,60,Cross Road,"CURVED, VIEW OPEN",Level,Dry,Not Raining,Night,Right Angle,Roundabout
2018-7582-15/08/2019,1,1,Driver,Male,037,Driver,Not Thrown Out,Treated at Hospital,Fitted - Worn,Station Wagon,Full,Straight Ahead,1.0,2 Metropolitan,2,1,Thursday,07:00 pm,50,T-Junction,Straight road,Level,Wet,Not Raining,Night,Roll Over,No Control
2018-7591-15/08/2019,1,1,Driver,Female,056,Driver,Not Thrown Out,Admitted to Hospital,Fitted - Worn,Panel Van,Full,Straight Ahead,1.0,3 Country,2,1,Thursday,05:45 pm,100,Not Divided,Straight road,Level,Dry,Not Raining,Night,Hit Fixed Object,No Control
2018-7593-15/08/2019,2,1,Pedestrian,Female,074,,,Admitted to Hospital,,Pedestrian on Footpath/Carpark,,Walking on Footpath,,2 Metropolitan,2,1,Friday,09:00 am,50,Not Divided,Straight road,Level,Dry,Not Raining,Daylight,Hit Pedestrian,No Control
2018-7594-15/08/2019,2,1,Driver,Female,078,Driver,Not Thrown Out,Treated at Hospital,Fitted - Worn,Motor Cars - Sedan,Full,Right Turn,1.0,2 Metropolitan,2,1,Friday,09:55 am,50,T-Junction,Straight road,Level,Dry,Not Raining,Daylight,Right Turn,No Control
2018-7600-15/08/2019,1,1,Driver,Male,021,Driver,Not Thrown Out,Treated at Hospital,Fitted - Worn,Motor Cars - Sedan,Full,Straight Ahead,1.0,2 Metropolitan,2,1,Friday,08:30 am,70,T-Junction,Straight road,Crest of Hill,Dry,Not Raining,Daylight,Rear End,No Control
2018-7601-15/08/2019,1,1,Rider,Male,023,Rider of Motorcycle,Thrown Out,Treated at Hospital,,Motor Cycle,Full,Straight Ahead,1.0,3 Country,2,1,Friday,10:00 am,100,Not Divided,"CURVED, VIEW OPEN",Level,Dry,Not Raining,Daylight,Hit Fixed Object,No Control
2018-7602-15/08/2019,1,1,Pedestrian,Male,053,,,By Private,,Pedestrian on Road,,Crossing without Control,,2 Metropolitan,2,1,Tuesday,03:00 pm,60,Cross Road,Straight road,Level,Dry,Not Raining,Daylight,Hit Pedestrian,Stop Sign
2018-7605-15/08/2019,1,1,Driver,Male,051,Driver,Not Thrown Out,Admitted to Hospital,Fitted - Worn,Motor Cars - Sedan,Unlicenced,Straight Ahead,4.0,2 Metropolitan,2,4,Friday,12:45 pm,60,Not Divided,"CURVED, VIEW OPEN",Slope,Dry,Not Raining,Daylight,Hit Fixed Object,No Control
2018-7605-15/08/2019,1,2,Passenger,Male,002,Rear Seat Right Passenger,Not Thrown Out,Treated at Hospital,Child Restraint - Worn,Motor Cars - Sedan,Unlicenced,Straight Ahead,4.0,2 Metropolitan,2,4,Friday,12:45 pm,60,Not Divided,"CURVED, VIEW OPEN",Slope,Dry,Not Raining,Daylight,Hit Fixed Object,No Control
2018-7605-15/08/2019,1,3,Passenger,Female,001,Rear Seat Left Passenger,Not Thrown Out,Admitted to Hospital,Fitted - Worn,Motor Cars - Sedan,Unlicenced,Straight Ahead,4.0,2 Metropolitan,2,4,Friday,12:45 pm,60,Not Divided,"CURVED, VIEW OPEN",Slope,Dry,Not Raining,Daylight,Hit Fixed Object,No Control
2018-7605-15/08/2019,1,4,Passenger,Female,XXX,Rear Seat Middle Passenger,Not Thrown Out,Treated at Hospital,Child Restraint - Worn,Motor Cars - Sedan,Unlicenced,Straight Ahead,4.0,2 Metropolitan,2,4,Friday,12:45 pm,60,Not Divided,"CURVED, VIEW OPEN",Slope,Dry,Not Raining,Daylight,Hit Fixed Object,No Control
2018-7609-15/08/2019,1,1,Driver,Female,046,Driver,Not Thrown Out,By Private,Fitted - Worn,Station Wagon,Full,Stopped on Carriageway,1.0,2 Metropolitan,2,1,Friday,04:00 pm,60,Cross Road,Straight road,Level,Dry,Not Raining,Daylight,Rear End,Traffic Signals
2018-7610-15/08/2019,1,1,Driver,Male,025,Driver,Not Thrown Out,Treated at Hospital,Fitted - Worn,Utility,Full,Straight Ahead,1.0,3 Country,2,1,Friday,09:45 am,110,Not Divided,Straight road,Level,Dry,Not Raining,Daylight,Hit Fixed Object,No Control
2018-7612-15/08/2019,1,1,Rider,Male,062,Rider of Motorcycle,Thrown Out,Treated at Hospital,,Motor Cycle,Unlicenced,Straight Ahead,1.0,2 Metropolitan,2,1,Friday,04:35 pm,60,T-Junction,Straight road,Level,Dry,Not Raining,Daylight,Rear End,Roundabout
2018-7618-15/08/2019,1,1,Driver,Female,018,Driver,Not Thrown Out,By Private,Fitted - Worn,Motor Cars - Sedan,Provisional 2,Stopped on Carriageway,1.0,2 Metropolitan,2,1,Friday,04:50 pm,40,Not Divided,Straight road,Level,Dry,Not Raining,Daylight,Rear End,No Control
2018-7622-15/08/2019,1,1,Driver,Female,018,Driver,Not Thrown Out,Treated at Hospital,Fitted - Worn,Motor Cars - Sedan,Provisional 2,Straight Ahead,1.0,2 Metropolitan,3,1,Friday,05:20 pm,60,Divided Road,Straight road,Level,Dry,Not Raining,Daylight,Rear End,No Control
2018-7626-15/08/2019,2,1,Rider,Male,016,Rider of Motorcycle,Thrown Out,Treated at Hospital,,Motor Cycle,Learners,Straight Ahead,1.0,2 Metropolitan,2,1,Friday,09:30 pm,80,Not Divided,"CURVED, VIEW OBSCURED",Slope,Dry,Not Raining,Night,Head On,No Control
2018-7628-15/08/2019,1,1,Rider,Male,057,Rider of Motorcycle,Thrown Out,Treated at Hospital,,Motor Cycle,Full,Right Turn,1.0,2 Metropolitan,1,1,Saturday,09:45 am,60,T-Junction,Straight road,Level,Dry,Not Raining,Daylight,Roll Over,Traffic Signals
2018-7629-15/08/2019,1,1,Driver,Female,042,Driver,Not Thrown Out,Treated at Hospital,Fitted - Worn,Motor Cars - Sedan,Full,U Turn,3.0,2 Metropolitan,2,3,Saturday,09:51 am,60,Not Divided,Straight road,Slope,Dry,Not Raining,Daylight,Side Swipe,No Control
2018-7629-15/08/2019,1,2,Passenger,Male,003,Rear Seat Right Passenger,Not Thrown Out,Treated at Hospital,Child Restraint - Worn,Motor Cars - Sedan,Full,U Turn,3.0,2 Metropolitan,2,3,Saturday,09:51 am,60,Not Divided,Straight road,Slope,Dry,Not Raining,Daylight,Side Swipe,No Control
2018-7629-15/08/2019,1,3,Passenger,Female,004,Rear Seat Left Passenger,Not Thrown Out,Treated at Hospital,Fitted - Worn,Motor Cars - Sedan,Full,U Turn,3.0,2 Metropolitan,2,3,Saturday,09:51 am,60,Not Divided,Straight road,Slope,Dry,Not Raining,Daylight,Side Swipe,No Control
2018-7636-15/08/2019,2,1,Rider,Male,030,,Thrown Out,Treated at Hospital,,Pedal Cycle,,Straight Ahead,1.0,2 Metropolitan,2,1,Thursday,05:05 pm,60,T-Junction,Straight road,Level,Dry,Not Raining,Daylight,Side Swipe,No Control
2018-7637-15/08/2019,2,1,Rider,Male,006,,Thrown Out,Treated at Hospital,,Pedal Cycle,,Leaving Private Driveway,1.0,3 Country,2,1,Saturday,11:50 am,50,Not Divided,Straight road,Level,Dry,Not Raining,Daylight,Right Angle,No Control
2018-7640-15/08/2019,1,1,Driver,Male,020,Driver,Not Thrown Out,Treated at Hospital,Fitted - Worn,Motor Cars - Sedan,Full,Stopped on Carriageway,1.0,2 Metropolitan,2,1,Saturday,02:30 pm,80,T-Junction,Straight road,Level,Dry,Not Raining,Daylight,Rear End,No Control
2018-7641-15/08/2019,1,1,Driver,Male,025,Driver,Not Thrown Out,Treated at Hospital,Fitted - Worn,Motor Cars - Sedan,Learners,Straight Ahead,2.0,2 Metropolitan,3,1,Friday,10:00 pm,110,Freeway,"CURVED, VIEW OBSCURED",Slope,Dry,Not Raining,Night,Hit Fixed Object,No Control
2018-7643-15/08/2019,2,1,Passenger,Male,015,Rear Seat Right Passenger,Not Thrown Out,Treated at Hospital,Fitted - Worn,Station Wagon,Provisional 2,Straight Ahead,2.0,2 Metropolitan,2,1,Saturday,03:30 pm,60,T-Junction,Straight road,Level,Dry,Not Raining,Daylight,Rear End,Give Way Sign
2018-7645-15/08/2019,1,1,Driver,Female,018,Driver,Not Thrown Out,By Private,Fitted - Worn,Motor Cars - Sedan,Provisional 2,Straight Ahead,1.0,2 Metropolitan,2,1,Saturday,04:57 pm,60,Divided Road,Straight road,Level,Dry,Not Raining,Daylight,Rear End,No Control
2018-7647-15/08/2019,2,1,Passenger,Female,004,Rear Seat Right Passenger,Not Thrown Out,Treated at Hospital,Fitted - Worn,Station Wagon,Provisional 2,Right Turn,3.0,2 Metropolitan,2,2,Saturday,03:45 pm,60,Cross Road,Straight road,Level,Dry,Not Raining,Daylight,Right Turn,Traffic Signals
2018-7647-15/08/2019,2,2,Passenger,Male,XXX,Rear Seat Left Passenger,Not Thrown Out,Treated at Hospital,Fitted - Worn,Station Wagon,Provisional 2,Right Turn,3.0,2 Metropolitan,2,2,Saturday,03:45 pm,60,Cross Road,Straight road,Level,Dry,Not Raining,Daylight,Right Turn,Traffic Signals
2018-7650-15/08/2019,1,1,Driver,Female,040,Driver,Not Thrown Out,Treated at Hospital,Fitted - Worn,Station Wagon,Full,Right Turn,1.0,2 Metropolitan,4,3,Saturday,05:20 pm,60,Multiple,Straight road,Level,Dry,Not Raining,Daylight,Right Turn,Traffic Signals
2018-7650-15/08/2019,2,1,Driver,Male,032,Driver,Not Thrown Out,Treated at Hospital,Fitted - Worn,Motor Cars - Sedan,Provisional 2,Straight Ahead,1.0,2 Metropolitan,4,3,Saturday,05:20 pm,60,Multiple,Straight road,Level,Dry,Not Raining,Daylight,Right Turn,Traffic Signals
2018-7650-15/08/2019,4,1,Driver,Female,051,Driver,Not Thrown Out,Treated at Hospital,Fitted - Worn,Motor Cars - Sedan,Full,Stopped on Carriageway,1.0,2 Metropolitan,4,3,Saturday,05:20 pm,60,Multiple,Straight road,Level,Dry,Not Raining,Daylight,Right Turn,Traffic Signals
2018-7651-15/08/2019,1,1,Driver,Male,023,Driver,Not Thrown Out,Treated at Hospital,Fitted - Worn,Utility,Provisional 2,Straight Ahead,2.0,2 Metropolitan,2,1,Friday,09:29 pm,60,Divided Road,"CURVED, VIEW OPEN",Level,Dry,Not Raining,Night,Hit Fixed Object,No Control
2018-7652-15/08/2019,1,1,Driver,Female,018,Driver,Not Thrown Out,Treated at Hospital,Fitted - Worn,Motor Cars - Sedan,Provisional 2,Straight Ahead,1.0,3 Country,2,1,Saturday,04:20 pm,100,Not Divided,Straight road,Level,Dry,Not Raining,Daylight,Hit Fixed Object,No Control
2018-7655-15/08/2019,1,1,Rider,Female,052,Rider of Motorcycle,Thrown Out,Treated at Hospital,,Scooter,Full,Straight Ahead,1.0,1 City,1,1,Thursday,05:30 pm,50,Divided Road,Straight road,Level,Dry,Not Raining,Night,Roll Over,No Control
2018-7658-15/08/2019,2,1,Rider,Male,026,Rider of Motorcycle,Thrown Out,Admitted to Hospital,,Motor Cycle,Full,Left Turn,1.0,1 City,2,1,Saturday,08:20 pm,50,Cross Road,Straight road,Level,Dry,Not Raining,Night,Side Swipe,Stop Sign
2018-7659-15/08/2019,1,1,Driver,Female,017,Driver,Not Thrown Out,Treated at Hospital,Fitted - Worn,Motor Cars - Sedan,Provisional 1 ,Straight Ahead,1.0,2 Metropolitan,2,1,Saturday,11:52 pm,60,T-Junction,Straight road,Level,Wet,Not Raining,Night,Hit Fixed Object,Roundabout
2018-7661-15/08/2019,1,1,Driver,Male,036,Driver,Not Thrown Out,Treated at Hospital,Fitted - Worn,Motor Cars - Sedan,Full,Right Turn,1.0,2 Metropolitan,2,1,Sunday,02:20 am,60,T-Junction,Straight road,Level,Dry,Not Raining,Night,Right Angle,Traffic Signals
2018-7662-15/08/2019,1,1,Driver,Female,023,Driver,Not Thrown Out,Admitted to Hospital,Fitted - Worn,Motor Cars - Sedan,Unlicenced,Straight Ahead,1.0,2 Metropolitan,2,1,Sunday,06:30 am,60,Divided Road,Straight road,Level,Wet,Unknown,Night,Hit Fixed Object,No Control
2018-7663-15/08/2019,1,1,Driver,Male,025,Driver,Not Thrown Out,Treated at Hospital,Fitted - Not Worn,Motor Cars - Sedan,Unlicenced,Swerving,4.0,3 Country,2,1,Saturday,07:29 am,50,Not Divided,"CURVED, VIEW OPEN",Slope,Dry,Not Raining,Daylight,Side Swipe,No Control
2018-7667-15/08/2019,1,1,Rider,Male,016,Rider of Motorcycle,Thrown Out,Treated at Hospital,,Motor Cycle,Learners,Straight Ahead,1.0,3 Country,1,1,Thursday,01:15 pm,50,Not Divided,"CURVED, VIEW OBSCURED",Level,Dry,Not Raining,Daylight,Roll Over,No Control
2018-7670-15/08/2019,1,1,Driver,Female,026,Driver,Not Thrown Out,Treated at Hospital,Fitted - Worn,Motor Cars - Sedan,Unknown,Stopped on Carriageway,2.0,2 Metropolitan,2,1,Sunday,11:15 am,60,Multiple,Straight road,Level,Dry,Not Raining,Daylight,Rear End,Traffic Signals
2018-7674-15/08/2019,1,1,Driver,Male,058,Driver,Not Thrown Out,Treated at Hospital,Fitted - Worn,Station Wagon,Full,Straight Ahead,1.0,2 Metropolitan,3,1,Sunday,03:50 pm,80,Not Divided,"CURVED, VIEW OBSCURED",Level,Dry,Not Raining,Daylight,Head On,No Control
2018-7675-15/08/2019,2,1,Driver,Female,055,Driver,Not Thrown Out,By Private,Fitted - Worn,Motor Cars - Sedan,Full,Leaving Private Driveway,1.0,2 Metropolitan,2,1,Sunday,04:50 pm,50,Not Divided,Straight road,Level,Dry,Not Raining,Daylight,Right Angle,No Control
2018-7677-15/08/2019,1,1,Driver,Female,060,Driver,Not Thrown Out,Admitted to Hospital,Fitted - Worn,Motor Cars - Sedan,Full,Straight Ahead,2.0,3 Country,3,2,Sunday,04:15 pm,110,Not Divided,Straight road,Slope,Wet,Raining,Daylight,Hit Fixed Object,No Control
2018-7677-15/08/2019,1,2,Passenger,Female,088,Front Seat Left Passenger,Not Thrown Out,Admitted to Hospital,Fitted - Worn,Motor Cars - Sedan,Full,Straight Ahead,2.0,3 Country,3,2,Sunday,04:15 pm,110,Not Divided,Straight road,Slope,Wet,Raining,Daylight,Hit Fixed Object,No Control
2018-7678-15/08/2019,1,1,Rider,Male,016,Rider of Motorcycle,Thrown Out,Admitted to Hospital,,Motor Cycle,Learners,Straight Ahead,1.0,3 Country,1,1,Sunday,11:30 am,50,Not Divided,Straight road,Level,Wet,Unknown,Daylight,Roll Over,No Control
2018-7680-15/08/2019,1,1,Passenger,Male,088,Front Seat Left Passenger,Not Thrown Out,Treated at Hospital,Fitted - Worn,Motor Cars - Sedan,Full,Straight Ahead,2.0,2 Metropolitan,2,1,Sunday,06:40 pm,60,T-Junction,Straight road,Level,Dry,Not Raining,Night,Rear End,No Control
2018-7683-15/08/2019,2,1,Passenger,Female,087,Front Seat Left Passenger,Not Thrown Out,Admitted to Hospital,Fitted - Worn,Motor Cars - Sedan,Full,Straight Ahead,2.0,2 Metropolitan,2,1,Sunday,04:26 pm,60,Cross Road,Straight road,Level,Dry,Not Raining,Daylight,Rear End,Give Way Sign
2018-7687-15/08/2019,1,1,Driver,Female,025,Driver,Not Thrown Out,Treated at Hospital,Fitted - Unknown if Worn,Motor Cars - Sedan,Unlicenced,Straight Ahead,1.0,2 Metropolitan,2,1,Sunday,11:43 pm,60,Divided Road,Straight road,Level,Dry,Not Raining,Night,Hit Fixed Object,No Control
2018-7689-15/08/2019,2,1,Driver,Female,021,Driver,Not Thrown Out,Treated at Hospital,Fitted - Worn,Motor Cars - Sedan,Full,Straight Ahead,1.0,2 Metropolitan,2,1,Monday,06:46 am,50,Cross Road,Straight road,Level,Dry,Not Raining,Night,Right Angle,Roundabout
2018-7691-15/08/2019,1,1,Rider,Female,032,Rider of Motorcycle,Thrown Out,Treated at Hospital,,Motor Cycle,Learners,U Turn,1.0,2 Metropolitan,1,1,Thursday,10:30 am,50,Not Divided,Straight road,Level,Dry,Not Raining,Daylight,Roll Over,No Control
2018-7693-15/08/2019,2,1,Rider,Male,029,Rider of Motorcycle,Thrown Out,Admitted to Hospital,,Motor Cycle,Unlicenced,Straight Ahead,2.0,2 Metropolitan,2,2,Monday,07:55 am,60,Cross Road,Straight road,Level,Dry,Not Raining,Daylight,Right Turn,Give Way Sign
2018-7693-15/08/2019,2,2,Passenger,Female,038,Passenger of Motorcycle,Thrown Out,Treated at Hospital,,Motor Cycle,Unlicenced,Straight Ahead,2.0,2 Metropolitan,2,2,Monday,07:55 am,60,Cross Road,Straight road,Level,Dry,Not Raining,Daylight,Right Turn,Give Way Sign
2018-7698-15/08/2019,1,1,Driver,Female,055,Driver,Not Thrown Out,Admitted to Hospital,Fitted - Worn,Motor Cars - Sedan,Full,Straight Ahead,1.0,2 Metropolitan,3,2,Monday,12:04 pm,60,T-Junction,Straight road,Level,Dry,Not Raining,Daylight,Right Angle,No Control
2018-7698-15/08/2019,2,1,Driver,Male,069,Driver,Not Thrown Out,Admitted to Hospital,Fitted - Worn,Taxi Cab,Full,Straight Ahead,1.0,2 Metropolitan,3,2,Monday,12:04 pm,60,T-Junction,Straight road,Level,Dry,Not Raining,Daylight,Right Angle,No Control
2018-7704-15/08/2019,1,1,Driver,Female,072,Driver,Not Thrown Out,By Private,Fitted - Worn,Motor Cars - Sedan,Unknown,Straight Ahead,1.0,2 Metropolitan,2,1,Thursday,01:30 pm,60,Divided Road,Straight road,Level,Dry,Not Raining,Daylight,Rear End,No Control
2018-7705-15/08/2019,1,1,Passenger,Female,023,Front Seat Left Passenger,Not Thrown Out,Treated at Hospital,Fitted - Worn,Motor Cars - Sedan,Full,Right Turn,2.0,2 Metropolitan,2,1,Friday,01:00 pm,60,Cross Road,Straight road,Level,Dry,Not Raining,Daylight,Right Turn,Traffic Signals
2018-7706-15/08/2019,1,1,Passenger,Male,068,Front Seat Left Passenger,Not Thrown Out,By Private,Fitted - Worn,Motor Cars - Sedan,Full,Right Turn,2.0,2 Metropolitan,2,1,Monday,02:03 pm,50,Cross Road,Straight road,Slope,Dry,Not Raining,Daylight,Right Angle,Stop Sign
2018-7708-15/08/2019,3,1,Driver,Female,066,Driver,Not Thrown Out,By Private,Fitted - Worn,Motor Cars - Sedan,Full,Straight Ahead,1.0,2 Metropolitan,3,1,Monday,04:45 pm,60,Divided Road,Straight road,Level,Dry,Not Raining,Daylight,Rear End,No Control
2018-7712-15/08/2019,1,1,Driver,Female,020,Driver,Not Thrown Out,Treated at Hospital,Fitted - Worn,Station Wagon,Full,Straight Ahead,1.0,1 City,4,2,Monday,05:15 pm,60,One Way,Straight road,Level,Dry,Not Raining,Daylight,Rear End,No Control
2018-7712-15/08/2019,2,1,Driver,Female,021,Driver,Not Thrown Out,Treated at Hospital,Fitted - Worn,Motor Cars - Sedan,Full,Stopped on Carriageway,1.0,1 City,4,2,Monday,05:15 pm,60,One Way,Straight road,Level,Dry,Not Raining,Daylight,Rear End,No Control
2018-7713-15/08/2019,1,1,Driver,Female,047,Driver,Not Thrown Out,Treated at Hospital,Fitted - Worn,Station Wagon,Full,Straight Ahead,2.0,2 Metropolitan,2,3,Monday,06:07 pm,80,Cross Road,Straight road,Level,Dry,Not Raining,Night,Right Angle,Give Way Sign
2018-7713-15/08/2019,1,2,Passenger,Female,020,Front Seat Left Passenger,Not Thrown Out,Treated at Hospital,Fitted - Worn,Station Wagon,Full,Straight Ahead,2.0,2 Metropolitan,2,3,Monday,06:07 pm,80,Cross Road,Straight road,Level,Dry,Not Raining,Night,Right Angle,Give Way Sign
2018-7713-15/08/2019,2,1,Driver,Male,071,Driver,Not Thrown Out,Treated at Hospital,Fitted - Worn,Motor Cars - Sedan,Full,Straight Ahead,1.0,2 Metropolitan,2,3,Monday,06:07 pm,80,Cross Road,Straight road,Level,Dry,Not Raining,Night,Right Angle,Give Way Sign
2018-7714-15/08/2019,1,1,Driver,Male,017,Driver,Not Thrown Out,Treated at Hospital,Fitted - Worn,Motor Cars - Sedan,Provisional 1 ,Swerving,1.0,3 Country,1,1,Monday,05:00 pm,100,Not Divided,"CURVED, VIEW OPEN",Level,Dry,Not Raining,Daylight,Roll Over,No Control
2018-7717-15/08/2019,3,1,Passenger,Female,XXX,Rear Seat Left Passenger,Not Thrown Out,By Private,Fitted - Worn,Motor Cars - Sedan,Full,Left Turn,2.0,2 Metropolitan,4,1,Monday,06:09 pm,60,Rail Xing,Straight road,Slope,Dry,Not Raining,Night,Rear End,Traffic Signals
2018-7718-15/08/2019,1,1,Driver,Female,038,Driver,Not Thrown Out,Treated at Hospital,Fitted - Worn,Motor Cars - Sedan,Full,Right Turn,1.0,2 Metropolitan,2,1,Monday,05:30 pm,60,T-Junction,Straight road,Level,Dry,Not Raining,Daylight,Right Angle,No Control
2018-7719-15/08/2019,2,1,Driver,Male,025,Driver,Not Thrown Out,Treated at Hospital,Fitted - Worn,Motor Cars - Sedan,Full,Straight Ahead,2.0,2 Metropolitan,2,1,Friday,01:20 pm,80,Cross Road,Straight road,Level,Dry,Not Raining,Daylight,Right Angle,Give Way Sign
2018-7720-15/08/2019,2,1,Passenger,Female,013,Front Seat Left Passenger,Not Thrown Out,Treated at Hospital,Fitted - Worn,Station Wagon,Full,Straight Ahead,3.0,2 Metropolitan,2,1,Monday,03:30 pm,60,Multiple,Straight road,Level,Dry,Not Raining,Daylight,Right Angle,Traffic Signals
2018-7721-15/08/2019,1,1,Driver,Male,040,Driver,Not Thrown Out,Treated at Hospital,Fitted - Worn,Utility,Full,Straight Ahead,1.0,2 Metropolitan,2,1,Monday,06:00 pm,80,Not Divided,"CURVED, VIEW OBSCURED",Crest of Hill,Dry,Not Raining,Night,Hit Fixed Object,No Control
2018-7722-15/08/2019,1,1,Driver,Female,077,Driver,Not Thrown Out,Treated at Hospital,Fitted - Worn,Station Wagon,Full,Straight Ahead,2.0,2 Metropolitan,2,3,Monday,06:51 pm,70,Cross Road,"CURVED, VIEW OPEN",Level,Dry,Not Raining,Night,Right Turn,Traffic Signals
2018-7722-15/08/2019,1,2,Passenger,Female,042,Front Seat Left Passenger,Not Thrown Out,Treated at Hospital,Fitted - Worn,Station Wagon,Full,Straight Ahead,2.0,2 Metropolitan,2,3,Monday,06:51 pm,70,Cross Road,"CURVED, VIEW OPEN",Level,Dry,Not Raining,Night,Right Turn,Traffic Signals
2018-7722-15/08/2019,2,1,Driver,Male,027,Driver,Not Thrown Out,Treated at Hospital,Fitted - Worn,Station Wagon,Full,Right Turn,1.0,2 Metropolitan,2,3,Monday,06:51 pm,70,Cross Road,"CURVED, VIEW OPEN",Level,Dry,Not Raining,Night,Right Turn,Traffic Signals
2018-7723-15/08/2019,1,1,Driver,Male,035,Driver,Not Thrown Out,Treated at Hospital,Fitted - Worn,Motor Cars - Sedan,Full,Straight Ahead,1.0,3 Country,2,1,Monday,10:09 pm,110,Not Divided,Straight road,Crest of Hill,Wet,Raining,Night,Head On,No Control
2018-7724-15/08/2019,1,1,Driver,Male,022,Driver,Not Thrown Out,Treated at Hospital,Fitted - Unknown if Worn,Motor Cars - Sedan,Provisional 2,Straight Ahead,1.0,3 Country,2,1,Tuesday,01:20 am,100,Not Divided,Straight road,Level,Wet,Raining,Night,Hit Fixed Object,No Control
2018-7726-15/08/2019,2,1,Driver,Female,019,Driver,Not Thrown Out,Treated at Hospital,Fitted - Worn,Motor Cars - Sedan,Provisional 1 ,Straight Ahead,1.0,2 Metropolitan,3,1,Tuesday,06:45 am,70,Cross Road,Straight road,Level,Wet,Raining,Night,Rear End,Traffic Signals
2018-7727-15/08/2019,1,1,Driver,Male,025,Driver,Not Thrown Out,Treated at Hospital,Fitted - Unknown if Worn,Utility,Full,Straight Ahead,1.0,2 Metropolitan,2,1,Tuesday,06:26 am,50,Cross Road,Straight road,Level,Wet,Not Raining,Night,Right Angle,Give Way Sign
2018-7730-15/08/2019,2,1,Driver,Male,055,Driver,Not Thrown Out,Treated at Hospital,Fitted - Worn,Station Wagon,Full,Overtaking - on Right,1.0,2 Metropolitan,4,3,Tuesday,08:18 am,90,Not Divided,Straight road,Level,Dry,Not Raining,Daylight,Head On,No Control
2018-7730-15/08/2019,3,1,Driver,Female,050,Driver,Not Thrown Out,Treated at Hospital,Fitted - Worn,Station Wagon,Full,Straight Ahead,2.0,2 Metropolitan,4,3,Tuesday,08:18 am,90,Not Divided,Straight road,Level,Dry,Not Raining,Daylight,Head On,No Control
2018-7730-15/08/2019,3,2,Passenger,Female,017,Front Seat Left Passenger,Not Thrown Out,Treated at Hospital,Fitted - Worn,Station Wagon,Full,Straight Ahead,2.0,2 Metropolitan,4,3,Tuesday,08:18 am,90,Not Divided,Straight road,Level,Dry,Not Raining,Daylight,Head On,No Control
2018-7732-15/08/2019,2,1,Driver,Female,032,Driver,Not Thrown Out,Treated at Hospital,Fitted - Worn,Motor Cars - Sedan,Full,Straight Ahead,1.0,2 Metropolitan,3,1,Tuesday,08:05 am,50,Cross Road,Straight road,Level,Dry,Not Raining,Daylight,Right Angle,Roundabout
2018-7735-15/08/2019,1,1,Driver,Female,071,Driver,Not Thrown Out,Treated at Hospital,Fitted - Worn,Motor Cars - Sedan,Full,Straight Ahead,1.0,2 Metropolitan,2,2,Tuesday,07:05 am,60,T-Junction,Straight road,Level,Wet,Not Raining,Night,Right Angle,No Control
2018-7735-15/08/2019,2,1,Driver,Female,066,Driver,Not Thrown Out,Treated at Hospital,Fitted - Unknown if Worn,Station Wagon,Full,Right Turn,1.0,2 Metropolitan,2,2,Tuesday,07:05 am,60,T-Junction,Straight road,Level,Wet,Not Raining,Night,Right Angle,No Control
2018-7738-15/08/2019,2,1,Rider,Male,035,,Thrown Out,Treated at Hospital,,Pedal Cycle,,Straight Ahead,1.0,1 City,2,1,Tuesday,07:55 am,30,T-Junction,Straight road,Slope,Wet,Raining,Daylight,Right Angle,Give Way Sign
2018-7753-15/08/2019,1,1,Driver,Female,043,Driver,Not Thrown Out,Treated at Hospital,Fitted - Worn,Station Wagon,Full,U Turn,1.0,2 Metropolitan,2,1,Tuesday,05:00 pm,60,T-Junction,Straight road,Level,Dry,Not Raining,Daylight,Side Swipe,Give Way Sign