REPORT_ID,UND_UNIT_NUMBER,CASUALTY_NUMBER,Casualty Type,Sex_x,AGE,Position In Veh,Thrown Out,Injury Extent,Seat Belt,Unit Type,Licence Type,Unit Movement,Number Occupants,Stats Area,Total Units,Total Cas,Day,Time,Area Speed,Position Type,Horizontal Align,Vertical Align,Moisture Cond,Weather Cond,DayNight,Crash Type,Traffic Ctrls
2018-7758-15/08/2019,1,1,Passenger,Male,032,Front Seat Left Passenger,Not Thrown Out,Treated at Hospital,Fitted - Worn,Motor Cars - Sedan,Provisional 1 ,Straight Ahead,5.0,3 Country,1,1,Tuesday,03:30 pm,60,Not Divided,"CURVED, VIEW OPEN",Level,Dry,Not Raining,Daylight,Roll Over,No Control
2018-7759-15/08/2019,2,1,Pedestrian,Female,057,,,Treated at Hospital,,Pedestrian on Road,,Crossing without Control,,1 City,2,1,Tuesday,06:30 pm,50,Not Divided,Straight road,Level,Dry,Not Raining,Night,Hit Pedestrian,No Control
2018-7767-15/08/2019,2,1,Passenger,Female,071,Front Seat Left Passenger,Not Thrown Out,Treated at Hospital,Fitted - Worn,Motor Cars - Sedan,Full,Straight Ahead,2.0,2 Metropolitan,2,1,Wednesday,08:50 am,60,T-Junction,Straight road,Level,Dry,Not Raining,Daylight,Rear End,Traffic Signals
2018-7770-15/08/2019,1,1,Driver,Female,042,Driver,Not Thrown Out,Treated at Hospital,Fitted - Worn,Station Wagon,Full,Straight Ahead,1.0,3 Country,1,1,Wednesday,09:00 am,100,Not Divided,Straight road,Level,Dry,Not Raining,Daylight,Roll Over,No Control
2018-7777-15/08/2019,1,1,Driver,Female,033,Driver,Not Thrown Out,Treated at Hospital,Fitted - Worn,Motor Cars - Sedan,Full,Stopped on Carriageway,1.0,2 Metropolitan,2,1,Wednesday,09:15 am,50,Divided Road,Straight road,Level,Dry,Not Raining,Daylight,Rear End,No Control
2018-7779-15/08/2019,2,1,Pedestrian,Female,081,,,Admitted to Hospital,,Pedestrian on Road,,Crossing without Control,,2 Metropolitan,2,1,Wednesday,11:50 am,60,Divided Road,Straight road,Level,Dry,Not Raining,Daylight,Hit Pedestrian,No Control
2018-7780-15/08/2019,1,1,Passenger,Female,068,Front Seat Left Passenger,Not Thrown Out,Treated at Hospital,Fitted - Worn,Motor Cars - Sedan,Full,Straight Ahead,3.0,2 Metropolitan,2,1,Wednesday,10:00 am,50,Cross Road,"CURVED, VIEW OPEN",Level,Dry,Not Raining,Daylight,Hit Fixed Object,Give Way Sign
2018-7781-15/08/2019,2,1,Passenger,Female,076,Front Seat Left Passenger,Not Thrown Out,Treated at Hospital,Fitted - Worn,Motor Cars - Sedan,Full,Right Turn,2.0,2 Metropolitan,2,1,Wednesday,12:00 pm,60,Cross Road,Straight road,Level,Dry,Not Raining,Daylight,Right Turn,Traffic Signals
2018-7784-15/08/2019,2,1,Driver,Female,048,Driver,Not Thrown Out,By Private,Fitted - Worn,Motor Cars - Sedan,Full,Stopped on Carriageway,1.0,2 Metropolitan,2,1,Wednesday,01:00 pm,60,Cross Road,Straight road,Level,Dry,Not Raining,Daylight,Rear End,Traffic Signals
2018-7787-15/08/2019,1,1,Driver,Female,064,Driver,Not Thrown Out,By Private,Fitted - Worn,Motor Cars - Sedan,Full,Stopped on Carriageway,1.0,2 Metropolitan,2,1,Wednesday,07:50 am,60,Cross Road,Straight road,Level,Dry,Not Raining,Daylight,Rear End,Traffic Signals
2018-7789-15/08/2019,1,1,Rider,Male,055,,Thrown Out,Treated at Hospital,,Pedal Cycle,,Right Turn,1.0,2 Metropolitan,1,1,Tuesday,07:05 am,50,Cross Road,Straight road,Level,Unknown,Not Raining,Night,Roll Over,Stop Sign
2018-7790-15/08/2019,1,1,Driver,Male,062,Driver,Not Thrown Out,Treated at Hospital,Fitted - Worn,Utility,Full,Straight Ahead,2.0,3 Country,1,2,Wednesday,10:15 am,110,Not Divided,Straight road,Level,Dry,Not Raining,Daylight,Roll Over,No Control
2018-7790-15/08/2019,1,2,Passenger,Female,069,Front Seat Left Passenger,Not Thrown Out,Treated at Hospital,Fitted - Worn,Utility,Full,Straight Ahead,2.0,3 Country,1,2,Wednesday,10:15 am,110,Not Divided,Straight road,Level,Dry,Not Raining,Daylight,Roll Over,No Control
2018-7791-15/08/2019,2,1,Driver,Female,027,Driver,Not Thrown Out,By Private,Fitted - Worn,Station Wagon,Full,Right Turn,1.0,2 Metropolitan,2,1,Wednesday,03:05 pm,60,T-Junction,"CURVED, VIEW OPEN",Level,Dry,Not Raining,Daylight,Right Turn,Traffic Signals
2018-7793-15/08/2019,1,1,Driver,Female,027,Driver,Not Thrown Out,Treated at Hospital,Fitted - Worn,Motor Cars - Sedan,Full,Straight Ahead,2.0,2 Metropolitan,3,2,Wednesday,03:50 pm,70,Not Divided,Straight road,Slope,Dry,Not Raining,Daylight,Rear End,No Control
2018-7793-15/08/2019,1,2,Passenger,Male,009,Front Seat Left Passenger,Not Thrown Out,Treated at Hospital,Fitted - Worn,Motor Cars - Sedan,Full,Straight Ahead,2.0,2 Metropolitan,3,2,Wednesday,03:50 pm,70,Not Divided,Straight road,Slope,Dry,Not Raining,Daylight,Rear End,No Control
2018-7798-15/08/2019,1,1,Driver,Female,033,Driver,Not Thrown Out,Treated at Hospital,Fitted - Worn,Motor Cars - Sedan,Full,Stopped on Carriageway,1.0,2 Metropolitan,2,1,Wednesday,05:30 pm,70,Divided Road,"CURVED, VIEW OPEN",Level,Dry,Not Raining,Daylight,Rear End,No Control
2018-7799-15/08/2019,2,1,Pedestrian,Male,XXX,,,Admitted to Hospital,,Pedestrian on Road,,Crossing without Control,,2 Metropolitan,2,1,Wednesday,03:45 pm,60,T-Junction,Straight road,Level,Dry,Not Raining,Daylight,Hit Pedestrian,No Control
2018-7801-15/08/2019,1,1,Driver,Female,057,Driver,Not Thrown Out,By Private,Fitted - Worn,Motor Cars - Sedan,Full,Stopped on Carriageway,1.0,2 Metropolitan,3,1,Wednesday,03:25 pm,60,T-Junction,Straight road,Level,Dry,Not Raining,Daylight,Rear End,No Control
2018-7806-15/08/2019,1,1,Driver,Male,044,Driver,Not Thrown Out,Treated at Hospital,Fitted - Worn,Station Wagon,Full,Straight Ahead,2.0,3 Country,2,2,Wednesday,09:00 pm,100,Not Divided,Straight road,Level,Dry,Not Raining,Night,Other,No Control
2018-7806-15/08/2019,1,2,Passenger,Female,055,Front Seat Left Passenger,Not Thrown Out,Treated at Hospital,Fitted - Worn,Station Wagon,Full,Straight Ahead,2.0,3 Country,2,2,Wednesday,09:00 pm,100,Not Divided,Straight road,Level,Dry,Not Raining,Night,Other,No Control
2018-7809-15/08/2019,1,1,Driver,Male,060,Driver,Not Thrown Out,Treated at Hospital,Fitted - Worn,Motor Cars - Sedan,Full,Straight Ahead,1.0,3 Country,1,1,Wednesday,01:30 pm,110,Divided Road,Straight road,Level,Dry,Not Raining,Daylight,Roll Over,No Control
2018-7810-15/08/2019,1,1,Driver,Male,044,Driver,Not Thrown Out,Treated at Hospital,Fitted - Worn,Station Wagon,Full,Stopped on Carriageway,1.0,2 Metropolitan,2,1,Thursday,06:58 am,80,Divided Road,Straight road,Level,Dry,Not Raining,Night,Rear End,No Control
2018-7823-15/08/2019,1,1,Driver,Male,035,Driver,Not Thrown Out,By Private,Fitted - Worn,Station Wagon,Full,Stopped on Carriageway,1.0,2 Metropolitan,2,1,Thursday,11:35 am,60,T-Junction,"CURVED, VIEW OPEN",Level,Dry,Not Raining,Daylight,Rear End,Traffic Signals
2018-7826-15/08/2019,1,1,Driver,Male,069,Driver,Not Thrown Out,Treated at Hospital,Fitted - Worn,Motor Cars - Sedan,Unlicenced,Straight Ahead,1.0,2 Metropolitan,2,1,Thursday,11:00 am,50,Not Divided,Straight road,Level,Dry,Not Raining,Daylight,Hit Fixed Object,No Control
2018-7829-15/08/2019,1,1,Driver,Female,018,Driver,Not Thrown Out,By Private,Fitted - Worn,Motor Cars - Sedan,Provisional 2,Right Turn,1.0,2 Metropolitan,2,2,Thursday,01:19 pm,60,T-Junction,Straight road,Level,Dry,Not Raining,Daylight,Right Angle,No Control
2018-7829-15/08/2019,2,1,Driver,Female,054,Driver,Not Thrown Out,By Private,Fitted - Worn,Motor Cars - Sedan,Full,Straight Ahead,2.0,2 Metropolitan,2,2,Thursday,01:19 pm,60,T-Junction,Straight road,Level,Dry,Not Raining,Daylight,Right Angle,No Control
2018-7833-15/08/2019,1,1,Rider,Male,XXX,,Thrown Out,By Private,,Pedal Cycle,,Straight Ahead,1.0,2 Metropolitan,2,1,Wednesday,02:00 pm,60,T-Junction,"CURVED, VIEW OPEN",Level,Dry,Not Raining,Daylight,Right Angle,No Control
2018-7834-15/08/2019,2,1,Pedestrian,Female,043,,,Treated at Hospital,,Pedestrian on Road,,Crossing with Traffic Signals,,1 City,2,1,Wednesday,07:55 pm,50,Cross Road,Straight road,Level,Dry,Not Raining,Night,Hit Pedestrian,Traffic Signals
2018-7838-15/08/2019,2,1,Driver,Female,047,Driver,Not Thrown Out,Treated at Hospital,Fitted - Worn,Motor Cars - Sedan,Full,Straight Ahead,1.0,2 Metropolitan,2,1,Thursday,05:12 pm,60,T-Junction,Straight road,Level,Dry,Not Raining,Daylight,Right Angle,No Control
2018-7841-15/08/2019,1,1,Driver,Female,049,Driver,Not Thrown Out,Treated at Hospital,Fitted - Worn,Motor Cars - Sedan,Full,Right Turn,1.0,2 Metropolitan,2,3,Thursday,06:30 pm,80,Cross Road,Straight road,Level,Dry,Not Raining,Night,Right Turn,Traffic Signals
2018-7841-15/08/2019,2,1,Driver,Female,048,Driver,Not Thrown Out,Treated at Hospital,Fitted - Worn,Motor Cars - Sedan,Full,Straight Ahead,2.0,2 Metropolitan,2,3,Thursday,06:30 pm,80,Cross Road,Straight road,Level,Dry,Not Raining,Night,Right Turn,Traffic Signals
2018-7841-15/08/2019,2,2,Passenger,Female,047,Front Seat Left Passenger,Not Thrown Out,Treated at Hospital,Fitted - Worn,Motor Cars - Sedan,Full,Straight Ahead,2.0,2 Metropolitan,2,3,Thursday,06:30 pm,80,Cross Road,Straight road,Level,Dry,Not Raining,Night,Right Turn,Traffic Signals
2018-7842-15/08/2019,1,1,Driver,Female,035,Driver,Not Thrown Out,Treated at Hospital,Fitted - Worn,Motor Cars - Sedan,Full,Right Turn,1.0,2 Metropolitan,2,1,Thursday,06:10 pm,60,T-Junction,Straight road,Level,Dry,Not Raining,Night,Right Turn,Traffic Signals
2018-7844-15/08/2019,1,1,Driver,Female,038,Driver,Not Thrown Out,Admitted to Hospital,Fitted - Unknown if Worn,Motor Cars - Sedan,Full,Straight Ahead,1.0,2 Metropolitan,3,1,Thursday,07:42 pm,50,Not Divided,"CURVED, VIEW OPEN",Level,Wet,Raining,Night,Hit Parked Vehicle,No Control
2018-7845-15/08/2019,2,1,Pedestrian,Male,003,,,Treated at Hospital,,Pedestrian on Road,,Crossing without Control,,1 City,2,1,Thursday,07:40 pm,60,Not Divided,Straight road,Level,Wet,Raining,Night,Hit Pedestrian,No Control
2018-7849-15/08/2019,2,1,Pedestrian,Male,027,,,Treated at Hospital,,Pedestrian on Road,,Crossing without Control,,2 Metropolitan,2,1,Thursday,10:10 pm,60,Divided Road,Straight road,Level,Wet,Raining,Night,Hit Pedestrian,No Control
2018-7857-15/08/2019,1,1,Driver,Male,033,Driver,Not Thrown Out,Treated at Hospital,Fitted - Worn,Motor Cars - Sedan,Full,Stopped on Carriageway,1.0,2 Metropolitan,2,1,Friday,07:55 am,50,Multiple,Straight road,Level,Wet,Raining,Daylight,Rear End,Traffic Signals
2018-7862-15/08/2019,2,1,Pedestrian,Female,023,,,Treated at Hospital,,Pedestrian on Road,,Crossing without Control,,2 Metropolitan,2,1,Friday,08:50 am,60,Divided Road,Straight road,Level,Wet,Raining,Daylight,Hit Pedestrian,No Control
2018-7863-15/08/2019,2,1,Driver,Female,046,Driver,Not Thrown Out,By Private,Fitted - Worn,Motor Cars - Sedan,Full,Straight Ahead,1.0,2 Metropolitan,2,1,Friday,08:45 am,70,T-Junction,Straight road,Slope,Wet,Raining,Daylight,Right Turn,Traffic Signals
2018-7865-15/08/2019,2,1,Passenger,Female,063,Front Seat Left Passenger,Not Thrown Out,By Private,Fitted - Worn,Motor Vehicle - Type Unknown,Full,Straight Ahead,2.0,2 Metropolitan,2,1,Thursday,12:25 pm,60,T-Junction,Straight road,Level,Dry,Not Raining,Daylight,Rear End,No Control
2018-7868-15/08/2019,1,1,Driver,Female,039,Driver,Not Thrown Out,Admitted to Hospital,Fitted - Worn,Station Wagon,Full,Right Turn,3.0,2 Metropolitan,2,1,Friday,11:00 am,80,Cross Road,Straight road,Level,Wet,Not Raining,Daylight,Right Turn,Traffic Signals
2018-7870-15/08/2019,1,1,Driver,Male,049,Driver,Not Thrown Out,Treated at Hospital,Fitted - Worn,Station Wagon,Full,Straight Ahead,1.0,2 Metropolitan,2,4,Friday,09:45 am,60,Cross Road,Straight road,Crest of Hill,Wet,Raining,Daylight,Right Angle,Give Way Sign
2018-7870-15/08/2019,2,1,Driver,Male,015,Driver,Not Thrown Out,Treated at Hospital,Fitted - Worn,Motor Cars - Sedan,Unlicenced,Straight Ahead,3.0,2 Metropolitan,2,4,Friday,09:45 am,60,Cross Road,Straight road,Crest of Hill,Wet,Raining,Daylight,Right Angle,Give Way Sign
2018-7870-15/08/2019,2,2,Passenger,Male,015,Rear Seat Right Passenger,Not Thrown Out,Treated at Hospital,Fitted - Worn,Motor Cars - Sedan,Unlicenced,Straight Ahead,3.0,2 Metropolitan,2,4,Friday,09:45 am,60,Cross Road,Straight road,Crest of Hill,Wet,Raining,Daylight,Right Angle,Give Way Sign
2018-7870-15/08/2019,2,3,Passenger,Male,018,Front Seat Left Passenger,Not Thrown Out,Treated at Hospital,Fitted - Worn,Motor Cars - Sedan,Unlicenced,Straight Ahead,3.0,2 Metropolitan,2,4,Friday,09:45 am,60,Cross Road,Straight road,Crest of Hill,Wet,Raining,Daylight,Right Angle,Give Way Sign
2018-7884-15/08/2019,2,1,Driver,Female,045,Driver,Thrown Out,Treated at Hospital,Fitted - Worn,Motor Cars - Sedan,Full,Stopped on Carriageway,1.0,2 Metropolitan,3,1,Friday,02:15 pm,90,Cross Road,Straight road,Level,Wet,Raining,Daylight,Rear End,Stop Sign
2018-7885-15/08/2019,1,1,Driver,Male,091,Driver,Not Thrown Out,Admitted to Hospital,Fitted - Worn,Motor Cars - Sedan,Full,Unparking -Angle,1.0,3 Country,3,1,Friday,10:10 am,50,Not Divided,Straight road,Level,Dry,Not Raining,Daylight,Hit Fixed Object,No Control
2018-7888-15/08/2019,1,1,Driver,Female,079,Driver,Not Thrown Out,Treated at Hospital,Fitted - Worn,Motor Cars - Sedan,Full,Straight Ahead,1.0,2 Metropolitan,2,1,Friday,03:45 pm,60,Divided Road,Straight road,Level,Dry,Not Raining,Daylight,Hit Fixed Object,No Control
2018-7889-15/08/2019,1,1,Driver,Female,042,Driver,Not Thrown Out,Treated at Hospital,Fitted - Worn,Motor Cars - Sedan,Unlicenced,Reversing,2.0,2 Metropolitan,3,1,Friday,03:00 pm,60,Not Divided,Straight road,Level,Dry,Not Raining,Daylight,Rear End,No Control
2018-7897-15/08/2019,1,1,Driver,Male,042,Driver,Not Thrown Out,Admitted to Hospital,Fitted - Unknown if Worn,Utility,Full,Overtaking - on Right,1.0,3 Country,3,1,Friday,05:15 pm,110,Not Divided,Straight road,Level,Wet,Unknown,Daylight,Side Swipe,No Control
2018-7900-15/08/2019,1,1,Rider,Male,056,,Thrown Out,Treated at Hospital,,Pedal Cycle,,Straight Ahead,1.0,2 Metropolitan,2,1,Wednesday,07:00 pm,60,Not Divided,Straight road,Level,Dry,Not Raining,Night,Hit Object on Road,No Control
2018-7907-15/08/2019,1,1,Passenger,Female,075,Front Seat Left Passenger,Not Thrown Out,Treated at Hospital,Fitted - Worn,Motor Cars - Sedan,Unlicenced,Straight Ahead,2.0,2 Metropolitan,2,1,Saturday,03:32 am,60,Divided Road,Straight road,Level,Dry,Not Raining,Night,Hit Parked Vehicle,No Control
2018-7910-15/08/2019,1,1,Driver,Male,023,Driver,Not Thrown Out,Treated at Hospital,Fitted - Unknown if Worn,Motor Cars - Sedan,Full,Straight Ahead,4.0,2 Metropolitan,2,1,Saturday,03:07 am,90,Divided Road,Straight road,Level,Dry,Not Raining,Night,Hit Fixed Object,No Control
2018-7911-15/08/2019,1,1,Driver,Male,022,Driver,Thrown Out,Admitted to Hospital,Fitted - Unknown if Worn,Utility,Unlicenced,Straight Ahead,1.0,3 Country,4,1,Friday,11:41 pm,40,Not Divided,"CURVED, VIEW OPEN",Level,Dry,Not Raining,Night,Hit Fixed Object,No Control
2018-7912-15/08/2019,2,1,Driver,Female,040,Driver,Not Thrown Out,Treated at Hospital,Fitted - Worn,Motor Cars - Sedan,Full,Right Turn,1.0,2 Metropolitan,2,1,Saturday,06:40 am,60,Cross Road,Straight road,Level,Dry,Not Raining,Night,Right Turn,Traffic Signals
2018-7917-15/08/2019,1,1,Driver,Male,029,Driver,Not Thrown Out,Treated at Hospital,Fitted - Worn,Motor Vehicle - Type Unknown,Full,Straight Ahead,1.0,3 Country,2,1,Saturday,06:45 am,80,Not Divided,Straight road,Level,Dry,Not Raining,Night,Hit Fixed Object,No Control
2018-7920-15/08/2019,1,1,Driver,Male,039,Driver,Not Thrown Out,Treated at Hospital,Fitted - Unknown if Worn,Station Wagon,Full,Straight Ahead,1.0,2 Metropolitan,2,1,Saturday,08:00 am,50,Not Divided,Straight road,Level,Dry,Not Raining,Daylight,Hit Fixed Object,No Control
2018-7932-15/08/2019,1,1,Passenger,Female,009,Front Seat Left Passenger,Not Thrown Out,Treated at Hospital,Fitted - Worn,Motor Cars - Sedan,Full,Straight Ahead,3.0,2 Metropolitan,3,2,Saturday,01:40 pm,60,Divided Road,Straight road,Slope,Wet,Not Raining,Daylight,Rear End,No Control
2018-7932-15/08/2019,1,2,Passenger,Male,004,Rear Seat Left Passenger,Not Thrown Out,Treated at Hospital,Fitted - Worn,Motor Cars - Sedan,Full,Straight Ahead,3.0,2 Metropolitan,3,2,Saturday,01:40 pm,60,Divided Road,Straight road,Slope,Wet,Not Raining,Daylight,Rear End,No Control
2018-7934-15/08/2019,1,1,Pedestrian,Female,057,,,By Private,,Pedestrian on Footpath/Carpark,,Walking on Footpath,,2 Metropolitan,2,1,Friday,06:15 pm,50,Not Divided,Straight road,Level,Dry,Not Raining,Night,Hit Pedestrian,No Control
2018-7936-15/08/2019,1,1,Rider,Male,022,Rider of Motorcycle,Thrown Out,By Private,,Motor Cycle,Full,Straight Ahead,1.0,2 Metropolitan,3,1,Saturday,04:00 pm,80,Not Divided,"CURVED, VIEW OPEN",Slope,Dry,Not Raining,Daylight,Hit Parked Vehicle,No Control
2018-7937-15/08/2019,1,1,Rider,Male,054,Rider of Motorcycle,Thrown Out,Admitted to Hospital,,Motor Cycle,Full,Straight Ahead,1.0,3 Country,1,1,Saturday,04:00 pm,100,Not Divided,"CURVED, VIEW OBSCURED",Slope,Dry,Not Raining,Daylight,Roll Over,No Control
2018-7940-15/08/2019,1,1,Driver,Male,025,Driver,Not Thrown Out,Treated at Hospital,Fitted - Worn,Motor Cars - Sedan,Unlicenced,Straight Ahead,1.0,3 Country,1,1,Sunday,01:30 am,100,Not Divided,"CURVED, VIEW OPEN",Crest of Hill,Dry,Not Raining,Night,Roll Over,No Control
2018-7941-15/08/2019,1,1,Driver,Female,038,Driver,Not Thrown Out,Treated at Hospital,Fitted - Worn,Motor Cars - Sedan,Full,Straight Ahead,2.0,3 Country,2,2,Sunday,04:35 am,110,Not Divided,Straight road,Level,Dry,Not Raining,Night,Hit Fixed Object,No Control
2018-7941-15/08/2019,1,2,Passenger,Male,041,Front Seat Left Passenger,Not Thrown Out,Treated at Hospital,Fitted - Worn,Motor Cars - Sedan,Full,Straight Ahead,2.0,3 Country,2,2,Sunday,04:35 am,110,Not Divided,Straight road,Level,Dry,Not Raining,Night,Hit Fixed Object,No Control
2018-7944-15/08/2019,1,1,Driver,Male,028,Driver,Not Thrown Out,Treated at Hospital,Fitted - Worn,Motor Cars - Sedan,Full,Straight Ahead,1.0,2 Metropolitan,2,1,Saturday,02:10 pm,100,Not Divided,"CURVED, VIEW OPEN",Slope,Dry,Not Raining,Daylight,Hit Fixed Object,No Control
2018-7945-15/08/2019,1,1,Driver,Female,022,Driver,Not Thrown Out,By Private,Fitted - Worn,Motor Cars - Sedan,Provisional 2,Straight Ahead,1.0,2 Metropolitan,2,1,Sunday,08:40 am,60,T-Junction,Straight road,Level,Dry,Not Raining,Daylight,Right Angle,No Control
2018-7947-15/08/2019,2,1,Rider,Female,043,,,Treated at Hospital,,Pedal Cycle,,Straight Ahead,1.0,2 Metropolitan,2,1,Sunday,10:20 am,60,T-Junction,Straight road,Slope,Dry,Not Raining,Daylight,Right Angle,Give Way Sign
2018-7949-15/08/2019,1,1,Rider,Male,056,Rider of Motorcycle,Thrown Out,Admitted to Hospital,,Motor Cycle,Full,Straight Ahead,1.0,2 Metropolitan,1,1,Sunday,10:15 am,60,Not Divided,"CURVED, VIEW OPEN",Bottom of Hill,Dry,Not Raining,Daylight,Roll Over,No Control
2018-7953-15/08/2019,1,1,Driver,Male,017,Driver,Not Thrown Out,Fatal,Fitted - Unknown if Worn,Motor Cars - Sedan,Provisional 1 ,Overtaking - on Right,1.0,3 Country,2,1,Sunday,01:30 pm,100,Not Divided,Straight road,Level,Dry,Not Raining,Daylight,Hit Fixed Object,No Control
2018-7959-15/08/2019,1,1,Pedestrian,Unknown,XXX,,,Treated at Hospital,,Pedestrian on Footpath/Carpark,,Walking on Footpath,,2 Metropolitan,2,1,Sunday,03:30 pm,60,Divided Road,Straight road,Level,Wet,Raining,Daylight,Hit Pedestrian,No Control
2018-7960-15/08/2019,2,1,Rider,Female,040,,Thrown Out,Treated at Hospital,,Pedal Cycle,,Straight Ahead,1.0,2 Metropolitan,2,1,Sunday,04:55 pm,50,Cross Road,Straight road,Level,Wet,Raining,Daylight,Right Angle,Roundabout
2018-7962-15/08/2019,2,1,Rider,Male,016,Rider of Motorcycle,Thrown Out,Treated at Hospital,,Motor Cycle,Learners,Straight Ahead,1.0,3 Country,2,1,Sunday,06:20 pm,50,Divided Road,Straight road,Level,Dry,Not Raining,Night,Right Turn,No Control
2018-7965-15/08/2019,1,1,Driver,Male,062,Driver,Not Thrown Out,Treated at Hospital,Fitted - Worn,Utility,Full,Straight Ahead,1.0,3 Country,2,1,Wednesday,12:10 pm,50,T-Junction,Straight road,Slope,Dry,Not Raining,Daylight,Hit Fixed Object,Give Way Sign
2018-7966-15/08/2019,2,1,Driver,Male,XXX,Driver,Not Thrown Out,By Private,Fitted - Worn,Motor Cars - Sedan,Full,Straight Ahead,1.0,1 City,2,1,Sunday,07:09 pm,50,Cross Road,Straight road,Level,Wet,Raining,Night,Right Angle,Give Way Sign
2018-7976-15/08/2019,2,1,Driver,Female,073,Driver,Not Thrown Out,By Private,Fitted - Worn,Motor Cars - Sedan,Full,Straight Ahead,1.0,2 Metropolitan,3,1,Monday,10:00 am,50,Not Divided,Straight road,Level,Wet,Raining,Daylight,Rear End,No Control
2018-7982-15/08/2019,1,1,Driver,Male,026,Driver,Not Thrown Out,Treated at Hospital,Fitted - Worn,Motor Cars - Sedan,Provisional 1 ,Left Turn,1.0,2 Metropolitan,3,1,Monday,10:35 am,80,Cross Road,Straight road,Level,Dry,Not Raining,Daylight,Right Angle,Traffic Signals
2018-7987-15/08/2019,1,1,Driver,Male,030,Driver,Not Thrown Out,By Private,Fitted - Worn,Motor Cars - Sedan,Full,Straight Ahead,1.0,2 Metropolitan,2,1,Monday,10:50 am,60,T-Junction,Straight road,Level,Wet,Not Raining,Daylight,Right Angle,Stop Sign
2018-7989-15/08/2019,1,1,Driver,Male,018,Driver,Not Thrown Out,Admitted to Hospital,Fitted - Worn,Utility,Provisional 1 ,Straight Ahead,1.0,3 Country,2,1,Monday,08:18 am,110,Not Divided,"CURVED, VIEW OPEN",Crest of Hill,Wet,Raining,Daylight,Hit Fixed Object,No Control
2018-7990-15/08/2019,2,1,Driver,Female,021,Driver,Not Thrown Out,By Private,Fitted - Worn,Motor Cars - Sedan,Full,Stopped on Carriageway,1.0,2 Metropolitan,2,1,Monday,09:15 am,60,Divided Road,Straight road,Slope,Wet,Raining,Daylight,Rear End,No Control
2018-7991-15/08/2019,1,1,Pedestrian,Male,XXX,,,Treated at Hospital,,Pedestrian on Road,,Crossing without Control,,1 City,2,1,Monday,01:00 pm,50,Not Divided,Straight road,Level,Wet,Raining,Daylight,Hit Pedestrian,No Control
2018-7993-15/08/2019,2,1,Passenger,Female,002,Rear Seat Right Passenger,Not Thrown Out,Treated at Hospital,Child Restraint - Worn,Motor Cars - Sedan,Full,Swerving,3.0,3 Country,2,2,Monday,11:30 am,60,Divided Road,Straight road,Level,Wet,Raining,Daylight,Side Swipe,No Control
2018-7993-15/08/2019,2,2,Passenger,Female,001,Rear Seat Middle Passenger,Not Thrown Out,Admitted to Hospital,Child Restraint - Worn,Motor Cars - Sedan,Full,Swerving,3.0,3 Country,2,2,Monday,11:30 am,60,Divided Road,Straight road,Level,Wet,Raining,Daylight,Side Swipe,No Control
2018-7994-15/08/2019,1,1,Driver,Male,059,Driver,Not Thrown Out,Treated at Hospital,Fitted - Worn,Utility,Full,Straight Ahead,1.0,3 Country,2,1,Monday,11:00 am,100,Not Divided,Straight road,Level,Dry,Not Raining,Daylight,Hit Fixed Object,No Control
2018-8002-15/08/2019,2,1,Driver,Male,035,Driver,Not Thrown Out,By Private,Fitted - Worn,Motor Cars - Sedan,Full,Straight Ahead,1.0,2 Metropolitan,3,1,Monday,02:23 pm,60,Divided Road,Straight road,Level,Dry,Not Raining,Daylight,Rear End,No Control
2018-8005-15/08/2019,1,1,Driver,Female,035,Driver,Not Thrown Out,Treated at Hospital,Fitted - Worn,Motor Cars - Sedan,Full,Straight Ahead,1.0,2 Metropolitan,2,1,Monday,04:15 pm,60,T-Junction,Straight road,Level,Wet,Not Raining,Daylight,Right Angle,Stop Sign
2018-8008-15/08/2019,3,1,Driver,Female,031,Driver,Not Thrown Out,By Private,Fitted - Worn,Motor Cars - Sedan,Full,Stopped on Carriageway,1.0,2 Metropolitan,3,1,Sunday,11:35 am,60,Divided Road,Straight road,Level,Dry,Not Raining,Daylight,Rear End,No Control
2018-8011-15/08/2019,2,1,Driver,Male,018,Driver,Not Thrown Out,Treated at Hospital,Fitted - Unknown if Worn,Motor Cars - Sedan,Provisional 2,Straight Ahead,3.0,2 Metropolitan,2,1,Monday,03:40 pm,70,T-Junction,Straight road,Level,Wet,Raining,Daylight,Right Angle,No Control
2018-8012-15/08/2019,1,1,Pedestrian,Female,026,,,By Private,,Pedestrian on Road,,Crossing with Traffic Signals,,1 City,2,1,Monday,07:20 pm,50,Cross Road,Straight road,Level,Wet,Raining,Night,Hit Pedestrian,Traffic Signals
2018-8013-15/08/2019,1,1,Driver,Female,XXX,Driver,Not Thrown Out,Treated at Hospital,Fitted - Worn,Motor Cars - Sedan,Unlicenced,Straight Ahead,1.0,2 Metropolitan,3,1,Monday,08:53 pm,60,Cross Road,Straight road,Level,Wet,Raining,Night,Hit Fixed Object,Traffic Signals