REPORT_ID,UND_UNIT_NUMBER,CASUALTY_NUMBER,Casualty Type,Sex_x,AGE,Position In Veh,Thrown Out,Injury Extent,Seat Belt,Unit Type,Licence Type,Unit Movement,Number Occupants,Stats Area,Total Units,Total Cas,Day,Time,Area Speed,Position Type,Horizontal Align,Vertical Align,Moisture Cond,Weather Cond,DayNight,Crash Type,Traffic Ctrls
2018-8231-15/08/2019,1,1,Rider,Male,016,Rider of Motorcycle,Not Thrown Out,Admitted to Hospital,,Motor Cycle,Learners,Straight Ahead,1.0,3 Country,2,1,Saturday,05:20 pm,60,Cross Road,Straight road,Level,Wet,Raining,Daylight,Rear End,Give Way Sign
2018-8232-15/08/2019,1,1,Passenger,Male,008,Rear Seat Left Passenger,Not Thrown Out,Treated at Hospital,Fitted - Worn,Station Wagon,Full,Straight Ahead,4.0,2 Metropolitan,2,2,Saturday,05:35 pm,50,Cross Road,Straight road,Level,Wet,Not Raining,Daylight,Right Angle,Give Way Sign
2018-8232-15/08/2019,1,2,Passenger,Male,011,Rear Seat Right Passenger,Not Thrown Out,Treated at Hospital,Fitted - Worn,Station Wagon,Full,Straight Ahead,4.0,2 Metropolitan,2,2,Saturday,05:35 pm,50,Cross Road,Straight road,Level,Wet,Not Raining,Daylight,Right Angle,Give Way Sign
2018-8233-15/08/2019,2,1,Driver,Female,061,Driver,Not Thrown Out,Treated at Hospital,Fitted - Worn,Motor Cars - Sedan,Full,Straight Ahead,1.0,2 Metropolitan,2,1,Saturday,05:46 pm,60,T-Junction,Straight road,Level,Wet,Not Raining,Night,Right Angle,No Control
2018-8235-15/08/2019,3,1,Driver,Female,046,Driver,Not Thrown Out,By Private,Fitted - Worn,Motor Cars - Sedan,Full,Stopped on Carriageway,3.0,2 Metropolitan,3,3,Saturday,07:36 pm,60,Cross Road,Straight road,Level,Dry,Not Raining,Night,Side Swipe,Traffic Signals
2018-8235-15/08/2019,3,2,Passenger,Female,078,Front Seat Left Passenger,Not Thrown Out,By Private,Fitted - Worn,Motor Cars - Sedan,Full,Stopped on Carriageway,3.0,2 Metropolitan,3,3,Saturday,07:36 pm,60,Cross Road,Straight road,Level,Dry,Not Raining,Night,Side Swipe,Traffic Signals
2018-8235-15/08/2019,3,3,Passenger,Female,015,Rear Seat Left Passenger,Not Thrown Out,Treated at Hospital,Fitted - Worn,Motor Cars - Sedan,Full,Stopped on Carriageway,3.0,2 Metropolitan,3,3,Saturday,07:36 pm,60,Cross Road,Straight road,Level,Dry,Not Raining,Night,Side Swipe,Traffic Signals
2018-8244-15/08/2019,1,1,Rider,Male,065,Rider of Motorcycle,Not Thrown Out,Treated at Hospital,,Scooter,Full,Straight Ahead,1.0,2 Metropolitan,2,1,Saturday,12:56 pm,60,T-Junction,Straight road,Slope,Wet,Raining,Daylight,Right Angle,No Control
2018-8245-15/08/2019,2,1,Passenger,Female,069,Front Seat Left Passenger,Not Thrown Out,By Private,Fitted - Worn,Motor Cars - Sedan,Full,Straight Ahead,2.0,2 Metropolitan,2,1,Sunday,09:45 am,80,Divided Road,Straight road,Level,Wet,Raining,Daylight,Side Swipe,No Control
2018-8247-15/08/2019,1,1,Driver,Male,018,Driver,Not Thrown Out,Admitted to Hospital,Fitted - Unknown if Worn,Utility,Provisional 2,Straight Ahead,1.0,3 Country,2,1,Sunday,04:15 am,100,Not Divided,Straight road,Level,Wet,Not Raining,Night,Hit Fixed Object,No Control
2018-8250-15/08/2019,1,1,Driver,Female,046,Driver,Not Thrown Out,Treated at Hospital,Fitted - Worn,Motor Cars - Sedan,Full,Straight Ahead,1.0,3 Country,2,1,Sunday,01:00 pm,100,Not Divided,Straight road,Level,Wet,Raining,Daylight,Hit Fixed Object,No Control
2018-8253-15/08/2019,2,1,Driver,Female,034,Driver,Not Thrown Out,Treated at Hospital,Fitted - Worn,Station Wagon,Full,Stopped on Carriageway,1.0,2 Metropolitan,2,1,Sunday,04:45 pm,60,T-Junction,Straight road,Level,Dry,Not Raining,Daylight,Rear End,Traffic Signals
2018-8254-15/08/2019,2,1,Pedestrian,Male,XXX,,,Treated at Hospital,,Pedestrian on Road,,Crossing without Control,,2 Metropolitan,2,1,Sunday,04:45 pm,50,Not Divided,Straight road,Level,Dry,Not Raining,Daylight,Hit Pedestrian,No Control
2018-8258-15/08/2019,1,1,Driver,Female,025,Driver,Not Thrown Out,Treated at Hospital,Fitted - Worn,Utility,Full,Parked,3.0,3 Country,2,3,Sunday,05:00 pm,110,Divided Road,Straight road,Level,Dry,Not Raining,Daylight,Hit Parked Vehicle,No Control
2018-8258-15/08/2019,1,2,Passenger,Male,027,Front Seat Left Passenger,Not Thrown Out,Treated at Hospital,Fitted - Worn,Utility,Full,Parked,3.0,3 Country,2,3,Sunday,05:00 pm,110,Divided Road,Straight road,Level,Dry,Not Raining,Daylight,Hit Parked Vehicle,No Control
2018-8258-15/08/2019,2,1,Driver,Male,056,Driver,Not Thrown Out,Treated at Hospital,Fitted - Worn,Motor Cars - Sedan,Full,Straight Ahead,1.0,3 Country,2,3,Sunday,05:00 pm,110,Divided Road,Straight road,Level,Dry,Not Raining,Daylight,Hit Parked Vehicle,No Control
2018-8259-15/08/2019,2,1,Driver,Female,056,Driver,Not Thrown Out,By Private,Fitted - Worn,Station Wagon,Full,Straight Ahead,1.0,2 Metropolitan,2,1,Sunday,07:26 pm,60,Cross Road,Straight road,Level,Dry,Not Raining,Night,Right Angle,Traffic Signals
2018-8260-15/08/2019,1,1,Rider,Male,016,,,By Private,,Pedal Cycle,,Straight Ahead,1.0,2 Metropolitan,2,1,Sunday,06:15 pm,60,Divided Road,Straight road,Level,Dry,Not Raining,Night,Right Angle,No Control
2018-8262-15/08/2019,1,1,Driver,Male,074,Driver,Not Thrown Out,Treated at Hospital,Fitted - Worn,Motor Cars - Sedan,Full,Right Turn,1.0,2 Metropolitan,2,1,Sunday,06:25 pm,60,T-Junction,Straight road,Slope,Dry,Not Raining,Night,Right Turn,No Control
2018-8269-15/08/2019,1,1,Driver,Male,028,Driver,Not Thrown Out,Treated at Hospital,Fitted - Unknown if Worn,Motor Cars - Sedan,Full,Straight Ahead,1.0,2 Metropolitan,3,1,Saturday,06:15 am,50,Not Divided,Straight road,Level,Wet,Raining,Night,Hit Parked Vehicle,No Control
2018-8270-15/08/2019,1,1,Driver,Male,038,Driver,Not Thrown Out,Treated at Hospital,Fitted - Unknown if Worn,Motor Cars - Sedan,Full,Straight Ahead,1.0,2 Metropolitan,2,1,Monday,05:51 am,60,Divided Road,Straight road,Level,Wet,Raining,Night,Hit Fixed Object,No Control
2018-8271-15/08/2019,1,1,Driver,Male,XXX,Driver,Not Thrown Out,Treated at Hospital,Fitted - Worn,Motor Cars - Sedan,Full,Straight Ahead,1.0,2 Metropolitan,2,1,Monday,06:35 am,70,Cross Road,Straight road,Level,Dry,Not Raining,Night,Rear End,Traffic Signals
2018-8278-15/08/2019,2,1,Pedestrian,Male,021,,,Admitted to Hospital,,Pedestrian on Road,,Walking on Road,,2 Metropolitan,3,1,Sunday,10:25 am,50,Not Divided,Straight road,Level,Dry,Not Raining,Daylight,Hit Pedestrian,No Control
2018-8279-15/08/2019,1,1,Rider,Female,040,,Thrown Out,Treated at Hospital,,Pedal Cycle,,Straight Ahead,1.0,1 City,2,1,Friday,03:00 pm,50,Not Divided,Straight road,Level,Wet,Not Raining,Daylight,Side Swipe,No Control
2018-8282-15/08/2019,1,1,Driver,Male,030,Driver,Not Thrown Out,Fatal,Fitted - Worn,Motor Cars - Sedan,Provisional 2,Straight Ahead,2.0,3 Country,2,2,Monday,04:24 am,110,Not Divided,Straight road,Level,Dry,Not Raining,Night,Hit Parked Vehicle,No Control
2018-8282-15/08/2019,1,2,Passenger,Male,030,Front Seat Left Passenger,Not Thrown Out,Fatal,Fitted - Not Worn,Motor Cars - Sedan,Provisional 2,Straight Ahead,2.0,3 Country,2,2,Monday,04:24 am,110,Not Divided,Straight road,Level,Dry,Not Raining,Night,Hit Parked Vehicle,No Control
2018-8284-15/08/2019,1,1,Driver,Male,027,Driver,Not Thrown Out,By Private,Fitted - Worn,SEMI TRAILER,Full,Right Turn,1.0,3 Country,1,1,Monday,10:30 am,110,T-Junction,Straight road,Level,Dry,Not Raining,Daylight,Roll Over,No Control
2018-8286-15/08/2019,1,1,Driver,Female,020,Driver,Not Thrown Out,Admitted to Hospital,Fitted - Worn,Motor Cars - Sedan,Provisional 2,Straight Ahead,1.0,2 Metropolitan,2,1,Monday,11:10 am,60,Divided Road,Straight road,Level,Dry,Not Raining,Daylight,Hit Fixed Object,No Control
2018-8288-15/08/2019,1,1,Driver,Female,024,Driver,Not Thrown Out,Treated at Hospital,Fitted - Worn,Motor Cars - Sedan,Full,Straight Ahead,1.0,3 Country,2,1,Saturday,05:30 pm,80,Not Divided,"CURVED, VIEW OPEN",Level,Wet,Raining,Daylight,Hit Fixed Object,No Control
2018-8291-15/08/2019,1,1,Driver,Female,063,Driver,Not Thrown Out,By Private,Fitted - Worn,Motor Cars - Sedan,Full,Stopped on Carriageway,1.0,2 Metropolitan,2,1,Monday,09:30 am,50,Cross Road,Straight road,Level,Dry,Not Raining,Daylight,Rear End,Traffic Signals
2018-8293-15/08/2019,1,1,Passenger,Female,040,Front Seat Left Passenger,Not Thrown Out,Treated at Hospital,Fitted - Worn,Motor Cars - Sedan,Learners,Straight Ahead,2.0,2 Metropolitan,3,3,Monday,01:40 pm,80,T-Junction,Straight road,Level,Dry,Not Raining,Daylight,Right Turn,Give Way Sign
2018-8293-15/08/2019,2,1,Driver,Female,062,Driver,Not Thrown Out,Admitted to Hospital,Fitted - Worn,Motor Cars - Sedan,Full,Right Turn,1.0,2 Metropolitan,3,3,Monday,01:40 pm,80,T-Junction,Straight road,Level,Dry,Not Raining,Daylight,Right Turn,Give Way Sign
2018-8293-15/08/2019,3,1,Driver,Female,053,Driver,Not Thrown Out,Admitted to Hospital,Fitted - Worn,Motor Cars - Sedan,Full,Straight Ahead,3.0,2 Metropolitan,3,3,Monday,01:40 pm,80,T-Junction,Straight road,Level,Dry,Not Raining,Daylight,Right Turn,Give Way Sign
2018-8296-15/08/2019,1,1,Passenger,Female,XXX,Front Seat Left Passenger,Not Thrown Out,Treated at Hospital,Fitted - Worn,Motor Cars - Sedan,Full,Straight Ahead,2.0,2 Metropolitan,3,1,Monday,03:25 pm,60,Divided Road,Straight road,Level,Dry,Not Raining,Daylight,Rear End,No Control
2018-8298-15/08/2019,1,1,Driver,Female,063,Driver,Not Thrown Out,By Private,Fitted - Not Worn,Station Wagon,Full,Right Turn,1.0,2 Metropolitan,2,1,Monday,02:40 pm,60,T-Junction,Straight road,Level,Dry,Not Raining,Daylight,Right Angle,No Control
2018-8299-15/08/2019,1,1,Driver,Female,069,Driver,Not Thrown Out,Treated at Hospital,Fitted - Worn,Motor Cars - Sedan,Full,Straight Ahead,3.0,2 Metropolitan,2,5,Monday,03:00 pm,60,Cross Road,Straight road,Level,Dry,Not Raining,Daylight,Right Turn,Traffic Signals
2018-8299-15/08/2019,1,2,Passenger,Female,008,Rear Seat Right Passenger,Not Thrown Out,Treated at Hospital,Fitted - Worn,Motor Cars - Sedan,Full,Straight Ahead,3.0,2 Metropolitan,2,5,Monday,03:00 pm,60,Cross Road,Straight road,Level,Dry,Not Raining,Daylight,Right Turn,Traffic Signals
2018-8299-15/08/2019,1,3,Passenger,Male,016,Front Seat Left Passenger,Not Thrown Out,Treated at Hospital,Fitted - Worn,Motor Cars - Sedan,Full,Straight Ahead,3.0,2 Metropolitan,2,5,Monday,03:00 pm,60,Cross Road,Straight road,Level,Dry,Not Raining,Daylight,Right Turn,Traffic Signals
2018-8299-15/08/2019,2,1,Driver,Female,061,Driver,Not Thrown Out,Treated at Hospital,Fitted - Worn,Station Wagon,Full,Right Turn,2.0,2 Metropolitan,2,5,Monday,03:00 pm,60,Cross Road,Straight road,Level,Dry,Not Raining,Daylight,Right Turn,Traffic Signals
2018-8299-15/08/2019,2,2,Passenger,Female,086,Front Seat Left Passenger,Not Thrown Out,Treated at Hospital,Fitted - Worn,Station Wagon,Full,Right Turn,2.0,2 Metropolitan,2,5,Monday,03:00 pm,60,Cross Road,Straight road,Level,Dry,Not Raining,Daylight,Right Turn,Traffic Signals
2018-8300-15/08/2019,2,1,Rider,Male,016,Rider of Motorcycle,Thrown Out,Treated at Hospital,,Motor Cycle,Learners,Straight Ahead,1.0,3 Country,2,1,Friday,07:00 pm,50,Not Divided,Straight road,Level,Wet,Raining,Night,Hit Parked Vehicle,No Control
2018-8306-15/08/2019,1,1,Driver,Male,038,Driver,Not Thrown Out,Treated at Hospital,Fitted - Worn,Utility,Full,Stopped on Carriageway,1.0,2 Metropolitan,2,1,Monday,06:10 pm,60,Divided Road,Straight road,Level,Dry,Not Raining,Night,Rear End,No Control
2018-8307-15/08/2019,1,1,Rider,Female,059,,Thrown Out,By Private,,Pedal Cycle,,Straight Ahead,1.0,2 Metropolitan,2,1,Monday,06:15 pm,50,Cross Road,Straight road,Level,Dry,Not Raining,Night,Right Angle,Give Way Sign
2018-8309-15/08/2019,1,1,Rider,Male,024,Rider of Motorcycle,Thrown Out,Treated at Hospital,,Motor Cycle,Full,Straight Ahead,1.0,2 Metropolitan,1,1,Monday,10:30 pm,50,Cross Road,Straight road,Level,Dry,Not Raining,Night,Roll Over,Roundabout
2018-8319-15/08/2019,1,1,Driver,Male,023,Driver,Not Thrown Out,Treated at Hospital,Fitted - Worn,Motor Cars - Sedan,Provisional 2,Straight Ahead,1.0,2 Metropolitan,2,1,Tuesday,08:55 am,50,Not Divided,Straight road,Level,Dry,Not Raining,Daylight,Hit Fixed Object,No Control
2018-8321-15/08/2019,2,1,Driver,Female,038,Driver,Not Thrown Out,By Private,Fitted - Worn,Motor Cars - Sedan,Full,Straight Ahead,1.0,1 City,3,2,Tuesday,10:33 am,50,Cross Road,Straight road,Level,Dry,Not Raining,Daylight,Rear End,Traffic Signals
2018-8321-15/08/2019,3,1,Driver,Female,073,Driver,Not Thrown Out,By Private,Fitted - Worn,Motor Cars - Sedan,Full,Stopped on Carriageway,1.0,1 City,3,2,Tuesday,10:33 am,50,Cross Road,Straight road,Level,Dry,Not Raining,Daylight,Rear End,Traffic Signals
2018-8324-15/08/2019,1,1,Driver,Male,065,Driver,Not Thrown Out,By Private,Fitted - Worn,Station Wagon,Full,Straight Ahead,1.0,2 Metropolitan,2,3,Tuesday,08:20 am,50,Cross Road,Straight road,Level,Dry,Not Raining,Daylight,Right Angle,Give Way Sign
2018-8324-15/08/2019,2,1,Driver,Female,038,Driver,Not Thrown Out,Treated at Hospital,Fitted - Worn,Station Wagon,Full,Straight Ahead,2.0,2 Metropolitan,2,3,Tuesday,08:20 am,50,Cross Road,Straight road,Level,Dry,Not Raining,Daylight,Right Angle,Give Way Sign
2018-8324-15/08/2019,2,2,Passenger,Female,XXX,Rear Seat Left Passenger,Not Thrown Out,Treated at Hospital,Child Restraint - Worn,Station Wagon,Full,Straight Ahead,2.0,2 Metropolitan,2,3,Tuesday,08:20 am,50,Cross Road,Straight road,Level,Dry,Not Raining,Daylight,Right Angle,Give Way Sign
2018-8328-15/08/2019,1,1,Driver,Female,042,Driver,Not Thrown Out,Treated at Hospital,Fitted - Worn,Station Wagon,Full,Straight Ahead,1.0,2 Metropolitan,2,1,Tuesday,12:15 pm,50,Not Divided,Straight road,Level,Dry,Not Raining,Daylight,Hit Parked Vehicle,No Control
2018-8334-15/08/2019,1,1,Passenger,Female,016,Front Seat Left Passenger,Not Thrown Out,By Private,Fitted - Worn,Motor Cars - Sedan,Full,Parked,2.0,2 Metropolitan,2,1,Tuesday,01:36 pm,50,Not Divided,Straight road,Level,Dry,Not Raining,Daylight,Hit Parked Vehicle,No Control
2018-8335-15/08/2019,2,1,Rider,Male,056,,Thrown Out,Treated at Hospital,,Pedal Cycle,,Straight Ahead,1.0,2 Metropolitan,2,1,Tuesday,02:27 pm,50,Not Divided,"CURVED, VIEW OBSCURED",Level,Dry,Not Raining,Daylight,Rear End,No Control
2018-8336-15/08/2019,1,1,Driver,Female,076,Driver,Not Thrown Out,Treated at Hospital,Fitted - Worn,Motor Cars - Sedan,Full,Straight Ahead,1.0,2 Metropolitan,2,2,Tuesday,02:16 pm,60,Cross Road,Straight road,Level,Dry,Not Raining,Daylight,Right Angle,Traffic Signals
2018-8336-15/08/2019,2,1,Driver,Female,080,Driver,Not Thrown Out,Treated at Hospital,Fitted - Worn,Motor Cars - Sedan,Full,Straight Ahead,1.0,2 Metropolitan,2,2,Tuesday,02:16 pm,60,Cross Road,Straight road,Level,Dry,Not Raining,Daylight,Right Angle,Traffic Signals
2018-8337-15/08/2019,1,1,Rider,Male,027,Rider of Motorcycle,Thrown Out,Treated at Hospital,,Motor Cycle,Provisional 2,Straight Ahead,1.0,2 Metropolitan,1,1,Monday,07:14 pm,80,Not Divided,Straight road,Level,Dry,Not Raining,Night,Roll Over,No Control
2018-8339-15/08/2019,1,1,Driver,Male,049,Driver,Not Thrown Out,By Private,Fitted - Worn,Motor Cars - Sedan,Full,Straight Ahead,1.0,2 Metropolitan,2,1,Wednesday,01:15 pm,70,T-Junction,Straight road,Level,Dry,Not Raining,Daylight,Right Turn,Traffic Signals
2018-8343-15/08/2019,1,1,Rider,Male,030,,Thrown Out,Admitted to Hospital,,Pedal Cycle,,Straight Ahead,1.0,2 Metropolitan,1,1,Tuesday,03:19 pm,60,Not Divided,"CURVED, VIEW OBSCURED",Slope,Dry,Not Raining,Daylight,Roll Over,No Control
2018-8346-15/08/2019,2,1,Driver,Male,026,Driver,Not Thrown Out,By Private,Fitted - Worn,Motor Cars - Sedan,Full,Stopped on Carriageway,1.0,2 Metropolitan,2,1,Tuesday,03:45 pm,60,T-Junction,Straight road,Level,Dry,Not Raining,Daylight,Rear End,No Control
2018-8350-15/08/2019,1,1,Rider,Male,022,Rider of Motorcycle,Thrown Out,Treated at Hospital,,Motor Cycle,Full,Swerving,1.0,2 Metropolitan,2,1,Tuesday,05:30 pm,80,Not Divided,"CURVED, VIEW OBSCURED",Slope,Dry,Not Raining,Daylight,Hit Fixed Object,No Control
2018-8351-15/08/2019,2,1,Pedestrian,Female,029,,,By Private,,Pedestrian on Road,,Crossing without Control,,2 Metropolitan,2,1,Tuesday,07:30 pm,60,Divided Road,Straight road,Level,Dry,Not Raining,Night,Hit Pedestrian,No Control
2018-8353-15/08/2019,1,1,Driver,Female,021,Driver,Not Thrown Out,Treated at Hospital,Fitted - Worn,Station Wagon,Full,Right Turn,1.0,2 Metropolitan,2,4,Tuesday,07:50 pm,60,Cross Road,Straight road,Level,Dry,Not Raining,Night,Right Turn,Stop Sign
2018-8353-15/08/2019,2,1,Driver,Male,043,Driver,Not Thrown Out,By Private,Fitted - Worn,Station Wagon,Full,Straight Ahead,3.0,2 Metropolitan,2,4,Tuesday,07:50 pm,60,Cross Road,Straight road,Level,Dry,Not Raining,Night,Right Turn,Stop Sign
2018-8353-15/08/2019,2,2,Passenger,Female,013,Rear Seat Right Passenger,Not Thrown Out,By Private,Fitted - Worn,Station Wagon,Full,Straight Ahead,3.0,2 Metropolitan,2,4,Tuesday,07:50 pm,60,Cross Road,Straight road,Level,Dry,Not Raining,Night,Right Turn,Stop Sign
2018-8353-15/08/2019,2,3,Passenger,Female,011,Front Seat Left Passenger,Not Thrown Out,Treated at Hospital,Fitted - Worn,Station Wagon,Full,Straight Ahead,3.0,2 Metropolitan,2,4,Tuesday,07:50 pm,60,Cross Road,Straight road,Level,Dry,Not Raining,Night,Right Turn,Stop Sign
2018-8354-15/08/2019,1,1,Driver,Male,089,Driver,Not Thrown Out,Treated at Hospital,Fitted - Worn,Motor Cars - Sedan,Full,U Turn,1.0,2 Metropolitan,2,1,Monday,03:47 pm,50,Divided Road,Straight road,Slope,Dry,Not Raining,Daylight,Hit Fixed Object,No Control
2018-8357-15/08/2019,1,1,Driver,Female,053,Driver,Not Thrown Out,By Private,Fitted - Worn,Motor Cars - Sedan,Full,Overtaking - on Left,1.0,2 Metropolitan,2,2,Wednesday,07:25 am,60,Cross Road,Straight road,Level,Dry,Not Raining,Daylight,Right Turn,Stop Sign
2018-8357-15/08/2019,2,1,Driver,Female,029,Driver,Not Thrown Out,By Private,Fitted - Worn,Motor Cars - Sedan,Full,Right Turn,1.0,2 Metropolitan,2,2,Wednesday,07:25 am,60,Cross Road,Straight road,Level,Dry,Not Raining,Daylight,Right Turn,Stop Sign
2018-8358-15/08/2019,2,1,Rider,Male,053,Rider of Motorcycle,Thrown Out,Treated at Hospital,,Motor Cycle,Full,Straight Ahead,1.0,2 Metropolitan,2,1,Tuesday,12:58 pm,60,T-Junction,Straight road,Level,Dry,Not Raining,Daylight,Right Angle,Give Way Sign
2018-8359-15/08/2019,1,1,Driver,Female,069,Driver,Not Thrown Out,Treated at Hospital,Fitted - Worn,Motor Cars - Sedan,Full,Straight Ahead,1.0,2 Metropolitan,2,2,Tuesday,11:45 am,60,Divided Road,"CURVED, VIEW OPEN",Level,Dry,Not Raining,Daylight,Right Angle,No Control
2018-8359-15/08/2019,2,1,Driver,Female,068,Driver,Not Thrown Out,Treated at Hospital,Fitted - Worn,Station Wagon,Full,Straight Ahead,1.0,2 Metropolitan,2,2,Tuesday,11:45 am,60,Divided Road,"CURVED, VIEW OPEN",Level,Dry,Not Raining,Daylight,Right Angle,No Control
2018-8363-15/08/2019,1,1,Driver,Female,042,Driver,Not Thrown Out,By Private,Fitted - Worn,Motor Cars - Sedan,Full,Stopped on Carriageway,1.0,2 Metropolitan,3,2,Tuesday,05:30 pm,60,Cross Road,Straight road,Level,Dry,Not Raining,Daylight,Rear End,Traffic Signals
2018-8363-15/08/2019,3,1,Driver,Female,063,Driver,Not Thrown Out,By Private,Fitted - Worn,Motor Cars - Sedan,Full,Stopped on Carriageway,1.0,2 Metropolitan,3,2,Tuesday,05:30 pm,60,Cross Road,Straight road,Level,Dry,Not Raining,Daylight,Rear End,Traffic Signals
2018-8364-15/08/2019,1,1,Driver,Female,030,Driver,Not Thrown Out,By Private,Fitted - Worn,Motor Cars - Sedan,Full,Straight Ahead,1.0,2 Metropolitan,2,1,Tuesday,09:15 am,60,Divided Road,Straight road,Slope,Dry,Not Raining,Daylight,Rear End,No Control
2018-8367-15/08/2019,2,1,Driver,Female,025,Driver,Not Thrown Out,Treated at Hospital,Fitted - Worn,Motor Cars - Sedan,Full,Straight Ahead,1.0,2 Metropolitan,3,1,Tuesday,12:15 pm,60,Cross Road,Straight road,Level,Dry,Not Raining,Daylight,Rear End,Give Way Sign
2018-8370-15/08/2019,2,1,Driver,Female,021,Driver,Not Thrown Out,By Private,Fitted - Worn,Motor Cars - Sedan,Full,Stopped on Carriageway,1.0,2 Metropolitan,2,1,Tuesday,07:45 am,70,Freeway,"CURVED, VIEW OPEN",Slope,Dry,Not Raining,Daylight,Rear End,No Control
2018-8374-15/08/2019,1,1,Driver,Female,032,Driver,Not Thrown Out,By Private,Fitted - Worn,Motor Cars - Sedan,Full,Stopped on Carriageway,1.0,2 Metropolitan,2,1,Monday,12:40 pm,60,Divided Road,Straight road,Level,Dry,Not Raining,Daylight,Rear End,No Control
2018-8375-15/08/2019,2,1,Rider,Female,029,,Thrown Out,Treated at Hospital,,Pedal Cycle,,Straight Ahead,1.0,2 Metropolitan,2,1,Wednesday,10:26 am,60,T-Junction,Straight road,Level,Dry,Not Raining,Daylight,Side Swipe,Traffic Signals
2018-8379-15/08/2019,1,1,Driver,Male,022,Driver,Not Thrown Out,By Private,Fitted - Worn,Utility,Full,Right Turn,1.0,3 Country,2,3,Wednesday,12:20 pm,60,T-Junction,"CURVED, VIEW OPEN",Slope,Dry,Not Raining,Daylight,Right Turn,No Control
2018-8379-15/08/2019,2,1,Driver,Male,028,Driver,Not Thrown Out,Treated at Hospital,Fitted - Worn,Utility,Full,Straight Ahead,2.0,3 Country,2,3,Wednesday,12:20 pm,60,T-Junction,"CURVED, VIEW OPEN",Slope,Dry,Not Raining,Daylight,Right Turn,No Control
2018-8379-15/08/2019,2,2,Passenger,Male,033,Front Seat Left Passenger,Not Thrown Out,Treated at Hospital,Fitted - Worn,Utility,Full,Straight Ahead,2.0,3 Country,2,3,Wednesday,12:20 pm,60,T-Junction,"CURVED, VIEW OPEN",Slope,Dry,Not Raining,Daylight,Right Turn,No Control
2018-8380-15/08/2019,2,1,Pedestrian,Female,008,,,Treated at Hospital,,Pedestrian on Road,,Crossing without Control,,2 Metropolitan,2,1,Wednesday,03:10 pm,50,Not Divided,Straight road,Level,Dry,Not Raining,Daylight,Hit Pedestrian,No Control
2018-8387-15/08/2019,2,1,Pedestrian,Female,022,,,Treated at Hospital,,Pedestrian on Footpath/Carpark,,Walking on Footpath,,2 Metropolitan,2,1,Wednesday,04:04 pm,60,Divided Road,Straight road,Level,Dry,Not Raining,Daylight,Hit Pedestrian,No Control
2018-8388-15/08/2019,1,1,Driver,Male,XXX,Driver,Not Thrown Out,Treated at Hospital,Fitted - Worn,Motor Cars - Sedan,Full,Straight Ahead,5.0,2 Metropolitan,2,6,Wednesday,02:20 pm,60,Not Divided,Straight road,Level,Wet,Raining,Daylight,Head On,No Control
2018-8388-15/08/2019,1,2,Passenger,Male,012,Rear Seat Right Passenger,Not Thrown Out,Treated at Hospital,Fitted - Worn,Motor Cars - Sedan,Full,Straight Ahead,5.0,2 Metropolitan,2,6,Wednesday,02:20 pm,60,Not Divided,Straight road,Level,Wet,Raining,Daylight,Head On,No Control
2018-8388-15/08/2019,1,3,Passenger,Female,042,Front Seat Left Passenger,Not Thrown Out,Treated at Hospital,Fitted - Worn,Motor Cars - Sedan,Full,Straight Ahead,5.0,2 Metropolitan,2,6,Wednesday,02:20 pm,60,Not Divided,Straight road,Level,Wet,Raining,Daylight,Head On,No Control
2018-8388-15/08/2019,1,4,Passenger,Female,010,Rear Seat Middle Passenger,Not Thrown Out,Treated at Hospital,Fitted - Worn,Motor Cars - Sedan,Full,Straight Ahead,5.0,2 Metropolitan,2,6,Wednesday,02:20 pm,60,Not Divided,Straight road,Level,Wet,Raining,Daylight,Head On,No Control
2018-8388-15/08/2019,1,5,Passenger,Male,006,Rear Seat Left Passenger,Not Thrown Out,Treated at Hospital,Fitted - Worn,Motor Cars - Sedan,Full,Straight Ahead,5.0,2 Metropolitan,2,6,Wednesday,02:20 pm,60,Not Divided,Straight road,Level,Wet,Raining,Daylight,Head On,No Control
2018-8388-15/08/2019,2,1,Driver,Male,018,Driver,Not Thrown Out,Admitted to Hospital,Fitted - Worn,Motor Cars - Sedan,Provisional 2,Straight Ahead,1.0,2 Metropolitan,2,6,Wednesday,02:20 pm,60,Not Divided,Straight road,Level,Wet,Raining,Daylight,Head On,No Control
2018-8392-15/08/2019,2,1,Pedestrian,Male,016,,,Admitted to Hospital,,Pedestrian on Road,,Crossing without Control,,2 Metropolitan,2,1,Wednesday,05:28 pm,60,Divided Road,Straight road,Level,Wet,Not Raining,Daylight,Hit Pedestrian,No Control
2018-8393-15/08/2019,2,1,Driver,Female,032,Driver,Not Thrown Out,Treated at Hospital,Fitted - Worn,Station Wagon,Full,Straight Ahead,1.0,2 Metropolitan,2,1,Wednesday,05:35 pm,50,Divided Road,Straight road,Level,Wet,Raining,Daylight,Rear End,No Control
2018-8398-15/08/2019,1,1,Driver,Female,023,Driver,Not Thrown Out,Treated at Hospital,Fitted - Worn,Motor Cars - Sedan,Full,Straight Ahead,1.0,2 Metropolitan,2,2,Wednesday,07:18 pm,60,Cross Road,Straight road,Level,Dry,Not Raining,Night,Right Turn,Traffic Signals