REPORT_ID,UND_UNIT_NUMBER,CASUALTY_NUMBER,Casualty Type,Sex_x,AGE,Position In Veh,Thrown Out,Injury Extent,Seat Belt,Unit Type,Licence Type,Unit Movement,Number Occupants,Stats Area,Total Units,Total Cas,Day,Time,Area Speed,Position Type,Horizontal Align,Vertical Align,Moisture Cond,Weather Cond,DayNight,Crash Type,Traffic Ctrls
2018-9087-15/08/2019,1,1,Passenger,Female,064,Rear Seat Right Passenger,Not Thrown Out,Treated at Hospital,Fitted - Worn,Motor Cars - Sedan,Full,Stopped on Carriageway,4.0,2 Metropolitan,2,1,Sunday,05:16 pm,50,Not Divided,Straight road,Level,Dry,Not Raining,Daylight,Rear End,No Control
2018-9088-15/08/2019,2,1,Driver,Male,030,Driver,Not Thrown Out,Treated at Hospital,Fitted - Worn,Motor Cars - Sedan,Full,Straight Ahead,2.0,2 Metropolitan,2,1,Sunday,05:04 pm,50,Cross Road,Straight road,Level,Dry,Not Raining,Daylight,Right Turn,No Control
2018-9094-15/08/2019,2,1,Driver,Male,026,Driver,Not Thrown Out,By Private,Fitted - Worn,Motor Cars - Sedan,Full,Stopped on Carriageway,1.0,2 Metropolitan,4,3,Monday,07:25 am,70,Divided Road,Straight road,Level,Dry,Not Raining,Daylight,Rear End,No Control
2018-9094-15/08/2019,3,1,Driver,Male,028,Driver,Not Thrown Out,By Private,Fitted - Worn,Motor Cars - Sedan,Full,Stopped on Carriageway,1.0,2 Metropolitan,4,3,Monday,07:25 am,70,Divided Road,Straight road,Level,Dry,Not Raining,Daylight,Rear End,No Control
2018-9094-15/08/2019,4,1,Driver,Male,046,Driver,Not Thrown Out,By Private,Fitted - Worn,Utility,Full,Stopped on Carriageway,1.0,2 Metropolitan,4,3,Monday,07:25 am,70,Divided Road,Straight road,Level,Dry,Not Raining,Daylight,Rear End,No Control
2018-9096-15/08/2019,1,1,Driver,Male,057,Driver,Not Thrown Out,Treated at Hospital,Fitted - Worn,RIGID TRUCK LGE GE 4.5T,Full,Stopped on Carriageway,1.0,2 Metropolitan,2,1,Monday,09:05 am,60,T-Junction,Straight road,Level,Dry,Not Raining,Daylight,Rear End,Traffic Signals
2018-9097-15/08/2019,2,1,Driver,Female,077,Driver,Not Thrown Out,Treated at Hospital,Fitted - Worn,Motor Cars - Sedan,Full,Straight Ahead,1.0,2 Metropolitan,2,1,Monday,08:35 am,60,Cross Road,Straight road,Level,Dry,Not Raining,Daylight,Right Angle,Stop Sign
2018-9098-15/08/2019,2,1,Rider,Male,040,,Thrown Out,Treated at Hospital,,Pedal Cycle,,Straight Ahead,1.0,2 Metropolitan,2,1,Monday,07:30 am,60,T-Junction,Straight road,Slope,Dry,Not Raining,Daylight,Right Turn,No Control
2018-9106-15/08/2019,1,1,Driver,Male,047,Driver,Not Thrown Out,By Private,Fitted - Not Worn,Station Wagon,Full,Straight Ahead,2.0,2 Metropolitan,2,1,Monday,12:00 pm,50,Not Divided,Straight road,Level,Dry,Not Raining,Daylight,Right Angle,No Control
2018-9107-15/08/2019,1,1,Pedestrian,Male,XXX,,,Treated at Hospital,,Pedestrian on Road,,Crossing without Control,,2 Metropolitan,2,1,Monday,09:20 am,60,Divided Road,Straight road,Level,Dry,Not Raining,Daylight,Hit Pedestrian,No Control
2018-9112-15/08/2019,1,1,Driver,Male,XXX,Driver,Not Thrown Out,Treated at Hospital,Fitted - Worn,Motor Cars - Sedan,Full,Straight Ahead,1.0,2 Metropolitan,2,1,Sunday,08:30 pm,60,Not Divided,Straight road,Level,Dry,Not Raining,Night,Hit Fixed Object,No Control
2018-9117-15/08/2019,2,1,Rider,Male,037,,,Treated at Hospital,,Pedal Cycle,,Straight Ahead,1.0,1 City,2,1,Monday,04:48 pm,50,Cross Road,Straight road,Level,Dry,Not Raining,Daylight,Right Turn,Traffic Signals
2018-9118-15/08/2019,2,1,Passenger,Female,060,Front Seat Left Passenger,Not Thrown Out,Treated at Hospital,Fitted - Worn,Utility,Full,Straight Ahead,2.0,2 Metropolitan,2,1,Monday,03:13 pm,60,T-Junction,Straight road,Slope,Dry,Not Raining,Daylight,Right Turn,No Control
2018-9120-15/08/2019,1,1,Driver,Female,064,Driver,Not Thrown Out,Treated at Hospital,Fitted - Not Worn,Motor Cars - Sedan,Full,Straight Ahead,2.0,3 Country,2,1,Sunday,05:35 pm,100,Not Divided,Straight road,Level,Dry,Not Raining,Daylight,Hit Animal,No Control
2018-9123-15/08/2019,1,1,Driver,Female,030,Driver,Not Thrown Out,Treated at Hospital,Fitted - Unknown if Worn,Motor Cars - Sedan,Full,Right Turn,2.0,2 Metropolitan,2,3,Monday,07:28 pm,60,T-Junction,Straight road,Level,Dry,Not Raining,Night,Right Turn,Traffic Signals
2018-9123-15/08/2019,2,1,Driver,Male,053,Driver,Not Thrown Out,Treated at Hospital,Fitted - Worn,Motor Cars - Sedan,Full,Straight Ahead,2.0,2 Metropolitan,2,3,Monday,07:28 pm,60,T-Junction,Straight road,Level,Dry,Not Raining,Night,Right Turn,Traffic Signals
2018-9123-15/08/2019,2,2,Passenger,Female,020,Front Seat Left Passenger,Not Thrown Out,Treated at Hospital,Fitted - Unknown if Worn,Motor Cars - Sedan,Full,Straight Ahead,2.0,2 Metropolitan,2,3,Monday,07:28 pm,60,T-Junction,Straight road,Level,Dry,Not Raining,Night,Right Turn,Traffic Signals
2018-9125-15/08/2019,1,1,Driver,Female,058,Driver,Not Thrown Out,Fatal,Fitted - Worn,Motor Cars - Sedan,Full,Straight Ahead,1.0,3 Country,2,1,Monday,04:00 pm,110,Not Divided,Straight road,Level,Dry,Not Raining,Daylight,Hit Fixed Object,No Control
2018-9128-15/08/2019,1,1,Driver,Female,023,Driver,Not Thrown Out,Treated at Hospital,Fitted - Worn,Motor Cars - Sedan,Full,Straight Ahead,1.0,2 Metropolitan,2,1,Tuesday,07:10 am,50,Not Divided,Straight road,Level,Dry,Not Raining,Daylight,Hit Parked Vehicle,No Control
2018-9129-15/08/2019,1,1,Driver,Male,032,Driver,Not Thrown Out,Treated at Hospital,Fitted - Worn,Taxi Cab,Full,Stopped on Carriageway,1.0,2 Metropolitan,2,1,Tuesday,07:10 am,60,Cross Road,Straight road,Level,Dry,Not Raining,Daylight,Rear End,Traffic Signals
2018-9131-15/08/2019,2,1,Driver,Female,066,Driver,Not Thrown Out,Treated at Hospital,Fitted - Worn,Motor Cars - Sedan,Full,Straight Ahead,1.0,3 Country,3,1,Tuesday,07:24 am,80,T-Junction,Straight road,Level,Dry,Not Raining,Daylight,Right Angle,No Control
2018-9132-15/08/2019,1,1,Driver,Male,024,Driver,Not Thrown Out,Treated at Hospital,Fitted - Worn,Other Defined Special Vehicle,Full,Straight Ahead,1.0,2 Metropolitan,1,1,Tuesday,07:40 am,80,Not Divided,Straight road,Level,Dry,Not Raining,Daylight,Roll Over,No Control
2018-9134-15/08/2019,1,1,Driver,Female,067,Driver,Not Thrown Out,Treated at Hospital,Fitted - Worn,Motor Cars - Sedan,Full,Straight Ahead,1.0,2 Metropolitan,2,1,Tuesday,06:22 am,60,Cross Road,Straight road,Level,Dry,Not Raining,Night,Hit Animal,Traffic Signals
2018-9136-15/08/2019,2,1,Rider,Male,023,Rider of Motorcycle,Not Thrown Out,Treated at Hospital,,Motor Cycle,Full,Straight Ahead,1.0,2 Metropolitan,2,1,Tuesday,08:25 am,60,T-Junction,Straight road,Level,Dry,Not Raining,Daylight,Right Angle,Stop Sign
2018-9138-15/08/2019,2,1,Passenger,Male,015,Rear Seat Right Passenger,Not Thrown Out,Treated at Hospital,Fitted - Worn,Motor Cars - Sedan,Full,Stopped on Carriageway,2.0,2 Metropolitan,3,1,Tuesday,09:05 am,70,Divided Road,Straight road,Unknown,Dry,Not Raining,Daylight,Rear End,No Control
2018-9139-15/08/2019,1,1,Driver,Female,035,Driver,Not Thrown Out,By Private,Fitted - Worn,Motor Cars - Sedan,Full,Left Turn,2.0,2 Metropolitan,2,1,Tuesday,09:15 am,60,T-Junction,"CURVED, VIEW OPEN",Level,Dry,Not Raining,Daylight,Right Angle,No Control
2018-9145-15/08/2019,1,1,Rider,Male,017,Rider of Motorcycle,Thrown Out,By Private,,Motor Cycle,Learners,Straight Ahead,1.0,2 Metropolitan,2,1,Thursday,11:14 am,110,Ramp Off,"CURVED, VIEW OPEN",Slope,Wet,Not Raining,Daylight,Hit Object on Road,No Control
2018-9146-15/08/2019,1,1,Driver,Male,020,Driver,Not Thrown Out,By Private,Fitted - Worn,Motor Cars - Sedan,Provisional 2,Stopped on Carriageway,3.0,2 Metropolitan,2,2,Tuesday,10:40 am,60,T-Junction,Straight road,Slope,Dry,Not Raining,Daylight,Rear End,No Control
2018-9146-15/08/2019,2,1,Driver,Male,072,Driver,Not Thrown Out,Treated at Hospital,Fitted - Worn,Motor Cars - Sedan,Full,Straight Ahead,1.0,2 Metropolitan,2,2,Tuesday,10:40 am,60,T-Junction,Straight road,Slope,Dry,Not Raining,Daylight,Rear End,No Control
2018-9148-15/08/2019,1,1,Driver,Female,049,Driver,Not Thrown Out,Treated at Hospital,Fitted - Worn,Motor Cars - Sedan,Full,Straight Ahead,1.0,2 Metropolitan,2,1,Tuesday,09:45 am,60,T-Junction,Straight road,Level,Dry,Not Raining,Daylight,Right Angle,No Control
2018-9150-15/08/2019,1,1,Driver,Female,024,Driver,Not Thrown Out,Treated at Hospital,Fitted - Worn,Station Wagon,Full,Straight Ahead,1.0,2 Metropolitan,4,3,Tuesday,08:30 am,60,T-Junction,Straight road,Slope,Dry,Not Raining,Daylight,Rear End,No Control
2018-9150-15/08/2019,2,1,Driver,Female,053,Driver,Not Thrown Out,Treated at Hospital,Fitted - Worn,Motor Cars - Sedan,Full,Straight Ahead,1.0,2 Metropolitan,4,3,Tuesday,08:30 am,60,T-Junction,Straight road,Slope,Dry,Not Raining,Daylight,Rear End,No Control
2018-9150-15/08/2019,4,1,Passenger,Male,021,Front Seat Left Passenger,Not Thrown Out,Treated at Hospital,Fitted - Worn,Motor Cars - Sedan,Provisional 1 ,Stopped on Carriageway,2.0,2 Metropolitan,4,3,Tuesday,08:30 am,60,T-Junction,Straight road,Slope,Dry,Not Raining,Daylight,Rear End,No Control
2018-9152-15/08/2019,2,1,Driver,Female,051,Driver,Not Thrown Out,Treated at Hospital,Fitted - Worn,Motor Cars - Sedan,Full,Straight Ahead,1.0,2 Metropolitan,2,1,Tuesday,12:18 pm,80,Cross Road,Straight road,Level,Dry,Not Raining,Daylight,Rear End,Traffic Signals
2018-9156-15/08/2019,1,1,Driver,Female,056,Driver,Not Thrown Out,By Private,Fitted - Worn,Station Wagon,Full,Stopped on Carriageway,1.0,2 Metropolitan,2,1,Monday,08:00 pm,60,Cross Road,Straight road,Level,Dry,Not Raining,Night,Rear End,Traffic Signals
2018-9157-15/08/2019,1,1,Driver,Male,XXX,Driver,Not Thrown Out,Admitted to Hospital,Fitted - Worn,Motor Cars - Sedan,Probationary,Straight Ahead,1.0,2 Metropolitan,2,1,Monday,09:30 pm,60,Divided Road,Straight road,Level,Dry,Not Raining,Night,Hit Fixed Object,No Control
2018-9160-15/08/2019,1,1,Driver,Female,073,Driver,Not Thrown Out,By Private,Fitted - Worn,Motor Cars - Sedan,Full,Stopped on Carriageway,1.0,1 City,2,1,Tuesday,03:04 pm,50,Cross Road,"CURVED, VIEW OPEN",Level,Dry,Not Raining,Daylight,Rear End,Traffic Signals
2018-9162-15/08/2019,1,1,Driver,Male,020,Driver,Not Thrown Out,Treated at Hospital,Fitted - Worn,Station Wagon,Full,Right Turn,1.0,2 Metropolitan,2,2,Tuesday,04:43 pm,60,T-Junction,Straight road,Level,Dry,Not Raining,Daylight,Right Turn,No Control
2018-9162-15/08/2019,2,1,Driver,Male,054,Driver,Not Thrown Out,Treated at Hospital,Fitted - Worn,Motor Cars - Sedan,Full,Straight Ahead,1.0,2 Metropolitan,2,2,Tuesday,04:43 pm,60,T-Junction,Straight road,Level,Dry,Not Raining,Daylight,Right Turn,No Control
2018-9163-15/08/2019,1,1,Driver,Male,019,Driver,Not Thrown Out,By Private,Fitted - Worn,Motor Cars - Sedan,Provisional 1 ,Straight Ahead,1.0,2 Metropolitan,2,1,Tuesday,04:30 pm,50,Cross Road,Straight road,Level,Dry,Not Raining,Daylight,Right Angle,Give Way Sign
2018-9164-15/08/2019,1,1,Driver,Female,040,Driver,Not Thrown Out,Treated at Hospital,Fitted - Worn,Motor Cars - Sedan,Full,Stopped on Carriageway,3.0,2 Metropolitan,2,3,Tuesday,04:05 pm,60,Cross Road,Straight road,Level,Dry,Not Raining,Daylight,Rear End,Roundabout
2018-9164-15/08/2019,1,2,Passenger,Female,015,Front Seat Left Passenger,Not Thrown Out,Treated at Hospital,Fitted - Worn,Motor Cars - Sedan,Full,Stopped on Carriageway,3.0,2 Metropolitan,2,3,Tuesday,04:05 pm,60,Cross Road,Straight road,Level,Dry,Not Raining,Daylight,Rear End,Roundabout
2018-9164-15/08/2019,1,3,Passenger,Female,010,Rear Seat Left Passenger,Not Thrown Out,Treated at Hospital,Fitted - Worn,Motor Cars - Sedan,Full,Stopped on Carriageway,3.0,2 Metropolitan,2,3,Tuesday,04:05 pm,60,Cross Road,Straight road,Level,Dry,Not Raining,Daylight,Rear End,Roundabout
2018-9168-15/08/2019,1,1,Rider,Male,058,,Not Thrown Out,Treated at Hospital,,Pedal Cycle,,Other,1.0,2 Metropolitan,2,1,Tuesday,07:30 pm,50,Not Divided,Straight road,Level,Dry,Not Raining,Night,Hit Animal,No Control
2018-9170-15/08/2019,3,1,Rider,Male,054,,Thrown Out,By Private,,Pedal Cycle,,Straight Ahead,1.0,2 Metropolitan,3,1,Wednesday,06:49 am,60,Cross Road,Straight road,Level,Dry,Not Raining,Daylight,Right Angle,Give Way Sign
2018-9171-15/08/2019,1,1,Driver,Male,034,Driver,Not Thrown Out,Treated at Hospital,Fitted - Unknown if Worn,Motor Cars - Sedan,Full,Left Turn,1.0,3 Country,4,1,Tuesday,02:45 pm,100,Cross Road,Straight road,Bottom of Hill,Dry,Not Raining,Daylight,Hit Fixed Object,Give Way Sign
2018-9172-15/08/2019,1,1,Rider,Male,066,,Thrown Out,Treated at Hospital,,Pedal Cycle,,Straight Ahead,1.0,2 Metropolitan,1,1,Tuesday,11:20 am,50,Not Divided,"CURVED, VIEW OPEN",Slope,Dry,Not Raining,Daylight,Roll Over,No Control
2018-9173-15/08/2019,1,1,Driver,Female,060,Driver,Not Thrown Out,Treated at Hospital,Fitted - Unknown if Worn,Motor Cars - Sedan,Full,Straight Ahead,1.0,2 Metropolitan,2,1,Wednesday,07:25 am,60,Cross Road,Straight road,Level,Dry,Not Raining,Daylight,Right Turn,Traffic Signals
2018-9189-15/08/2019,1,1,Driver,Male,048,Driver,Not Thrown Out,Treated at Hospital,Fitted - Worn,Utility,Full,Straight Ahead,1.0,2 Metropolitan,2,1,Tuesday,08:30 am,60,Cross Road,Straight road,Slope,Dry,Not Raining,Daylight,Rear End,Traffic Signals
2018-9190-15/08/2019,2,1,Driver,Female,049,Driver,Not Thrown Out,By Private,Fitted - Worn,Motor Cars - Sedan,Full,Straight Ahead,1.0,2 Metropolitan,2,1,Wednesday,02:45 pm,60,Cross Road,Straight road,Level,Dry,Not Raining,Daylight,Rear End,Traffic Signals
2018-9192-15/08/2019,2,1,Driver,Female,019,Driver,Not Thrown Out,By Private,Fitted - Worn,Motor Cars - Sedan,Provisional 2,Stopped on Carriageway,1.0,2 Metropolitan,3,1,Wednesday,08:00 am,60,Cross Road,Straight road,Level,Dry,Not Raining,Daylight,Rear End,Traffic Signals
2018-9193-15/08/2019,1,1,Driver,Female,060,Driver,Not Thrown Out,Treated at Hospital,Fitted - Worn,Station Wagon,Full,Straight Ahead,1.0,3 Country,1,1,Wednesday,11:45 am,60,Not Divided,Straight road,Level,Dry,Not Raining,Daylight,Roll Over,No Control
2018-9194-15/08/2019,2,1,Driver,Female,035,Driver,Not Thrown Out,By Private,Fitted - Worn,Station Wagon,Full,Stopped on Carriageway,1.0,2 Metropolitan,3,1,Wednesday,04:10 pm,60,Divided Road,Straight road,Level,Dry,Not Raining,Daylight,Rear End,No Control
2018-9196-15/08/2019,2,1,Rider,Male,030,,,By Private,,Pedal Cycle,,Straight Ahead,1.0,2 Metropolitan,2,1,Tuesday,05:30 pm,50,Divided Road,Straight road,Level,Dry,Not Raining,Daylight,Side Swipe,No Control
2018-9200-15/08/2019,1,1,Driver,Male,XXX,Driver,Not Thrown Out,Treated at Hospital,Fitted - Worn,SEMI TRAILER,Full,Straight Ahead,1.0,3 Country,1,1,Wednesday,10:55 am,50,Multiple,Straight road,Level,Dry,Not Raining,Daylight,Roll Over,Give Way Sign
2018-9205-15/08/2019,1,1,Driver,Female,036,Driver,Not Thrown Out,Admitted to Hospital,Fitted - Worn,Station Wagon,Full,Straight Ahead,1.0,2 Metropolitan,2,3,Wednesday,02:42 pm,80,T-Junction,Straight road,Level,Dry,Not Raining,Daylight,Right Turn,Traffic Signals
2018-9205-15/08/2019,2,1,Driver,Female,029,Driver,Not Thrown Out,Treated at Hospital,Fitted - Worn,Motor Cars - Sedan,Full,Right Turn,2.0,2 Metropolitan,2,3,Wednesday,02:42 pm,80,T-Junction,Straight road,Level,Dry,Not Raining,Daylight,Right Turn,Traffic Signals
2018-9205-15/08/2019,2,2,Passenger,Female,025,Front Seat Left Passenger,Not Thrown Out,Treated at Hospital,Fitted - Worn,Motor Cars - Sedan,Full,Right Turn,2.0,2 Metropolitan,2,3,Wednesday,02:42 pm,80,T-Junction,Straight road,Level,Dry,Not Raining,Daylight,Right Turn,Traffic Signals
2018-9206-15/08/2019,2,1,Driver,Female,055,Driver,Not Thrown Out,By Private,Fitted - Worn,Motor Cars - Sedan,Full,Stopped on Carriageway,1.0,2 Metropolitan,2,1,Wednesday,06:40 pm,60,Not Divided,Straight road,Level,Wet,Raining,Night,Rear End,No Control
2018-9208-15/08/2019,1,1,Driver,Female,019,Driver,Not Thrown Out,Treated at Hospital,Fitted - Worn,Motor Cars - Sedan,Provisional 1 ,Straight Ahead,2.0,2 Metropolitan,2,3,Wednesday,11:50 pm,60,Not Divided,"CURVED, VIEW OBSCURED",Slope,Dry,Not Raining,Night,Head On,No Control
2018-9208-15/08/2019,1,2,Passenger,Female,019,Front Seat Left Passenger,Not Thrown Out,Treated at Hospital,Fitted - Worn,Motor Cars - Sedan,Provisional 1 ,Straight Ahead,2.0,2 Metropolitan,2,3,Wednesday,11:50 pm,60,Not Divided,"CURVED, VIEW OBSCURED",Slope,Dry,Not Raining,Night,Head On,No Control
2018-9208-15/08/2019,2,1,Driver,Male,019,Driver,Not Thrown Out,Treated at Hospital,Fitted - Worn,Motor Cars - Sedan,Provisional 2,Straight Ahead,3.0,2 Metropolitan,2,3,Wednesday,11:50 pm,60,Not Divided,"CURVED, VIEW OBSCURED",Slope,Dry,Not Raining,Night,Head On,No Control
2018-9209-15/08/2019,1,1,Driver,Female,019,Driver,Not Thrown Out,Treated at Hospital,Fitted - Worn,Station Wagon,Provisional 2,Straight Ahead,1.0,2 Metropolitan,2,1,Wednesday,10:45 am,60,Not Divided,Straight road,Level,Dry,Not Raining,Daylight,Hit Fixed Object,No Control
2018-9210-15/08/2019,1,1,Driver,Male,021,Driver,Not Thrown Out,Treated at Hospital,Fitted - Worn,Motor Cars - Sedan,Provisional 2,Straight Ahead,1.0,2 Metropolitan,2,1,Thursday,12:35 am,100,Divided Road,Straight road,Level,Dry,Not Raining,Night,Hit Fixed Object,No Control
2018-9213-15/08/2019,1,1,Driver,Female,029,Driver,Not Thrown Out,By Private,Fitted - Worn,Motor Cars - Sedan,Full,Straight Ahead,1.0,2 Metropolitan,2,1,Thursday,07:28 am,60,T-Junction,Straight road,Level,Dry,Not Raining,Daylight,Right Turn,No Control
2018-9214-15/08/2019,2,1,Pedestrian,Female,026,,,Treated at Hospital,,Pedestrian on Footpath/Carpark,,Alighted from Parked Vehicle,,2 Metropolitan,2,1,Thursday,07:58 am,60,T-Junction,Straight road,Level,Dry,Not Raining,Daylight,Hit Pedestrian,No Control
2018-9216-15/08/2019,1,1,Driver,Male,034,Driver,Not Thrown Out,Treated at Hospital,Fitted - Worn,Motor Cars - Sedan,Full,Right Turn,1.0,2 Metropolitan,2,1,Thursday,06:45 am,60,Cross Road,Straight road,Level,Wet,Raining,Daylight,Right Turn,Traffic Signals
2018-9218-15/08/2019,3,1,Driver,Female,041,Driver,Not Thrown Out,By Private,Fitted - Worn,Station Wagon,Full,Straight Ahead,1.0,2 Metropolitan,5,1,Thursday,08:00 am,100,Not Divided,"CURVED, VIEW OPEN",Level,Wet,Raining,Daylight,Rear End,No Control
2018-9222-15/08/2019,1,1,Driver,Female,055,Driver,Not Thrown Out,Treated at Hospital,Fitted - Worn,Motor Cars - Sedan,Full,Straight Ahead,1.0,3 Country,2,2,Thursday,09:27 am,110,T-Junction,Straight road,Level,Wet,Not Raining,Daylight,Right Angle,No Control
2018-9222-15/08/2019,2,1,Driver,Male,058,Driver,Not Thrown Out,Treated at Hospital,Fitted - Worn,Station Wagon,Full,Left Turn,1.0,3 Country,2,2,Thursday,09:27 am,110,T-Junction,Straight road,Level,Wet,Not Raining,Daylight,Right Angle,No Control
2018-9235-15/08/2019,2,1,Driver,Female,046,Driver,Not Thrown Out,Treated at Hospital,Fitted - Worn,Motor Cars - Sedan,Full,Straight Ahead,2.0,2 Metropolitan,3,1,Thursday,03:51 pm,80,Divided Road,Straight road,Slope,Dry,Not Raining,Daylight,Rear End,No Control
2018-9236-15/08/2019,1,1,Driver,Female,029,Driver,Not Thrown Out,By Private,Fitted - Worn,Station Wagon,Full,Stopped on Carriageway,2.0,2 Metropolitan,2,1,Thursday,07:55 am,60,Cross Road,Straight road,Level,Dry,Not Raining,Daylight,Rear End,Traffic Signals
2018-9237-15/08/2019,2,1,Driver,Female,055,Driver,Not Thrown Out,Treated at Hospital,Fitted - Worn,Motor Cars - Sedan,Full,Straight Ahead,1.0,2 Metropolitan,3,1,Thursday,02:30 pm,60,T-Junction,Straight road,Level,Dry,Not Raining,Daylight,Right Angle,No Control
2018-9250-15/08/2019,1,1,Driver,Female,021,Driver,Not Thrown Out,Treated at Hospital,Fitted - Worn,Motor Cars - Sedan,Provisional 1 ,Straight Ahead,1.0,2 Metropolitan,2,1,Thursday,07:00 pm,60,Cross Road,Straight road,Level,Dry,Not Raining,Night,Right Angle,Traffic Signals
2018-9252-15/08/2019,2,1,Driver,Female,075,Driver,Not Thrown Out,Treated at Hospital,Fitted - Worn,Motor Cars - Sedan,Full,Right Turn,1.0,2 Metropolitan,2,1,Thursday,02:47 pm,60,T-Junction,Straight road,Level,Dry,Not Raining,Daylight,Right Turn,Traffic Signals
2018-9253-15/08/2019,1,1,Rider,Male,037,Rider of Motorcycle,Not Thrown Out,Treated at Hospital,,Motor Cycle,Full,Swerving,1.0,2 Metropolitan,1,1,Wednesday,03:30 pm,60,Divided Road,Straight road,Level,Dry,Not Raining,Daylight,Roll Over,No Control
2018-9259-15/08/2019,1,1,Driver,Female,054,Driver,Not Thrown Out,Treated at Hospital,Fitted - Worn,Motor Cars - Sedan,Full,Stopped on Carriageway,2.0,2 Metropolitan,2,1,Friday,06:45 am,90,Not Divided,Straight road,Level,Dry,Not Raining,Daylight,Rear End,No Control
2018-9260-15/08/2019,2,1,Driver,Female,020,Driver,Not Thrown Out,Admitted to Hospital,Fitted - Worn,Motor Cars - Sedan,Full,Straight Ahead,1.0,2 Metropolitan,2,1,Friday,07:15 am,60,Not Divided,Straight road,Level,Dry,Not Raining,Daylight,Rear End,No Control
2018-9261-15/08/2019,2,1,Driver,Female,038,Driver,Not Thrown Out,By Private,Fitted - Worn,Motor Vehicle - Type Unknown,Full,Straight Ahead,4.0,2 Metropolitan,2,1,Friday,08:25 am,50,Not Divided,Straight road,Level,Dry,Not Raining,Daylight,Head On,No Control
2018-9264-15/08/2019,2,1,Rider,Male,073,,Thrown Out,Treated at Hospital,,Pedal Cycle,,Straight Ahead,1.0,2 Metropolitan,2,1,Friday,08:45 am,40,Cross Road,Straight road,Level,Dry,Not Raining,Daylight,Right Turn,Stop Sign
2018-9267-15/08/2019,2,1,Driver,Female,019,Driver,Not Thrown Out,Treated at Hospital,Fitted - Worn,Motor Cars - Sedan,Provisional 2,Straight Ahead,1.0,1 City,2,1,Friday,07:50 am,60,T-Junction,Straight road,Level,Dry,Not Raining,Daylight,Rear End,Traffic Signals
2018-9269-15/08/2019,2,1,Passenger,Female,077,Front Seat Left Passenger,Not Thrown Out,By Private,Fitted - Worn,Motor Cars - Sedan,Full,Stopped on Carriageway,2.0,2 Metropolitan,2,1,Thursday,05:10 pm,60,Not Divided,Straight road,Level,Dry,Not Raining,Daylight,Rear End,No Control
2018-9274-15/08/2019,1,1,Driver,Female,048,Driver,Not Thrown Out,By Private,Fitted - Worn,Motor Cars - Sedan,Full,Straight Ahead,1.0,2 Metropolitan,2,2,Friday,11:45 am,70,Cross Road,Straight road,Level,Dry,Not Raining,Daylight,Rear End,Roundabout
2018-9274-15/08/2019,2,1,Driver,Female,048,Driver,Not Thrown Out,Treated at Hospital,Fitted - Worn,Motor Cars - Sedan,Learners,Straight Ahead,3.0,2 Metropolitan,2,2,Friday,11:45 am,70,Cross Road,Straight road,Level,Dry,Not Raining,Daylight,Rear End,Roundabout
2018-9276-15/08/2019,1,1,Driver,Female,031,Driver,Not Thrown Out,By Private,Fitted - Worn,Motor Cars - Sedan,Full,Stopped on Carriageway,1.0,1 City,2,1,Wednesday,05:30 pm,60,Cross Road,Straight road,Level,Dry,Not Raining,Daylight,Rear End,Traffic Signals
2018-9278-15/08/2019,1,1,Driver,Male,068,Driver,Not Thrown Out,Treated at Hospital,Fitted - Worn,Station Wagon,Full,Straight Ahead,1.0,2 Metropolitan,2,1,Friday,03:00 pm,60,T-Junction,Straight road,Level,Dry,Not Raining,Daylight,Right Angle,No Control
2018-9290-15/08/2019,2,1,Pedestrian,Female,030,,,Treated at Hospital,,Pedestrian on Road,,Walking on Road,,3 Country,2,1,Friday,07:45 pm,100,T-Junction,Straight road,Level,Dry,Not Raining,Night,Hit Pedestrian,No Control
2018-9294-15/08/2019,2,1,Passenger,Female,082,Front Seat Left Passenger,Not Thrown Out,Treated at Hospital,Fitted - Worn,Motor Cars - Sedan,Full,Straight Ahead,2.0,3 Country,2,1,Friday,06:00 pm,50,Not Divided,Straight road,Level,Dry,Not Raining,Daylight,Hit Parked Vehicle,No Control
2018-9295-15/08/2019,2,1,Driver,Male,068,Driver,Not Thrown Out,Treated at Hospital,Fitted - Worn,Motor Cars - Sedan,Full,Stopped on Carriageway,1.0,2 Metropolitan,2,1,Friday,01:00 pm,60,Divided Road,Straight road,Level,Dry,Not Raining,Daylight,Rear End,No Control
2018-9297-15/08/2019,1,1,Driver,Male,031,Driver,Not Thrown Out,Admitted to Hospital,Fitted - Unknown if Worn,Station Wagon,Learners,Straight Ahead,1.0,3 Country,1,1,Thursday,06:00 pm,100,Not Divided,Straight road,Level,Dry,Not Raining,Night,Roll Over,No Control
2018-9299-15/08/2019,1,1,Driver,Female,047,Driver,Not Thrown Out,Treated at Hospital,Fitted - Worn,Motor Cars - Sedan,Full,Stopped on Carriageway,1.0,2 Metropolitan,2,1,Saturday,11:45 am,80,Divided Road,Straight road,Level,Dry,Not Raining,Daylight,Rear End,No Control
2018-9301-15/08/2019,2,1,Rider,Male,XXX,,Thrown Out,Treated at Hospital,,Pedal Cycle,,Left Turn,1.0,2 Metropolitan,2,1,Saturday,11:21 am,50,Cross Road,Straight road,Level,Dry,Not Raining,Daylight,Right Angle,Give Way Sign