REPORT_ID,UND_UNIT_NUMBER,CASUALTY_NUMBER,Casualty Type,Sex_x,AGE,Position In Veh,Thrown Out,Injury Extent,Seat Belt,Unit Type,Licence Type,Unit Movement,Number Occupants,Stats Area,Total Units,Total Cas,Day,Time,Area Speed,Position Type,Horizontal Align,Vertical Align,Moisture Cond,Weather Cond,DayNight,Crash Type,Traffic Ctrls
2018-9682-15/08/2019,2,1,Passenger,Male,017,Front Seat Left Passenger,Not Thrown Out,Treated at Hospital,Fitted - Worn,Motor Cars - Sedan,Provisional 1 ,Right Turn,3.0,2 Metropolitan,3,4,Tuesday,08:50 am,50,Cross Road,Straight road,Level,Dry,Not Raining,Daylight,Right Angle,Give Way Sign
2018-9682-15/08/2019,2,2,Passenger,Female,014,Rear Seat Right Passenger,Not Thrown Out,Treated at Hospital,Fitted - Worn,Motor Cars - Sedan,Provisional 1 ,Right Turn,3.0,2 Metropolitan,3,4,Tuesday,08:50 am,50,Cross Road,Straight road,Level,Dry,Not Raining,Daylight,Right Angle,Give Way Sign
2018-9682-15/08/2019,3,1,Driver,Female,037,Driver,Not Thrown Out,Treated at Hospital,Fitted - Worn,Motor Cars - Sedan,Full,Stopped on Carriageway,1.0,2 Metropolitan,3,4,Tuesday,08:50 am,50,Cross Road,Straight road,Level,Dry,Not Raining,Daylight,Right Angle,Give Way Sign
2018-9683-15/08/2019,1,1,Driver,Female,028,Driver,Not Thrown Out,Treated at Hospital,Fitted - Worn,Station Wagon,Full,Straight Ahead,4.0,2 Metropolitan,2,1,Monday,04:45 pm,60,Cross Road,Straight road,Level,Dry,Not Raining,Daylight,Rear End,Traffic Signals
2018-9684-15/08/2019,1,1,Driver,Female,026,Driver,Not Thrown Out,Treated at Hospital,Fitted - Worn,Motor Cars - Sedan,Provisional 2,Right Turn,1.0,1 City,2,2,Saturday,01:10 pm,50,T-Junction,Straight road,Level,Dry,Not Raining,Daylight,Right Turn,Traffic Signals
2018-9684-15/08/2019,2,1,Passenger,Female,046,Passenger on Multi-Passenger Vehicle,Not Thrown Out,Admitted to Hospital,Fitted - Worn,OMNIBUS,Full,Straight Ahead,1.0,1 City,2,2,Saturday,01:10 pm,50,T-Junction,Straight road,Level,Dry,Not Raining,Daylight,Right Turn,Traffic Signals
2018-9686-15/08/2019,1,1,Passenger,Female,047,Front Seat Left Passenger,Not Thrown Out,By Private,Fitted - Worn,Motor Cars - Sedan,Full,Straight Ahead,3.0,2 Metropolitan,2,1,Tuesday,11:03 am,50,Cross Road,Straight road,Level,Dry,Not Raining,Daylight,Right Angle,Roundabout
2018-9687-15/08/2019,1,1,Driver,Male,026,Driver,Not Thrown Out,Treated at Hospital,Fitted - Worn,Panel Van,Full,Straight Ahead,1.0,2 Metropolitan,2,1,Tuesday,07:30 am,50,Not Divided,Straight road,Level,Dry,Not Raining,Daylight,Hit Fixed Object,No Control
2018-9688-15/08/2019,1,1,Driver,Female,050,Driver,Not Thrown Out,By Private,Fitted - Worn,Motor Cars - Sedan,Full,Stopped on Carriageway,1.0,2 Metropolitan,2,1,Wednesday,08:50 am,60,Multiple,Straight road,Level,Wet,Not Raining,Daylight,Rear End,Traffic Signals
2018-9691-15/08/2019,1,1,Rider,Male,078,,Thrown Out,Treated at Hospital,,Pedal Cycle,,Straight Ahead,1.0,2 Metropolitan,1,1,Tuesday,12:45 pm,50,T-Junction,"CURVED, VIEW OBSCURED",Level,Dry,Not Raining,Daylight,Roll Over,No Control
2018-9697-15/08/2019,1,1,Driver,Male,069,Driver,Not Thrown Out,Admitted to Hospital,Fitted - Worn,Motor Vehicle - Type Unknown,Full,Straight Ahead,1.0,2 Metropolitan,2,1,Tuesday,11:14 am,110,Divided Road,Straight road,Level,Dry,Not Raining,Daylight,Hit Fixed Object,No Control
2018-9703-15/08/2019,1,1,Rider,Male,043,,Thrown Out,Treated at Hospital,,Pedal Cycle,,Straight Ahead,1.0,1 City,2,1,Tuesday,12:30 pm,50,Not Divided,Straight road,Level,Dry,Not Raining,Daylight,Hit Parked Vehicle,No Control
2018-9704-15/08/2019,1,1,Driver,Male,048,Driver,Not Thrown Out,By Private,Fitted - Worn,Station Wagon,Full,Stopped on Carriageway,1.0,2 Metropolitan,2,1,Monday,05:45 pm,60,Cross Road,Straight road,Level,Dry,Not Raining,Daylight,Rear End,Traffic Signals
2018-9706-15/08/2019,2,1,Driver,Male,019,Driver,Not Thrown Out,Treated at Hospital,Fitted - Worn,Motor Cars - Sedan,Learners,Stopped on Carriageway,2.0,2 Metropolitan,2,2,Tuesday,03:17 pm,60,T-Junction,Straight road,Level,Dry,Not Raining,Daylight,Rear End,No Control
2018-9706-15/08/2019,2,2,Passenger,Female,052,Front Seat Left Passenger,Not Thrown Out,Treated at Hospital,Fitted - Worn,Motor Cars - Sedan,Learners,Stopped on Carriageway,2.0,2 Metropolitan,2,2,Tuesday,03:17 pm,60,T-Junction,Straight road,Level,Dry,Not Raining,Daylight,Rear End,No Control
2018-9709-15/08/2019,1,1,Driver,Male,044,Driver,Not Thrown Out,Treated at Hospital,Fitted - Worn,Motor Cars - Sedan,Unlicenced,Straight Ahead,2.0,2 Metropolitan,2,2,Tuesday,03:55 pm,60,Divided Road,"CURVED, VIEW OPEN",Slope,Dry,Not Raining,Daylight,Hit Fixed Object,No Control
2018-9709-15/08/2019,1,2,Passenger,Female,031,Front Seat Left Passenger,Not Thrown Out,Treated at Hospital,Fitted - Worn,Motor Cars - Sedan,Unlicenced,Straight Ahead,2.0,2 Metropolitan,2,2,Tuesday,03:55 pm,60,Divided Road,"CURVED, VIEW OPEN",Slope,Dry,Not Raining,Daylight,Hit Fixed Object,No Control
2018-9711-15/08/2019,2,1,Rider,Male,070,Rider of Motorcycle,Not Thrown Out,Treated at Hospital,,Scooter,Full,Swerving,1.0,2 Metropolitan,2,1,Tuesday,06:04 pm,60,Divided Road,Straight road,Level,Dry,Not Raining,Daylight,Side Swipe,No Control
2018-9714-15/08/2019,2,1,Driver,Female,024,Driver,Not Thrown Out,By Private,Fitted - Worn,Station Wagon,Probationary,Straight Ahead,1.0,1 City,2,1,Tuesday,03:30 pm,60,Divided Road,Straight road,Level,Dry,Not Raining,Daylight,Rear End,No Control
2018-9716-15/08/2019,1,1,Driver,Male,033,Driver,Not Thrown Out,Treated at Hospital,Fitted - Worn,Station Wagon,Unknown,Straight Ahead,5.0,3 Country,2,3,Tuesday,01:49 pm,100,Not Divided,"CURVED, VIEW OPEN",Slope,Dry,Not Raining,Daylight,Hit Fixed Object,No Control
2018-9716-15/08/2019,1,2,Passenger,Female,XXX,Front Seat Left Passenger,Not Thrown Out,Admitted to Hospital,Fitted - Worn,Station Wagon,Unknown,Straight Ahead,5.0,3 Country,2,3,Tuesday,01:49 pm,100,Not Divided,"CURVED, VIEW OPEN",Slope,Dry,Not Raining,Daylight,Hit Fixed Object,No Control
2018-9716-15/08/2019,1,3,Passenger,Female,031,Rear Seat Middle Passenger,Not Thrown Out,Admitted to Hospital,Fitted - Worn,Station Wagon,Unknown,Straight Ahead,5.0,3 Country,2,3,Tuesday,01:49 pm,100,Not Divided,"CURVED, VIEW OPEN",Slope,Dry,Not Raining,Daylight,Hit Fixed Object,No Control
2018-9718-15/08/2019,1,1,Driver,Male,020,Driver,Not Thrown Out,Treated at Hospital,Fitted - Worn,Motor Cars - Sedan,Provisional 2,Left Turn,1.0,3 Country,1,1,Tuesday,08:20 pm,100,T-Junction,"CURVED, VIEW OPEN",Level,Dry,Not Raining,Night,Roll Over,Give Way Sign
2018-9719-15/08/2019,1,1,Driver,Female,026,Driver,Not Thrown Out,Treated at Hospital,Fitted - Worn,Station Wagon,Full,Straight Ahead,1.0,3 Country,2,1,Tuesday,07:00 pm,100,Not Divided,Straight road,Level,Dry,Not Raining,Night,Hit Fixed Object,No Control
2018-9720-15/08/2019,1,1,Driver,Male,018,Driver,Not Thrown Out,Treated at Hospital,Fitted - Worn,Forward Control Passenger Van,Provisional 2,Swerving,2.0,2 Metropolitan,2,2,Tuesday,08:25 pm,80,Not Divided,"CURVED, VIEW OBSCURED",Slope,Wet,Raining,Night,Hit Fixed Object,No Control
2018-9720-15/08/2019,1,2,Passenger,Male,017,Front Seat Left Passenger,Not Thrown Out,Treated at Hospital,Fitted - Worn,Forward Control Passenger Van,Provisional 2,Swerving,2.0,2 Metropolitan,2,2,Tuesday,08:25 pm,80,Not Divided,"CURVED, VIEW OBSCURED",Slope,Wet,Raining,Night,Hit Fixed Object,No Control
2018-9722-15/08/2019,2,1,Driver,Female,087,Driver,Not Thrown Out,Treated at Hospital,Fitted - Worn,Motor Cars - Sedan,Full,Straight Ahead,1.0,3 Country,2,1,Tuesday,01:45 pm,50,T-Junction,Straight road,Level,Dry,Not Raining,Daylight,Rear End,Give Way Sign
2018-9730-15/08/2019,1,1,Driver,Female,071,Driver,Not Thrown Out,By Private,Fitted - Unknown if Worn,Motor Cars - Sedan,Full,Straight Ahead,1.0,2 Metropolitan,2,1,Tuesday,09:20 am,50,Not Divided,Straight road,Level,Dry,Not Raining,Daylight,Rear End,No Control
2018-9731-15/08/2019,1,1,Rider,Male,031,Rider of Motorcycle,Thrown Out,Treated at Hospital,,Motor Cycle,Full,Straight Ahead,1.0,2 Metropolitan,1,1,Wednesday,09:05 am,50,Cross Road,Straight road,Level,Wet,Not Raining,Daylight,Roll Over,Roundabout
2018-9732-15/08/2019,1,1,Driver,Male,017,Driver,Not Thrown Out,Treated at Hospital,Fitted - Worn,Utility,Provisional 1 ,Straight Ahead,1.0,2 Metropolitan,2,1,Wednesday,09:45 am,110,Freeway,Straight road,Level,Dry,Not Raining,Daylight,Rear End,No Control
2018-9733-15/08/2019,2,1,Driver,Female,036,Driver,Not Thrown Out,Treated at Hospital,Fitted - Worn,Station Wagon,Provisional 2,Straight Ahead,3.0,3 Country,2,1,Wednesday,08:50 am,50,Cross Road,Straight road,Level,Dry,Not Raining,Daylight,Right Turn,Give Way Sign
2018-9734-15/08/2019,1,1,Driver,Female,049,Driver,Not Thrown Out,Treated at Hospital,Fitted - Not Worn,Station Wagon,Full,Parked,1.0,2 Metropolitan,2,1,Wednesday,10:00 am,50,Divided Road,Straight road,Level,Dry,Not Raining,Daylight,Hit Parked Vehicle,No Control
2018-9742-15/08/2019,2,1,Rider,Male,035,Rider of Motorcycle,Thrown Out,Treated at Hospital,,Motor Cycle,Unlicenced,Overtaking - on Right,1.0,2 Metropolitan,2,1,Sunday,04:00 pm,60,T-Junction,Straight road,Level,Dry,Not Raining,Daylight,Side Swipe,No Control
2018-9746-15/08/2019,1,1,Driver,Male,076,Driver,Thrown Out,Fatal,Fitted - Worn,Station Wagon,Full,Straight Ahead,2.0,3 Country,1,2,Tuesday,11:00 am,110,Not Divided,Straight road,Level,Dry,Not Raining,Daylight,Roll Over,No Control
2018-9746-15/08/2019,1,2,Passenger,Male,070,Front Seat Left Passenger,Not Thrown Out,Treated at Hospital,Fitted - Worn,Station Wagon,Full,Straight Ahead,2.0,3 Country,1,2,Tuesday,11:00 am,110,Not Divided,Straight road,Level,Dry,Not Raining,Daylight,Roll Over,No Control
2018-9747-15/08/2019,1,1,Rider,Male,066,Rider of Motorcycle,Thrown Out,Admitted to Hospital,,Motor Cycle,Full,Swerving,1.0,3 Country,1,1,Wednesday,02:00 am,110,Not Divided,"CURVED, VIEW OPEN",Level,Dry,Not Raining,Night,Roll Over,No Control
2018-9748-15/08/2019,1,1,Driver,Male,076,Driver,Not Thrown Out,Treated at Hospital,Fitted - Worn,Motor Cars - Sedan,Full,Straight Ahead,1.0,2 Metropolitan,2,1,Monday,01:30 pm,50,Divided Road,Straight road,Level,Dry,Not Raining,Daylight,Rear End,No Control
2018-9749-15/08/2019,2,1,Rider,Male,028,,Thrown Out,Treated at Hospital,,Pedal Cycle,,Straight Ahead,1.0,2 Metropolitan,2,1,Wednesday,02:20 pm,60,Cross Road,Straight road,Level,Dry,Not Raining,Daylight,Right Angle,Give Way Sign
2018-9768-15/08/2019,1,1,Driver,Male,023,Driver,Not Thrown Out,Treated at Hospital,Fitted - Worn,Motor Cars - Sedan,Full,Straight Ahead,2.0,2 Metropolitan,2,1,Tuesday,08:00 pm,80,Not Divided,Straight road,Slope,Wet,Raining,Night,Hit Fixed Object,No Control
2018-9769-15/08/2019,1,1,Driver,Male,034,Driver,Not Thrown Out,Admitted to Hospital,Fitted - Worn,Motor Cars - Sedan,Unlicenced,Straight Ahead,4.0,2 Metropolitan,3,2,Thursday,12:40 am,60,Not Divided,Straight road,Level,Wet,Raining,Night,Hit Fixed Object,No Control
2018-9769-15/08/2019,1,2,Passenger,Female,018,Front Seat Left Passenger,Not Thrown Out,Treated at Hospital,Fitted - Worn,Motor Cars - Sedan,Unlicenced,Straight Ahead,4.0,2 Metropolitan,3,2,Thursday,12:40 am,60,Not Divided,Straight road,Level,Wet,Raining,Night,Hit Fixed Object,No Control
2018-9775-15/08/2019,3,1,Driver,Female,021,Driver,Not Thrown Out,By Private,Fitted - Worn,Motor Cars - Sedan,Full,Straight Ahead,1.0,2 Metropolitan,3,1,Thursday,07:38 am,60,T-Junction,Straight road,Level,Dry,Not Raining,Daylight,Rear End,Give Way Sign
2018-9778-15/08/2019,1,1,Driver,Female,025,Driver,Not Thrown Out,By Private,Fitted - Worn,Motor Cars - Sedan,Full,Stopped on Carriageway,3.0,1 City,2,1,Wednesday,07:00 pm,50,Not Divided,Straight road,Level,Wet,Raining,Night,Rear End,No Control
2018-9781-15/08/2019,2,1,Driver,Female,043,Driver,Not Thrown Out,By Private,Fitted - Worn,Motor Cars - Sedan,Full,Stopped on Carriageway,1.0,2 Metropolitan,2,1,Thursday,08:40 am,60,Cross Road,Straight road,Level,Dry,Not Raining,Daylight,Rear End,Traffic Signals
2018-9782-15/08/2019,1,1,Rider,Female,072,,Thrown Out,By Private,,Pedal Cycle,,Swerving,1.0,2 Metropolitan,2,1,Thursday,09:30 am,50,Not Divided,Straight road,Level,Dry,Not Raining,Daylight,Hit Fixed Object,No Control
2018-9785-15/08/2019,1,1,Driver,Male,023,Driver,Not Thrown Out,Admitted to Hospital,Fitted - Worn,Motor Cars - Sedan,Full,Straight Ahead,1.0,3 Country,2,1,Thursday,05:35 am,110,Not Divided,Straight road,Level,Wet,Not Raining,Night,Hit Fixed Object,No Control
2018-9786-15/08/2019,1,1,Driver,Female,060,Driver,Not Thrown Out,By Private,Fitted - Worn,Motor Cars - Sedan,Full,Straight Ahead,1.0,2 Metropolitan,2,1,Wednesday,10:00 am,60,Divided Road,Straight road,Level,Dry,Not Raining,Daylight,Rear End,No Control
2018-9787-15/08/2019,1,1,Rider,Male,014,,Thrown Out,By Private,,Pedal Cycle,,Straight Ahead,1.0,2 Metropolitan,2,1,Thursday,09:30 am,60,Divided Road,Straight road,Level,Dry,Not Raining,Daylight,Right Angle,No Control
2018-9789-15/08/2019,2,1,Driver,Female,025,Driver,Not Thrown Out,Treated at Hospital,Fitted - Worn,Motor Cars - Sedan,Full,Straight Ahead,1.0,1 City,2,1,Thursday,09:24 am,60,Cross Road,Straight road,Level,Dry,Not Raining,Daylight,Right Turn,Traffic Signals
2018-9794-15/08/2019,1,1,Rider,Female,032,Rider of Motorcycle,Thrown Out,By Private,,Scooter,Full,Straight Ahead,1.0,2 Metropolitan,2,1,Tuesday,01:45 pm,80,Cross Road,Straight road,Level,Wet,Raining,Daylight,Right Angle,Roundabout
2018-9795-15/08/2019,1,1,Driver,Female,087,Driver,Not Thrown Out,Treated at Hospital,Fitted - Worn,Motor Cars - Sedan,Full,Straight Ahead,2.0,2 Metropolitan,2,2,Thursday,11:15 am,60,Divided Road,Straight road,Level,Dry,Not Raining,Daylight,Hit Parked Vehicle,No Control
2018-9795-15/08/2019,1,2,Passenger,Female,086,Front Seat Left Passenger,Not Thrown Out,Treated at Hospital,Fitted - Worn,Motor Cars - Sedan,Full,Straight Ahead,2.0,2 Metropolitan,2,2,Thursday,11:15 am,60,Divided Road,Straight road,Level,Dry,Not Raining,Daylight,Hit Parked Vehicle,No Control
2018-9805-15/08/2019,1,1,Driver,Female,032,Driver,Not Thrown Out,By Private,Fitted - Worn,Station Wagon,Full,Stopped on Carriageway,1.0,2 Metropolitan,2,1,Thursday,08:10 am,60,Cross Road,Straight road,Level,Dry,Not Raining,Daylight,Rear End,Traffic Signals
2018-9807-15/08/2019,2,1,Passenger,Female,004,Rear Seat Left Passenger,Not Thrown Out,Treated at Hospital,Fitted - Worn,Station Wagon,Full,Straight Ahead,2.0,2 Metropolitan,2,1,Thursday,05:17 pm,50,Divided Road,"CURVED, VIEW OPEN",Level,Dry,Not Raining,Daylight,Right Angle,No Control
2018-9809-15/08/2019,2,1,Pedestrian,Female,010,,,Admitted to Hospital,,Pedestrian on Road,,Crossing without Control,,2 Metropolitan,2,1,Thursday,04:50 pm,60,Divided Road,Straight road,Level,Dry,Not Raining,Daylight,Hit Pedestrian,No Control
2018-9812-15/08/2019,2,1,Passenger,Female,068,Front Seat Left Passenger,Not Thrown Out,Treated at Hospital,Fitted - Worn,Station Wagon,Full,Straight Ahead,2.0,3 Country,2,1,Thursday,05:30 pm,50,Cross Road,Straight road,Level,Dry,Not Raining,Daylight,Right Angle,Stop Sign
2018-9816-15/08/2019,1,1,Driver,Female,019,Driver,Not Thrown Out,Admitted to Hospital,Fitted - Not Worn,Motor Cars - Sedan,Provisional 2,Straight Ahead,1.0,2 Metropolitan,2,1,Sunday,11:30 pm,100,Not Divided,Straight road,Level,Dry,Not Raining,Night,Hit Fixed Object,No Control
2018-9817-15/08/2019,1,1,Driver,Male,048,Driver,Not Thrown Out,Admitted to Hospital,Fitted - Unknown if Worn,Panel Van,Full,Straight Ahead,1.0,3 Country,1,1,Thursday,12:01 am,100,Not Divided,"CURVED, VIEW OBSCURED",Slope,Unknown,Unknown,Night,Roll Over,No Control
2018-9826-15/08/2019,2,1,Passenger,Male,002,Rear Seat Left Passenger,Not Thrown Out,Treated at Hospital,Child Restraint - Worn,Motor Cars - Sedan,Full,Straight Ahead,3.0,3 Country,2,1,Friday,10:15 am,50,Cross Road,Straight road,Level,Dry,Not Raining,Daylight,Right Angle,Give Way Sign
2018-9828-15/08/2019,1,1,Passenger,Female,021,Front Seat Left Passenger,Not Thrown Out,Treated at Hospital,Fitted - Worn,SEMI TRAILER,Full,Right Turn,2.0,3 Country,1,1,Friday,11:07 am,100,T-Junction,"CURVED, VIEW OPEN",Level,Dry,Not Raining,Daylight,Roll Over,Give Way Sign
2018-9843-15/08/2019,1,1,Driver,Female,049,Driver,Not Thrown Out,By Private,Fitted - Worn,Motor Cars - Sedan,Full,Stopped on Carriageway,1.0,2 Metropolitan,2,1,Friday,03:00 pm,60,Cross Road,Straight road,Level,Dry,Not Raining,Daylight,Rear End,Traffic Signals
2018-9846-15/08/2019,1,1,Driver,Female,047,Driver,Not Thrown Out,By Private,Fitted - Worn,Motor Cars - Sedan,Full,Right Turn,3.0,2 Metropolitan,2,2,Friday,04:52 pm,60,T-Junction,Straight road,Level,Dry,Not Raining,Daylight,Right Turn,No Control
2018-9846-15/08/2019,2,1,Driver,Female,029,Driver,Not Thrown Out,By Private,Fitted - Worn,Station Wagon,Full,Straight Ahead,1.0,2 Metropolitan,2,2,Friday,04:52 pm,60,T-Junction,Straight road,Level,Dry,Not Raining,Daylight,Right Turn,No Control
2018-9847-15/08/2019,1,1,Driver,Female,041,Driver,Not Thrown Out,Treated at Hospital,Fitted - Unknown if Worn,Station Wagon,Full,Straight Ahead,1.0,2 Metropolitan,2,1,Friday,07:23 pm,60,Divided Road,Straight road,Level,Dry,Not Raining,Night,Hit Fixed Object,No Control
2018-9849-15/08/2019,1,1,Rider,Male,049,Rider of Motorcycle,Thrown Out,Admitted to Hospital,,Motor Cycle,Unlicenced,Straight Ahead,1.0,3 Country,1,1,Friday,08:05 pm,110,Not Divided,"CURVED, VIEW OPEN",Level,Dry,Not Raining,Night,Roll Over,No Control
2018-9853-15/08/2019,2,1,Driver,Female,020,Driver,Not Thrown Out,Treated at Hospital,Fitted - Worn,Motor Cars - Sedan,Full,Straight Ahead,1.0,2 Metropolitan,2,1,Saturday,07:45 am,50,Divided Road,Straight road,Level,Dry,Not Raining,Daylight,Hit Parked Vehicle,No Control
2018-9855-15/08/2019,1,1,Driver,Female,019,Driver,Thrown Out,Admitted to Hospital,Fitted - Not Worn,Station Wagon,Provisional 2,Straight Ahead,2.0,3 Country,2,2,Saturday,05:45 am,80,Not Divided,"CURVED, VIEW OPEN",Level,Dry,Not Raining,Night,Roll Over,No Control
2018-9855-15/08/2019,1,2,Passenger,Male,019,Front Seat Left Passenger,Not Thrown Out,Treated at Hospital,Fitted - Worn,Station Wagon,Provisional 2,Straight Ahead,2.0,3 Country,2,2,Saturday,05:45 am,80,Not Divided,"CURVED, VIEW OPEN",Level,Dry,Not Raining,Night,Roll Over,No Control
2018-9856-15/08/2019,2,1,Pedestrian,Male,044,,,Treated at Hospital,,Pedestrian on Road,,Crossing without Control,,3 Country,2,1,Saturday,09:13 am,50,Not Divided,Straight road,Level,Dry,Not Raining,Daylight,Hit Pedestrian,No Control
2018-9857-15/08/2019,1,1,Driver,Male,052,Driver,Not Thrown Out,Treated at Hospital,Fitted - Worn,Motor Cars - Sedan,Full,Straight Ahead,1.0,2 Metropolitan,2,1,Saturday,07:04 am,70,Not Divided,Straight road,Level,Dry,Not Raining,Daylight,Hit Fixed Object,No Control
2018-9858-15/08/2019,1,1,Driver,Female,031,Driver,Not Thrown Out,By Private,Fitted - Worn,Motor Cars - Sedan,Full,Straight Ahead,1.0,2 Metropolitan,2,1,Saturday,06:39 am,50,Not Divided,Straight road,Level,Dry,Not Raining,Daylight,Hit Parked Vehicle,No Control
2018-9859-15/08/2019,2,1,Driver,Male,093,Driver,Not Thrown Out,Treated at Hospital,Fitted - Worn,Motor Cars - Sedan,Full,Straight Ahead,1.0,2 Metropolitan,2,1,Saturday,09:45 am,60,Divided Road,Straight road,Level,Dry,Not Raining,Daylight,Rear End,No Control
2018-9860-15/08/2019,2,1,Rider,Female,031,,,Treated at Hospital,,Pedal Cycle,,Straight Ahead,1.0,2 Metropolitan,2,1,Saturday,10:19 am,50,Cross Road,Straight road,Level,Dry,Not Raining,Daylight,Right Angle,Give Way Sign
2018-9866-15/08/2019,1,1,Driver,Female,024,Driver,Not Thrown Out,By Private,Fitted - Worn,Station Wagon,Full,Right Turn,1.0,2 Metropolitan,2,1,Friday,11:00 am,60,Cross Road,Straight road,Level,Dry,Not Raining,Daylight,Side Swipe,Roundabout
2018-9867-15/08/2019,1,1,Driver,Male,025,Driver,Not Thrown Out,Admitted to Hospital,Fitted - Unknown if Worn,Motor Cars - Sedan,Unlicenced,Straight Ahead,1.0,3 Country,2,1,Friday,09:00 pm,80,Not Divided,"CURVED, VIEW OPEN",Level,Dry,Not Raining,Night,Hit Fixed Object,No Control
2018-9873-15/08/2019,2,1,Passenger,Male,077,Rear Seat Right Passenger,Not Thrown Out,Treated at Hospital,Fitted - Worn,Motor Cars - Sedan,Full,Straight Ahead,4.0,3 Country,2,2,Friday,07:59 pm,70,Not Divided,Straight road,Level,Dry,Not Raining,Night,Rear End,No Control
2018-9873-15/08/2019,2,2,Passenger,Female,071,Rear Seat Left Passenger,Not Thrown Out,Treated at Hospital,Fitted - Worn,Motor Cars - Sedan,Full,Straight Ahead,4.0,3 Country,2,2,Friday,07:59 pm,70,Not Divided,Straight road,Level,Dry,Not Raining,Night,Rear End,No Control
2018-9875-15/08/2019,1,1,Rider,Male,030,Rider of Motorcycle,Thrown Out,Treated at Hospital,,Motor Cycle,Full,Straight Ahead,1.0,3 Country,2,1,Saturday,12:15 pm,80,Not Divided,"CURVED, VIEW OPEN",Level,Dry,Not Raining,Daylight,Hit Fixed Object,No Control
2018-9878-15/08/2019,2,1,Pedestrian,Female,005,,,Treated at Hospital,,Pedestrian on Road,,Walked from between Parked Vehicles,,2 Metropolitan,2,1,Saturday,02:50 pm,50,Not Divided,Straight road,Level,Dry,Not Raining,Daylight,Hit Pedestrian,No Control
2018-9879-15/08/2019,2,1,Driver,Female,034,Driver,Not Thrown Out,Treated at Hospital,Fitted - Worn,Motor Cars - Sedan,Unknown,Straight Ahead,1.0,3 Country,2,1,Saturday,12:30 pm,50,Not Divided,Straight road,Level,Dry,Not Raining,Daylight,Rear End,No Control
2018-9880-15/08/2019,1,1,Driver,Male,044,Driver,Not Thrown Out,By Private,Fitted - Worn,Motor Cars - Sedan,Full,Stopped on Carriageway,1.0,2 Metropolitan,2,1,Friday,02:55 pm,60,Divided Road,Straight road,Level,Dry,Not Raining,Daylight,Rear End,No Control
2018-9884-15/08/2019,1,1,Driver,Male,059,Driver,Not Thrown Out,Treated at Hospital,Fitted - Worn,Motor Cars - Sedan,Full,Straight Ahead,1.0,2 Metropolitan,2,1,Saturday,02:05 pm,50,Not Divided,"CURVED, VIEW OPEN",Level,Dry,Not Raining,Daylight,Hit Fixed Object,No Control
2018-9886-15/08/2019,1,1,Driver,Female,057,Driver,Not Thrown Out,Treated at Hospital,Fitted - Worn,Motor Cars - Sedan,Full,Straight Ahead,1.0,2 Metropolitan,2,1,Friday,02:30 pm,50,Not Divided,Straight road,Level,Dry,Not Raining,Daylight,Hit Fixed Object,No Control
2018-9891-15/08/2019,1,1,Driver,Male,031,Driver,Not Thrown Out,Admitted to Hospital,Fitted - Worn,Station Wagon,Probationary,Straight Ahead,2.0,3 Country,2,2,Saturday,08:43 pm,100,Not Divided,Straight road,Bottom of Hill,Dry,Not Raining,Night,Hit Fixed Object,No Control
2018-9891-15/08/2019,1,2,Passenger,Male,031,Front Seat Left Passenger,Thrown Out,Admitted to Hospital,Fitted - Not Worn,Station Wagon,Probationary,Straight Ahead,2.0,3 Country,2,2,Saturday,08:43 pm,100,Not Divided,Straight road,Bottom of Hill,Dry,Not Raining,Night,Hit Fixed Object,No Control
2018-9896-15/08/2019,1,1,Driver,Male,056,Driver,Not Thrown Out,Treated at Hospital,Fitted - Worn,Station Wagon,Full,Straight Ahead,1.0,2 Metropolitan,2,1,Saturday,12:13 am,50,Cross Road,Straight road,Level,Dry,Not Raining,Night,Hit Fixed Object,Roundabout
2018-9897-15/08/2019,3,1,Pedestrian,Male,061,,,Treated at Hospital,,Pedestrian on Road,,Pushing or Working on Vehicle,,2 Metropolitan,3,1,Sunday,07:45 am,50,Divided Road,Straight road,Level,Dry,Not Raining,Daylight,Hit Parked Vehicle,No Control
2018-9899-15/08/2019,2,1,Passenger,Female,090,Front Seat Left Passenger,Not Thrown Out,Treated at Hospital,Fitted - Worn,Motor Cars - Sedan,Full,Stopped on Carriageway,3.0,2 Metropolitan,2,1,Saturday,11:50 am,80,T-Junction,Straight road,Level,Dry,Not Raining,Daylight,Rear End,Give Way Sign
2018-9900-15/08/2019,1,1,Driver,Female,050,Driver,Not Thrown Out,By Private,Fitted - Worn,Motor Cars - Sedan,Full,Straight Ahead,1.0,2 Metropolitan,2,1,Wednesday,03:15 pm,50,Divided Road,Straight road,Level,Dry,Not Raining,Daylight,Rear End,No Control
2018-9901-15/08/2019,1,1,Driver,Female,068,Driver,Not Thrown Out,Treated at Hospital,Fitted - Worn,Motor Cars - Sedan,Full,Straight Ahead,2.0,2 Metropolitan,2,1,Saturday,01:40 pm,50,Not Divided,Straight road,Level,Dry,Not Raining,Daylight,Hit Parked Vehicle,No Control
2018-9903-15/08/2019,1,1,Driver,Male,050,Driver,Not Thrown Out,Treated at Hospital,Fitted - Worn,Station Wagon,Full,Straight Ahead,1.0,2 Metropolitan,2,1,Sunday,07:25 am,50,Not Divided,Straight road,Level,Dry,Not Raining,Daylight,Hit Fixed Object,No Control