REPORT_ID,UND_UNIT_NUMBER,CASUALTY_NUMBER,Casualty Type,Sex_x,AGE,Position In Veh,Thrown Out,Injury Extent,Seat Belt,Unit Type,Licence Type,Unit Movement,Number Occupants,Stats Area,Total Units,Total Cas,Day,Time,Area Speed,Position Type,Horizontal Align,Vertical Align,Moisture Cond,Weather Cond,DayNight,Crash Type,Traffic Ctrls
2018-10314-15/08/2019,2,1,Driver,Unknown,XXX,Driver,Not Thrown Out,Treated at Hospital,Fitted - Worn,Motor Cars - Sedan,Full,Straight Ahead,2.0,2 Metropolitan,2,2,Thursday,04:13 pm,60,T-Junction,Straight road,Level,Dry,Not Raining,Daylight,Right Turn,No Control
2018-10314-15/08/2019,2,2,Passenger,Male,016,Front Seat Left Passenger,Not Thrown Out,Treated at Hospital,Fitted - Worn,Motor Cars - Sedan,Full,Straight Ahead,2.0,2 Metropolitan,2,2,Thursday,04:13 pm,60,T-Junction,Straight road,Level,Dry,Not Raining,Daylight,Right Turn,No Control
2018-10317-15/08/2019,1,1,Driver,Female,031,Driver,Not Thrown Out,Treated at Hospital,Fitted - Worn,Motor Cars - Sedan,Provisional 2,Straight Ahead,5.0,2 Metropolitan,2,5,Thursday,03:54 pm,70,Divided Road,Straight road,Level,Dry,Not Raining,Daylight,Rear End,No Control
2018-10317-15/08/2019,1,2,Passenger,Male,XXX,Rear Seat Middle Passenger,Not Thrown Out,Treated at Hospital,Fitted - Worn,Motor Cars - Sedan,Provisional 2,Straight Ahead,5.0,2 Metropolitan,2,5,Thursday,03:54 pm,70,Divided Road,Straight road,Level,Dry,Not Raining,Daylight,Rear End,No Control
2018-10317-15/08/2019,1,3,Passenger,Male,035,Front Seat Left Passenger,Not Thrown Out,Treated at Hospital,Fitted - Worn,Motor Cars - Sedan,Provisional 2,Straight Ahead,5.0,2 Metropolitan,2,5,Thursday,03:54 pm,70,Divided Road,Straight road,Level,Dry,Not Raining,Daylight,Rear End,No Control
2018-10317-15/08/2019,1,4,Passenger,Unknown,XXX,Rear Seat Left Passenger,Not Thrown Out,Treated at Hospital,Fitted - Worn,Motor Cars - Sedan,Provisional 2,Straight Ahead,5.0,2 Metropolitan,2,5,Thursday,03:54 pm,70,Divided Road,Straight road,Level,Dry,Not Raining,Daylight,Rear End,No Control
2018-10317-15/08/2019,1,5,Passenger,Female,XXX,Rear Seat Right Passenger,Not Thrown Out,Treated at Hospital,Fitted - Worn,Motor Cars - Sedan,Provisional 2,Straight Ahead,5.0,2 Metropolitan,2,5,Thursday,03:54 pm,70,Divided Road,Straight road,Level,Dry,Not Raining,Daylight,Rear End,No Control
2018-10319-15/08/2019,1,1,Driver,Female,044,Driver,Not Thrown Out,By Private,Fitted - Worn,Utility,Full,Stopped on Carriageway,1.0,2 Metropolitan,2,1,Thursday,03:55 pm,90,Cross Road,Straight road,Slope,Dry,Not Raining,Daylight,Rear End,Give Way Sign
2018-10320-15/08/2019,1,1,Driver,Female,053,Driver,Not Thrown Out,Treated at Hospital,Fitted - Worn,Station Wagon,Full,Straight Ahead,1.0,2 Metropolitan,2,1,Thursday,05:48 pm,50,Not Divided,Straight road,Level,Dry,Not Raining,Daylight,Hit Parked Vehicle,No Control
2018-10324-15/08/2019,2,1,Driver,Male,026,Driver,Not Thrown Out,Treated at Hospital,Fitted - Worn,RIGID TRUCK LGE GE 4.5T,Provisional 2,Straight Ahead,1.0,3 Country,2,1,Thursday,04:10 pm,100,Not Divided,Straight road,Level,Dry,Not Raining,Daylight,Side Swipe,No Control
2018-10325-15/08/2019,1,1,Driver,Female,020,Driver,Not Thrown Out,Treated at Hospital,Fitted - Worn,Motor Cars - Sedan,Provisional 2,Straight Ahead,1.0,2 Metropolitan,2,1,Thursday,04:55 pm,80,Not Divided,"CURVED, VIEW OBSCURED",Slope,Dry,Not Raining,Daylight,Hit Fixed Object,No Control
2018-10334-15/08/2019,1,1,Driver,Female,055,Driver,Not Thrown Out,Treated at Hospital,Fitted - Worn,Station Wagon,Full,Straight Ahead,1.0,3 Country,1,1,Thursday,08:45 pm,100,Not Divided,Straight road,Level,Dry,Not Raining,Night,Left Road - Out of Control,No Control
2018-10335-15/08/2019,1,1,Driver,Male,035,Driver,Not Thrown Out,Treated at Hospital,Fitted - Worn,Motor Cars - Sedan,Full,Straight Ahead,3.0,3 Country,2,5,Thursday,05:45 pm,110,T-Junction,"CURVED, VIEW OPEN",Level,Dry,Not Raining,Daylight,Right Angle,Give Way Sign
2018-10335-15/08/2019,1,2,Passenger,Female,077,Rear Seat Left Passenger,Not Thrown Out,Admitted to Hospital,Fitted - Worn,Motor Cars - Sedan,Full,Straight Ahead,3.0,3 Country,2,5,Thursday,05:45 pm,110,T-Junction,"CURVED, VIEW OPEN",Level,Dry,Not Raining,Daylight,Right Angle,Give Way Sign
2018-10335-15/08/2019,1,3,Passenger,Female,028,Front Seat Left Passenger,Not Thrown Out,Treated at Hospital,Fitted - Worn,Motor Cars - Sedan,Full,Straight Ahead,3.0,3 Country,2,5,Thursday,05:45 pm,110,T-Junction,"CURVED, VIEW OPEN",Level,Dry,Not Raining,Daylight,Right Angle,Give Way Sign
2018-10335-15/08/2019,2,1,Driver,Female,084,Driver,Not Thrown Out,Treated at Hospital,Fitted - Worn,Motor Cars - Sedan,Full,Right Turn,2.0,3 Country,2,5,Thursday,05:45 pm,110,T-Junction,"CURVED, VIEW OPEN",Level,Dry,Not Raining,Daylight,Right Angle,Give Way Sign
2018-10335-15/08/2019,2,2,Passenger,Female,070,Front Seat Left Passenger,Not Thrown Out,Treated at Hospital,Fitted - Worn,Motor Cars - Sedan,Full,Right Turn,2.0,3 Country,2,5,Thursday,05:45 pm,110,T-Junction,"CURVED, VIEW OPEN",Level,Dry,Not Raining,Daylight,Right Angle,Give Way Sign
2018-10342-15/08/2019,2,1,Driver,Female,043,Driver,Not Thrown Out,Treated at Hospital,Fitted - Worn,Motor Cars - Sedan,Full,Stopped on Carriageway,3.0,2 Metropolitan,2,2,Friday,09:28 am,60,Cross Road,Straight road,Level,Dry,Not Raining,Daylight,Rear End,Traffic Signals
2018-10342-15/08/2019,2,2,Passenger,Female,007,Rear Seat Left Passenger,Not Thrown Out,Treated at Hospital,Fitted - Worn,Motor Cars - Sedan,Full,Stopped on Carriageway,3.0,2 Metropolitan,2,2,Friday,09:28 am,60,Cross Road,Straight road,Level,Dry,Not Raining,Daylight,Rear End,Traffic Signals
2018-10344-15/08/2019,1,1,Passenger,Female,083,Rear Seat Right Passenger,Not Thrown Out,Treated at Hospital,Fitted - Worn,Motor Cars - Sedan,Full,Straight Ahead,4.0,3 Country,2,1,Friday,09:00 am,110,Not Divided,Straight road,Level,Dry,Not Raining,Daylight,Hit Fixed Object,No Control
2018-10345-15/08/2019,2,1,Driver,Female,057,Driver,Not Thrown Out,By Private,Fitted - Worn,Station Wagon,Full,Stopped on Carriageway,1.0,2 Metropolitan,4,1,Thursday,02:45 pm,60,Cross Road,Straight road,Level,Dry,Not Raining,Daylight,Rear End,Traffic Signals
2018-10346-15/08/2019,1,1,Passenger,Female,XXX,Front Seat Left Passenger,Not Thrown Out,Treated at Hospital,Fitted - Worn,Motor Cars - Sedan,Provisional 2,Stopped on Carriageway,2.0,2 Metropolitan,2,1,Friday,11:15 am,70,Divided Road,Straight road,Level,Dry,Not Raining,Daylight,Rear End,No Control
2018-10348-15/08/2019,2,1,Passenger,Female,009,Rear Seat Middle Passenger,Not Thrown Out,Treated at Hospital,Fitted - Worn,Motor Cars - Sedan,Full,Stopped on Carriageway,5.0,2 Metropolitan,2,4,Friday,12:30 pm,60,Divided Road,Straight road,Level,Dry,Not Raining,Daylight,Rear End,No Control
2018-10348-15/08/2019,2,2,Passenger,Female,013,Front Seat Left Passenger,Not Thrown Out,Treated at Hospital,Fitted - Worn,Motor Cars - Sedan,Full,Stopped on Carriageway,5.0,2 Metropolitan,2,4,Friday,12:30 pm,60,Divided Road,Straight road,Level,Dry,Not Raining,Daylight,Rear End,No Control
2018-10348-15/08/2019,2,3,Passenger,Male,008,Rear Seat Right Passenger,Not Thrown Out,Treated at Hospital,Fitted - Worn,Motor Cars - Sedan,Full,Stopped on Carriageway,5.0,2 Metropolitan,2,4,Friday,12:30 pm,60,Divided Road,Straight road,Level,Dry,Not Raining,Daylight,Rear End,No Control
2018-10348-15/08/2019,2,4,Passenger,Female,XXX,Rear Seat Left Passenger,Not Thrown Out,Treated at Hospital,Fitted - Worn,Motor Cars - Sedan,Full,Stopped on Carriageway,5.0,2 Metropolitan,2,4,Friday,12:30 pm,60,Divided Road,Straight road,Level,Dry,Not Raining,Daylight,Rear End,No Control
2018-10351-15/08/2019,1,1,Driver,Female,031,Driver,Not Thrown Out,Treated at Hospital,Fitted - Worn,Station Wagon,Full,Stopped on Carriageway,1.0,2 Metropolitan,2,1,Thursday,04:55 pm,60,T-Junction,"CURVED, VIEW OPEN",Level,Dry,Not Raining,Daylight,Rear End,Traffic Signals
2018-10353-15/08/2019,1,1,Driver,Female,037,Driver,Not Thrown Out,Treated at Hospital,Fitted - Worn,Motor Cars - Sedan,Full,Straight Ahead,2.0,2 Metropolitan,2,1,Friday,02:05 pm,60,Divided Road,Straight road,Level,Dry,Not Raining,Daylight,Rear End,No Control
2018-10354-15/08/2019,1,1,Rider,Female,020,Rider of Motorcycle,Thrown Out,Admitted to Hospital,,Motor Cycle,Learners,Left Turn,1.0,2 Metropolitan,2,1,Friday,03:15 pm,60,T-Junction,Straight road,Level,Dry,Not Raining,Daylight,Right Angle,Give Way Sign
2018-10356-15/08/2019,1,1,Driver,Female,018,Driver,Not Thrown Out,By Private,Fitted - Worn,Motor Cars - Sedan,Provisional 2,Stopped on Carriageway,2.0,2 Metropolitan,2,1,Friday,05:20 pm,60,Multiple,Straight road,Level,Dry,Not Raining,Daylight,Rear End,Traffic Signals
2018-10359-15/08/2019,1,1,Driver,Male,018,Driver,Not Thrown Out,Treated at Hospital,Fitted - Worn,Motor Cars - Sedan,Provisional 1 ,Right Turn,1.0,2 Metropolitan,2,3,Thursday,05:15 pm,60,Cross Road,Straight road,Level,Dry,Not Raining,Daylight,Right Turn,Traffic Signals
2018-10359-15/08/2019,2,1,Driver,Male,044,Driver,Not Thrown Out,Treated at Hospital,Fitted - Worn,Motor Cars - Sedan,Full,Straight Ahead,2.0,2 Metropolitan,2,3,Thursday,05:15 pm,60,Cross Road,Straight road,Level,Dry,Not Raining,Daylight,Right Turn,Traffic Signals
2018-10359-15/08/2019,2,2,Passenger,Female,033,Front Seat Left Passenger,Not Thrown Out,Treated at Hospital,Fitted - Worn,Motor Cars - Sedan,Full,Straight Ahead,2.0,2 Metropolitan,2,3,Thursday,05:15 pm,60,Cross Road,Straight road,Level,Dry,Not Raining,Daylight,Right Turn,Traffic Signals
2018-10363-15/08/2019,1,1,Driver,Male,026,Driver,Not Thrown Out,Treated at Hospital,Fitted - Worn,Motor Cars - Sedan,Provisional 2,Straight Ahead,1.0,2 Metropolitan,4,1,Friday,07:45 pm,50,Multiple,"CURVED, VIEW OPEN",Level,Dry,Not Raining,Night,Right Turn,Traffic Signals
2018-10365-15/08/2019,2,1,Driver,Male,064,Driver,Not Thrown Out,Treated at Hospital,Fitted - Worn,Motor Cars - Sedan,Full,Straight Ahead,1.0,2 Metropolitan,2,1,Friday,06:10 pm,80,T-Junction,"CURVED, VIEW OPEN",Level,Dry,Not Raining,Daylight,Right Turn,Stop Sign
2018-10366-15/08/2019,1,1,Driver,Male,058,Driver,Not Thrown Out,Treated at Hospital,Fitted - Worn,Motor Cars - Sedan,Full,Straight Ahead,1.0,2 Metropolitan,2,1,Friday,07:34 pm,60,Divided Road,Straight road,Level,Dry,Not Raining,Night,Head On,No Control
2018-10369-15/08/2019,3,1,Pedestrian,Female,017,,,Treated at Hospital,,Pedestrian on Road,,Crossing without Control,,2 Metropolitan,3,1,Friday,11:43 pm,50,Not Divided,Straight road,Level,Dry,Not Raining,Night,Hit Pedestrian,No Control
2018-10376-15/08/2019,2,1,Pedestrian,Female,063,,,By Private,,Motorised Wheelchair/Gopher,,Walking on Road,,2 Metropolitan,2,1,Friday,01:40 pm,50,Not Divided,Straight road,Level,Dry,Not Raining,Daylight,Hit Pedestrian,No Control
2018-10378-15/08/2019,2,1,Driver,Male,XXX,Driver,Not Thrown Out,Treated at Hospital,Fitted - Unknown if Worn,Other Defined Special Vehicle,Full,Parked,1.0,2 Metropolitan,3,1,Saturday,11:00 am,25,Not Divided,"CURVED, VIEW OPEN",Level,Dry,Not Raining,Daylight,Hit Parked Vehicle,No Control
2018-10380-15/08/2019,1,1,Driver,Male,082,Driver,Not Thrown Out,Treated at Hospital,Fitted - Worn,Motor Cars - Sedan,Full,Left Turn,1.0,2 Metropolitan,2,1,Saturday,11:00 am,10,T-Junction,Straight road,Level,Dry,Not Raining,Daylight,Hit Parked Vehicle,No Control
2018-10386-15/08/2019,1,1,Passenger,Female,007,Rear Seat Left Passenger,Not Thrown Out,Treated at Hospital,Fitted - Worn,Station Wagon,Full,Straight Ahead,2.0,2 Metropolitan,2,1,Thursday,08:00 pm,60,Cross Road,Straight road,Level,Dry,Not Raining,Night,Right Turn,Stop Sign
2018-10387-15/08/2019,1,1,Driver,Male,020,Driver,Not Thrown Out,Admitted to Hospital,Fitted - Worn,Utility,Full,Straight Ahead,1.0,3 Country,1,1,Friday,10:00 pm,100,Not Divided,"CURVED, VIEW OBSCURED",Slope,Dry,Not Raining,Night,Roll Over,No Control
2018-10391-15/08/2019,1,1,Driver,Female,028,Driver,Not Thrown Out,By Private,Fitted - Worn,Motor Cars - Sedan,Full,Stopped on Carriageway,1.0,2 Metropolitan,2,1,Friday,04:30 pm,60,Divided Road,Straight road,Level,Dry,Not Raining,Daylight,Rear End,No Control
2018-10393-15/08/2019,1,1,Driver,Male,029,Driver,Not Thrown Out,Treated at Hospital,Fitted - Worn,Utility,Full,Straight Ahead,2.0,3 Country,2,2,Saturday,10:37 am,110,Not Divided,"CURVED, VIEW OPEN",Level,Dry,Not Raining,Daylight,Hit Fixed Object,No Control
2018-10393-15/08/2019,1,2,Passenger,Male,029,Front Seat Left Passenger,Not Thrown Out,Treated at Hospital,Fitted - Worn,Utility,Full,Straight Ahead,2.0,3 Country,2,2,Saturday,10:37 am,110,Not Divided,"CURVED, VIEW OPEN",Level,Dry,Not Raining,Daylight,Hit Fixed Object,No Control
2018-10396-15/08/2019,1,1,Driver,Male,038,Driver,Not Thrown Out,Treated at Hospital,Fitted - Worn,Motor Cars - Sedan,Full,Stopped on Carriageway,2.0,2 Metropolitan,2,1,Saturday,05:10 pm,60,Divided Road,Straight road,Level,Dry,Not Raining,Daylight,Rear End,No Control
2018-10398-15/08/2019,1,1,Driver,Female,018,Driver,Not Thrown Out,Treated at Hospital,Fitted - Worn,Motor Cars - Sedan,Provisional 1 ,Stopped on Carriageway,1.0,1 City,2,2,Saturday,05:00 pm,60,Cross Road,Straight road,Level,Dry,Not Raining,Daylight,Rear End,Traffic Signals
2018-10398-15/08/2019,2,1,Passenger,Female,059,Front Seat Left Passenger,Not Thrown Out,By Private,Fitted - Worn,Station Wagon,Full,Straight Ahead,2.0,1 City,2,2,Saturday,05:00 pm,60,Cross Road,Straight road,Level,Dry,Not Raining,Daylight,Rear End,Traffic Signals
2018-10400-15/08/2019,3,1,Driver,Female,017,Driver,Not Thrown Out,Treated at Hospital,Fitted - Worn,Motor Cars - Sedan,Provisional 1 ,Straight Ahead,2.0,2 Metropolitan,4,2,Saturday,06:58 pm,80,Cross Road,"CURVED, VIEW OPEN",Level,Dry,Not Raining,Night,Right Turn,Traffic Signals
2018-10400-15/08/2019,3,2,Passenger,Female,016,Front Seat Left Passenger,Not Thrown Out,Treated at Hospital,Fitted - Worn,Motor Cars - Sedan,Provisional 1 ,Straight Ahead,2.0,2 Metropolitan,4,2,Saturday,06:58 pm,80,Cross Road,"CURVED, VIEW OPEN",Level,Dry,Not Raining,Night,Right Turn,Traffic Signals
2018-10401-15/08/2019,1,1,Rider,Male,019,,,Treated at Hospital,,Pedal Cycle,,Straight Ahead,1.0,2 Metropolitan,1,1,Sunday,12:30 am,60,Not Divided,"CURVED, VIEW OBSCURED",Slope,Wet,Raining,Night,Roll Over,No Control
2018-10403-15/08/2019,2,1,Rider,Male,058,,Thrown Out,By Private,,Pedal Cycle,,Straight Ahead,1.0,2 Metropolitan,2,1,Sunday,08:25 am,60,T-Junction,Straight road,Slope,Dry,Not Raining,Daylight,Right Angle,Give Way Sign
2018-10404-15/08/2019,1,1,Driver,Female,048,Driver,Not Thrown Out,Admitted to Hospital,Fitted - Unknown if Worn,Utility,Learners,Right Turn,3.0,3 Country,1,3,Saturday,10:00 pm,100,T-Junction,Straight road,Unknown,Dry,Not Raining,Night,Roll Over,No Control
2018-10404-15/08/2019,1,2,Passenger,Female,016,Front Seat Left Passenger,Not Thrown Out,Treated at Hospital,Fitted - Worn,Utility,Learners,Right Turn,3.0,3 Country,1,3,Saturday,10:00 pm,100,T-Junction,Straight road,Unknown,Dry,Not Raining,Night,Roll Over,No Control
2018-10404-15/08/2019,1,3,Passenger,Female,018,Rear Seat Middle Passenger,Not Thrown Out,Treated at Hospital,Fitted - Worn,Utility,Learners,Right Turn,3.0,3 Country,1,3,Saturday,10:00 pm,100,T-Junction,Straight road,Unknown,Dry,Not Raining,Night,Roll Over,No Control
2018-10408-15/08/2019,2,1,Rider,Male,048,Rider of Motorcycle,Thrown Out,Admitted to Hospital,,Motor Cycle,Full,Straight Ahead,1.0,2 Metropolitan,2,1,Sunday,11:30 am,80,Not Divided,"CURVED, VIEW OBSCURED",Crest of Hill,Dry,Not Raining,Daylight,Head On,No Control
2018-10409-15/08/2019,1,1,Driver,Female,054,Driver,Not Thrown Out,Treated at Hospital,Fitted - Unknown if Worn,Motor Cars - Sedan,Full,Straight Ahead,1.0,2 Metropolitan,3,1,Sunday,12:05 pm,60,Divided Road,Straight road,Level,Dry,Not Raining,Daylight,Rear End,No Control
2018-10410-15/08/2019,2,1,Rider,Female,060,,,Treated at Hospital,,Pedal Cycle,,Straight Ahead,1.0,2 Metropolitan,2,1,Sunday,01:49 pm,60,Divided Road,Straight road,Level,Dry,Not Raining,Daylight,Hit Parked Vehicle,No Control
2018-10411-15/08/2019,1,1,Driver,Male,085,Driver,Not Thrown Out,Treated at Hospital,Fitted - Worn,Motor Cars - Sedan,Full,Straight Ahead,1.0,2 Metropolitan,2,1,Sunday,02:10 pm,50,Not Divided,Straight road,Level,Dry,Not Raining,Daylight,Right Angle,No Control
2018-10412-15/08/2019,1,1,Driver,Female,018,Driver,Not Thrown Out,Treated at Hospital,Fitted - Worn,Utility,Provisional 1 ,Straight Ahead,2.0,3 Country,2,2,Sunday,10:34 am,100,Not Divided,"CURVED, VIEW OBSCURED",Slope,Dry,Not Raining,Daylight,Hit Fixed Object,No Control
2018-10412-15/08/2019,1,2,Passenger,Male,017,Front Seat Left Passenger,Not Thrown Out,Admitted to Hospital,Fitted - Worn,Utility,Provisional 1 ,Straight Ahead,2.0,3 Country,2,2,Sunday,10:34 am,100,Not Divided,"CURVED, VIEW OBSCURED",Slope,Dry,Not Raining,Daylight,Hit Fixed Object,No Control
2018-10416-15/08/2019,2,1,Driver,Female,051,Driver,Not Thrown Out,Treated at Hospital,Fitted - Worn,Station Wagon,Full,Straight Ahead,1.0,2 Metropolitan,3,1,Sunday,02:15 pm,60,T-Junction,Straight road,Slope,Dry,Not Raining,Daylight,Right Angle,Stop Sign
2018-10424-15/08/2019,1,1,Driver,Female,073,Driver,Not Thrown Out,Fatal,Fitted - Worn,Motor Cars - Sedan,Full,Straight Ahead,1.0,3 Country,2,2,Sunday,03:51 pm,110,Not Divided,Straight road,Level,Dry,Not Raining,Daylight,Head On,No Control
2018-10424-15/08/2019,2,1,Driver,Male,044,Driver,Not Thrown Out,Admitted to Hospital,Fitted - Unknown if Worn,Motor Cars - Sedan,Full,Straight Ahead,2.0,3 Country,2,2,Sunday,03:51 pm,110,Not Divided,Straight road,Level,Dry,Not Raining,Daylight,Head On,No Control
2018-10426-15/08/2019,1,1,Driver,Male,019,Driver,Not Thrown Out,Treated at Hospital,Fitted - Worn,Utility,Provisional 2,Straight Ahead,1.0,3 Country,1,1,Sunday,12:45 am,100,Divided Road,Straight road,Level,Wet,Not Raining,Night,Roll Over,No Control
2018-10428-15/08/2019,1,1,Driver,Male,051,Driver,Not Thrown Out,Treated at Hospital,Fitted - Worn,Utility,Full,Straight Ahead,1.0,3 Country,2,1,Sunday,11:10 am,100,Not Divided,Straight road,Slope,Dry,Not Raining,Daylight,Hit Fixed Object,No Control
2018-10431-15/08/2019,1,1,Driver,Female,078,Driver,Not Thrown Out,Treated at Hospital,Fitted - Worn,Station Wagon,Full,Straight Ahead,1.0,2 Metropolitan,2,2,Sunday,06:00 pm,80,Cross Road,Straight road,Level,Dry,Not Raining,Daylight,Right Angle,Give Way Sign
2018-10431-15/08/2019,2,1,Driver,Female,057,Driver,Not Thrown Out,By Private,Fitted - Worn,Motor Cars - Sedan,Full,Straight Ahead,1.0,2 Metropolitan,2,2,Sunday,06:00 pm,80,Cross Road,Straight road,Level,Dry,Not Raining,Daylight,Right Angle,Give Way Sign
2018-10432-15/08/2019,1,1,Driver,Male,040,Driver,Not Thrown Out,By Private,Fitted - Worn,Motor Cars - Sedan,Full,Stopped on Carriageway,1.0,2 Metropolitan,2,1,Monday,08:50 am,60,Divided Road,Straight road,Level,Dry,Not Raining,Daylight,Rear End,No Control
2018-10433-15/08/2019,1,1,Rider,Male,063,Rider of Motorcycle,Thrown Out,Treated at Hospital,,Motor Cycle,Full,Straight Ahead,1.0,3 Country,1,1,Sunday,11:00 am,100,Not Divided,Straight road,Level,Dry,Not Raining,Daylight,Roll Over,No Control
2018-10435-15/08/2019,2,1,Rider,Male,045,,,Treated at Hospital,,Pedal Cycle,,Straight Ahead,1.0,2 Metropolitan,2,1,Monday,09:50 am,60,Cross Road,Straight road,Level,Dry,Not Raining,Daylight,Right Angle,Roundabout
2018-10436-15/08/2019,2,1,Rider,Female,051,,Thrown Out,Treated at Hospital,,Pedal Cycle,,Overtaking - on Right,1.0,1 City,2,1,Monday,10:15 am,60,Not Divided,Straight road,Level,Dry,Not Raining,Daylight,Side Swipe,No Control
2018-10439-15/08/2019,2,1,Driver,Female,022,Driver,Not Thrown Out,Treated at Hospital,Fitted - Worn,Motor Cars - Sedan,Full,Straight Ahead,1.0,2 Metropolitan,2,1,Monday,11:30 am,40,Freeway,Straight road,Level,Dry,Not Raining,Daylight,Side Swipe,No Control
2018-10444-15/08/2019,1,1,Driver,Female,056,Driver,Not Thrown Out,Treated at Hospital,Fitted - Worn,Station Wagon,Full,Right Turn,1.0,3 Country,2,2,Monday,09:25 am,110,T-Junction,Straight road,Level,Dry,Not Raining,Daylight,Right Turn,Give Way Sign
2018-10444-15/08/2019,2,1,Driver,Female,050,Driver,Not Thrown Out,Treated at Hospital,Fitted - Worn,Utility,Full,Straight Ahead,1.0,3 Country,2,2,Monday,09:25 am,110,T-Junction,Straight road,Level,Dry,Not Raining,Daylight,Right Turn,Give Way Sign
2018-10450-15/08/2019,1,1,Passenger,Female,054,Front Seat Left Passenger,Not Thrown Out,Treated at Hospital,Fitted - Worn,Panel Van,Full,Left Turn,4.0,3 Country,1,1,Monday,11:10 am,100,T-Junction,Straight road,Level,Dry,Not Raining,Daylight,Roll Over,No Control
2018-10454-15/08/2019,1,1,Driver,Male,076,Driver,Not Thrown Out,Treated at Hospital,Fitted - Worn,Station Wagon,Full,Right Turn,1.0,3 Country,2,2,Monday,01:20 pm,60,T-Junction,Straight road,Level,Dry,Not Raining,Daylight,Right Turn,No Control
2018-10454-15/08/2019,2,1,Driver,Female,051,Driver,Not Thrown Out,Admitted to Hospital,Fitted - Worn,Station Wagon,Full,Straight Ahead,1.0,3 Country,2,2,Monday,01:20 pm,60,T-Junction,Straight road,Level,Dry,Not Raining,Daylight,Right Turn,No Control
2018-10455-15/08/2019,1,1,Rider,Male,027,Rider of Motorcycle,Thrown Out,Admitted to Hospital,,Motor Cycle,Unlicenced,Straight Ahead,1.0,3 Country,1,1,Monday,11:24 am,50,Cross Road,Straight road,Slope,Dry,Not Raining,Daylight,Roll Over,Traffic Signals
2018-10456-15/08/2019,2,1,Pedestrian,Male,017,,,Treated at Hospital,,Pedestrian on Road,,Crossing without Control,,2 Metropolitan,2,1,Monday,01:53 pm,50,Not Divided,Straight road,Level,Dry,Not Raining,Daylight,Hit Pedestrian,No Control
2018-10457-15/08/2019,2,1,Pedestrian,Male,088,,,Treated at Hospital,,Pedestrian on Road,,Crossing without Control,,2 Metropolitan,2,1,Monday,03:03 pm,60,Divided Road,Straight road,Slope,Dry,Not Raining,Daylight,Hit Pedestrian,No Control
2018-10459-15/08/2019,1,1,Driver,Female,022,Driver,Not Thrown Out,Admitted to Hospital,Fitted - Worn,Motor Cars - Sedan,Full,Straight Ahead,1.0,2 Metropolitan,3,1,Monday,03:00 pm,100,Freeway,"CURVED, VIEW OPEN",Slope,Dry,Not Raining,Daylight,Rear End,No Control
2018-10464-15/08/2019,1,1,Driver,Male,022,Driver,Not Thrown Out,Treated at Hospital,Fitted - Worn,Utility,Full,Stopped on Carriageway,1.0,2 Metropolitan,2,1,Monday,05:20 pm,60,T-Junction,Straight road,Level,Dry,Not Raining,Daylight,Rear End,Give Way Sign
2018-10465-15/08/2019,1,1,Passenger,Male,018,Front Seat Left Passenger,Not Thrown Out,Treated at Hospital,Fitted - Worn,Station Wagon,Provisional 2,Stopped on Carriageway,2.0,2 Metropolitan,2,1,Sunday,08:00 pm,40,Not Divided,Straight road,Level,Dry,Not Raining,Night,Rear End,No Control
2018-10468-15/08/2019,1,1,Pedestrian,Male,057,,,By Private,,Pedestrian on Road,,Crossing without Control,,2 Metropolitan,2,1,Sunday,05:25 am,50,Not Divided,Straight road,Level,Dry,Not Raining,Night,Hit Pedestrian,No Control
2018-10470-15/08/2019,2,1,Driver,Male,018,Driver,Not Thrown Out,Treated at Hospital,Fitted - Worn,Motor Cars - Sedan,Full,Straight Ahead,1.0,2 Metropolitan,2,1,Monday,08:10 pm,60,T-Junction,Straight road,Level,Dry,Not Raining,Night,Rear End,Traffic Signals
2018-10471-15/08/2019,1,1,Driver,Male,057,Driver,Not Thrown Out,Treated at Hospital,Fitted - Not Worn,Station Wagon,Full,Stopped on Carriageway,1.0,2 Metropolitan,3,1,Monday,08:05 pm,60,Not Divided,Straight road,Level,Dry,Not Raining,Night,Rear End,No Control
2018-10475-15/08/2019,1,1,Driver,Male,049,Driver,Thrown Out,Fatal,Fitted - Not Worn,Motor Cars - Sedan,Full,Straight Ahead,1.0,3 Country,3,1,Monday,08:30 pm,100,Not Divided,"CURVED, VIEW OPEN",Bottom of Hill,Dry,Not Raining,Night,Hit Fixed Object,No Control
2018-10479-15/08/2019,1,1,Driver,Male,021,Driver,Not Thrown Out,Treated at Hospital,Fitted - Worn,Other Defined Special Vehicle,Full,Stopped on Carriageway,1.0,2 Metropolitan,2,1,Tuesday,07:25 am,60,Not Divided,Straight road,Level,Dry,Not Raining,Daylight,Rear End,No Control
2018-10481-15/08/2019,2,1,Driver,Male,XXX,Driver,Not Thrown Out,Treated at Hospital,Fitted - Worn,Utility,Full,Stopped on Carriageway,1.0,2 Metropolitan,2,1,Tuesday,08:15 am,60,Divided Road,Straight road,Level,Dry,Not Raining,Daylight,Rear End,No Control