REPORT_ID,UND_UNIT_NUMBER,CASUALTY_NUMBER,Casualty Type,Sex_x,AGE,Position In Veh,Thrown Out,Injury Extent,Seat Belt,Unit Type,Licence Type,Unit Movement,Number Occupants,Stats Area,Total Units,Total Cas,Day,Time,Area Speed,Position Type,Horizontal Align,Vertical Align,Moisture Cond,Weather Cond,DayNight,Crash Type,Traffic Ctrls
2018-11491-15/08/2019,2,3,Passenger,Male,063,Unknown,Not Thrown Out,Treated at Hospital,Fitted - Worn,Utility,Full,Straight Ahead,3.0,3 Country,2,4,Saturday,01:57 pm,60,Cross Road,Straight road,Level,Dry,Not Raining,Daylight,Right Angle,Stop Sign
2018-11494-15/08/2019,1,1,Rider,Male,019,Rider of Motorcycle,Not Thrown Out,Treated at Hospital,,Motor Cycle,Provisional 2,Straight Ahead,1.0,2 Metropolitan,1,1,Saturday,02:40 pm,80,Not Divided,"CURVED, VIEW OPEN",Level,Dry,Not Raining,Daylight,Roll Over,No Control
2018-11496-15/08/2019,1,1,Driver,Male,XXX,Driver,Not Thrown Out,Treated at Hospital,Fitted - Worn,Utility,Full,Straight Ahead,1.0,3 Country,1,1,Saturday,09:30 pm,110,Not Divided,Straight road,Level,Dry,Not Raining,Night,Roll Over,No Control
2018-11497-15/08/2019,1,1,Driver,Female,019,Driver,Not Thrown Out,Treated at Hospital,Fitted - Worn,Motor Cars - Sedan,Provisional 2,Straight Ahead,1.0,2 Metropolitan,2,2,Sunday,11:44 am,80,Divided Road,Straight road,Level,Dry,Not Raining,Daylight,Hit Pedestrian,No Control
2018-11497-15/08/2019,2,1,Pedestrian,Female,062,,,Admitted to Hospital,,Pedestrian on Road,,Crossing without Control,,2 Metropolitan,2,2,Sunday,11:44 am,80,Divided Road,Straight road,Level,Dry,Not Raining,Daylight,Hit Pedestrian,No Control
2018-11500-15/08/2019,1,1,Rider,Male,023,Rider of Motorcycle,Thrown Out,Treated at Hospital,,Motor Cycle,Provisional 1 ,Straight Ahead,1.0,2 Metropolitan,2,1,Sunday,12:20 pm,80,Not Divided,"CURVED, VIEW OBSCURED",Level,Dry,Not Raining,Daylight,Hit Fixed Object,No Control
2018-11502-15/08/2019,1,1,Driver,Male,054,Driver,Not Thrown Out,Treated at Hospital,Fitted - Worn,Motor Cars - Sedan,Full,Leaving Private Driveway,1.0,2 Metropolitan,2,1,Saturday,03:15 pm,50,Not Divided,Straight road,Level,Dry,Not Raining,Daylight,Rear End,No Control
2018-11506-15/08/2019,1,1,Driver,Female,023,Driver,Not Thrown Out,Treated at Hospital,Fitted - Worn,Motor Cars - Sedan,Full,Swerving,1.0,3 Country,3,1,Sunday,05:00 pm,100,Cross Road,Straight road,Level,Dry,Not Raining,Daylight,Hit Fixed Object,Give Way Sign
2018-11508-15/08/2019,1,1,Driver,Male,022,Driver,Not Thrown Out,Treated at Hospital,Fitted - Worn,Motor Cars - Sedan,Provisional 1 ,Swerving,1.0,2 Metropolitan,1,1,Sunday,07:19 pm,60,Not Divided,"CURVED, VIEW OBSCURED",Slope,Wet,Raining,Daylight,Roll Over,No Control
2018-11512-15/08/2019,1,1,Passenger,Female,027,Front Seat Left Passenger,Not Thrown Out,Treated at Hospital,Fitted - Worn,Motor Cars - Sedan,Full,Right Turn,5.0,3 Country,2,1,Sunday,08:09 pm,100,T-Junction,Straight road,Level,Wet,Raining,Night,Right Turn,Give Way Sign
2018-11517-15/08/2019,1,1,Driver,Male,029,Driver,Not Thrown Out,Treated at Hospital,Fitted - Not Worn,Motor Cars - Sedan,Unlicenced,Straight Ahead,1.0,3 Country,2,1,Monday,12:30 am,60,Divided Road,Straight road,Level,Wet,Unknown,Night,Hit Fixed Object,No Control
2018-11518-15/08/2019,2,1,Driver,Female,074,Driver,Not Thrown Out,Treated at Hospital,Fitted - Worn,Motor Cars - Sedan,Full,Straight Ahead,1.0,2 Metropolitan,3,1,Monday,07:10 am,60,Cross Road,Straight road,Level,Dry,Not Raining,Daylight,Right Angle,Stop Sign
2018-11520-15/08/2019,1,1,Driver,Female,024,Driver,Not Thrown Out,By Private,Fitted - Worn,Station Wagon,Full,Straight Ahead,3.0,2 Metropolitan,2,3,Monday,08:35 am,60,Not Divided,Straight road,Level,Dry,Not Raining,Daylight,Rear End,No Control
2018-11520-15/08/2019,1,2,Passenger,Female,007,Rear Seat Right Passenger,Not Thrown Out,By Private,Fitted - Worn,Station Wagon,Full,Straight Ahead,3.0,2 Metropolitan,2,3,Monday,08:35 am,60,Not Divided,Straight road,Level,Dry,Not Raining,Daylight,Rear End,No Control
2018-11520-15/08/2019,2,1,Driver,Female,028,Driver,Not Thrown Out,By Private,Fitted - Worn,Motor Cars - Sedan,Full,Stopped on Carriageway,2.0,2 Metropolitan,2,3,Monday,08:35 am,60,Not Divided,Straight road,Level,Dry,Not Raining,Daylight,Rear End,No Control
2018-11526-15/08/2019,1,1,Driver,Female,019,Driver,Not Thrown Out,Treated at Hospital,Fitted - Worn,Utility,Full,Straight Ahead,1.0,3 Country,1,1,Monday,11:50 am,100,Not Divided,"CURVED, VIEW OPEN",Level,Wet,Raining,Daylight,Roll Over,No Control
2018-11527-15/08/2019,1,1,Passenger,Male,023,Rear Seat Right Passenger,Not Thrown Out,By Private,Fitted - Worn,Utility,Full,Straight Ahead,3.0,2 Metropolitan,2,2,Monday,11:00 am,80,Cross Road,Straight road,Level,Wet,Not Raining,Daylight,Right Angle,Traffic Signals
2018-11527-15/08/2019,1,2,Driver,Male,023,Driver,Not Thrown Out,By Private,Fitted - Worn,Utility,Full,Straight Ahead,3.0,2 Metropolitan,2,2,Monday,11:00 am,80,Cross Road,Straight road,Level,Wet,Not Raining,Daylight,Right Angle,Traffic Signals
2018-11534-15/08/2019,1,1,Driver,Male,018,Driver,Not Thrown Out,Treated at Hospital,Fitted - Worn,Motor Cars - Sedan,Provisional 1 ,Right Turn,1.0,3 Country,1,1,Monday,12:50 pm,60,T-Junction,Straight road,Level,Wet,Not Raining,Daylight,Roll Over,Traffic Signals
2018-11543-15/08/2019,3,1,Driver,Male,054,Driver,Not Thrown Out,By Private,Fitted - Worn,Motor Cars - Sedan,Full,Stopped on Carriageway,2.0,2 Metropolitan,4,1,Monday,04:00 pm,60,Cross Road,Straight road,Level,Dry,Not Raining,Daylight,Rear End,Traffic Signals
2018-11545-15/08/2019,1,1,Driver,Female,028,Driver,Not Thrown Out,Treated at Hospital,Fitted - Worn,Station Wagon,Full,Right Turn,1.0,2 Metropolitan,2,1,Monday,04:35 pm,60,Cross Road,Straight road,Level,Dry,Not Raining,Daylight,Right Turn,Traffic Signals
2018-11551-15/08/2019,2,1,Rider,Male,040,,Thrown Out,By Private,,Pedal Cycle,,Straight Ahead,1.0,2 Metropolitan,2,1,Monday,05:30 pm,80,Not Divided,"CURVED, VIEW OBSCURED",Slope,Dry,Not Raining,Daylight,Side Swipe,No Control
2018-11555-15/08/2019,1,1,Rider,Male,023,Rider of Motorcycle,Thrown Out,Treated at Hospital,,Motor Cycle,Full,Straight Ahead,1.0,2 Metropolitan,2,1,Monday,09:27 pm,60,Cross Road,Straight road,Level,Dry,Not Raining,Night,Right Turn,Give Way Sign
2018-11559-15/08/2019,1,1,Driver,Female,056,Driver,Not Thrown Out,Treated at Hospital,Fitted - Worn,Motor Cars - Sedan,Full,Stopped on Carriageway,1.0,2 Metropolitan,2,1,Friday,02:05 pm,60,Cross Road,Straight road,Level,Dry,Not Raining,Daylight,Rear End,Roundabout
2018-11567-15/08/2019,1,1,Rider,Male,057,,Thrown Out,Treated at Hospital,,Pedal Cycle,,Straight Ahead,1.0,2 Metropolitan,2,1,Friday,06:32 am,40,Cross Road,Straight road,Level,Wet,Raining,Daylight,Right Angle,Give Way Sign
2018-11568-15/08/2019,1,1,Driver,Female,025,Driver,Not Thrown Out,Treated at Hospital,Fitted - Worn,Motor Cars - Sedan,Full,Straight Ahead,3.0,2 Metropolitan,2,3,Tuesday,01:40 pm,50,Divided Road,Straight road,Level,Dry,Not Raining,Daylight,Rear End,No Control
2018-11568-15/08/2019,1,2,Passenger,Female,XXX,Rear Seat Left Passenger,Not Thrown Out,Treated at Hospital,Fitted - Worn,Motor Cars - Sedan,Full,Straight Ahead,3.0,2 Metropolitan,2,3,Tuesday,01:40 pm,50,Divided Road,Straight road,Level,Dry,Not Raining,Daylight,Rear End,No Control
2018-11568-15/08/2019,1,3,Passenger,Female,XXX,Rear Seat Right Passenger,Not Thrown Out,Treated at Hospital,Fitted - Worn,Motor Cars - Sedan,Full,Straight Ahead,3.0,2 Metropolitan,2,3,Tuesday,01:40 pm,50,Divided Road,Straight road,Level,Dry,Not Raining,Daylight,Rear End,No Control
2018-11578-15/08/2019,1,1,Rider,Male,021,Rider of Motorcycle,Thrown Out,Treated at Hospital,,Motor Cycle,Learners,Straight Ahead,1.0,2 Metropolitan,2,1,Tuesday,05:22 pm,60,T-Junction,Straight road,Level,Dry,Not Raining,Daylight,Right Turn,Traffic Signals
2018-11583-15/08/2019,2,1,Rider,Male,031,Rider of Motorcycle,Thrown Out,Treated at Hospital,,Motor Cycle,Full,Straight Ahead,1.0,3 Country,2,1,Tuesday,12:40 pm,100,Not Divided,Straight road,Crest of Hill,Dry,Not Raining,Daylight,Right Angle,No Control
2018-11592-15/08/2019,2,1,Pedestrian,Female,023,,,Treated at Hospital,,Pedestrian on Road,,Crossing without Control,,1 City,4,2,Tuesday,08:28 pm,50,Not Divided,Straight road,Level,Dry,Not Raining,Night,Hit Pedestrian,No Control
2018-11592-15/08/2019,3,1,Pedestrian,Female,025,,,Admitted to Hospital,,Pedestrian on Road,,Crossing without Control,,1 City,4,2,Tuesday,08:28 pm,50,Not Divided,Straight road,Level,Dry,Not Raining,Night,Hit Pedestrian,No Control
2018-11594-15/08/2019,2,1,Pedestrian,Female,047,,,Admitted to Hospital,,Pedestrian on Road,,Crossing with Traffic Signals,,2 Metropolitan,2,1,Tuesday,09:40 pm,60,Cross Road,Straight road,Level,Dry,Not Raining,Night,Hit Pedestrian,Traffic Signals
2018-11598-15/08/2019,2,1,Driver,Male,020,Driver,Not Thrown Out,By Private,Fitted - Worn,Utility,Provisional 2,Stopped on Carriageway,1.0,2 Metropolitan,3,1,Wednesday,06:50 am,60,Divided Road,Straight road,Slope,Wet,Not Raining,Daylight,Rear End,No Control
2018-11600-15/08/2019,1,1,Driver,Male,042,Driver,Not Thrown Out,Treated at Hospital,Fitted - Unknown if Worn,Motor Cars - Sedan,Full,Straight Ahead,1.0,2 Metropolitan,2,1,Wednesday,07:05 am,80,Not Divided,Straight road,Level,Wet,Unknown,Daylight,Hit Fixed Object,No Control
2018-11602-15/08/2019,1,1,Rider,Male,041,Rider of Motorcycle,Thrown Out,By Private,,Motor Cycle,Full,Straight Ahead,1.0,2 Metropolitan,2,1,Tuesday,03:30 pm,90,Divided Road,Straight road,Level,Dry,Not Raining,Daylight,Rear End,No Control
2018-11606-15/08/2019,2,1,Driver,Male,060,Driver,Not Thrown Out,By Private,Fitted - Worn,Motor Cars - Sedan,Full,Stopped on Carriageway,1.0,2 Metropolitan,2,1,Tuesday,03:00 pm,70,Cross Road,Straight road,Level,Dry,Not Raining,Daylight,Rear End,Traffic Signals
2018-11607-15/08/2019,5,1,Driver,Male,036,Driver,Not Thrown Out,Treated at Hospital,Fitted - Worn,Motor Cars - Sedan,Full,Straight Ahead,2.0,2 Metropolitan,5,1,Wednesday,09:25 am,80,Divided Road,Straight road,Level,Wet,Not Raining,Daylight,Rear End,No Control
2018-11608-15/08/2019,1,1,Driver,Male,022,Driver,Not Thrown Out,Admitted to Hospital,Fitted - Worn,Station Wagon,Full,Stopped on Carriageway,1.0,2 Metropolitan,2,1,Tuesday,03:15 pm,60,T-Junction,"CURVED, VIEW OPEN",Level,Dry,Not Raining,Daylight,Rear End,Traffic Signals
2018-11609-15/08/2019,1,1,Rider,Male,052,Rider of Motorcycle,Thrown Out,Treated at Hospital,,Motor Cycle,Full,Straight Ahead,1.0,2 Metropolitan,2,1,Wednesday,07:15 am,60,Not Divided,Straight road,Level,Dry,Not Raining,Daylight,Side Swipe,No Control
2018-11614-15/08/2019,2,1,Rider,Male,018,,Thrown Out,Treated at Hospital,,Pedal Cycle,,Straight Ahead,1.0,2 Metropolitan,2,1,Wednesday,11:55 am,60,Not Divided,"CURVED, VIEW OBSCURED",Level,Dry,Not Raining,Daylight,Right Angle,No Control
2018-11620-15/08/2019,1,1,Rider,Male,064,Rider of Motorcycle,Thrown Out,Admitted to Hospital,,Motor Cycle,Full,Straight Ahead,1.0,3 Country,2,1,Wednesday,02:45 pm,100,Not Divided,"CURVED, VIEW OBSCURED",Slope,Dry,Not Raining,Daylight,Hit Fixed Object,No Control
2018-11624-15/08/2019,2,1,Driver,Male,061,Driver,Not Thrown Out,By Private,Fitted - Worn,Motor Cars - Sedan,Full,Stopped on Carriageway,1.0,2 Metropolitan,2,1,Tuesday,03:50 pm,60,Divided Road,Straight road,Level,Dry,Not Raining,Daylight,Rear End,No Control
2018-11627-15/08/2019,3,1,Driver,Male,049,Driver,Not Thrown Out,By Private,Fitted - Worn,Station Wagon,Full,Stopped on Carriageway,1.0,2 Metropolitan,3,1,Wednesday,05:20 pm,60,Divided Road,Straight road,Level,Dry,Not Raining,Daylight,Rear End,No Control
2018-11632-15/08/2019,1,1,Driver,Male,029,Driver,Not Thrown Out,Treated at Hospital,Fitted - Worn,Motor Cars - Sedan,Full,Straight Ahead,2.0,3 Country,2,1,Thursday,12:50 am,50,Not Divided,"CURVED, VIEW OBSCURED",Level,Dry,Not Raining,Night,Hit Fixed Object,No Control
2018-11633-15/08/2019,1,1,Driver,Male,027,Driver,Not Thrown Out,Treated at Hospital,Fitted - Worn,Panel Van,Full,Swerving,1.0,3 Country,1,1,Thursday,04:00 am,110,Not Divided,Straight road,Crest of Hill,Dry,Not Raining,Night,Roll Over,No Control
2018-11640-15/08/2019,1,1,Driver,Male,031,Driver,Not Thrown Out,Treated at Hospital,Fitted - Worn,Motor Cars - Sedan,Full,Right Turn,1.0,2 Metropolitan,2,1,Thursday,08:34 am,60,T-Junction,Straight road,Level,Dry,Not Raining,Daylight,Right Angle,No Control
2018-11644-15/08/2019,2,1,Driver,Male,029,Driver,Not Thrown Out,Treated at Hospital,Fitted - Worn,Motor Cars - Sedan,Full,Straight Ahead,1.0,2 Metropolitan,2,1,Thursday,08:40 am,80,Divided Road,Straight road,Level,Dry,Not Raining,Daylight,Rear End,No Control
2018-11648-15/08/2019,1,1,Driver,Female,029,Driver,Not Thrown Out,Treated at Hospital,Fitted - Worn,Motor Cars - Sedan,Full,Straight Ahead,1.0,2 Metropolitan,3,3,Thursday,10:20 am,60,Divided Road,Straight road,Level,Dry,Not Raining,Daylight,Rear End,No Control
2018-11648-15/08/2019,2,1,Driver,Female,042,Driver,Not Thrown Out,Treated at Hospital,Fitted - Worn,Motor Cars - Sedan,Full,Straight Ahead,1.0,2 Metropolitan,3,3,Thursday,10:20 am,60,Divided Road,Straight road,Level,Dry,Not Raining,Daylight,Rear End,No Control
2018-11648-15/08/2019,3,1,Driver,Male,061,Driver,Not Thrown Out,By Private,Fitted - Worn,Station Wagon,Full,Stopped on Carriageway,1.0,2 Metropolitan,3,3,Thursday,10:20 am,60,Divided Road,Straight road,Level,Dry,Not Raining,Daylight,Rear End,No Control
2018-11649-15/08/2019,2,1,Passenger,Female,012,Rear Seat Left Passenger,Not Thrown Out,Treated at Hospital,Fitted - Worn,Station Wagon,Full,Stopped on Carriageway,1.0,2 Metropolitan,4,3,Thursday,08:00 am,60,Divided Road,Straight road,Level,Dry,Not Raining,Daylight,Rear End,No Control
2018-11649-15/08/2019,3,1,Driver,Female,045,Driver,Not Thrown Out,Treated at Hospital,Fitted - Worn,Station Wagon,Full,Stopped on Carriageway,3.0,2 Metropolitan,4,3,Thursday,08:00 am,60,Divided Road,Straight road,Level,Dry,Not Raining,Daylight,Rear End,No Control
2018-11649-15/08/2019,3,2,Passenger,Male,014,Rear Seat Left Passenger,Not Thrown Out,Treated at Hospital,Fitted - Worn,Station Wagon,Full,Stopped on Carriageway,3.0,2 Metropolitan,4,3,Thursday,08:00 am,60,Divided Road,Straight road,Level,Dry,Not Raining,Daylight,Rear End,No Control
2018-11650-15/08/2019,1,1,Driver,Female,027,Driver,Not Thrown Out,Treated at Hospital,Fitted - Worn,Motor Cars - Sedan,Provisional 1 ,Straight Ahead,1.0,2 Metropolitan,1,1,Thursday,11:11 am,110,Ramp Off,Straight road,Level,Dry,Not Raining,Daylight,Roll Over,No Control
2018-11652-15/08/2019,1,1,Driver,Female,034,Driver,Not Thrown Out,By Private,Fitted - Worn,Station Wagon,Full,Straight Ahead,2.0,2 Metropolitan,2,1,Wednesday,03:30 pm,60,T-Junction,Straight road,Slope,Dry,Not Raining,Daylight,Right Turn,No Control
2018-11653-15/08/2019,1,1,Driver,Male,038,Driver,Not Thrown Out,By Private,Fitted - Worn,Station Wagon,Full,Straight Ahead,1.0,2 Metropolitan,2,1,Thursday,08:45 am,60,Not Divided,Straight road,Level,Dry,Not Raining,Daylight,Rear End,No Control
2018-11657-15/08/2019,1,1,Driver,Female,041,Driver,Not Thrown Out,By Private,Fitted - Worn,Motor Cars - Sedan,Full,Straight Ahead,1.0,2 Metropolitan,2,1,Thursday,12:40 pm,80,Divided Road,Straight road,Level,Dry,Not Raining,Daylight,Side Swipe,No Control
2018-11658-15/08/2019,1,1,Driver,Female,019,Driver,Not Thrown Out,By Private,Fitted - Worn,Motor Cars - Sedan,Provisional 1 ,Swerving,1.0,2 Metropolitan,2,1,Thursday,06:30 am,50,Not Divided,Straight road,Level,Dry,Not Raining,Daylight,Hit Parked Vehicle,No Control
2018-11662-15/08/2019,1,1,Driver,Male,060,Driver,Not Thrown Out,Treated at Hospital,Fitted - Worn,Utility,Full,Swerving,1.0,3 Country,1,1,Thursday,08:15 am,110,Not Divided,"CURVED, VIEW OPEN",Level,Dry,Not Raining,Daylight,Roll Over,No Control
2018-11663-15/08/2019,2,1,Driver,Male,047,Driver,Not Thrown Out,Treated at Hospital,Fitted - Worn,Panel Van,Full,Straight Ahead,1.0,1 City,2,1,Thursday,02:59 pm,60,Divided Road,Straight road,Level,Dry,Not Raining,Daylight,Rear End,No Control
2018-11664-15/08/2019,1,1,Driver,Female,027,Driver,Not Thrown Out,Treated at Hospital,Fitted - Worn,Station Wagon,Full,Straight Ahead,1.0,2 Metropolitan,2,1,Thursday,02:35 pm,60,T-Junction,Straight road,Level,Dry,Not Raining,Daylight,Right Angle,No Control
2018-11665-15/08/2019,2,1,Passenger,Female,085,Front Seat Left Passenger,Not Thrown Out,Treated at Hospital,Fitted - Worn,Motor Cars - Sedan,Full,Straight Ahead,2.0,2 Metropolitan,2,1,Thursday,12:50 pm,60,T-Junction,Straight road,Level,Dry,Not Raining,Daylight,Right Turn,Traffic Signals
2018-11668-15/08/2019,2,1,Driver,Female,027,Driver,Not Thrown Out,By Private,Fitted - Worn,Station Wagon,Full,Straight Ahead,1.0,2 Metropolitan,2,1,Thursday,03:44 pm,80,T-Junction,Straight road,Level,Dry,Not Raining,Daylight,Rear End,Traffic Signals
2018-11669-15/08/2019,1,1,Pedestrian,Female,081,,,Treated at Hospital,,Pedestrian on Road,,Crossing without Control,,2 Metropolitan,2,1,Thursday,03:20 pm,60,T-Junction,Straight road,Level,Dry,Not Raining,Daylight,Hit Pedestrian,No Control
2018-11672-15/08/2019,1,1,Driver,Male,042,Driver,Thrown Out,Treated at Hospital,Fitted - Unknown if Worn,Motor Cars - Sedan,Full,Straight Ahead,1.0,3 Country,1,1,Thursday,03:00 pm,110,Not Divided,Straight road,Slope,Dry,Not Raining,Daylight,Roll Over,No Control
2018-11676-15/08/2019,1,1,Rider,Male,058,,Thrown Out,By Private,,Pedal Cycle,,Straight Ahead,1.0,2 Metropolitan,2,1,Thursday,07:50 am,60,Divided Road,Straight road,Level,Dry,Not Raining,Daylight,Side Swipe,No Control
2018-11677-15/08/2019,1,1,Driver,Male,081,Driver,Not Thrown Out,Treated at Hospital,Fitted - Worn,Station Wagon,Full,Straight Ahead,1.0,2 Metropolitan,3,1,Thursday,04:30 pm,50,Not Divided,Straight road,Crest of Hill,Dry,Not Raining,Daylight,Hit Parked Vehicle,No Control
2018-11683-15/08/2019,1,1,Passenger,Female,020,Front Seat Left Passenger,Not Thrown Out,By Private,Fitted - Worn,Motor Cars - Sedan,Full,Right Turn,2.0,2 Metropolitan,2,1,Wednesday,08:12 pm,90,T-Junction,Straight road,Level,Unknown,Unknown,Night,Rear End,Traffic Signals
2018-11686-15/08/2019,1,1,Driver,Female,043,Driver,Not Thrown Out,Treated at Hospital,Fitted - Worn,Motor Cars - Sedan,Full,Straight Ahead,2.0,2 Metropolitan,2,5,Thursday,02:55 pm,60,Not Divided,"CURVED, VIEW OPEN",Level,Dry,Not Raining,Daylight,Head On,No Control
2018-11686-15/08/2019,1,2,Passenger,Male,XXX,Rear Seat Left Passenger,Not Thrown Out,Treated at Hospital,Fitted - Worn,Motor Cars - Sedan,Full,Straight Ahead,2.0,2 Metropolitan,2,5,Thursday,02:55 pm,60,Not Divided,"CURVED, VIEW OPEN",Level,Dry,Not Raining,Daylight,Head On,No Control
2018-11686-15/08/2019,2,1,Driver,Male,052,Driver,Not Thrown Out,Admitted to Hospital,Fitted - Worn,Motor Cars - Sedan,Unlicenced,Straight Ahead,3.0,2 Metropolitan,2,5,Thursday,02:55 pm,60,Not Divided,"CURVED, VIEW OPEN",Level,Dry,Not Raining,Daylight,Head On,No Control
2018-11686-15/08/2019,2,2,Passenger,Female,072,Rear Seat Right Passenger,Not Thrown Out,Treated at Hospital,Fitted - Worn,Motor Cars - Sedan,Unlicenced,Straight Ahead,3.0,2 Metropolitan,2,5,Thursday,02:55 pm,60,Not Divided,"CURVED, VIEW OPEN",Level,Dry,Not Raining,Daylight,Head On,No Control
2018-11686-15/08/2019,2,3,Passenger,Female,052,Front Seat Left Passenger,Not Thrown Out,Treated at Hospital,Fitted - Worn,Motor Cars - Sedan,Unlicenced,Straight Ahead,3.0,2 Metropolitan,2,5,Thursday,02:55 pm,60,Not Divided,"CURVED, VIEW OPEN",Level,Dry,Not Raining,Daylight,Head On,No Control
2018-11688-15/08/2019,1,1,Driver,Female,077,Driver,Not Thrown Out,Treated at Hospital,Fitted - Worn,Motor Cars - Sedan,Full,Right Turn,1.0,2 Metropolitan,2,1,Thursday,07:15 pm,60,T-Junction,Straight road,Level,Dry,Not Raining,Daylight,Right Angle,No Control
2018-11689-15/08/2019,1,1,Rider,Male,045,Rider of Motorcycle,Thrown Out,Fatal,,Motor Cycle,Unlicenced,Straight Ahead,1.0,3 Country,2,1,Thursday,09:30 pm,100,Not Divided,Straight road,Level,Dry,Not Raining,Night,Hit Animal,No Control
2018-11696-15/08/2019,2,1,Rider,Female,053,,Thrown Out,Admitted to Hospital,,Pedal Cycle,,Straight Ahead,1.0,2 Metropolitan,2,1,Friday,07:34 am,60,T-Junction,Straight road,Level,Dry,Not Raining,Daylight,Right Angle,No Control
2018-11697-15/08/2019,1,1,Driver,Female,027,Driver,Not Thrown Out,By Private,Fitted - Worn,Motor Cars - Sedan,Full,Straight Ahead,2.0,2 Metropolitan,2,1,Friday,06:40 am,80,T-Junction,Straight road,Level,Dry,Not Raining,Daylight,Rear End,Traffic Signals
2018-11699-15/08/2019,2,1,Driver,Male,054,Driver,Not Thrown Out,By Private,Fitted - Worn,Utility,Full,Straight Ahead,1.0,2 Metropolitan,2,1,Friday,07:45 am,50,Cross Road,Straight road,Level,Dry,Not Raining,Daylight,Right Angle,Roundabout
2018-11700-15/08/2019,1,1,Passenger,Female,061,Front Seat Left Passenger,Not Thrown Out,By Private,Fitted - Worn,Motor Cars - Sedan,Full,Stopped on Carriageway,2.0,2 Metropolitan,2,1,Thursday,09:30 pm,70,Not Divided,Straight road,Level,Dry,Not Raining,Night,Rear End,No Control
2018-11701-15/08/2019,1,1,Passenger,Female,027,Front Seat Left Passenger,Not Thrown Out,By Private,Fitted - Worn,Motor Cars - Sedan,Full,Straight Ahead,2.0,2 Metropolitan,2,1,Thursday,12:30 pm,60,T-Junction,Straight road,Level,Dry,Not Raining,Daylight,Right Angle,No Control
2018-11702-15/08/2019,1,1,Driver,Female,039,Driver,Not Thrown Out,By Private,Fitted - Worn,Station Wagon,Full,Stopped on Carriageway,2.0,2 Metropolitan,2,2,Wednesday,08:45 am,60,Pedestrian Crossing,Straight road,Level,Dry,Not Raining,Daylight,Rear End,Traffic Signals
2018-11702-15/08/2019,1,2,Passenger,Male,013,Rear Seat Right Passenger,Not Thrown Out,Treated at Hospital,Fitted - Worn,Station Wagon,Full,Stopped on Carriageway,2.0,2 Metropolitan,2,2,Wednesday,08:45 am,60,Pedestrian Crossing,Straight road,Level,Dry,Not Raining,Daylight,Rear End,Traffic Signals
2018-11705-15/08/2019,2,1,Rider,Male,XXX,,Not Thrown Out,By Private,,Pedal Cycle,,Straight Ahead,1.0,2 Metropolitan,2,1,Thursday,06:00 pm,60,Not Divided,Straight road,Level,Dry,Not Raining,Daylight,Hit Parked Vehicle,No Control
2018-11713-15/08/2019,2,1,Driver,Female,067,Driver,Not Thrown Out,Treated at Hospital,Fitted - Worn,Station Wagon,Full,Stopped on Carriageway,1.0,2 Metropolitan,3,1,Friday,02:00 pm,60,T-Junction,Straight road,Level,Dry,Not Raining,Daylight,Rear End,Traffic Signals
2018-11714-15/08/2019,1,1,Driver,Male,079,Driver,Not Thrown Out,Treated at Hospital,Fitted - Worn,Motor Cars - Sedan,Full,Leaving Private Driveway,1.0,2 Metropolitan,2,1,Friday,02:10 pm,60,Not Divided,Straight road,Level,Dry,Not Raining,Daylight,Right Angle,No Control
2018-11716-15/08/2019,1,1,Driver,Female,023,Driver,Not Thrown Out,Treated at Hospital,Fitted - Worn,Motor Cars - Sedan,Full,Straight Ahead,1.0,2 Metropolitan,5,1,Thursday,05:15 pm,70,Divided Road,Straight road,Level,Dry,Not Raining,Daylight,Rear End,No Control
2018-11720-15/08/2019,1,1,Rider,Male,016,,Thrown Out,Treated at Hospital,,Pedal Cycle,,Straight Ahead,1.0,2 Metropolitan,2,2,Wednesday,08:00 am,60,T-Junction,Straight road,Level,Dry,Not Raining,Daylight,Side Swipe,No Control
2018-11720-15/08/2019,2,1,Driver,Female,050,Driver,Not Thrown Out,Treated at Hospital,Fitted - Worn,Motor Cars - Sedan,Unlicenced,Left Turn,1.0,2 Metropolitan,2,2,Wednesday,08:00 am,60,T-Junction,Straight road,Level,Dry,Not Raining,Daylight,Side Swipe,No Control
2018-11722-15/08/2019,2,1,Driver,Male,042,Driver,Not Thrown Out,By Private,Fitted - Worn,Utility,Full,Right Turn,1.0,2 Metropolitan,2,1,Friday,03:00 pm,50,Cross Road,Straight road,Level,Dry,Not Raining,Daylight,Right Angle,Give Way Sign
2018-11724-15/08/2019,1,1,Driver,Female,067,Driver,Not Thrown Out,Treated at Hospital,Fitted - Worn,Station Wagon,Full,Straight Ahead,2.0,2 Metropolitan,3,4,Friday,04:46 pm,60,T-Junction,Straight road,Level,Dry,Not Raining,Daylight,Rear End,No Control
2018-11724-15/08/2019,1,2,Passenger,Male,078,Front Seat Left Passenger,Not Thrown Out,Treated at Hospital,Fitted - Worn,Station Wagon,Full,Straight Ahead,2.0,2 Metropolitan,3,4,Friday,04:46 pm,60,T-Junction,Straight road,Level,Dry,Not Raining,Daylight,Rear End,No Control