REPORT_ID,UND_UNIT_NUMBER,CASUALTY_NUMBER,Casualty Type,Sex_x,AGE,Position In Veh,Thrown Out,Injury Extent,Seat Belt,Unit Type,Licence Type,Unit Movement,Number Occupants,Stats Area,Total Units,Total Cas,Day,Time,Area Speed,Position Type,Horizontal Align,Vertical Align,Moisture Cond,Weather Cond,DayNight,Crash Type,Traffic Ctrls
2018-11724-15/08/2019,2,1,Driver,Female,044,Driver,Not Thrown Out,By Private,Fitted - Worn,Motor Cars - Sedan,Full,Stopped on Carriageway,1.0,2 Metropolitan,3,4,Friday,04:46 pm,60,T-Junction,Straight road,Level,Dry,Not Raining,Daylight,Rear End,No Control
2018-11724-15/08/2019,3,1,Passenger,Male,007,Rear Seat Right Passenger,Not Thrown Out,Treated at Hospital,Fitted - Worn,Station Wagon,Full,Stopped on Carriageway,2.0,2 Metropolitan,3,4,Friday,04:46 pm,60,T-Junction,Straight road,Level,Dry,Not Raining,Daylight,Rear End,No Control
2018-11725-15/08/2019,1,1,Passenger,Male,XXX,Rear Seat Left Passenger,Not Thrown Out,Treated at Hospital,Child Restraint - Worn,Motor Cars - Sedan,Full,Stopped on Carriageway,3.0,2 Metropolitan,2,1,Friday,05:15 pm,60,Divided Road,Straight road,Level,Dry,Not Raining,Daylight,Rear End,No Control
2018-11727-15/08/2019,1,1,Rider,Male,026,Rider of Motorcycle,Thrown Out,Treated at Hospital,,Motor Cycle,Full,Straight Ahead,1.0,2 Metropolitan,3,1,Friday,04:51 pm,80,Divided Road,Straight road,Level,Dry,Not Raining,Daylight,Rear End,No Control
2018-11729-15/08/2019,1,1,Driver,Female,051,Driver,Not Thrown Out,By Private,Fitted - Worn,Station Wagon,Full,Stopped on Carriageway,1.0,1 City,2,1,Friday,04:50 pm,60,Divided Road,Straight road,Level,Dry,Not Raining,Daylight,Rear End,No Control
2018-11731-15/08/2019,1,1,Driver,Unknown,018,Driver,Not Thrown Out,By Private,Fitted - Worn,Motor Cars - Sedan,Provisional 1 ,Straight Ahead,3.0,2 Metropolitan,2,1,Friday,06:10 pm,50,Not Divided,"CURVED, VIEW OBSCURED",Bottom of Hill,Dry,Not Raining,Daylight,Hit Fixed Object,No Control
2018-11734-15/08/2019,2,1,Passenger,Female,069,Front Seat Left Passenger,Not Thrown Out,By Private,Fitted - Worn,Motor Cars - Sedan,Full,Stopped on Carriageway,2.0,2 Metropolitan,2,1,Friday,07:25 pm,60,Cross Road,Straight road,Level,Dry,Not Raining,Daylight,Rear End,Traffic Signals
2018-11736-15/08/2019,2,1,Rider,Male,052,,Thrown Out,Treated at Hospital,,Pedal Cycle,,Straight Ahead,1.0,2 Metropolitan,2,1,Friday,05:10 pm,60,T-Junction,Straight road,Level,Dry,Not Raining,Daylight,Right Turn,No Control
2018-11740-15/08/2019,1,1,Driver,Male,061,Driver,Not Thrown Out,By Private,Fitted - Worn,Motor Cars - Sedan,Full,Swerving,1.0,2 Metropolitan,2,1,Friday,11:30 pm,70,Not Divided,Straight road,Level,Dry,Not Raining,Night,Hit Fixed Object,No Control
2018-11742-15/08/2019,2,1,Driver,Female,062,Driver,Not Thrown Out,Treated at Hospital,Fitted - Worn,Motor Cars - Sedan,Full,Stopped on Carriageway,1.0,2 Metropolitan,2,1,Saturday,07:40 am,60,T-Junction,Straight road,Level,Dry,Not Raining,Daylight,Rear End,No Control
2018-11744-15/08/2019,2,1,Driver,Female,048,Driver,Not Thrown Out,Treated at Hospital,Fitted - Worn,Motor Cars - Sedan,Full,Straight Ahead,1.0,2 Metropolitan,2,1,Saturday,08:25 am,50,Cross Road,Straight road,Level,Dry,Not Raining,Daylight,Right Angle,Give Way Sign
2018-11745-15/08/2019,1,1,Driver,Female,039,Driver,Not Thrown Out,Treated at Hospital,Fitted - Worn,Motor Cars - Sedan,Provisional 2,Straight Ahead,1.0,2 Metropolitan,2,1,Saturday,09:18 am,60,T-Junction,Straight road,Level,Dry,Not Raining,Daylight,Right Angle,Give Way Sign
2018-11746-15/08/2019,1,1,Rider,Male,037,Rider of Motorcycle,Thrown Out,By Private,,Motor Cycle,Full,Straight Ahead,1.0,2 Metropolitan,2,1,Saturday,09:00 am,100,Not Divided,"CURVED, VIEW OPEN",Crest of Hill,Dry,Not Raining,Daylight,Hit Fixed Object,No Control
2018-11751-15/08/2019,2,1,Rider,Male,024,Rider of Motorcycle,Thrown Out,Treated at Hospital,,Motor Cycle,Learners,Overtaking - on Right,1.0,2 Metropolitan,2,1,Saturday,09:55 am,80,T-Junction,Straight road,Level,Dry,Not Raining,Daylight,Side Swipe,Give Way Sign
2018-11753-15/08/2019,1,1,Rider,Male,049,Rider of Motorcycle,Thrown Out,By Private,,Motor Cycle,Full,Straight Ahead,1.0,2 Metropolitan,2,1,Friday,03:00 pm,60,Not Divided,Straight road,Level,Dry,Not Raining,Daylight,Rear End,No Control
2018-11757-15/08/2019,1,1,Driver,Male,025,Driver,Not Thrown Out,Treated at Hospital,Fitted - Worn,Motor Cars - Sedan,Full,Straight Ahead,1.0,3 Country,2,1,Saturday,09:50 am,50,Cross Road,Straight road,Slope,Dry,Not Raining,Daylight,Right Angle,Give Way Sign
2018-11759-15/08/2019,1,1,Driver,Female,XXX,Driver,Not Thrown Out,By Private,Fitted - Worn,Station Wagon,Full,Stopped on Carriageway,2.0,2 Metropolitan,2,1,Friday,05:30 pm,60,Cross Road,Straight road,Level,Dry,Not Raining,Daylight,Rear End,Roundabout
2018-11761-15/08/2019,1,1,Driver,Male,076,Driver,Not Thrown Out,Fatal,Fitted - Worn,Utility,Full,Straight Ahead,1.0,3 Country,2,1,Saturday,09:00 am,100,Not Divided,Straight road,Level,Dry,Not Raining,Daylight,Hit Fixed Object,No Control
2018-11763-15/08/2019,2,1,Driver,Female,079,Driver,Not Thrown Out,Treated at Hospital,Fitted - Worn,Motor Cars - Sedan,Full,Stopped on Carriageway,1.0,2 Metropolitan,3,1,Saturday,01:23 pm,60,Divided Road,Straight road,Level,Dry,Not Raining,Daylight,Rear End,No Control
2018-11765-15/08/2019,1,1,Driver,Female,040,Driver,Not Thrown Out,By Private,Fitted - Worn,Motor Cars - Sedan,Full,Stopped on Carriageway,1.0,2 Metropolitan,2,1,Friday,06:15 pm,60,Cross Road,Straight road,Level,Dry,Not Raining,Daylight,Rear End,Traffic Signals
2018-11766-15/08/2019,1,1,Driver,Male,XXX,Driver,Not Thrown Out,Treated at Hospital,Fitted - Worn,Utility,Full,Straight Ahead,1.0,3 Country,3,1,Friday,09:30 pm,80,Not Divided,"CURVED, VIEW OBSCURED",Level,Dry,Not Raining,Night,Hit Animal,No Control
2018-11772-15/08/2019,2,1,Passenger,Female,019,Front Seat Left Passenger,Not Thrown Out,Treated at Hospital,Fitted - Worn,Motor Cars - Sedan,Provisional 2,Stopped on Carriageway,2.0,2 Metropolitan,3,2,Saturday,03:37 pm,90,Divided Road,Straight road,Level,Dry,Not Raining,Daylight,Rear End,No Control
2018-11772-15/08/2019,3,1,Driver,Female,021,Driver,Not Thrown Out,Treated at Hospital,Fitted - Worn,Station Wagon,Full,Stopped on Carriageway,1.0,2 Metropolitan,3,2,Saturday,03:37 pm,90,Divided Road,Straight road,Level,Dry,Not Raining,Daylight,Rear End,No Control
2018-11776-15/08/2019,1,1,Rider,Male,026,Rider of Motorcycle,Thrown Out,Admitted to Hospital,,Motor Cycle,Full,Straight Ahead,1.0,3 Country,2,1,Saturday,04:18 pm,50,Not Divided,Straight road,Level,Dry,Not Raining,Daylight,Side Swipe,No Control
2018-11779-15/08/2019,2,1,Rider,Male,012,,Thrown Out,Treated at Hospital,,Pedal Cycle,,Straight Ahead,1.0,2 Metropolitan,2,1,Saturday,07:18 pm,50,T-Junction,Straight road,Level,Dry,Not Raining,Daylight,Right Angle,No Control
2018-11781-15/08/2019,1,1,Rider,Male,050,Rider of Motorcycle,Thrown Out,Treated at Hospital,,Scooter,Full,Straight Ahead,2.0,1 City,2,2,Saturday,07:59 pm,60,T-Junction,Straight road,Level,Dry,Not Raining,Night,Side Swipe,No Control
2018-11781-15/08/2019,1,2,Passenger,Male,069,Passenger of Motorcycle,Thrown Out,Treated at Hospital,,Scooter,Full,Straight Ahead,2.0,1 City,2,2,Saturday,07:59 pm,60,T-Junction,Straight road,Level,Dry,Not Raining,Night,Side Swipe,No Control
2018-11784-15/08/2019,1,1,Driver,Female,027,Driver,Not Thrown Out,Treated at Hospital,Fitted - Unknown if Worn,Motor Cars - Sedan,Full,Straight Ahead,1.0,3 Country,2,1,Sunday,12:50 am,110,Not Divided,Straight road,Level,Dry,Not Raining,Night,Hit Fixed Object,No Control
2018-11786-15/08/2019,1,1,Driver,Male,030,Driver,Not Thrown Out,Admitted to Hospital,Fitted - Worn,Forward Control Passenger Van,Full,Straight Ahead,8.0,3 Country,1,1,Saturday,07:00 am,110,Not Divided,Straight road,Level,Dry,Not Raining,Daylight,Roll Over,No Control
2018-11788-15/08/2019,1,1,Driver,Male,049,Driver,Not Thrown Out,Treated at Hospital,Fitted - Worn,Motor Cars - Sedan,Full,Straight Ahead,2.0,3 Country,2,2,Sunday,10:20 am,60,Cross Road,Straight road,Level,Dry,Not Raining,Daylight,Right Angle,Stop Sign
2018-11788-15/08/2019,1,2,Passenger,Female,047,Front Seat Left Passenger,Not Thrown Out,Treated at Hospital,Fitted - Worn,Motor Cars - Sedan,Full,Straight Ahead,2.0,3 Country,2,2,Sunday,10:20 am,60,Cross Road,Straight road,Level,Dry,Not Raining,Daylight,Right Angle,Stop Sign
2018-11792-15/08/2019,2,1,Rider,Male,024,,Not Thrown Out,By Private,,Pedal Cycle,,Straight Ahead,1.0,2 Metropolitan,2,1,Sunday,01:20 pm,50,Divided Road,Straight road,Level,Dry,Not Raining,Daylight,Right Angle,No Control
2018-11793-15/08/2019,1,1,Driver,Female,057,Driver,Not Thrown Out,Treated at Hospital,Fitted - Worn,Motor Cars - Sedan,Full,Straight Ahead,1.0,2 Metropolitan,3,1,Sunday,02:44 pm,50,Cross Road,Straight road,Level,Dry,Not Raining,Daylight,Right Angle,Give Way Sign
2018-11795-15/08/2019,1,1,Passenger,Female,006,Rear Seat Left Passenger,Not Thrown Out,Treated at Hospital,Fitted - Worn,Utility,Full,Stopped on Carriageway,3.0,3 Country,2,1,Sunday,02:50 pm,100,Not Divided,"CURVED, VIEW OPEN",Level,Dry,Not Raining,Daylight,Rear End,No Control
2018-11799-15/08/2019,1,1,Rider,Male,017,Rider of Motorcycle,Thrown Out,Treated at Hospital,,Motor Cycle,Learners,Straight Ahead,1.0,3 Country,1,1,Sunday,04:45 pm,80,Not Divided,Straight road,Slope,Dry,Not Raining,Daylight,Roll Over,No Control
2018-11801-15/08/2019,1,1,Pedestrian,Male,XXX,,,Admitted to Hospital,,Pedestrian on Road,,Crossing without Control,,2 Metropolitan,2,1,Friday,10:45 pm,60,Not Divided,"CURVED, VIEW OBSCURED",Slope,Dry,Not Raining,Night,Hit Pedestrian,No Control
2018-11802-15/08/2019,2,1,Driver,Female,017,Driver,Not Thrown Out,Treated at Hospital,Fitted - Worn,Motor Cars - Sedan,Provisional 1 ,Right Turn,1.0,2 Metropolitan,2,1,Sunday,10:07 pm,80,Cross Road,Straight road,Level,Dry,Not Raining,Night,Right Turn,Traffic Signals
2018-11804-15/08/2019,1,1,Driver,Male,022,Driver,Not Thrown Out,Treated at Hospital,Fitted - Worn,Motor Cars - Sedan,Learners,Straight Ahead,1.0,3 Country,2,1,Saturday,07:35 pm,80,Not Divided,Straight road,Level,Dry,Not Raining,Daylight,Hit Fixed Object,No Control
2018-11806-15/08/2019,1,1,Driver,Male,027,Driver,Not Thrown Out,Admitted to Hospital,Fitted - Worn,Motor Cars - Sedan,Unlicenced,Straight Ahead,2.0,2 Metropolitan,3,1,Monday,03:10 am,60,Divided Road,Straight road,Level,Dry,Not Raining,Night,Hit Fixed Object,No Control
2018-11807-15/08/2019,1,1,Driver,Female,044,Driver,Not Thrown Out,Treated at Hospital,Fitted - Worn,Station Wagon,Full,Straight Ahead,1.0,3 Country,2,1,Monday,06:38 am,50,Not Divided,"CURVED, VIEW OPEN",Level,Dry,Not Raining,Daylight,Hit Fixed Object,No Control
2018-11814-15/08/2019,1,1,Passenger,Female,018,Rear Seat Right Passenger,Not Thrown Out,Treated at Hospital,Fitted - Worn,Station Wagon,Provisional 2,Straight Ahead,3.0,3 Country,2,1,Monday,09:45 am,60,T-Junction,"CURVED, VIEW OPEN",Slope,Dry,Not Raining,Daylight,Right Angle,Traffic Signals
2018-11815-15/08/2019,2,1,Driver,Male,082,Driver,Not Thrown Out,By Private,Fitted - Worn,Motor Cars - Sedan,Full,Stopped on Carriageway,1.0,2 Metropolitan,3,1,Monday,08:30 am,60,Divided Road,Straight road,Level,Dry,Not Raining,Daylight,Rear End,No Control
2018-11821-15/08/2019,2,1,Driver,Female,034,Driver,Not Thrown Out,By Private,Fitted - Worn,Motor Cars - Sedan,Full,Straight Ahead,1.0,2 Metropolitan,2,1,Tuesday,02:00 pm,60,T-Junction,Straight road,Slope,Dry,Not Raining,Daylight,Rear End,No Control
2018-11822-15/08/2019,2,1,Driver,Male,055,Driver,Not Thrown Out,Treated at Hospital,Fitted - Worn,Motor Cars - Sedan,Full,Straight Ahead,2.0,2 Metropolitan,2,1,Friday,11:20 am,60,Cross Road,Straight road,Level,Dry,Not Raining,Daylight,Right Turn,Traffic Signals
2018-11823-15/08/2019,1,1,Rider,Female,031,Rider of Motorcycle,Not Thrown Out,Treated at Hospital,,Motor Cycle,Learners,Straight Ahead,1.0,2 Metropolitan,2,1,Monday,03:20 pm,60,Divided Road,Straight road,Level,Dry,Not Raining,Daylight,Right Angle,No Control
2018-11825-15/08/2019,1,1,Driver,Male,040,Driver,Not Thrown Out,By Private,Fitted - Worn,Motor Cars - Sedan,Full,Straight Ahead,1.0,2 Metropolitan,2,1,Monday,01:40 pm,60,Not Divided,Straight road,Level,Dry,Not Raining,Daylight,Side Swipe,No Control
2018-11826-15/08/2019,1,1,Driver,Female,018,Driver,Not Thrown Out,Treated at Hospital,Fitted - Worn,Motor Cars - Sedan,Provisional 2,Straight Ahead,1.0,2 Metropolitan,3,1,Monday,04:20 pm,70,T-Junction,Straight road,Level,Dry,Not Raining,Daylight,Rear End,Traffic Signals
2018-11828-15/08/2019,1,1,Driver,Male,081,Driver,Not Thrown Out,By Private,Fitted - Worn,Station Wagon,Full,Right Turn,1.0,2 Metropolitan,2,1,Monday,01:40 pm,60,T-Junction,Straight road,Level,Dry,Not Raining,Daylight,Right Angle,Stop Sign
2018-11831-15/08/2019,1,1,Driver,Male,022,Driver,Not Thrown Out,Treated at Hospital,Fitted - Worn,Utility,Full,Straight Ahead,1.0,2 Metropolitan,2,1,Tuesday,06:35 am,80,Not Divided,Straight road,Level,Dry,Not Raining,Daylight,Hit Fixed Object,No Control
2018-11832-15/08/2019,1,1,Driver,Male,050,Driver,Not Thrown Out,Treated at Hospital,Fitted - Worn,Motor Cars - Sedan,Full,Straight Ahead,2.0,2 Metropolitan,2,1,Wednesday,05:45 am,60,Cross Road,Straight road,Level,Dry,Not Raining,Night,Right Turn,Traffic Signals
2018-11835-15/08/2019,1,1,Driver,Female,084,Driver,Not Thrown Out,Treated at Hospital,Fitted - Worn,Motor Cars - Sedan,Full,Leaving Private Driveway,1.0,2 Metropolitan,2,1,Tuesday,08:55 am,50,Not Divided,Straight road,Level,Dry,Not Raining,Daylight,Hit Fixed Object,No Control
2018-11840-15/08/2019,1,1,Driver,Female,040,Driver,Not Thrown Out,Treated at Hospital,Fitted - Worn,Motor Cars - Sedan,Full,Straight Ahead,1.0,2 Metropolitan,2,1,Tuesday,01:40 pm,60,T-Junction,Straight road,Level,Dry,Not Raining,Daylight,Right Angle,No Control
2018-11843-15/08/2019,2,1,Driver,Female,040,Driver,Not Thrown Out,By Private,Fitted - Worn,Utility,Full,Right Turn,2.0,2 Metropolitan,2,1,Tuesday,07:45 am,50,T-Junction,Straight road,Level,Dry,Not Raining,Daylight,Right Angle,No Control
2018-11846-15/08/2019,2,1,Rider,Female,028,,Thrown Out,Admitted to Hospital,,Pedal Cycle,,Straight Ahead,1.0,2 Metropolitan,2,1,Tuesday,11:30 am,60,Divided Road,Straight road,Level,Dry,Not Raining,Daylight,Hit Parked Vehicle,No Control
2018-11847-15/08/2019,1,1,Driver,Female,020,Driver,Not Thrown Out,By Private,Fitted - Worn,Motor Cars - Sedan,Provisional 2,Straight Ahead,1.0,2 Metropolitan,2,2,Tuesday,06:20 pm,60,Divided Road,Straight road,Level,Dry,Not Raining,Daylight,Rear End,No Control
2018-11847-15/08/2019,2,1,Driver,Female,041,Driver,Not Thrown Out,By Private,Fitted - Worn,Motor Cars - Sedan,Full,Stopped on Carriageway,1.0,2 Metropolitan,2,2,Tuesday,06:20 pm,60,Divided Road,Straight road,Level,Dry,Not Raining,Daylight,Rear End,No Control
2018-11848-15/08/2019,2,1,Driver,Female,034,Driver,Not Thrown Out,Treated at Hospital,Fitted - Worn,Motor Cars - Sedan,Full,Straight Ahead,1.0,2 Metropolitan,2,1,Wednesday,08:40 am,60,T-Junction,Straight road,Level,Dry,Not Raining,Daylight,Right Turn,No Control
2018-11853-15/08/2019,1,1,Driver,Female,026,Driver,Not Thrown Out,By Private,Fitted - Worn,Motor Cars - Sedan,Full,Stopped on Carriageway,1.0,2 Metropolitan,2,1,Monday,06:00 pm,80,T-Junction,Straight road,Level,Dry,Not Raining,Daylight,Rear End,Traffic Signals
2018-11854-15/08/2019,2,1,Driver,Female,021,Driver,Not Thrown Out,Treated at Hospital,Fitted - Worn,Motor Cars - Sedan,Full,Stopped on Carriageway,1.0,2 Metropolitan,3,1,Wednesday,08:35 am,60,Divided Road,Straight road,Level,Dry,Not Raining,Daylight,Rear End,No Control
2018-11856-15/08/2019,1,1,Driver,Male,023,Driver,Not Thrown Out,Treated at Hospital,Fitted - Worn,Motor Cars - Sedan,Full,Right Turn,1.0,2 Metropolitan,2,2,Wednesday,07:45 am,60,T-Junction,Straight road,Level,Dry,Not Raining,Daylight,Right Angle,No Control
2018-11856-15/08/2019,2,1,Driver,Female,027,Driver,Not Thrown Out,Treated at Hospital,Fitted - Worn,Motor Cars - Sedan,Full,Straight Ahead,1.0,2 Metropolitan,2,2,Wednesday,07:45 am,60,T-Junction,Straight road,Level,Dry,Not Raining,Daylight,Right Angle,No Control
2018-11860-15/08/2019,1,1,Rider,Male,050,,,By Private,,Pedal Cycle,,Straight Ahead,1.0,2 Metropolitan,2,1,Thursday,08:45 am,60,Cross Road,Straight road,Level,Dry,Not Raining,Daylight,Side Swipe,Traffic Signals
2018-11865-15/08/2019,2,1,Driver,Male,XXX,Driver,Not Thrown Out,By Private,Fitted - Worn,Motor Cars - Sedan,Full,Stopped on Carriageway,1.0,2 Metropolitan,3,1,Wednesday,08:15 am,60,Divided Road,Straight road,Level,Dry,Not Raining,Daylight,Rear End,No Control
2018-11867-15/08/2019,1,1,Driver,Male,027,Driver,Not Thrown Out,Treated at Hospital,Fitted - Worn,Motor Cars - Sedan,Probationary,Right Turn,1.0,2 Metropolitan,3,1,Wednesday,01:42 pm,60,T-Junction,Straight road,Level,Dry,Not Raining,Daylight,Right Angle,No Control
2018-11868-15/08/2019,2,1,Driver,Female,032,Driver,Not Thrown Out,Treated at Hospital,Fitted - Worn,Station Wagon,Full,Stopped on Carriageway,1.0,2 Metropolitan,2,1,Tuesday,06:20 pm,60,T-Junction,Straight road,Level,Dry,Not Raining,Daylight,Rear End,No Control
2018-11869-15/08/2019,1,1,Driver,Male,041,Driver,Not Thrown Out,Admitted to Hospital,Fitted - Unknown if Worn,SEMI TRAILER,Full,Straight Ahead,1.0,3 Country,2,3,Tuesday,05:40 pm,110,Not Divided,"CURVED, VIEW OBSCURED",Level,Dry,Not Raining,Daylight,Head On,No Control
2018-11869-15/08/2019,2,1,Driver,Male,024,Driver,Not Thrown Out,Treated at Hospital,Fitted - Unknown if Worn,SEMI TRAILER,Full,Straight Ahead,2.0,3 Country,2,3,Tuesday,05:40 pm,110,Not Divided,"CURVED, VIEW OBSCURED",Level,Dry,Not Raining,Daylight,Head On,No Control
2018-11869-15/08/2019,2,2,Passenger,Female,022,Front Seat Left Passenger,Not Thrown Out,Treated at Hospital,Fitted - Unknown if Worn,SEMI TRAILER,Full,Straight Ahead,2.0,3 Country,2,3,Tuesday,05:40 pm,110,Not Divided,"CURVED, VIEW OBSCURED",Level,Dry,Not Raining,Daylight,Head On,No Control
2018-11870-15/08/2019,1,1,Driver,Male,050,Driver,Not Thrown Out,Treated at Hospital,Fitted - Worn,OMNIBUS,Full,Straight Ahead,4.0,3 Country,3,2,Wednesday,11:06 am,50,T-Junction,Straight road,Slope,Dry,Not Raining,Daylight,Right Angle,No Control
2018-11870-15/08/2019,2,1,Driver,Female,059,Driver,Not Thrown Out,Admitted to Hospital,Fitted - Worn,Motor Cars - Sedan,Full,Right Turn,1.0,3 Country,3,2,Wednesday,11:06 am,50,T-Junction,Straight road,Slope,Dry,Not Raining,Daylight,Right Angle,No Control
2018-11874-15/08/2019,1,1,Driver,Female,030,Driver,Not Thrown Out,Treated at Hospital,Fitted - Worn,Station Wagon,Full,Straight Ahead,4.0,2 Metropolitan,2,2,Wednesday,03:15 pm,50,T-Junction,Straight road,Level,Dry,Not Raining,Daylight,Right Angle,No Control
2018-11874-15/08/2019,2,1,Driver,Female,071,Driver,Not Thrown Out,Treated at Hospital,Fitted - Worn,Motor Cars - Sedan,Full,Right Turn,1.0,2 Metropolitan,2,2,Wednesday,03:15 pm,50,T-Junction,Straight road,Level,Dry,Not Raining,Daylight,Right Angle,No Control
2018-11875-15/08/2019,2,1,Rider,Male,027,,,Treated at Hospital,,Pedal Cycle,,Straight Ahead,1.0,2 Metropolitan,2,1,Wednesday,03:34 pm,70,Divided Road,Straight road,Level,Dry,Not Raining,Daylight,Side Swipe,No Control
2018-11877-15/08/2019,2,1,Rider,Male,029,,Thrown Out,Treated at Hospital,,Pedal Cycle,,Straight Ahead,1.0,2 Metropolitan,2,1,Tuesday,08:40 pm,60,T-Junction,Straight road,Level,Dry,Not Raining,Night,Right Angle,No Control
2018-11878-15/08/2019,1,1,Driver,Male,060,Driver,Not Thrown Out,Treated at Hospital,Fitted - Worn,Station Wagon,Full,Stopped on Carriageway,1.0,2 Metropolitan,2,2,Tuesday,02:38 pm,60,T-Junction,Straight road,Level,Dry,Not Raining,Daylight,Rear End,No Control
2018-11878-15/08/2019,2,1,Driver,Female,027,Driver,Not Thrown Out,Treated at Hospital,Fitted - Worn,Station Wagon,Full,Straight Ahead,1.0,2 Metropolitan,2,2,Tuesday,02:38 pm,60,T-Junction,Straight road,Level,Dry,Not Raining,Daylight,Rear End,No Control
2018-11882-15/08/2019,2,1,Driver,Female,022,Driver,Not Thrown Out,Treated at Hospital,Fitted - Worn,Motor Cars - Sedan,Provisional 2,Right Turn,1.0,2 Metropolitan,2,1,Tuesday,04:50 pm,60,T-Junction,Straight road,Level,Dry,Not Raining,Daylight,Right Turn,No Control
2018-11891-15/08/2019,1,1,Driver,Female,030,Driver,Not Thrown Out,Treated at Hospital,Fitted - Worn,Motor Cars - Sedan,Full,Right Turn,1.0,3 Country,2,3,Wednesday,06:30 pm,90,Cross Road,Straight road,Slope,Dry,Not Raining,Daylight,Right Angle,Stop Sign
2018-11891-15/08/2019,2,1,Passenger,Female,007,Rear Seat Left Passenger,Not Thrown Out,Treated at Hospital,Child Restraint - Worn,Station Wagon,Full,Straight Ahead,3.0,3 Country,2,3,Wednesday,06:30 pm,90,Cross Road,Straight road,Slope,Dry,Not Raining,Daylight,Right Angle,Stop Sign
2018-11891-15/08/2019,2,2,Passenger,Female,017,Front Seat Left Passenger,Not Thrown Out,Treated at Hospital,Fitted - Worn,Station Wagon,Full,Straight Ahead,3.0,3 Country,2,3,Wednesday,06:30 pm,90,Cross Road,Straight road,Slope,Dry,Not Raining,Daylight,Right Angle,Stop Sign
2018-11892-15/08/2019,2,1,Rider,Male,057,,Thrown Out,Treated at Hospital,,Pedal Cycle,,Straight Ahead,1.0,2 Metropolitan,2,1,Tuesday,05:55 pm,50,T-Junction,Straight road,Level,Dry,Not Raining,Daylight,Right Angle,No Control
2018-11893-15/08/2019,1,1,Driver,Male,055,Driver,Not Thrown Out,Treated at Hospital,Fitted - Worn,Station Wagon,Full,Straight Ahead,1.0,3 Country,1,1,Wednesday,02:45 pm,110,Not Divided,Straight road,Level,Dry,Not Raining,Daylight,Roll Over,No Control
2018-11898-15/08/2019,2,1,Rider,Male,023,Rider of Motorcycle,Thrown Out,Treated at Hospital,,Motor Cycle,Learners,Straight Ahead,1.0,1 City,2,1,Wednesday,07:00 pm,50,Cross Road,Straight road,Level,Dry,Not Raining,Daylight,Right Turn,Traffic Signals
2018-11905-15/08/2019,2,1,Driver,Female,031,Driver,Not Thrown Out,Treated at Hospital,Fitted - Worn,Motor Cars - Sedan,Full,Right Turn,1.0,2 Metropolitan,2,1,Thursday,07:15 am,60,T-Junction,Straight road,Level,Dry,Not Raining,Daylight,Right Turn,No Control
2018-11906-15/08/2019,2,1,Rider,Male,071,,Thrown Out,Treated at Hospital,,Pedal Cycle,,Straight Ahead,1.0,2 Metropolitan,2,1,Thursday,07:15 am,50,T-Junction,Straight road,Level,Dry,Not Raining,Daylight,Right Angle,Give Way Sign
2018-11909-15/08/2019,2,1,Driver,Female,043,Driver,Not Thrown Out,By Private,Fitted - Worn,Motor Cars - Sedan,Full,Stopped on Carriageway,3.0,2 Metropolitan,3,2,Monday,05:20 pm,60,Cross Road,Straight road,Level,Dry,Not Raining,Daylight,Rear End,Traffic Signals
2018-11909-15/08/2019,2,2,Passenger,Female,010,Rear Seat Right Passenger,Not Thrown Out,By Private,Fitted - Worn,Motor Cars - Sedan,Full,Stopped on Carriageway,3.0,2 Metropolitan,3,2,Monday,05:20 pm,60,Cross Road,Straight road,Level,Dry,Not Raining,Daylight,Rear End,Traffic Signals
2018-11910-15/08/2019,2,1,Driver,Female,031,Driver,Not Thrown Out,Treated at Hospital,Fitted - Worn,Motor Cars - Sedan,Full,Straight Ahead,1.0,2 Metropolitan,2,1,Tuesday,08:25 am,60,T-Junction,Straight road,Level,Dry,Not Raining,Daylight,Right Turn,No Control
2018-11913-15/08/2019,1,1,Rider,Male,026,Rider of Motorcycle,Thrown Out,By Private,,Motor Cycle,Full,Straight Ahead,1.0,2 Metropolitan,2,1,Sunday,05:00 pm,60,T-Junction,Straight road,Level,Dry,Not Raining,Daylight,Right Turn,No Control
2018-11914-15/08/2019,1,1,Driver,Male,075,Driver,Not Thrown Out,Treated at Hospital,Fitted - Worn,Utility,Full,Straight Ahead,1.0,3 Country,3,2,Sunday,03:40 pm,90,T-Junction,Straight road,Level,Dry,Not Raining,Daylight,Right Angle,No Control
2018-11914-15/08/2019,3,1,Driver,Male,032,Driver,Not Thrown Out,Treated at Hospital,Fitted - Worn,Motor Cars - Sedan,Provisional 1 ,Straight Ahead,1.0,3 Country,3,2,Sunday,03:40 pm,90,T-Junction,Straight road,Level,Dry,Not Raining,Daylight,Right Angle,No Control
2018-11915-15/08/2019,1,1,Rider,Female,051,Rider of Motorcycle,Thrown Out,By Private,,Motor Cycle,Full,Straight Ahead,1.0,1 City,2,1,Wednesday,05:45 pm,50,Cross Road,Straight road,Level,Dry,Not Raining,Daylight,Side Swipe,Traffic Signals