REPORT_ID,UND_UNIT_NUMBER,CASUALTY_NUMBER,Casualty Type,Sex_x,AGE,Position In Veh,Thrown Out,Injury Extent,Seat Belt,Unit Type,Licence Type,Unit Movement,Number Occupants,Stats Area,Total Units,Total Cas,Day,Time,Area Speed,Position Type,Horizontal Align,Vertical Align,Moisture Cond,Weather Cond,DayNight,Crash Type,Traffic Ctrls
2018-12087-15/08/2019,1,1,Rider,Male,050,,Thrown Out,Treated at Hospital,,Pedal Cycle,,Straight Ahead,1.0,1 City,3,1,Monday,12:50 pm,50,Not Divided,Straight road,Level,Dry,Not Raining,Daylight,Hit Parked Vehicle,No Control
2018-12093-15/08/2019,1,1,Rider,Female,050,Rider of Motorcycle,Thrown Out,Treated at Hospital,,Motor Cycle,Full,Left Turn,1.0,2 Metropolitan,1,1,Sunday,11:00 am,60,Cross Road,Straight road,Level,Dry,Not Raining,Daylight,Roll Over,Traffic Signals
2018-12098-15/08/2019,1,1,Rider,Male,055,Rider of Motorcycle,Not Thrown Out,Treated at Hospital,,Motor Cycle,Full,Straight Ahead,1.0,3 Country,2,1,Sunday,02:10 pm,100,Not Divided,Straight road,Level,Dry,Not Raining,Daylight,Side Swipe,No Control
2018-12100-15/08/2019,1,1,Rider,Male,049,,Thrown Out,By Private,,Pedal Cycle,,Straight Ahead,1.0,2 Metropolitan,2,1,Monday,05:40 pm,60,Cross Road,Straight road,Level,Dry,Not Raining,Daylight,Side Swipe,Traffic Signals
2018-12103-15/08/2019,1,1,Driver,Female,024,Driver,Not Thrown Out,Treated at Hospital,Fitted - Worn,Motor Cars - Sedan,Full,Straight Ahead,1.0,2 Metropolitan,2,1,Monday,08:23 pm,60,T-Junction,Straight road,Level,Dry,Not Raining,Night,Rear End,No Control
2018-12104-15/08/2019,1,1,Driver,Male,031,Driver,Not Thrown Out,Treated at Hospital,Fitted - Worn,Station Wagon,Full,Straight Ahead,1.0,2 Metropolitan,2,2,Monday,08:50 pm,80,Divided Road,Straight road,Level,Wet,Not Raining,Night,Rear End,No Control
2018-12104-15/08/2019,2,1,Driver,Male,048,Driver,Not Thrown Out,Treated at Hospital,Fitted - Worn,Station Wagon,Full,Straight Ahead,1.0,2 Metropolitan,2,2,Monday,08:50 pm,80,Divided Road,Straight road,Level,Wet,Not Raining,Night,Rear End,No Control
2018-12105-15/08/2019,1,1,Driver,Female,022,Driver,Not Thrown Out,Treated at Hospital,Fitted - Worn,Motor Cars - Sedan,Full,Straight Ahead,1.0,2 Metropolitan,2,1,Monday,09:40 pm,60,Cross Road,Straight road,Level,Dry,Not Raining,Night,Right Angle,Traffic Signals
2018-12109-15/08/2019,1,1,Rider,Female,044,Rider of Motorcycle,Thrown Out,Treated at Hospital,,Scooter,Full,Straight Ahead,1.0,2 Metropolitan,2,1,Tuesday,08:52 am,60,Not Divided,Straight road,Level,Wet,Raining,Daylight,Side Swipe,No Control
2018-12110-15/08/2019,2,1,Driver,Female,046,Driver,Not Thrown Out,Treated at Hospital,Fitted - Worn,Motor Cars - Sedan,Full,Stopped on Carriageway,1.0,2 Metropolitan,2,1,Tuesday,08:50 am,60,T-Junction,Straight road,Level,Wet,Not Raining,Daylight,Rear End,No Control
2018-12114-15/08/2019,1,1,Rider,Male,036,Rider of Motorcycle,Thrown Out,Treated at Hospital,,Motor Cycle,Full,Left Turn,1.0,1 City,1,1,Tuesday,09:00 am,50,T-Junction,Straight road,Level,Wet,Raining,Daylight,Roll Over,Traffic Signals
2018-12115-15/08/2019,1,1,Driver,Female,055,Driver,Not Thrown Out,By Private,Fitted - Worn,Station Wagon,Full,Stopped on Carriageway,1.0,1 City,2,1,Tuesday,11:00 am,50,Cross Road,Straight road,Level,Wet,Raining,Daylight,Rear End,Traffic Signals
2018-12117-15/08/2019,1,1,Driver,Female,075,Driver,Not Thrown Out,Treated at Hospital,Fitted - Worn,Motor Cars - Sedan,Full,Straight Ahead,1.0,2 Metropolitan,3,1,Tuesday,10:30 am,60,Not Divided,Straight road,Level,Wet,Raining,Daylight,Rear End,No Control
2018-12119-15/08/2019,1,1,Driver,Female,054,Driver,Not Thrown Out,By Private,Fitted - Worn,Station Wagon,Full,Right Turn,1.0,2 Metropolitan,2,1,Tuesday,10:30 am,60,Cross Road,Straight road,Level,Wet,Raining,Daylight,Right Angle,Roundabout
2018-12120-15/08/2019,1,1,Driver,Female,057,Driver,Not Thrown Out,By Private,Fitted - Worn,Motor Cars - Sedan,Full,Straight Ahead,1.0,2 Metropolitan,2,1,Tuesday,06:10 am,90,Not Divided,Straight road,Level,Wet,Raining,Daylight,Hit Animal,No Control
2018-12122-15/08/2019,1,1,Driver,Female,033,Driver,Not Thrown Out,Treated at Hospital,Fitted - Worn,Motor Cars - Sedan,Full,Straight Ahead,1.0,2 Metropolitan,2,1,Tuesday,01:39 pm,70,Divided Road,Straight road,Level,Dry,Not Raining,Daylight,Hit Fixed Object,No Control
2018-12124-15/08/2019,1,1,Driver,Male,018,Driver,Not Thrown Out,Treated at Hospital,Fitted - Worn,Motor Cars - Sedan,Full,Straight Ahead,1.0,3 Country,2,1,Tuesday,11:30 am,50,Not Divided,Straight road,Level,Dry,Not Raining,Daylight,Hit Fixed Object,No Control
2018-12126-15/08/2019,2,1,Driver,Male,047,Driver,Not Thrown Out,By Private,Fitted - Worn,Utility,Full,Stopped on Carriageway,1.0,2 Metropolitan,3,1,Monday,03:45 pm,60,Cross Road,Straight road,Level,Dry,Not Raining,Daylight,Rear End,Traffic Signals
2018-12128-15/08/2019,2,1,Driver,Male,XXX,Driver,Not Thrown Out,By Private,Fitted - Worn,Motor Cars - Sedan,Provisional 1 ,Straight Ahead,4.0,2 Metropolitan,2,1,Tuesday,05:10 pm,60,Cross Road,"CURVED, VIEW OPEN",Level,Dry,Not Raining,Daylight,Right Angle,Roundabout
2018-12129-15/08/2019,1,1,Driver,Male,036,Driver,Not Thrown Out,By Private,Fitted - Worn,Station Wagon,Full,Straight Ahead,1.0,2 Metropolitan,2,1,Tuesday,04:45 pm,50,Not Divided,Straight road,Level,Dry,Not Raining,Daylight,Side Swipe,No Control
2018-12131-15/08/2019,1,1,Passenger,Female,054,Front Seat Left Passenger,Not Thrown Out,Treated at Hospital,Fitted - Worn,Motor Cars - Sedan,Full,Right Turn,2.0,2 Metropolitan,3,2,Tuesday,05:14 pm,90,T-Junction,Straight road,Level,Dry,Not Raining,Daylight,Right Turn,Stop Sign
2018-12131-15/08/2019,2,1,Driver,Female,023,Driver,Not Thrown Out,Treated at Hospital,Fitted - Worn,Motor Cars - Sedan,Full,Straight Ahead,1.0,2 Metropolitan,3,2,Tuesday,05:14 pm,90,T-Junction,Straight road,Level,Dry,Not Raining,Daylight,Right Turn,Stop Sign
2018-12134-15/08/2019,2,1,Rider,Male,053,,Thrown Out,Treated at Hospital,,Pedal Cycle,,Straight Ahead,1.0,3 Country,2,1,Tuesday,07:00 pm,60,Divided Road,Straight road,Slope,Dry,Not Raining,Daylight,Side Swipe,No Control
2018-12136-15/08/2019,1,1,Driver,Male,017,Driver,Not Thrown Out,Fatal,Fitted - Worn,Motor Cars - Sedan,Provisional 1 ,Straight Ahead,2.0,3 Country,2,3,Tuesday,04:40 pm,100,Not Divided,"CURVED, VIEW OPEN",Crest of Hill,Dry,Not Raining,Daylight,Head On,No Control
2018-12136-15/08/2019,1,2,Passenger,Female,018,Front Seat Left Passenger,Not Thrown Out,Fatal,Fitted - Worn,Motor Cars - Sedan,Provisional 1 ,Straight Ahead,2.0,3 Country,2,3,Tuesday,04:40 pm,100,Not Divided,"CURVED, VIEW OPEN",Crest of Hill,Dry,Not Raining,Daylight,Head On,No Control
2018-12136-15/08/2019,2,1,Driver,Female,031,Driver,Not Thrown Out,Treated at Hospital,Fitted - Worn,Motor Cars - Sedan,Full,Straight Ahead,1.0,3 Country,2,3,Tuesday,04:40 pm,100,Not Divided,"CURVED, VIEW OPEN",Crest of Hill,Dry,Not Raining,Daylight,Head On,No Control
2018-12139-15/08/2019,2,1,Driver,Male,028,Driver,Not Thrown Out,By Private,Fitted - Worn,Motor Cars - Sedan,Full,Straight Ahead,1.0,2 Metropolitan,2,1,Wednesday,07:57 am,70,Divided Road,Straight road,Level,Dry,Not Raining,Daylight,Rear End,No Control
2018-12142-15/08/2019,2,1,Rider,Male,035,,Thrown Out,By Private,,Pedal Cycle,,Straight Ahead,1.0,2 Metropolitan,2,1,Monday,08:49 am,60,Divided Road,Straight road,Level,Dry,Not Raining,Daylight,Side Swipe,No Control
2018-12145-15/08/2019,2,1,Pedestrian,Female,046,,,Treated at Hospital,,Pedestrian on Road,,On Pedestrian Crossing,,1 City,2,1,Wednesday,09:50 am,50,Pedestrian Crossing,Straight road,Level,Wet,Raining,Daylight,Hit Pedestrian,No Control
2018-12146-15/08/2019,1,1,Pedestrian,Female,035,,,Treated at Hospital,,Pedestrian on Road,,Crossing with Traffic Signals,,1 City,2,1,Wednesday,09:00 am,50,Cross Road,Straight road,Level,Dry,Not Raining,Daylight,Hit Pedestrian,Traffic Signals
2018-12148-15/08/2019,1,1,Driver,Male,021,Driver,Not Thrown Out,By Private,Fitted - Worn,Motor Cars - Sedan,Provisional 2,Stopped on Carriageway,1.0,2 Metropolitan,2,1,Tuesday,05:00 pm,80,Cross Road,Straight road,Level,Dry,Not Raining,Daylight,Rear End,Give Way Sign
2018-12149-15/08/2019,1,1,Driver,Male,033,Driver,Not Thrown Out,By Private,Fitted - Worn,Motor Cars - Sedan,Full,Straight Ahead,1.0,2 Metropolitan,2,1,Wednesday,10:30 am,50,Cross Road,Straight road,Level,Wet,Raining,Daylight,Right Angle,Stop Sign
2018-12150-15/08/2019,2,1,Driver,Female,033,Driver,Not Thrown Out,By Private,Fitted - Worn,Motor Cars - Sedan,Full,Stopped on Carriageway,2.0,2 Metropolitan,2,2,Tuesday,03:45 pm,60,Divided Road,Straight road,Level,Dry,Not Raining,Daylight,Rear End,No Control
2018-12150-15/08/2019,2,2,Passenger,Female,007,Front Seat Left Passenger,Not Thrown Out,By Private,Fitted - Worn,Motor Cars - Sedan,Full,Stopped on Carriageway,2.0,2 Metropolitan,2,2,Tuesday,03:45 pm,60,Divided Road,Straight road,Level,Dry,Not Raining,Daylight,Rear End,No Control
2018-12151-15/08/2019,1,1,Driver,Male,058,Driver,Not Thrown Out,By Private,Fitted - Worn,Motor Cars - Sedan,Full,Leaving Private Driveway,1.0,2 Metropolitan,2,1,Wednesday,12:23 pm,60,Divided Road,Straight road,Level,Dry,Not Raining,Daylight,Right Angle,No Control
2018-12153-15/08/2019,1,1,Driver,Male,030,Driver,Not Thrown Out,Treated at Hospital,Fitted - Worn,Motor Cars - Sedan,Full,Entering Private Driveway,1.0,2 Metropolitan,3,1,Wednesday,01:10 pm,60,Not Divided,Straight road,Level,Dry,Not Raining,Daylight,Rear End,No Control
2018-12155-15/08/2019,2,1,Passenger,Female,082,Front Seat Left Passenger,Not Thrown Out,Treated at Hospital,Fitted - Worn,Motor Cars - Sedan,Full,Straight Ahead,2.0,2 Metropolitan,2,1,Wednesday,02:00 pm,60,Cross Road,Straight road,Level,Wet,Raining,Daylight,Right Angle,Traffic Signals
2018-12157-15/08/2019,1,1,Rider,Male,043,,Thrown Out,Treated at Hospital,,Pedal Cycle,,Straight Ahead,1.0,2 Metropolitan,1,1,Friday,12:37 am,60,Divided Road,Straight road,Level,Dry,Not Raining,Night,Roll Over,No Control
2018-12158-15/08/2019,1,1,Driver,Female,056,Driver,Not Thrown Out,Treated at Hospital,Fitted - Worn,Station Wagon,Full,Straight Ahead,2.0,2 Metropolitan,2,1,Wednesday,03:10 pm,60,Not Divided,Straight road,Slope,Wet,Raining,Daylight,Other,No Control
2018-12166-15/08/2019,2,1,Driver,Female,032,Driver,Not Thrown Out,Treated at Hospital,Fitted - Unknown if Worn,Station Wagon,Full,Straight Ahead,1.0,2 Metropolitan,2,1,Wednesday,04:45 pm,50,Cross Road,Straight road,Level,Dry,Not Raining,Daylight,Right Angle,Stop Sign
2018-12169-15/08/2019,2,1,Rider,Female,028,,Thrown Out,Treated at Hospital,,Pedal Cycle,,Right Turn,1.0,2 Metropolitan,2,1,Wednesday,03:00 pm,60,Cross Road,Straight road,Slope,Dry,Not Raining,Daylight,Right Turn,Give Way Sign
2018-12171-15/08/2019,2,1,Driver,Female,025,Driver,Not Thrown Out,By Private,Fitted - Worn,Motor Cars - Sedan,Full,Stopped on Carriageway,1.0,2 Metropolitan,3,1,Wednesday,04:50 pm,70,Divided Road,Straight road,Level,Dry,Not Raining,Daylight,Rear End,No Control
2018-12172-15/08/2019,1,1,Rider,Male,051,,Thrown Out,Treated at Hospital,,Pedal Cycle,,Straight Ahead,1.0,2 Metropolitan,2,1,Wednesday,07:00 pm,50,Not Divided,"CURVED, VIEW OPEN",Level,Dry,Not Raining,Daylight,Hit Parked Vehicle,No Control
2018-12174-15/08/2019,2,1,Driver,Female,051,Driver,Not Thrown Out,Treated at Hospital,Fitted - Worn,Motor Cars - Sedan,Full,Right Turn,1.0,2 Metropolitan,2,1,Wednesday,03:45 pm,70,T-Junction,Straight road,Level,Dry,Not Raining,Daylight,Right Angle,No Control
2018-12176-15/08/2019,1,1,Driver,Male,050,Driver,Not Thrown Out,Treated at Hospital,Fitted - Unknown if Worn,Station Wagon,Full,Straight Ahead,1.0,2 Metropolitan,2,1,Wednesday,09:45 pm,50,Not Divided,Straight road,Level,Wet,Raining,Night,Hit Fixed Object,No Control
2018-12183-15/08/2019,1,1,Driver,Female,064,Driver,Not Thrown Out,Treated at Hospital,Fitted - Worn,Panel Van,Full,Straight Ahead,1.0,2 Metropolitan,2,1,Thursday,02:00 am,60,Cross Road,Straight road,Level,Wet,Raining,Night,Right Angle,Traffic Signals
2018-12184-15/08/2019,1,1,Driver,Male,038,Driver,Not Thrown Out,Treated at Hospital,Fitted - Worn,Station Wagon,Full,Straight Ahead,1.0,2 Metropolitan,2,1,Wednesday,10:30 am,80,Divided Road,"CURVED, VIEW OPEN",Slope,Wet,Raining,Daylight,Hit Fixed Object,No Control
2018-12188-15/08/2019,1,1,Driver,Female,075,Driver,Not Thrown Out,By Private,Fitted - Worn,Motor Cars - Sedan,Full,Stopped on Carriageway,1.0,2 Metropolitan,2,2,Thursday,08:45 am,60,Cross Road,Straight road,Level,Dry,Not Raining,Daylight,Rear End,Traffic Signals
2018-12188-15/08/2019,2,1,Driver,Female,046,Driver,Not Thrown Out,By Private,Fitted - Worn,Station Wagon,Full,Straight Ahead,5.0,2 Metropolitan,2,2,Thursday,08:45 am,60,Cross Road,Straight road,Level,Dry,Not Raining,Daylight,Rear End,Traffic Signals
2018-12191-15/08/2019,3,1,Driver,Female,057,Driver,Not Thrown Out,By Private,Fitted - Worn,Motor Cars - Sedan,Full,Stopped on Carriageway,1.0,2 Metropolitan,3,1,Thursday,09:00 am,60,Cross Road,Straight road,Level,Wet,Not Raining,Daylight,Right Angle,Traffic Signals
2018-12192-15/08/2019,1,1,Driver,Male,078,Driver,Not Thrown Out,Admitted to Hospital,Fitted - Worn,Utility,Full,Straight Ahead,1.0,3 Country,3,1,Wednesday,04:45 pm,110,Not Divided,Straight road,Level,Dry,Not Raining,Daylight,Hit Fixed Object,No Control
2018-12193-15/08/2019,1,1,Driver,Female,027,Driver,Not Thrown Out,Treated at Hospital,Fitted - Worn,Motor Cars - Sedan,Full,Straight Ahead,1.0,3 Country,2,1,Thursday,09:00 am,110,Not Divided,Straight road,Level,Wet,Raining,Daylight,Hit Fixed Object,No Control
2018-12194-15/08/2019,1,1,Driver,Female,076,Driver,Not Thrown Out,Treated at Hospital,Fitted - Worn,Motor Cars - Sedan,Full,Straight Ahead,1.0,3 Country,1,1,Thursday,09:05 am,110,T-Junction,Straight road,Level,Wet,Not Raining,Daylight,Left Road - Out of Control,No Control
2018-12196-15/08/2019,1,1,Driver,Female,044,Driver,Not Thrown Out,By Private,Fitted - Worn,Motor Cars - Sedan,Full,Straight Ahead,1.0,2 Metropolitan,3,1,Wednesday,05:40 pm,60,Divided Road,Straight road,Level,Dry,Not Raining,Daylight,Rear End,No Control
2018-12197-15/08/2019,2,1,Passenger,Female,068,Front Seat Left Passenger,Not Thrown Out,Treated at Hospital,Fitted - Worn,Motor Cars - Sedan,Full,Right Turn,2.0,2 Metropolitan,2,1,Thursday,12:51 pm,60,Cross Road,Straight road,Level,Dry,Not Raining,Daylight,Right Turn,Traffic Signals
2018-12198-15/08/2019,2,1,Driver,Female,065,Driver,Not Thrown Out,Treated at Hospital,Fitted - Worn,Motor Cars - Sedan,Provisional 1 ,Straight Ahead,1.0,2 Metropolitan,2,1,Wednesday,03:30 pm,60,Rail Crossing,Straight road,Level,Wet,Raining,Daylight,Rear End,Rail Xing-Traffic Signals
2018-12206-15/08/2019,2,1,Pedestrian,Male,015,,,Treated at Hospital,,Pedestrian on Road,,Crossing without Control,,2 Metropolitan,2,1,Thursday,04:23 pm,60,Divided Road,Straight road,Slope,Dry,Not Raining,Daylight,Hit Pedestrian,No Control
2018-12211-15/08/2019,2,1,Pedestrian,Female,008,,,Treated at Hospital,,Pedestrian on Road,,Crossing without Control,,2 Metropolitan,2,1,Thursday,05:30 pm,70,Divided Road,Straight road,Level,Dry,Not Raining,Daylight,Hit Pedestrian,No Control
2018-12216-15/08/2019,1,1,Passenger,Male,029,Front Seat Left Passenger,Not Thrown Out,Treated at Hospital,Fitted - Unknown if Worn,Motor Cars - Sedan,Unknown,Right Turn,2.0,2 Metropolitan,2,1,Thursday,06:26 am,50,T-Junction,Straight road,Slope,Wet,Raining,Daylight,Hit Fixed Object,No Control
2018-12220-15/08/2019,2,1,Rider,Male,070,,Thrown Out,Treated at Hospital,,Pedal Cycle,,Straight Ahead,1.0,2 Metropolitan,2,1,Friday,07:55 am,60,T-Junction,Straight road,Level,Dry,Not Raining,Daylight,Right Angle,No Control
2018-12229-15/08/2019,1,1,Rider,Male,050,Rider of Motorcycle,Thrown Out,Treated at Hospital,,Motor Cycle,Full,Right Turn,1.0,3 Country,2,1,Friday,12:14 pm,50,Cross Road,Straight road,Level,Dry,Not Raining,Daylight,Right Angle,Roundabout
2018-12230-15/08/2019,2,1,Rider,Female,020,,Thrown Out,Treated at Hospital,,Pedal Cycle,,Straight Ahead,1.0,2 Metropolitan,2,1,Friday,12:09 pm,50,Not Divided,Straight road,Level,Dry,Not Raining,Daylight,Right Angle,No Control
2018-12232-15/08/2019,1,1,Driver,Female,069,Driver,Not Thrown Out,Treated at Hospital,Fitted - Worn,Station Wagon,Full,Left Turn,1.0,2 Metropolitan,2,1,Friday,12:59 pm,60,T-Junction,Straight road,Level,Dry,Not Raining,Daylight,Right Angle,No Control
2018-12236-15/08/2019,1,1,Passenger,Female,040,Front Seat Left Passenger,Not Thrown Out,Treated at Hospital,Fitted - Worn,Utility,Full,Stopped on Carriageway,2.0,2 Metropolitan,2,1,Friday,01:38 pm,50,Cross Road,Straight road,Level,Dry,Not Raining,Daylight,Rear End,Roundabout
2018-12239-15/08/2019,1,1,Driver,Female,054,Driver,Not Thrown Out,Treated at Hospital,Fitted - Worn,Station Wagon,Full,Straight Ahead,2.0,2 Metropolitan,2,3,Friday,03:30 pm,80,Cross Road,Straight road,Level,Dry,Not Raining,Daylight,Right Angle,Stop Sign
2018-12239-15/08/2019,1,2,Passenger,Female,015,Front Seat Left Passenger,Not Thrown Out,Treated at Hospital,Fitted - Worn,Station Wagon,Full,Straight Ahead,2.0,2 Metropolitan,2,3,Friday,03:30 pm,80,Cross Road,Straight road,Level,Dry,Not Raining,Daylight,Right Angle,Stop Sign
2018-12239-15/08/2019,2,1,Driver,Male,045,Driver,Not Thrown Out,Treated at Hospital,Fitted - Worn,Motor Cars - Sedan,Full,Straight Ahead,2.0,2 Metropolitan,2,3,Friday,03:30 pm,80,Cross Road,Straight road,Level,Dry,Not Raining,Daylight,Right Angle,Stop Sign
2018-12247-15/08/2019,1,1,Driver,Female,023,Driver,Not Thrown Out,Treated at Hospital,Fitted - Worn,Station Wagon,Unknown,Leaving Private Driveway,2.0,2 Metropolitan,2,4,Friday,07:15 pm,60,Not Divided,Straight road,Level,Dry,Not Raining,Daylight,Right Angle,No Control
2018-12247-15/08/2019,1,2,Passenger,Female,040,Front Seat Left Passenger,Not Thrown Out,Treated at Hospital,Fitted - Worn,Station Wagon,Unknown,Leaving Private Driveway,2.0,2 Metropolitan,2,4,Friday,07:15 pm,60,Not Divided,Straight road,Level,Dry,Not Raining,Daylight,Right Angle,No Control
2018-12247-15/08/2019,2,1,Driver,Male,031,Driver,Not Thrown Out,Treated at Hospital,Fitted - Worn,Station Wagon,Full,Straight Ahead,4.0,2 Metropolitan,2,4,Friday,07:15 pm,60,Not Divided,Straight road,Level,Dry,Not Raining,Daylight,Right Angle,No Control
2018-12247-15/08/2019,2,2,Passenger,Female,056,Rear Seat Right Passenger,Not Thrown Out,Treated at Hospital,Fitted - Worn,Station Wagon,Full,Straight Ahead,4.0,2 Metropolitan,2,4,Friday,07:15 pm,60,Not Divided,Straight road,Level,Dry,Not Raining,Daylight,Right Angle,No Control
2018-12249-15/08/2019,1,1,Passenger,Male,011,Rear Seat Left Passenger,Not Thrown Out,Treated at Hospital,Fitted - Worn,Motor Cars - Sedan,Full,Right Turn,3.0,2 Metropolitan,2,1,Friday,05:25 pm,60,T-Junction,"CURVED, VIEW OPEN",Level,Dry,Not Raining,Daylight,Right Turn,No Control
2018-12253-15/08/2019,1,1,Driver,Female,050,Driver,Not Thrown Out,Admitted to Hospital,Fitted - Worn,Motor Cars - Sedan,Unknown,Straight Ahead,1.0,3 Country,1,1,Friday,05:15 pm,110,Not Divided,Straight road,Level,Dry,Not Raining,Daylight,Left Road - Out of Control,No Control
2018-12260-15/08/2019,2,1,Driver,Female,026,Driver,Not Thrown Out,By Private,Fitted - Worn,Motor Cars - Sedan,Full,U Turn,1.0,2 Metropolitan,2,1,Saturday,09:30 am,50,T-Junction,Straight road,Level,Dry,Not Raining,Daylight,Side Swipe,No Control
2018-12261-15/08/2019,1,1,Driver,Male,037,Driver,Not Thrown Out,Treated at Hospital,Fitted - Worn,Motor Cars - Sedan,Full,Right Turn,1.0,2 Metropolitan,2,1,Saturday,10:30 am,60,Cross Road,Straight road,Level,Dry,Not Raining,Daylight,Rear End,Traffic Signals
2018-12267-15/08/2019,1,1,Pedestrian,Male,031,,,Treated at Hospital,,Pedestrian on Road,,Crossing with Traffic Signals,,2 Metropolitan,2,1,Monday,04:00 pm,60,Cross Road,Straight road,Crest of Hill,Dry,Not Raining,Daylight,Hit Pedestrian,Traffic Signals
2018-12269-15/08/2019,2,1,Driver,Male,051,Driver,Not Thrown Out,Treated at Hospital,Fitted - Worn,Motor Cars - Sedan,Full,Straight Ahead,2.0,2 Metropolitan,3,2,Saturday,11:43 am,80,Cross Road,Straight road,Level,Dry,Not Raining,Daylight,Right Angle,Traffic Signals
2018-12269-15/08/2019,2,2,Passenger,Female,045,Front Seat Left Passenger,Not Thrown Out,Treated at Hospital,Fitted - Worn,Motor Cars - Sedan,Full,Straight Ahead,2.0,2 Metropolitan,3,2,Saturday,11:43 am,80,Cross Road,Straight road,Level,Dry,Not Raining,Daylight,Right Angle,Traffic Signals
2018-12270-15/08/2019,1,1,Driver,Male,057,Driver,Not Thrown Out,By Private,Fitted - Worn,Utility,Full,Stopped on Carriageway,1.0,2 Metropolitan,2,1,Saturday,11:25 am,60,Rail Crossing,Straight road,Level,Dry,Not Raining,Daylight,Rear End,Rail Xing-Traffic Signals
2018-12271-15/08/2019,1,1,Rider,Male,054,Rider of Motorcycle,Thrown Out,Treated at Hospital,,Motor Cycle,Full,Straight Ahead,1.0,3 Country,2,1,Saturday,10:45 am,100,Not Divided,"CURVED, VIEW OBSCURED",Slope,Dry,Not Raining,Daylight,Hit Fixed Object,No Control
2018-12273-15/08/2019,1,1,Driver,Male,028,Driver,Not Thrown Out,By Private,Fitted - Worn,Utility,Full,Stopped on Carriageway,1.0,2 Metropolitan,2,1,Friday,03:03 pm,60,Divided Road,Straight road,Level,Dry,Not Raining,Daylight,Rear End,No Control
2018-12277-15/08/2019,1,1,Driver,Female,023,Driver,Not Thrown Out,By Private,Fitted - Worn,Motor Cars - Sedan,Full,Stopped on Carriageway,1.0,2 Metropolitan,2,1,Saturday,01:40 pm,60,T-Junction,Straight road,Level,Dry,Not Raining,Daylight,Rear End,No Control
2018-12282-15/08/2019,1,1,Driver,Male,043,Driver,Not Thrown Out,Treated at Hospital,Fitted - Worn,Motor Cars - Sedan,Provisional 2,Straight Ahead,1.0,2 Metropolitan,3,1,Saturday,08:05 pm,60,Divided Road,"CURVED, VIEW OPEN",Level,Wet,Raining,Daylight,Hit Fixed Object,No Control
2018-12285-15/08/2019,1,1,Driver,Male,065,Driver,Not Thrown Out,Treated at Hospital,Fitted - Worn,Motor Cars - Sedan,Full,Straight Ahead,1.0,2 Metropolitan,3,1,Saturday,09:13 pm,50,Not Divided,Straight road,Level,Wet,Raining,Night,Hit Fixed Object,No Control
2018-12290-15/08/2019,2,1,Pedestrian,Female,021,,,Treated at Hospital,,Pedestrian on Road,,Crossing without Control,,1 City,2,1,Sunday,07:04 am,50,T-Junction,Straight road,Level,Dry,Not Raining,Daylight,Hit Pedestrian,No Control
2018-12291-15/08/2019,1,1,Rider,Male,021,Rider of Motorcycle,Thrown Out,Treated at Hospital,,Motor Cycle,Unlicenced,Straight Ahead,1.0,2 Metropolitan,2,1,Sunday,09:00 am,50,Not Divided,"CURVED, VIEW OPEN",Level,Dry,Not Raining,Daylight,Hit Fixed Object,No Control
2018-12295-15/08/2019,1,1,Driver,Male,065,Driver,Not Thrown Out,By Private,Fitted - Worn,Utility,Full,Entering Private Driveway,2.0,2 Metropolitan,2,2,Sunday,10:45 am,60,T-Junction,Straight road,Level,Dry,Not Raining,Daylight,Rear End,No Control
2018-12295-15/08/2019,1,2,Passenger,Female,069,Front Seat Left Passenger,Not Thrown Out,By Private,Fitted - Worn,Utility,Full,Entering Private Driveway,2.0,2 Metropolitan,2,2,Sunday,10:45 am,60,T-Junction,Straight road,Level,Dry,Not Raining,Daylight,Rear End,No Control
2018-12303-15/08/2019,1,1,Driver,Female,020,Driver,Not Thrown Out,Admitted to Hospital,Fitted - Worn,Motor Cars - Sedan,Full,Straight Ahead,1.0,3 Country,2,1,Sunday,09:50 am,110,Not Divided,"CURVED, VIEW OPEN",Level,Dry,Not Raining,Daylight,Hit Fixed Object,No Control
2018-12304-15/08/2019,1,1,Driver,Male,047,Driver,Not Thrown Out,Admitted to Hospital,Fitted - Worn,Station Wagon,Full,Straight Ahead,1.0,3 Country,2,1,Saturday,09:30 pm,100,Not Divided,Straight road,Level,Wet,Raining,Night,Hit Fixed Object,No Control
2018-12305-15/08/2019,1,1,Driver,Male,031,Driver,Not Thrown Out,Admitted to Hospital,Fitted - Worn,SEMI TRAILER,Full,Straight Ahead,1.0,3 Country,1,1,Sunday,11:00 am,100,Not Divided,"CURVED, VIEW OBSCURED",Bottom of Hill,Dry,Not Raining,Daylight,Roll Over,No Control
2018-12313-15/08/2019,1,1,Driver,Female,042,Driver,Not Thrown Out,Treated at Hospital,Fitted - Worn,Motor Cars - Sedan,Full,Straight Ahead,1.0,2 Metropolitan,2,1,Sunday,05:05 pm,60,Cross Road,Straight road,Level,Dry,Not Raining,Daylight,Rear End,Traffic Signals