REPORT_ID,UND_UNIT_NUMBER,CASUALTY_NUMBER,Casualty Type,Sex_x,AGE,Position In Veh,Thrown Out,Injury Extent,Seat Belt,Unit Type,Licence Type,Unit Movement,Number Occupants,Stats Area,Total Units,Total Cas,Day,Time,Area Speed,Position Type,Horizontal Align,Vertical Align,Moisture Cond,Weather Cond,DayNight,Crash Type,Traffic Ctrls
2018-12909-15/08/2019,1,1,Rider,Male,020,Rider of Motorcycle,Thrown Out,Admitted to Hospital,,Motor Cycle,Learners,Straight Ahead,1.0,3 Country,1,1,Friday,09:15 am,100,Not Divided,"CURVED, VIEW OPEN",Level,Dry,Not Raining,Daylight,Roll Over,No Control
2018-12910-15/08/2019,1,1,Driver,Female,060,Driver,Not Thrown Out,By Private,Fitted - Worn,Motor Cars - Sedan,Full,Straight Ahead,1.0,3 Country,2,2,Tuesday,03:40 pm,60,T-Junction,Straight road,Level,Dry,Not Raining,Daylight,Right Angle,Give Way Sign
2018-12910-15/08/2019,2,1,Driver,Female,048,Driver,Not Thrown Out,Treated at Hospital,Fitted - Worn,Motor Cars - Sedan,Full,Right Turn,2.0,3 Country,2,2,Tuesday,03:40 pm,60,T-Junction,Straight road,Level,Dry,Not Raining,Daylight,Right Angle,Give Way Sign
2018-12911-15/08/2019,1,1,Driver,Female,045,Driver,Not Thrown Out,Treated at Hospital,Fitted - Worn,Motor Cars - Sedan,Full,Right Turn,2.0,2 Metropolitan,2,2,Tuesday,10:17 pm,60,T-Junction,Straight road,Level,Dry,Not Raining,Night,Right Angle,Traffic Signals
2018-12911-15/08/2019,1,2,Passenger,Male,013,Rear Seat Middle Passenger,Not Thrown Out,Treated at Hospital,Fitted - Worn,Motor Cars - Sedan,Full,Right Turn,2.0,2 Metropolitan,2,2,Tuesday,10:17 pm,60,T-Junction,Straight road,Level,Dry,Not Raining,Night,Right Angle,Traffic Signals
2018-12912-15/08/2019,1,1,Rider,Male,048,Rider of Motorcycle,Not Thrown Out,Treated at Hospital,,Motor Cycle,Full,Straight Ahead,1.0,2 Metropolitan,2,1,Tuesday,05:00 pm,50,T-Junction,Straight road,Level,Dry,Not Raining,Daylight,Right Angle,No Control
2018-12913-15/08/2019,1,1,Driver,Male,076,Driver,Not Thrown Out,Treated at Hospital,Fitted - Worn,Station Wagon,Full,Straight Ahead,1.0,2 Metropolitan,2,1,Monday,02:20 pm,40,Freeway,Straight road,Slope,Dry,Not Raining,Daylight,Hit Fixed Object,No Control
2018-12914-15/08/2019,1,1,Rider,Male,060,Rider of Motorcycle,Thrown Out,Treated at Hospital,,Motor Cycle,Full,Swerving,1.0,2 Metropolitan,1,1,Wednesday,07:00 am,60,Not Divided,Straight road,Bottom of Hill,Dry,Not Raining,Daylight,Roll Over,No Control
2018-12922-15/08/2019,2,1,Driver,Female,043,Driver,Not Thrown Out,Treated at Hospital,Fitted - Unknown if Worn,Motor Cars - Sedan,Full,Straight Ahead,2.0,2 Metropolitan,2,1,Wednesday,11:08 am,60,Cross Road,Straight road,Level,Dry,Not Raining,Daylight,Right Angle,Traffic Signals
2018-12925-15/08/2019,2,1,Driver,Female,020,Driver,Not Thrown Out,Treated at Hospital,Fitted - Unknown if Worn,Motor Cars - Sedan,Provisional 2,Straight Ahead,2.0,2 Metropolitan,2,2,Wednesday,11:07 am,60,T-Junction,Straight road,Level,Dry,Not Raining,Daylight,Right Angle,Traffic Signals
2018-12925-15/08/2019,2,2,Passenger,Female,021,Front Seat Left Passenger,Not Thrown Out,Treated at Hospital,Fitted - Unknown if Worn,Motor Cars - Sedan,Provisional 2,Straight Ahead,2.0,2 Metropolitan,2,2,Wednesday,11:07 am,60,T-Junction,Straight road,Level,Dry,Not Raining,Daylight,Right Angle,Traffic Signals
2018-12926-15/08/2019,1,1,Rider,Female,053,,Thrown Out,By Private,,Pedal Cycle,,Straight Ahead,1.0,1 City,2,1,Monday,01:00 pm,50,Not Divided,Straight road,Level,Dry,Not Raining,Daylight,Hit Parked Vehicle,No Control
2018-12927-15/08/2019,1,1,Driver,Male,078,Driver,Not Thrown Out,Treated at Hospital,Fitted - Worn,Station Wagon,Full,Straight Ahead,1.0,3 Country,3,2,Wednesday,11:20 am,50,Not Divided,Straight road,Level,Dry,Not Raining,Daylight,Head On,No Control
2018-12927-15/08/2019,3,1,Driver,Male,060,Driver,Not Thrown Out,Treated at Hospital,Fitted - Worn,Utility,Full,Straight Ahead,1.0,3 Country,3,2,Wednesday,11:20 am,50,Not Divided,Straight road,Level,Dry,Not Raining,Daylight,Head On,No Control
2018-12929-15/08/2019,1,1,Driver,Male,051,Driver,Not Thrown Out,Treated at Hospital,Fitted - Worn,Motor Cars - Sedan,Full,Straight Ahead,1.0,2 Metropolitan,2,1,Wednesday,02:35 pm,50,T-Junction,Straight road,Slope,Dry,Not Raining,Daylight,Hit Fixed Object,No Control
2018-12934-15/08/2019,1,1,Driver,Female,063,Driver,Not Thrown Out,Treated at Hospital,Fitted - Worn,Station Wagon,Full,Straight Ahead,1.0,2 Metropolitan,2,2,Wednesday,03:31 pm,80,Cross Road,Straight road,Level,Dry,Not Raining,Daylight,Right Angle,Give Way Sign
2018-12934-15/08/2019,2,1,Driver,Female,066,Driver,Not Thrown Out,Treated at Hospital,Fitted - Worn,Motor Cars - Sedan,Full,Straight Ahead,1.0,2 Metropolitan,2,2,Wednesday,03:31 pm,80,Cross Road,Straight road,Level,Dry,Not Raining,Daylight,Right Angle,Give Way Sign
2018-12937-15/08/2019,1,1,Driver,Male,040,Driver,Not Thrown Out,Treated at Hospital,Fitted - Worn,Motor Cars - Sedan,Provisional 2,Straight Ahead,1.0,2 Metropolitan,2,2,Wednesday,05:00 pm,50,Not Divided,Straight road,Level,Dry,Not Raining,Daylight,Rear End,No Control
2018-12937-15/08/2019,2,1,Driver,Female,039,Driver,Not Thrown Out,Treated at Hospital,Fitted - Worn,Station Wagon,Full,Stopped on Carriageway,1.0,2 Metropolitan,2,2,Wednesday,05:00 pm,50,Not Divided,Straight road,Level,Dry,Not Raining,Daylight,Rear End,No Control
2018-12942-15/08/2019,2,1,Rider,Male,007,,Thrown Out,Treated at Hospital,,Pedal Cycle,,Right Turn,1.0,2 Metropolitan,2,1,Wednesday,05:45 pm,60,T-Junction,Straight road,Slope,Dry,Not Raining,Daylight,Right Turn,No Control
2018-12945-15/08/2019,2,1,Pedestrian,Female,065,,,Treated at Hospital,,Pedestrian on Footpath/Carpark,,Walking on Footpath,,2 Metropolitan,2,1,Tuesday,08:30 am,50,Not Divided,Straight road,Level,Dry,Not Raining,Daylight,Hit Pedestrian,No Control
2018-12946-15/08/2019,1,1,Passenger,Female,072,Front Seat Left Passenger,Not Thrown Out,Treated at Hospital,Fitted - Worn,Motor Cars - Sedan,Full,Stopped on Carriageway,2.0,3 Country,2,1,Wednesday,03:50 pm,60,Cross Road,Straight road,Level,Dry,Not Raining,Daylight,Rear End,Traffic Signals
2018-12947-15/08/2019,2,1,Pedestrian,Male,062,,,By Private,,Pedestrian on Road,,Alighted from Parked Vehicle,,2 Metropolitan,3,1,Wednesday,05:30 pm,60,Divided Road,Straight road,Level,Dry,Not Raining,Daylight,Hit Pedestrian,No Control
2018-12953-15/08/2019,1,1,Passenger,Male,022,Front Seat Left Passenger,Not Thrown Out,Treated at Hospital,Fitted - Worn,Motor Cars - Sedan,Provisional 1 ,Right Turn,2.0,2 Metropolitan,3,1,Wednesday,10:30 pm,60,Cross Road,Straight road,Level,Wet,Raining,Night,Right Turn,Traffic Signals
2018-12955-15/08/2019,1,1,Driver,Female,019,Driver,Not Thrown Out,Treated at Hospital,Fitted - Worn,Motor Cars - Sedan,Provisional 2,Straight Ahead,1.0,2 Metropolitan,2,1,Thursday,04:30 am,60,Divided Road,Straight road,Level,Wet,Raining,Night,Hit Parked Vehicle,No Control
2018-12957-15/08/2019,2,1,Driver,Female,029,Driver,Not Thrown Out,Treated at Hospital,Fitted - Worn,Station Wagon,Full,Right Turn,1.0,2 Metropolitan,2,1,Thursday,08:55 am,60,Cross Road,Straight road,Level,Dry,Not Raining,Daylight,Right Angle,Stop Sign
2018-12958-15/08/2019,2,1,Driver,Female,031,Driver,Not Thrown Out,Treated at Hospital,Fitted - Worn,Motor Cars - Sedan,Full,Stopped on Carriageway,1.0,2 Metropolitan,3,1,Thursday,08:40 am,60,Cross Road,Straight road,Slope,Dry,Not Raining,Daylight,Rear End,Traffic Signals
2018-12960-15/08/2019,1,1,Rider,Female,XXX,Rider of Motorcycle,Thrown Out,Treated at Hospital,,Motor Cycle,Full,Straight Ahead,1.0,2 Metropolitan,2,1,Thursday,04:15 am,60,Cross Road,Straight road,Level,Wet,Raining,Night,Hit Fixed Object,Roundabout
2018-12963-15/08/2019,2,1,Rider,Male,019,Rider of Motorcycle,Thrown Out,Treated at Hospital,,Motor Cycle,Learners,Overtaking - on Right,1.0,2 Metropolitan,2,1,Thursday,07:35 am,80,Not Divided,"CURVED, VIEW OPEN",Slope,Wet,Not Raining,Daylight,Head On,No Control
2018-12964-15/08/2019,1,1,Driver,Male,085,Driver,Not Thrown Out,Admitted to Hospital,Fitted - Worn,Station Wagon,Full,Straight Ahead,2.0,2 Metropolitan,2,3,Thursday,06:26 am,110,Divided Road,Straight road,Level,Dry,Not Raining,Daylight,Head On,No Control
2018-12964-15/08/2019,1,2,Passenger,Female,079,Front Seat Left Passenger,Not Thrown Out,Admitted to Hospital,Fitted - Worn,Station Wagon,Full,Straight Ahead,2.0,2 Metropolitan,2,3,Thursday,06:26 am,110,Divided Road,Straight road,Level,Dry,Not Raining,Daylight,Head On,No Control
2018-12964-15/08/2019,2,1,Driver,Male,051,Driver,Not Thrown Out,Admitted to Hospital,Fitted - Worn,Motor Cars - Sedan,Full,Straight Ahead,1.0,2 Metropolitan,2,3,Thursday,06:26 am,110,Divided Road,Straight road,Level,Dry,Not Raining,Daylight,Head On,No Control
2018-12967-15/08/2019,2,1,Driver,Male,060,Driver,Not Thrown Out,Treated at Hospital,Fitted - Worn,Utility,Unknown,Straight Ahead,1.0,3 Country,2,1,Thursday,12:02 pm,50,Cross Road,Straight road,Slope,Wet,Raining,Daylight,Right Angle,Give Way Sign
2018-12973-15/08/2019,2,1,Driver,Female,062,Driver,Not Thrown Out,Admitted to Hospital,Fitted - Worn,Motor Cars - Sedan,Full,Stopped on Carriageway,3.0,3 Country,4,4,Thursday,08:58 am,110,Not Divided,Straight road,Level,Wet,Raining,Daylight,Rear End,No Control
2018-12973-15/08/2019,2,2,Passenger,Male,065,Front Seat Left Passenger,Not Thrown Out,Admitted to Hospital,Fitted - Worn,Motor Cars - Sedan,Full,Stopped on Carriageway,3.0,3 Country,4,4,Thursday,08:58 am,110,Not Divided,Straight road,Level,Wet,Raining,Daylight,Rear End,No Control
2018-12973-15/08/2019,3,1,Driver,Female,039,Driver,Not Thrown Out,Admitted to Hospital,Fitted - Worn,Station Wagon,Full,Stopped on Carriageway,1.0,3 Country,4,4,Thursday,08:58 am,110,Not Divided,Straight road,Level,Wet,Raining,Daylight,Rear End,No Control
2018-12973-15/08/2019,4,1,Driver,Female,042,Driver,Not Thrown Out,Admitted to Hospital,Fitted - Worn,Station Wagon,Full,Stopped on Carriageway,1.0,3 Country,4,4,Thursday,08:58 am,110,Not Divided,Straight road,Level,Wet,Raining,Daylight,Rear End,No Control
2018-12979-15/08/2019,1,1,Driver,Female,018,Driver,Not Thrown Out,By Private,Fitted - Worn,Station Wagon,Provisional 2,Stopped on Carriageway,1.0,2 Metropolitan,2,1,Thursday,11:40 am,60,Divided Road,Straight road,Level,Dry,Not Raining,Daylight,Rear End,No Control
2018-12986-15/08/2019,2,1,Driver,Male,043,Driver,Not Thrown Out,Treated at Hospital,Fitted - Worn,Motor Cars - Sedan,Full,Straight Ahead,1.0,2 Metropolitan,2,1,Thursday,03:04 pm,60,Not Divided,Straight road,Level,Wet,Unknown,Daylight,Head On,No Control
2018-12988-15/08/2019,2,1,Pedestrian,Female,090,,,Admitted to Hospital,,Pedestrian on Road,,Alighted from Parked Vehicle,,2 Metropolitan,2,1,Thursday,07:30 am,50,Not Divided,Straight road,Level,Wet,Not Raining,Daylight,Hit Pedestrian,No Control
2018-12990-15/08/2019,2,1,Driver,Female,024,Driver,Not Thrown Out,By Private,Fitted - Worn,Motor Cars - Sedan,Full,Straight Ahead,1.0,2 Metropolitan,2,1,Thursday,02:45 pm,60,Cross Road,Straight road,Level,Dry,Not Raining,Daylight,Right Angle,Stop Sign
2018-12997-15/08/2019,2,1,Driver,Female,035,Driver,Not Thrown Out,Treated at Hospital,Fitted - Worn,Station Wagon,Full,Stopped on Carriageway,1.0,2 Metropolitan,4,1,Thursday,05:21 pm,60,Not Divided,Straight road,Slope,Dry,Not Raining,Daylight,Rear End,No Control
2018-13000-15/08/2019,1,1,Driver,Female,023,Driver,Not Thrown Out,By Private,Fitted - Worn,Motor Cars - Sedan,Provisional 2,Straight Ahead,1.0,2 Metropolitan,2,1,Thursday,06:07 pm,40,Not Divided,Straight road,Level,Wet,Unknown,Daylight,Hit Fixed Object,No Control
2018-13001-15/08/2019,1,1,Driver,Female,064,Driver,Not Thrown Out,Admitted to Hospital,Fitted - Worn,Motor Cars - Sedan,Full,Straight Ahead,1.0,2 Metropolitan,2,1,Thursday,06:06 pm,50,Not Divided,Straight road,Level,Dry,Not Raining,Daylight,Hit Fixed Object,No Control
2018-13002-15/08/2019,2,1,Driver,Male,023,Driver,Not Thrown Out,Treated at Hospital,Fitted - Worn,Motor Cars - Sedan,Full,Straight Ahead,1.0,2 Metropolitan,2,1,Thursday,07:07 pm,60,Not Divided,Straight road,Level,Dry,Not Raining,Daylight,Rear End,No Control
2018-13004-15/08/2019,1,1,Driver,Female,054,Driver,Not Thrown Out,By Private,Fitted - Worn,Motor Cars - Sedan,Full,Parked,2.0,2 Metropolitan,2,1,Thursday,05:30 pm,90,Freeway,Straight road,Level,Dry,Not Raining,Daylight,Hit Parked Vehicle,No Control
2018-13011-15/08/2019,1,1,Driver,Male,033,Driver,Not Thrown Out,Treated at Hospital,Fitted - Worn,Station Wagon,Full,Straight Ahead,1.0,3 Country,2,1,Friday,05:30 am,110,Divided Road,Straight road,Level,Wet,Raining,Night,Hit Fixed Object,No Control
2018-13014-15/08/2019,1,1,Driver,Male,051,Driver,Not Thrown Out,Treated at Hospital,Fitted - Worn,Motor Cars - Sedan,Full,Straight Ahead,1.0,2 Metropolitan,2,1,Friday,08:45 am,60,T-Junction,Straight road,Level,Wet,Raining,Daylight,Right Turn,No Control
2018-13015-15/08/2019,1,1,Driver,Female,023,Driver,Not Thrown Out,By Private,Fitted - Worn,Motor Cars - Sedan,Full,Straight Ahead,1.0,2 Metropolitan,2,1,Tuesday,02:05 pm,60,Divided Road,Straight road,Level,Dry,Not Raining,Daylight,Rear End,No Control
2018-13017-15/08/2019,1,1,Driver,Female,035,Driver,Not Thrown Out,Treated at Hospital,Fitted - Unknown if Worn,Station Wagon,Learners,Right Turn,2.0,3 Country,2,1,Friday,08:25 am,50,T-Junction,Straight road,Level,Wet,Raining,Daylight,Right Angle,No Control
2018-13022-15/08/2019,2,1,Driver,Female,017,Driver,Not Thrown Out,Treated at Hospital,Fitted - Unknown if Worn,Motor Cars - Sedan,Provisional 1 ,Straight Ahead,1.0,2 Metropolitan,2,1,Friday,10:13 am,60,T-Junction,Straight road,Slope,Wet,Not Raining,Daylight,Side Swipe,No Control
2018-13030-15/08/2019,1,1,Driver,Female,084,Driver,Not Thrown Out,Treated at Hospital,Fitted - Worn,Motor Cars - Sedan,Full,Straight Ahead,1.0,2 Metropolitan,2,1,Friday,11:45 am,60,Divided Road,Straight road,Level,Dry,Not Raining,Daylight,Hit Fixed Object,No Control
2018-13032-15/08/2019,2,1,Driver,Female,057,Driver,Not Thrown Out,Treated at Hospital,Fitted - Worn,Motor Cars - Sedan,Full,Straight Ahead,1.0,2 Metropolitan,2,1,Friday,12:45 pm,60,Cross Road,Straight road,Level,Dry,Not Raining,Daylight,Right Angle,Give Way Sign
2018-13035-15/08/2019,3,1,Driver,Female,019,Driver,Not Thrown Out,Treated at Hospital,Fitted - Worn,Motor Cars - Sedan,Provisional 2,Stopped on Carriageway,1.0,2 Metropolitan,4,1,Friday,01:00 pm,60,Divided Road,Straight road,Level,Dry,Not Raining,Daylight,Rear End,No Control
2018-13038-15/08/2019,2,1,Pedestrian,Male,057,,,Treated at Hospital,,Pedestrian on Road,,On Pedestrian Crossing,,2 Metropolitan,2,1,Friday,01:25 pm,60,Pedestrian Crossing,Straight road,Slope,Dry,Not Raining,Daylight,Hit Pedestrian,Traffic Signals
2018-13040-15/08/2019,1,1,Driver,Female,071,Driver,Not Thrown Out,Treated at Hospital,Fitted - Worn,Station Wagon,Full,Straight Ahead,1.0,2 Metropolitan,3,2,Friday,02:45 pm,60,Divided Road,Straight road,Slope,Dry,Not Raining,Daylight,Rear End,No Control
2018-13040-15/08/2019,2,1,Driver,Male,063,Driver,Not Thrown Out,Treated at Hospital,Fitted - Worn,Panel Van,Full,Stopped on Carriageway,1.0,2 Metropolitan,3,2,Friday,02:45 pm,60,Divided Road,Straight road,Slope,Dry,Not Raining,Daylight,Rear End,No Control
2018-13041-15/08/2019,1,1,Driver,Male,059,Driver,Not Thrown Out,Treated at Hospital,Fitted - Worn,Motor Cars - Sedan,Full,Straight Ahead,1.0,1 City,2,2,Friday,03:33 pm,50,Not Divided,Straight road,Level,Dry,Not Raining,Daylight,Head On,No Control
2018-13041-15/08/2019,2,1,Driver,Female,032,Driver,Not Thrown Out,Treated at Hospital,Fitted - Worn,Station Wagon,Full,Straight Ahead,1.0,1 City,2,2,Friday,03:33 pm,50,Not Divided,Straight road,Level,Dry,Not Raining,Daylight,Head On,No Control
2018-13043-15/08/2019,1,1,Driver,Male,065,Driver,Not Thrown Out,By Private,Fitted - Worn,Station Wagon,Full,Stopped on Carriageway,1.0,2 Metropolitan,2,1,Thursday,04:30 pm,60,T-Junction,"CURVED, VIEW OPEN",Level,Dry,Not Raining,Daylight,Rear End,No Control
2018-13045-15/08/2019,1,1,Driver,Female,058,Driver,Not Thrown Out,Admitted to Hospital,Fitted - Worn,Motor Cars - Sedan,Full,Overtaking - on Right,1.0,2 Metropolitan,2,2,Friday,03:57 pm,100,Not Divided,"CURVED, VIEW OPEN",Crest of Hill,Wet,Raining,Daylight,Head On,No Control
2018-13045-15/08/2019,2,1,Driver,Male,068,Driver,Not Thrown Out,Admitted to Hospital,Fitted - Worn,Motor Cars - Sedan,Full,Straight Ahead,1.0,2 Metropolitan,2,2,Friday,03:57 pm,100,Not Divided,"CURVED, VIEW OPEN",Crest of Hill,Wet,Raining,Daylight,Head On,No Control
2018-13046-15/08/2019,1,1,Driver,Female,039,Driver,Not Thrown Out,By Private,Fitted - Worn,Station Wagon,Full,Right Turn,1.0,2 Metropolitan,2,1,Thursday,04:30 pm,80,T-Junction,Straight road,Level,Wet,Not Raining,Daylight,Rear End,Stop Sign
2018-13047-15/08/2019,1,1,Driver,Female,042,Driver,Not Thrown Out,Treated at Hospital,Fitted - Worn,Station Wagon,Full,Straight Ahead,3.0,3 Country,1,1,Friday,05:30 pm,110,Not Divided,"CURVED, VIEW OPEN",Level,Wet,Raining,Daylight,Roll Over,No Control
2018-13048-15/08/2019,2,1,Driver,Female,042,Driver,Not Thrown Out,By Private,Fitted - Worn,Station Wagon,Full,Stopped on Carriageway,3.0,2 Metropolitan,3,1,Friday,06:55 pm,60,Cross Road,Straight road,Level,Dry,Not Raining,Daylight,Rear End,Traffic Signals
2018-13051-15/08/2019,2,1,Driver,Female,029,Driver,Not Thrown Out,By Private,Fitted - Worn,Station Wagon,Full,Straight Ahead,2.0,2 Metropolitan,2,1,Friday,05:55 pm,70,T-Junction,Straight road,Level,Dry,Not Raining,Daylight,Right Angle,No Control
2018-13052-15/08/2019,1,1,Driver,Male,080,Driver,Not Thrown Out,Treated at Hospital,Fitted - Worn,Motor Cars - Sedan,Full,Straight Ahead,1.0,3 Country,1,1,Friday,07:15 pm,100,Not Divided,"CURVED, VIEW OPEN",Bottom of Hill,Wet,Raining,Daylight,Roll Over,No Control
2018-13055-15/08/2019,1,1,Driver,Female,046,Driver,Not Thrown Out,Treated at Hospital,Fitted - Worn,Motor Cars - Sedan,Full,Straight Ahead,1.0,3 Country,2,1,Friday,02:45 pm,110,Not Divided,Straight road,Level,Dry,Not Raining,Daylight,Hit Fixed Object,No Control
2018-13060-15/08/2019,1,1,Driver,Female,018,Driver,Not Thrown Out,Treated at Hospital,Fitted - Worn,Motor Cars - Sedan,Provisional 1 ,Right Turn,2.0,2 Metropolitan,2,2,Friday,09:40 pm,60,T-Junction,Straight road,Level,Dry,Not Raining,Night,Right Turn,Traffic Signals
2018-13060-15/08/2019,1,2,Passenger,Female,017,Front Seat Left Passenger,Not Thrown Out,Treated at Hospital,Fitted - Worn,Motor Cars - Sedan,Provisional 1 ,Right Turn,2.0,2 Metropolitan,2,2,Friday,09:40 pm,60,T-Junction,Straight road,Level,Dry,Not Raining,Night,Right Turn,Traffic Signals
2018-13061-15/08/2019,1,1,Driver,Female,079,Driver,Not Thrown Out,Admitted to Hospital,Fitted - Worn,Motor Cars - Sedan,Full,Straight Ahead,1.0,3 Country,2,1,Friday,03:55 pm,30,Not Divided,Straight road,Level,Wet,Raining,Daylight,Hit Fixed Object,No Control
2018-13062-15/08/2019,2,1,Driver,Female,029,Driver,Not Thrown Out,By Private,Fitted - Worn,Motor Cars - Sedan,Full,Straight Ahead,1.0,2 Metropolitan,2,1,Friday,02:20 pm,60,Divided Road,Straight road,Level,Wet,Raining,Daylight,Rear End,No Control
2018-13064-15/08/2019,1,1,Driver,Male,028,Driver,Not Thrown Out,Treated at Hospital,Fitted - Worn,Motor Cars - Sedan,Full,Left Turn,3.0,2 Metropolitan,2,1,Saturday,12:30 am,60,T-Junction,"CURVED, VIEW OPEN",Level,Dry,Not Raining,Night,Rear End,No Control
2018-13067-15/08/2019,2,1,Passenger,Female,059,Front Seat Left Passenger,Not Thrown Out,Treated at Hospital,Fitted - Worn,Motor Cars - Sedan,Full,Right Turn,2.0,2 Metropolitan,2,1,Saturday,06:03 am,50,T-Junction,Straight road,Level,Dry,Not Raining,Daylight,Right Angle,Traffic Signals
2018-13068-15/08/2019,1,1,Driver,Male,027,Driver,Not Thrown Out,Treated at Hospital,Fitted - Worn,Panel Van,Full,Straight Ahead,1.0,2 Metropolitan,2,1,Saturday,06:25 am,60,Divided Road,Straight road,Level,Dry,Not Raining,Daylight,Hit Fixed Object,No Control
2018-13071-15/08/2019,1,1,Rider,Male,019,Rider of Motorcycle,Thrown Out,Treated at Hospital,,Motor Cycle,Provisional 2,Straight Ahead,1.0,2 Metropolitan,1,1,Saturday,12:30 am,60,Not Divided,"CURVED, VIEW OBSCURED",Slope,Dry,Not Raining,Night,Roll Over,No Control
2018-13072-15/08/2019,1,1,Driver,Female,018,Driver,Not Thrown Out,By Private,Fitted - Worn,Motor Cars - Sedan,Provisional 2,Straight Ahead,2.0,2 Metropolitan,2,2,Saturday,09:26 am,80,Not Divided,"CURVED, VIEW OBSCURED",Slope,Wet,Not Raining,Daylight,Hit Fixed Object,No Control
2018-13072-15/08/2019,1,2,Passenger,Male,018,Front Seat Left Passenger,Not Thrown Out,By Private,Fitted - Worn,Motor Cars - Sedan,Provisional 2,Straight Ahead,2.0,2 Metropolitan,2,2,Saturday,09:26 am,80,Not Divided,"CURVED, VIEW OBSCURED",Slope,Wet,Not Raining,Daylight,Hit Fixed Object,No Control
2018-13074-15/08/2019,1,1,Driver,Female,027,Driver,Not Thrown Out,Treated at Hospital,Fitted - Worn,Motor Cars - Sedan,Provisional 1 ,Straight Ahead,1.0,2 Metropolitan,2,1,Saturday,10:55 am,50,T-Junction,Straight road,Level,Dry,Not Raining,Daylight,Right Angle,Give Way Sign
2018-13075-15/08/2019,1,1,Driver,Male,025,Driver,Not Thrown Out,Treated at Hospital,Fitted - Unknown if Worn,RIGID TRUCK LGE GE 4.5T,Full,Left Turn,1.0,2 Metropolitan,4,3,Saturday,09:25 am,80,Cross Road,Straight road,Level,Dry,Not Raining,Daylight,Roll Over,Traffic Signals
2018-13075-15/08/2019,3,1,Driver,Male,080,Driver,Not Thrown Out,Treated at Hospital,Fitted - Worn,Motor Cars - Sedan,Full,Stopped on Carriageway,1.0,2 Metropolitan,4,3,Saturday,09:25 am,80,Cross Road,Straight road,Level,Dry,Not Raining,Daylight,Roll Over,Traffic Signals
2018-13075-15/08/2019,4,1,Driver,Male,079,Driver,Not Thrown Out,Treated at Hospital,Fitted - Worn,Station Wagon,Full,Stopped on Carriageway,1.0,2 Metropolitan,4,3,Saturday,09:25 am,80,Cross Road,Straight road,Level,Dry,Not Raining,Daylight,Roll Over,Traffic Signals
2018-13076-15/08/2019,1,1,Passenger,Female,065,Front Seat Left Passenger,Not Thrown Out,Treated at Hospital,Fitted - Worn,Station Wagon,Full,Right Turn,2.0,2 Metropolitan,2,1,Saturday,11:20 am,60,T-Junction,Straight road,Level,Dry,Not Raining,Daylight,Right Angle,Stop Sign
2018-13078-15/08/2019,1,1,Driver,Female,032,Driver,Not Thrown Out,Treated at Hospital,Fitted - Worn,Motor Cars - Sedan,Provisional 2,Straight Ahead,1.0,2 Metropolitan,2,1,Saturday,11:00 am,80,Divided Road,"CURVED, VIEW OBSCURED",Slope,Dry,Not Raining,Daylight,Hit Fixed Object,No Control
2018-13079-15/08/2019,1,1,Driver,Female,029,Driver,Not Thrown Out,Treated at Hospital,Fitted - Worn,Motor Cars - Sedan,Full,Straight Ahead,1.0,2 Metropolitan,2,1,Saturday,11:30 am,60,Not Divided,"CURVED, VIEW OPEN",Level,Dry,Not Raining,Daylight,Hit Fixed Object,No Control
2018-13080-15/08/2019,2,1,Driver,Female,034,Driver,Not Thrown Out,By Private,Fitted - Worn,Motor Cars - Sedan,Full,Straight Ahead,1.0,2 Metropolitan,3,1,Saturday,11:30 am,60,Divided Road,Straight road,Level,Dry,Not Raining,Daylight,Rear End,No Control
2018-13081-15/08/2019,1,1,Driver,Female,030,Driver,Not Thrown Out,Treated at Hospital,Fitted - Worn,Motor Cars - Sedan,Full,Stopped on Carriageway,1.0,1 City,2,2,Saturday,12:40 pm,50,Cross Road,Straight road,Crest of Hill,Dry,Not Raining,Daylight,Side Swipe,Traffic Signals
2018-13081-15/08/2019,2,1,Driver,Male,032,Driver,Not Thrown Out,Treated at Hospital,Fitted - Worn,Motor Cars - Sedan,Full,Overtaking - on Left,1.0,1 City,2,2,Saturday,12:40 pm,50,Cross Road,Straight road,Crest of Hill,Dry,Not Raining,Daylight,Side Swipe,Traffic Signals
2018-13083-15/08/2019,1,1,Rider,Male,021,Rider of Motorcycle,Thrown Out,Admitted to Hospital,,Motor Cycle,Unlicenced,Straight Ahead,1.0,2 Metropolitan,2,1,Saturday,12:02 pm,60,T-Junction,Straight road,Level,Dry,Not Raining,Daylight,Right Angle,No Control
2018-13084-15/08/2019,2,1,Passenger,Female,010,Rear Seat Left Passenger,Not Thrown Out,Treated at Hospital,Fitted - Worn,Utility,Full,Stopped on Carriageway,3.0,2 Metropolitan,3,2,Saturday,01:00 pm,60,T-Junction,Straight road,Level,Dry,Not Raining,Daylight,Rear End,Traffic Signals