REPORT_ID,UND_UNIT_NUMBER,CASUALTY_NUMBER,Casualty Type,Sex_x,AGE,Position In Veh,Thrown Out,Injury Extent,Seat Belt,Unit Type,Licence Type,Unit Movement,Number Occupants,Stats Area,Total Units,Total Cas,Day,Time,Area Speed,Position Type,Horizontal Align,Vertical Align,Moisture Cond,Weather Cond,DayNight,Crash Type,Traffic Ctrls
2018-13084-15/08/2019,2,2,Passenger,Female,042,Front Seat Left Passenger,Not Thrown Out,Treated at Hospital,Fitted - Worn,Utility,Full,Stopped on Carriageway,3.0,2 Metropolitan,3,2,Saturday,01:00 pm,60,T-Junction,Straight road,Level,Dry,Not Raining,Daylight,Rear End,Traffic Signals
2018-13088-15/08/2019,1,1,Passenger,Female,050,Rear Seat Right Passenger,Not Thrown Out,By Private,Fitted - Worn,Station Wagon,Full,Straight Ahead,3.0,2 Metropolitan,4,1,Friday,02:00 pm,60,Divided Road,Straight road,Level,Dry,Not Raining,Daylight,Rear End,No Control
2018-13095-15/08/2019,1,1,Rider,Male,097,,Thrown Out,Treated at Hospital,,Pedal Cycle,,Straight Ahead,1.0,2 Metropolitan,1,1,Saturday,04:43 pm,50,Not Divided,Straight road,Level,Dry,Not Raining,Daylight,Roll Over,No Control
2018-13097-15/08/2019,1,1,Driver,Female,031,Driver,Not Thrown Out,Treated at Hospital,Fitted - Unknown if Worn,Motor Cars - Sedan,Full,Right Turn,1.0,2 Metropolitan,2,1,Friday,06:02 pm,60,Cross Road,Straight road,Level,Dry,Not Raining,Daylight,Right Turn,Traffic Signals
2018-13099-15/08/2019,2,1,Passenger,Male,037,Front Seat Left Passenger,Not Thrown Out,Treated at Hospital,Fitted - Unknown if Worn,Motor Cars - Sedan,Full,Left Turn,2.0,2 Metropolitan,4,1,Friday,08:20 pm,60,T-Junction,Straight road,Level,Dry,Not Raining,Daylight,Rear End,No Control
2018-13100-15/08/2019,2,1,Pedestrian,Male,023,,,Admitted to Hospital,,Pedestrian on Road,,Crossing without Control,,3 Country,2,1,Saturday,01:54 pm,110,Divided Road,Straight road,Level,Dry,Not Raining,Daylight,Hit Pedestrian,No Control
2018-13104-15/08/2019,1,1,Driver,Male,022,Driver,Not Thrown Out,Treated at Hospital,Fitted - Unknown if Worn,Motor Cars - Sedan,Full,Straight Ahead,1.0,2 Metropolitan,2,1,Sunday,01:40 am,50,Not Divided,Straight road,Level,Wet,Raining,Night,Hit Fixed Object,No Control
2018-13107-15/08/2019,1,1,Driver,Female,031,Driver,Not Thrown Out,Treated at Hospital,Fitted - Worn,Motor Cars - Sedan,Full,Right Turn,1.0,2 Metropolitan,2,1,Sunday,08:51 am,60,Cross Road,Straight road,Level,Wet,Raining,Daylight,Right Turn,Traffic Signals
2018-13108-15/08/2019,1,1,Driver,Male,035,Driver,Not Thrown Out,Treated at Hospital,Fitted - Worn,Utility,Unlicenced,Straight Ahead,1.0,3 Country,2,1,Saturday,11:45 pm,100,Not Divided,Straight road,Level,Dry,Not Raining,Night,Hit Fixed Object,No Control
2018-13112-15/08/2019,2,1,Rider,Male,069,Rider of Motorcycle,Thrown Out,Treated at Hospital,,Motor Cycle,Full,Straight Ahead,1.0,2 Metropolitan,2,1,Sunday,02:15 pm,60,Cross Road,Straight road,Level,Dry,Not Raining,Daylight,Right Turn,Stop Sign
2018-13113-15/08/2019,1,1,Driver,Female,030,Driver,Not Thrown Out,Treated at Hospital,Fitted - Worn,Station Wagon,Unlicenced,Straight Ahead,3.0,2 Metropolitan,3,1,Sunday,01:55 pm,60,Divided Road,Straight road,Level,Dry,Not Raining,Daylight,Hit Fixed Object,No Control
2018-13122-15/08/2019,1,1,Passenger,Male,019,Front Seat Left Passenger,Not Thrown Out,Treated at Hospital,Fitted - Worn,Motor Cars - Sedan,Full,Swerving,2.0,2 Metropolitan,2,1,Sunday,08:00 am,110,Freeway,Straight road,Level,Wet,Raining,Daylight,Hit Fixed Object,No Control
2018-13127-15/08/2019,1,1,Rider,Male,041,,Thrown Out,Treated at Hospital,,Pedal Cycle,,Straight Ahead,1.0,2 Metropolitan,2,1,Thursday,10:30 am,60,Cross Road,Straight road,Level,Dry,Not Raining,Daylight,Side Swipe,No Control
2018-13129-15/08/2019,1,1,Driver,Male,029,Driver,Not Thrown Out,Treated at Hospital,Fitted - Worn,Motor Cars - Sedan,Provisional 2,Straight Ahead,1.0,2 Metropolitan,2,1,Monday,01:55 pm,60,T-Junction,Straight road,Level,Dry,Not Raining,Daylight,Right Angle,No Control
2018-13135-15/08/2019,1,1,Rider,Male,032,,Thrown Out,Treated at Hospital,,Pedal Cycle,,Straight Ahead,1.0,1 City,1,1,Tuesday,09:15 am,50,Divided Road,Straight road,Level,Dry,Not Raining,Daylight,Roll Over,No Control
2018-13138-15/08/2019,2,1,Driver,Male,044,Driver,Not Thrown Out,Treated at Hospital,Fitted - Worn,Taxi Cab,Full,Stopped on Carriageway,1.0,2 Metropolitan,3,2,Monday,07:00 pm,60,Not Divided,Straight road,Level,Dry,Not Raining,Daylight,Rear End,No Control
2018-13138-15/08/2019,3,1,Driver,Female,039,Driver,Not Thrown Out,Treated at Hospital,Fitted - Worn,Station Wagon,Full,Stopped on Carriageway,1.0,2 Metropolitan,3,2,Monday,07:00 pm,60,Not Divided,Straight road,Level,Dry,Not Raining,Daylight,Rear End,No Control
2018-13141-15/08/2019,1,1,Rider,Male,023,Rider of Motorcycle,Thrown Out,Admitted to Hospital,,Motor Cycle,Unlicenced,Straight Ahead,1.0,2 Metropolitan,2,1,Monday,07:00 pm,50,Not Divided,"CURVED, VIEW OBSCURED",Level,Wet,Not Raining,Daylight,Head On,No Control
2018-13142-15/08/2019,2,1,Pedestrian,Female,037,,,Treated at Hospital,,Pedestrian on Road,,Crossing with Traffic Signals,,2 Metropolitan,2,1,Monday,05:30 pm,60,Cross Road,Straight road,Level,Dry,Not Raining,Daylight,Hit Pedestrian,Traffic Signals
2018-13144-15/08/2019,1,1,Passenger,Male,030,Front Seat Left Passenger,Not Thrown Out,Treated at Hospital,Fitted - Worn,Station Wagon,Learners,Left Turn,2.0,2 Metropolitan,2,1,Monday,08:10 pm,60,T-Junction,Straight road,Slope,Dry,Not Raining,Daylight,Right Angle,No Control
2018-13145-15/08/2019,1,1,Driver,Male,026,Driver,Not Thrown Out,Treated at Hospital,Fitted - Unknown if Worn,Utility,Unlicenced,Swerving,1.0,2 Metropolitan,3,1,Monday,07:17 pm,60,T-Junction,Straight road,Level,Dry,Not Raining,Daylight,Side Swipe,No Control
2018-13151-15/08/2019,1,1,Driver,Female,037,Driver,Not Thrown Out,By Private,Fitted - Worn,Station Wagon,Full,Right Turn,4.0,2 Metropolitan,2,4,Monday,12:55 pm,60,T-Junction,Straight road,Level,Dry,Not Raining,Daylight,Right Angle,Traffic Signals
2018-13151-15/08/2019,1,2,Passenger,Male,007,Rear Seat Right Passenger,Not Thrown Out,Treated at Hospital,Fitted - Worn,Station Wagon,Full,Right Turn,4.0,2 Metropolitan,2,4,Monday,12:55 pm,60,T-Junction,Straight road,Level,Dry,Not Raining,Daylight,Right Angle,Traffic Signals
2018-13151-15/08/2019,1,3,Passenger,Female,007,Rear Seat Left Passenger,Not Thrown Out,Treated at Hospital,Fitted - Worn,Station Wagon,Full,Right Turn,4.0,2 Metropolitan,2,4,Monday,12:55 pm,60,T-Junction,Straight road,Level,Dry,Not Raining,Daylight,Right Angle,Traffic Signals
2018-13151-15/08/2019,1,4,Passenger,Male,009,Rear Seat Middle Passenger,Not Thrown Out,Treated at Hospital,Fitted - Worn,Station Wagon,Full,Right Turn,4.0,2 Metropolitan,2,4,Monday,12:55 pm,60,T-Junction,Straight road,Level,Dry,Not Raining,Daylight,Right Angle,Traffic Signals
2018-13152-15/08/2019,1,1,Rider,Male,014,,Thrown Out,Treated at Hospital,,Pedal Cycle,,Left Turn,1.0,2 Metropolitan,2,1,Tuesday,08:55 am,50,T-Junction,Straight road,Level,Dry,Not Raining,Daylight,Right Angle,No Control
2018-13154-15/08/2019,1,1,Driver,Male,024,Driver,Not Thrown Out,Treated at Hospital,Fitted - Worn,Motor Cars - Sedan,Unknown,Stopped on Carriageway,1.0,2 Metropolitan,3,1,Monday,07:20 am,90,Freeway,Straight road,Level,Dry,Not Raining,Daylight,Rear End,No Control
2018-13156-15/08/2019,1,1,Rider,Female,027,Rider of Motorcycle,Thrown Out,Treated at Hospital,,Motor Cycle,Full,Straight Ahead,1.0,2 Metropolitan,2,2,Tuesday,09:00 am,60,Multiple,Straight road,Level,Dry,Not Raining,Daylight,Right Angle,Traffic Signals
2018-13156-15/08/2019,2,1,Driver,Female,035,Driver,Not Thrown Out,Treated at Hospital,Fitted - Worn,Station Wagon,Full,Straight Ahead,1.0,2 Metropolitan,2,2,Tuesday,09:00 am,60,Multiple,Straight road,Level,Dry,Not Raining,Daylight,Right Angle,Traffic Signals
2018-13157-15/08/2019,1,1,Rider,Male,044,,Thrown Out,Treated at Hospital,,Pedal Cycle,,Straight Ahead,1.0,2 Metropolitan,1,1,Tuesday,07:08 am,60,Divided Road,"CURVED, VIEW OBSCURED",Slope,Dry,Not Raining,Daylight,Roll Over,No Control
2018-13167-15/08/2019,1,1,Driver,Female,022,Driver,Not Thrown Out,Treated at Hospital,Fitted - Worn,Motor Cars - Sedan,Full,Straight Ahead,1.0,2 Metropolitan,2,1,Tuesday,04:20 pm,50,Not Divided,"CURVED, VIEW OPEN",Slope,Dry,Not Raining,Daylight,Hit Fixed Object,No Control
2018-13168-15/08/2019,1,1,Driver,Female,063,Driver,Not Thrown Out,Admitted to Hospital,Fitted - Worn,Motor Cars - Sedan,Full,Straight Ahead,1.0,2 Metropolitan,2,1,Wednesday,10:50 am,50,Cross Road,Straight road,Level,Dry,Not Raining,Daylight,Right Angle,Give Way Sign
2018-13170-15/08/2019,1,1,Rider,Female,033,,Thrown Out,By Private,,Pedal Cycle,,Straight Ahead,1.0,2 Metropolitan,2,1,Tuesday,02:20 pm,50,Divided Road,Straight road,Level,Dry,Not Raining,Daylight,Side Swipe,No Control
2018-13174-15/08/2019,1,1,Rider,Male,022,Rider of Motorcycle,Thrown Out,Admitted to Hospital,,Motor Cycle,Learners,Straight Ahead,1.0,2 Metropolitan,2,1,Tuesday,05:44 pm,80,Divided Road,"CURVED, VIEW OBSCURED",Slope,Dry,Not Raining,Daylight,Right Turn,No Control
2018-13177-15/08/2019,1,1,Driver,Female,026,Driver,Not Thrown Out,Admitted to Hospital,Fitted - Worn,Motor Cars - Sedan,Full,Straight Ahead,1.0,3 Country,2,1,Tuesday,01:45 pm,100,Not Divided,"CURVED, VIEW OPEN",Slope,Dry,Not Raining,Daylight,Hit Fixed Object,No Control
2018-13178-15/08/2019,1,1,Rider,Female,054,Rider of Motorcycle,Thrown Out,Treated at Hospital,,Motor Cycle,Full,Straight Ahead,1.0,2 Metropolitan,2,1,Tuesday,10:00 pm,70,Divided Road,Straight road,Level,Dry,Not Raining,Night,Rear End,No Control
2018-13179-15/08/2019,1,1,Driver,Male,030,Driver,Not Thrown Out,Treated at Hospital,Fitted - Worn,Motor Cars - Sedan,Full,Straight Ahead,1.0,2 Metropolitan,2,1,Wednesday,01:05 am,60,Cross Road,Straight road,Level,Dry,Not Raining,Night,Hit Fixed Object,Traffic Signals
2018-13180-15/08/2019,1,1,Driver,Male,034,Driver,Not Thrown Out,Treated at Hospital,Fitted - Unknown if Worn,Motor Cars - Sedan,Full,Straight Ahead,1.0,2 Metropolitan,2,1,Wednesday,12:30 am,50,Not Divided,Straight road,Level,Dry,Not Raining,Night,Hit Fixed Object,No Control
2018-13183-15/08/2019,2,1,Pedestrian,Male,018,,,Treated at Hospital,,Pedestrian on Road,,Crossing without Control,,2 Metropolitan,2,1,Wednesday,07:08 am,60,Divided Road,Straight road,Level,Dry,Not Raining,Daylight,Hit Pedestrian,No Control
2018-13185-15/08/2019,1,1,Driver,Male,043,Driver,Not Thrown Out,Treated at Hospital,Fitted - Worn,Motor Cars - Sedan,Full,Right Turn,1.0,2 Metropolitan,2,1,Wednesday,09:41 am,60,T-Junction,Straight road,Level,Dry,Not Raining,Daylight,Right Angle,No Control
2018-13188-15/08/2019,1,1,Rider,Male,016,,Thrown Out,Treated at Hospital,,Pedal Cycle,,Straight Ahead,1.0,2 Metropolitan,2,1,Tuesday,09:45 am,60,Not Divided,Straight road,Slope,Dry,Not Raining,Daylight,Right Angle,No Control
2018-13195-15/08/2019,1,1,Rider,Male,044,,Thrown Out,Treated at Hospital,,Pedal Cycle,,Straight Ahead,1.0,2 Metropolitan,1,1,Tuesday,05:00 pm,60,T-Junction,Straight road,Level,Dry,Not Raining,Daylight,Roll Over,No Control
2018-13196-15/08/2019,1,1,Driver,Female,027,Driver,Not Thrown Out,By Private,Fitted - Worn,Motor Cars - Sedan,Full,Stopped on Carriageway,1.0,2 Metropolitan,3,1,Wednesday,12:20 pm,60,Divided Road,Straight road,Level,Dry,Not Raining,Daylight,Rear End,No Control
2018-13199-15/08/2019,2,1,Rider,Male,058,,Thrown Out,By Private,,Pedal Cycle,,Right Turn,1.0,1 City,2,1,Friday,08:40 am,60,Cross Road,Straight road,Level,Wet,Raining,Daylight,Right Angle,Traffic Signals
2018-13201-15/08/2019,1,1,Driver,Female,079,Driver,Not Thrown Out,Treated at Hospital,Fitted - Worn,Motor Cars - Sedan,Full,Right Turn,1.0,2 Metropolitan,2,2,Wednesday,01:05 pm,60,T-Junction,Straight road,Level,Dry,Not Raining,Daylight,Right Angle,No Control
2018-13201-15/08/2019,2,1,Driver,Male,078,Driver,Not Thrown Out,Treated at Hospital,Fitted - Worn,Station Wagon,Full,Straight Ahead,1.0,2 Metropolitan,2,2,Wednesday,01:05 pm,60,T-Junction,Straight road,Level,Dry,Not Raining,Daylight,Right Angle,No Control
2018-13203-15/08/2019,1,1,Driver,Female,045,Driver,Not Thrown Out,By Private,Fitted - Worn,Motor Cars - Sedan,Full,Right Turn,1.0,2 Metropolitan,2,1,Wednesday,02:45 pm,50,T-Junction,Straight road,Level,Dry,Not Raining,Daylight,Right Angle,Roundabout
2018-13205-15/08/2019,1,1,Driver,Female,057,Driver,Not Thrown Out,By Private,Fitted - Worn,Motor Cars - Sedan,Full,Straight Ahead,1.0,2 Metropolitan,2,1,Wednesday,08:30 am,60,Cross Road,Straight road,Level,Wet,Not Raining,Daylight,Right Angle,Stop Sign
2018-13213-15/08/2019,2,1,Rider,Male,017,Rider of Motorcycle,Thrown Out,Treated at Hospital,,Motor Cycle,Learners,Straight Ahead,1.0,3 Country,2,1,Wednesday,05:00 pm,100,T-Junction,Straight road,Level,Dry,Not Raining,Daylight,Rear End,No Control
2018-13215-15/08/2019,2,1,Pedestrian,Female,077,,,Admitted to Hospital,,Pedestrian on Road,,Crossing with Traffic Signals,,2 Metropolitan,2,1,Friday,08:25 am,60,T-Junction,Straight road,Level,Wet,Raining,Daylight,Hit Pedestrian,Traffic Signals
2018-13217-15/08/2019,2,1,Driver,Female,034,Driver,Not Thrown Out,Treated at Hospital,Fitted - Worn,Utility,Full,Straight Ahead,1.0,3 Country,2,1,Wednesday,06:00 pm,60,Cross Road,Straight road,Level,Dry,Not Raining,Daylight,Right Angle,Give Way Sign
2018-13218-15/08/2019,1,1,Rider,Male,019,Rider of Motorcycle,Thrown Out,Treated at Hospital,,Motor Cycle,Learners,Swerving,1.0,2 Metropolitan,2,1,Wednesday,06:20 am,80,Not Divided,Straight road,Level,Dry,Not Raining,Daylight,Hit Fixed Object,No Control
2018-13219-15/08/2019,1,1,Driver,Male,018,Driver,Not Thrown Out,Admitted to Hospital,Fitted - Worn,Motor Cars - Sedan,Unlicenced,Straight Ahead,2.0,2 Metropolitan,2,2,Wednesday,10:35 pm,60,Divided Road,"CURVED, VIEW OBSCURED",Crest of Hill,Dry,Not Raining,Night,Hit Fixed Object,No Control
2018-13219-15/08/2019,1,2,Passenger,Male,019,Front Seat Left Passenger,Not Thrown Out,Fatal,Fitted - Worn,Motor Cars - Sedan,Unlicenced,Straight Ahead,2.0,2 Metropolitan,2,2,Wednesday,10:35 pm,60,Divided Road,"CURVED, VIEW OBSCURED",Crest of Hill,Dry,Not Raining,Night,Hit Fixed Object,No Control
2018-13221-15/08/2019,2,1,Pedestrian,Female,073,,,Admitted to Hospital,,Pedestrian on Road,,Crossing without Control,,2 Metropolitan,2,1,Thursday,08:30 am,40,Cross Road,Straight road,Level,Dry,Not Raining,Daylight,Hit Pedestrian,Give Way Sign
2018-13222-15/08/2019,1,1,Driver,Male,047,Driver,Not Thrown Out,By Private,Fitted - Worn,Utility,Full,Stopped on Carriageway,1.0,2 Metropolitan,2,1,Wednesday,09:25 am,60,Not Divided,Straight road,Level,Wet,Not Raining,Daylight,Rear End,No Control
2018-13226-15/08/2019,1,1,Driver,Male,020,Driver,Not Thrown Out,By Private,Fitted - Worn,Motor Cars - Sedan,Provisional 2,Straight Ahead,1.0,2 Metropolitan,4,1,Thursday,10:00 am,60,Divided Road,Straight road,Level,Dry,Not Raining,Daylight,Rear End,No Control
2018-13227-15/08/2019,1,1,Driver,Female,076,Driver,Not Thrown Out,Treated at Hospital,Fitted - Worn,Station Wagon,Full,Straight Ahead,1.0,2 Metropolitan,2,1,Thursday,11:24 am,60,Divided Road,Straight road,Level,Dry,Not Raining,Daylight,Hit Fixed Object,No Control
2018-13231-15/08/2019,2,1,Pedestrian,Female,075,,,Treated at Hospital,,Pedestrian on Road,,Crossing without Control,,2 Metropolitan,2,1,Thursday,12:20 pm,60,T-Junction,Straight road,Level,Dry,Not Raining,Daylight,Hit Pedestrian,No Control
2018-13236-15/08/2019,1,1,Driver,Male,061,Driver,Not Thrown Out,By Private,Fitted - Worn,Motor Cars - Sedan,Full,Stopped on Carriageway,1.0,2 Metropolitan,2,1,Thursday,12:05 pm,60,Divided Road,Straight road,Level,Dry,Not Raining,Daylight,Rear End,No Control
2018-13239-15/08/2019,2,1,Driver,Female,018,Driver,Not Thrown Out,Treated at Hospital,Fitted - Worn,Station Wagon,Provisional 2,Right Turn,2.0,2 Metropolitan,2,1,Thursday,11:58 am,50,Multiple,Straight road,Level,Dry,Not Raining,Daylight,Right Turn,Traffic Signals
2018-13240-15/08/2019,1,1,Driver,Female,049,Driver,Not Thrown Out,Treated at Hospital,Fitted - Worn,Motor Cars - Sedan,Full,Right Turn,1.0,2 Metropolitan,2,2,Thursday,12:35 pm,50,T-Junction,Straight road,Level,Dry,Not Raining,Daylight,Right Angle,No Control
2018-13240-15/08/2019,2,1,Driver,Female,038,Driver,Not Thrown Out,Treated at Hospital,Fitted - Worn,Motor Cars - Sedan,Full,Straight Ahead,1.0,2 Metropolitan,2,2,Thursday,12:35 pm,50,T-Junction,Straight road,Level,Dry,Not Raining,Daylight,Right Angle,No Control
2018-13241-15/08/2019,1,1,Driver,Female,055,Driver,Not Thrown Out,Treated at Hospital,Fitted - Worn,Station Wagon,Full,Straight Ahead,1.0,3 Country,10,5,Thursday,12:30 pm,50,Not Divided,Straight road,Level,Dry,Not Raining,Daylight,Side Swipe,No Control
2018-13241-15/08/2019,2,1,Driver,Male,056,Driver,Not Thrown Out,Treated at Hospital,Fitted - Worn,Motor Cars - Sedan,Full,Swerving,1.0,3 Country,10,5,Thursday,12:30 pm,50,Not Divided,Straight road,Level,Dry,Not Raining,Daylight,Side Swipe,No Control
2018-13241-15/08/2019,7,1,Pedestrian,Male,007,,,Treated at Hospital,,Pedestrian on Footpath/Carpark,,Walking on Footpath,,3 Country,10,5,Thursday,12:30 pm,50,Not Divided,Straight road,Level,Dry,Not Raining,Daylight,Side Swipe,No Control
2018-13241-15/08/2019,9,1,Pedestrian,Female,037,,,Treated at Hospital,,Pedestrian on Footpath/Carpark,,Walking on Footpath,,3 Country,10,5,Thursday,12:30 pm,50,Not Divided,Straight road,Level,Dry,Not Raining,Daylight,Side Swipe,No Control
2018-13241-15/08/2019,10,1,Pedestrian,Female,005,,,Treated at Hospital,,Pedestrian on Footpath/Carpark,,Walking on Footpath,,3 Country,10,5,Thursday,12:30 pm,50,Not Divided,Straight road,Level,Dry,Not Raining,Daylight,Side Swipe,No Control
2018-13244-15/08/2019,1,1,Driver,Female,068,Driver,Not Thrown Out,Treated at Hospital,Fitted - Worn,Motor Cars - Sedan,Full,Straight Ahead,2.0,2 Metropolitan,2,2,Thursday,02:50 pm,110,Freeway,"CURVED, VIEW OPEN",Slope,Dry,Not Raining,Daylight,Rear End,No Control
2018-13244-15/08/2019,2,1,Driver,Male,062,Driver,Not Thrown Out,Treated at Hospital,Fitted - Worn,Station Wagon,Full,Straight Ahead,2.0,2 Metropolitan,2,2,Thursday,02:50 pm,110,Freeway,"CURVED, VIEW OPEN",Slope,Dry,Not Raining,Daylight,Rear End,No Control
2018-13248-15/08/2019,1,1,Passenger,Female,021,Front Seat Left Passenger,Not Thrown Out,Treated at Hospital,Fitted - Unknown if Worn,Station Wagon,Provisional 2,Straight Ahead,2.0,2 Metropolitan,3,1,Thursday,02:45 pm,60,Divided Road,Straight road,Level,Dry,Not Raining,Daylight,Rear End,No Control
2018-13251-15/08/2019,1,1,Driver,Male,049,Driver,Not Thrown Out,By Private,Fitted - Worn,Motor Cars - Sedan,Full,Stopped on Carriageway,2.0,2 Metropolitan,2,1,Wednesday,01:00 pm,50,Divided Road,Straight road,Level,Dry,Not Raining,Daylight,Rear End,No Control
2018-13252-15/08/2019,2,1,Driver,Male,057,Driver,Not Thrown Out,Treated at Hospital,Fitted - Unknown if Worn,Station Wagon,Full,Stopped on Carriageway,2.0,2 Metropolitan,3,1,Thursday,04:20 pm,60,Divided Road,Straight road,Level,Dry,Not Raining,Daylight,Rear End,No Control
2018-13262-15/08/2019,1,1,Driver,Female,055,Driver,Not Thrown Out,Treated at Hospital,Fitted - Worn,Motor Cars - Sedan,Full,Straight Ahead,1.0,2 Metropolitan,2,1,Thursday,02:34 pm,70,T-Junction,Straight road,Level,Dry,Not Raining,Daylight,Right Angle,Stop Sign
2018-13264-15/08/2019,1,1,Driver,Female,039,Driver,Not Thrown Out,By Private,Fitted - Not Worn,Station Wagon,Full,Straight Ahead,1.0,2 Metropolitan,2,1,Thursday,03:30 pm,60,Not Divided,Straight road,Slope,Dry,Not Raining,Daylight,Rear End,No Control
2018-13268-15/08/2019,2,1,Pedestrian,Male,028,,,Treated at Hospital,,Pedestrian on Road,,Walking on Road,,3 Country,2,1,Thursday,08:30 pm,60,Not Divided,Straight road,Level,Dry,Not Raining,Night,Hit Pedestrian,No Control
2018-13270-15/08/2019,1,1,Rider,Male,029,Rider of Motorcycle,Thrown Out,Treated at Hospital,,Motor Cycle,Provisional 1 ,Straight Ahead,1.0,3 Country,2,1,Thursday,11:30 pm,60,Not Divided,Straight road,Level,Dry,Not Raining,Night,Hit Animal,No Control
2018-13271-15/08/2019,1,1,Driver,Female,034,Driver,Not Thrown Out,Treated at Hospital,Fitted - Worn,Motor Cars - Sedan,Unlicenced,Straight Ahead,2.0,3 Country,2,2,Friday,12:05 am,60,Not Divided,Straight road,Level,Dry,Not Raining,Night,Hit Fixed Object,No Control
2018-13271-15/08/2019,1,2,Passenger,Female,036,Front Seat Left Passenger,Not Thrown Out,Treated at Hospital,Fitted - Worn,Motor Cars - Sedan,Unlicenced,Straight Ahead,2.0,3 Country,2,2,Friday,12:05 am,60,Not Divided,Straight road,Level,Dry,Not Raining,Night,Hit Fixed Object,No Control
2018-13272-15/08/2019,1,1,Driver,Male,026,Driver,Not Thrown Out,Treated at Hospital,Fitted - Worn,Motor Cars - Sedan,Provisional 2,Straight Ahead,2.0,2 Metropolitan,2,2,Thursday,11:50 pm,40,Not Divided,Straight road,Level,Dry,Not Raining,Night,Hit Parked Vehicle,No Control
2018-13272-15/08/2019,1,2,Passenger,Female,021,Front Seat Left Passenger,Not Thrown Out,Treated at Hospital,Fitted - Worn,Motor Cars - Sedan,Provisional 2,Straight Ahead,2.0,2 Metropolitan,2,2,Thursday,11:50 pm,40,Not Divided,Straight road,Level,Dry,Not Raining,Night,Hit Parked Vehicle,No Control
2018-13273-15/08/2019,1,1,Driver,Male,034,Driver,Not Thrown Out,Treated at Hospital,Fitted - Not Worn,Motor Cars - Sedan,Full,Straight Ahead,1.0,3 Country,3,1,Friday,02:35 am,80,Divided Road,Straight road,Level,Dry,Not Raining,Night,Hit Fixed Object,No Control
2018-13274-15/08/2019,2,1,Pedestrian,Female,029,,,Admitted to Hospital,,Pedestrian on Road,,Crossing without Control,,2 Metropolitan,2,1,Friday,04:00 am,60,Divided Road,Straight road,Level,Dry,Not Raining,Night,Hit Pedestrian,No Control
2018-13277-15/08/2019,2,1,Rider,Male,064,,Thrown Out,Treated at Hospital,,Pedal Cycle,,Straight Ahead,1.0,2 Metropolitan,2,1,Friday,06:15 am,60,T-Junction,Straight road,Level,Dry,Not Raining,Daylight,Right Angle,Give Way Sign
2018-13278-15/08/2019,1,1,Driver,Female,036,Driver,Not Thrown Out,By Private,Fitted - Worn,Motor Cars - Sedan,Full,Straight Ahead,1.0,2 Metropolitan,2,1,Thursday,10:55 am,60,T-Junction,Straight road,Level,Dry,Not Raining,Daylight,Right Angle,No Control
2018-13279-15/08/2019,1,1,Driver,Male,085,Driver,Not Thrown Out,Treated at Hospital,Fitted - Worn,Motor Cars - Sedan,Full,Straight Ahead,2.0,2 Metropolitan,2,2,Friday,10:44 am,60,Not Divided,Straight road,Level,Dry,Not Raining,Daylight,Rear End,No Control
2018-13279-15/08/2019,1,2,Passenger,Female,072,Front Seat Left Passenger,Not Thrown Out,Treated at Hospital,Fitted - Worn,Motor Cars - Sedan,Full,Straight Ahead,2.0,2 Metropolitan,2,2,Friday,10:44 am,60,Not Divided,Straight road,Level,Dry,Not Raining,Daylight,Rear End,No Control
2018-13283-15/08/2019,1,1,Driver,Male,026,Driver,Not Thrown Out,Treated at Hospital,Fitted - Worn,Motor Cars - Sedan,Unlicenced,Straight Ahead,1.0,3 Country,2,1,Friday,07:00 am,110,Not Divided,"CURVED, VIEW OPEN",Level,Dry,Not Raining,Daylight,Hit Fixed Object,No Control
2018-13285-15/08/2019,1,1,Driver,Female,029,Driver,Not Thrown Out,Treated at Hospital,Fitted - Worn,Station Wagon,Full,Stopped on Carriageway,1.0,2 Metropolitan,2,1,Friday,12:22 pm,60,Not Divided,Straight road,Level,Dry,Not Raining,Daylight,Rear End,No Control
2018-13286-15/08/2019,2,1,Driver,Female,048,Driver,Not Thrown Out,By Private,Fitted - Worn,Motor Cars - Sedan,Full,Stopped on Carriageway,1.0,2 Metropolitan,3,1,Friday,12:30 pm,60,Divided Road,Straight road,Level,Dry,Not Raining,Daylight,Rear End,No Control
2018-13287-15/08/2019,1,1,Rider,Male,067,Rider of Motorcycle,Thrown Out,Fatal,,Motor Cycle,Full,Straight Ahead,1.0,3 Country,2,1,Friday,09:15 am,80,Not Divided,"CURVED, VIEW OPEN",Level,Dry,Not Raining,Daylight,Hit Fixed Object,No Control
2018-13288-15/08/2019,1,1,Driver,Male,060,Driver,Not Thrown Out,By Private,Fitted - Worn,Station Wagon,Full,Straight Ahead,1.0,2 Metropolitan,2,1,Friday,10:16 am,60,Not Divided,Straight road,Level,Dry,Not Raining,Daylight,Hit Parked Vehicle,No Control
2018-13289-15/08/2019,1,1,Driver,Male,052,Driver,Not Thrown Out,Treated at Hospital,Fitted - Worn,Motor Cars - Sedan,Provisional 1 ,Straight Ahead,1.0,2 Metropolitan,2,2,Friday,12:13 pm,80,Not Divided,"CURVED, VIEW OBSCURED",Slope,Dry,Not Raining,Daylight,Head On,No Control